OBJECTID,LAND,BEZ,LOR,STRASSE,UJAHR,UMONAT,USTUNDE,UWOCHENTAG,UKATEGORIE,UART,UTYP1,ULICHTVERH,IstRad,IstPKW,IstFuss,IstKrad,IstGkfz,IstSonstige,USTRZUSTAND,LINREFX,LINREFY,XGCSWGS84,YGCSWGS84
50300,11,1,1011102,Gro·er Tiergarten,2019,10,15,4,3,4,6,0,1,0,0,0,0,1,1,7963451834,582735983,1336817,5251561
50301,11,7,7010104,Dennewitzplatz,2019,9,17,5,2,6,4,0,0,1,1,0,0,0,0,796007833,5824667387,1336082,5249166
50303,11,3,3061429,Greifswalder Stra·e,2019,6,14,6,2,6,4,0,0,1,1,0,0,0,0,8009649702,5830472064,1343886,5254097
50304,11,4,4020310,Park Ruhwald,2019,8,13,1,3,2,6,0,0,1,0,0,0,0,0,7904732444,5828433972,1328282,525284
50305,11,12,12103219,SchÑfersee,2019,5,19,1,3,1,5,0,0,1,0,0,0,0,0,795705965,5832823522,1336364,5256493
50306,11,5,5020629,Bîrnicker Stra·e,2019,6,5,5,3,2,6,0,0,1,0,0,0,0,0,7855057277,5826183301,1320786,5251084
50307,11,11,11010101,Dorf Malchow,2019,9,17,5,3,0,2,0,1,1,0,0,0,0,0,8036993878,5834826094,1348304,5257848
50308,11,7,7040403,Manteuffelstra·e,2019,12,7,5,3,2,6,1,0,1,0,0,0,0,1,7968620693,5822400747,1337134,5247087
50309,11,12,12103219,SchÑfersee,2019,6,7,5,3,3,6,0,1,0,0,0,1,0,0,795727819,5832801138,1336394,5256472
50310,11,2,2050602,Samariterviertel,2019,8,9,7,3,2,6,0,0,1,0,0,0,0,0,8028240646,5827662164,1346363,5251476
50311,11,2,2020202,Rathaus Yorckstra·e,2019,11,15,6,3,2,6,0,1,0,0,0,0,0,0,7978831358,5825415196,1338903,5249734
50312,11,1,1033203,Humboldthain Nordwest,2019,8,17,7,3,5,2,0,0,1,0,0,0,0,0,7961889942,5830190814,133684,5254107
50313,11,7,7030303,Grazer Platz,2019,9,8,6,3,0,1,0,1,0,0,0,0,0,1,7956358318,5823239067,1335409,5247905
50314,11,12,12103115,Breitkopfbecken,2019,5,8,1,2,5,2,0,0,1,0,0,0,0,0,7953366393,5833744819,1335903,5257339
50315,11,9,9010101,Elsenstra·e,2019,10,17,5,3,2,6,0,0,1,0,0,0,0,1,8025948389,5825112945,1345795,5249204
50316,11,1,1011204,Leipziger Stra·e,2019,9,19,5,3,3,6,2,0,1,0,1,0,0,0,798506568,5826978969,1339958,5251102
50318,11,4,4020208,Kranzallee,2019,6,19,5,3,5,7,1,0,1,0,0,0,0,1,7886476441,5826078723,1325394,5250825
50319,11,12,12214527,Alt-Tegel,2019,8,14,7,3,2,6,0,0,1,0,0,0,0,0,7906879788,5834901707,1329164,5258627
50320,11,7,7020203,Kaiser-Wilhelm-Platz,2019,5,16,1,3,2,6,0,1,1,0,0,0,1,0,7959305401,5824446477,1335949,5248972
50321,11,7,7050506,Birnhornweg,2019,11,8,2,3,6,4,0,0,1,1,0,0,0,1,7989126194,5817146891,1339674,5242266
50322,11,12,12103218,Teichstra·e,2019,6,15,7,3,5,2,0,0,1,0,0,0,0,0,794565267,5833796237,1334772,5257427
50323,11,3,3061131,Falkplatz,2019,9,9,5,3,4,6,0,1,0,0,0,0,0,0,7991509887,5830806274,134125,5254497
50324,11,2,2050803,Stralauer Kiez,2019,12,21,5,3,2,6,2,0,1,0,0,0,0,0,8023454562,5826034519,1345512,5250044
50325,11,4,4020313,Kînigin-Elisabeth-Stra·e,2019,8,14,7,3,2,6,0,0,1,0,1,0,0,0,7906163017,5826143453,1328292,5250779
50326,11,7,7050502,Fritz-Werner-Stra·e,2019,9,14,5,3,2,6,0,0,1,0,0,0,0,0,7976502421,581863694,1337956,5243671
50327,11,12,12214125,Waldidyll/Flughafensee,2019,5,15,7,3,0,1,2,0,1,0,0,0,0,0,7921068452,5832490731,133104,5256389
50328,11,7,7040401,Neu-Tempelhof,2019,10,9,7,3,5,3,0,0,1,0,0,0,0,0,797776,5823851908,1338606,5248339
50329,11,4,4010101,Jungfernheide,2019,9,19,5,3,2,6,1,0,1,0,0,0,0,0,7912413751,5829783843,1329529,5254009
50330,11,1,1011102,Gro·er Tiergarten,2019,8,22,7,3,6,7,2,1,0,1,0,0,0,0,7967412572,5827439338,1337406,5251611
50331,11,1,1044201,Reinickendorfer Stra·e,2019,5,17,6,3,5,2,0,0,1,0,0,0,0,0,796198262,5830980257,1336924,5254814
50332,11,4,4010101,Jungfernheide,2019,10,15,5,2,9,1,0,0,0,0,1,0,0,0,7906638074,5829000453,1328612,5253337
50333,11,3,3010101,Bucher Forst,2019,6,11,6,3,8,1,0,0,1,0,0,0,0,0,8030406663,5840272965,1347834,5262767
50334,11,7,7050502,Fritz-Werner-Stra·e,2019,9,7,5,3,5,3,0,1,1,0,0,0,0,0,797842242,5818949306,1338265,524394
50335,11,6,6040703,Nikolassee,2019,12,13,3,3,5,3,0,0,1,0,0,0,0,0,7856970609,5816404755,132023,5242307
50336,11,7,7020202,Volkspark (Rudolf-Wilde-Park),2019,6,21,5,3,6,4,1,0,1,1,0,0,0,1,7952346765,5823510934,1334844,5248171
50337,11,10,10030726,Alt-Biesdorf,2019,5,7,6,3,2,6,0,0,1,0,0,0,0,0,8088269663,582743751,1355161,5250938
50338,11,11,11030721,RÅdigerstra·e,2019,11,15,2,3,2,6,0,0,1,0,0,0,1,0,8046792575,5827466751,1349071,5251198
50339,11,9,9010101,Elsenstra·e,2019,6,16,5,3,5,2,0,1,1,0,0,0,0,1,8026901766,5825212272,1345944,5249288
50340,11,7,7040401,Neu-Tempelhof,2019,11,21,7,3,1,5,2,0,1,0,0,0,0,0,7978208737,5822905175,1338587,5247487
50341,11,7,7040401,Neu-Tempelhof,2019,8,20,6,2,0,1,2,1,0,0,0,0,0,0,7977938998,5823466041,1338597,5247992
50342,11,7,7030303,Grazer Platz,2019,5,2,6,2,9,1,2,0,1,0,0,0,0,0,7961866996,5822718695,1336171,5247409
50343,11,3,3061131,Falkplatz,2019,10,17,2,3,2,6,1,0,1,0,0,0,1,0,7991775455,5831060621,1341311,5254723
50344,11,1,1033203,Humboldthain Nordwest,2019,9,6,5,3,5,2,0,1,1,0,0,0,0,0,7963161864,5830076215,1337016,5253997
50346,11,7,7020203,Kaiser-Wilhelm-Platz,2019,6,11,5,3,1,5,0,0,1,0,0,0,1,0,7959337504,582441561,1335951,5248944
50347,11,6,6040701,Wannsee,2019,8,19,6,2,0,1,0,1,0,0,0,0,0,0,7826174543,5815791127,1315661,5241917
50348,11,9,9010101,Elsenstra·e,2019,5,8,6,3,0,2,0,0,1,0,0,0,1,0,8025836044,5825070236,1345774,5249166
50349,11,2,2050602,Samariterviertel,2019,6,9,2,3,5,2,0,1,1,0,0,0,0,0,8025941864,5827701306,1346029,5251524
50350,11,7,7050502,Fritz-Werner-Stra·e,2019,9,16,4,3,5,2,0,1,1,0,0,0,0,0,798181752,581892481,1338761,52439
50351,11,7,7030303,Grazer Platz,2019,12,7,3,3,2,6,0,0,1,0,0,0,0,1,7956911645,5822605382,1335434,5247334
50352,11,1,1033203,Humboldthain Nordwest,2019,6,16,5,3,5,2,0,0,1,0,0,0,0,1,7963249932,5830068247,1337029,525399
50353,11,1,1044201,Reinickendorfer Stra·e,2019,8,20,6,3,2,6,0,0,1,0,0,0,0,0,7960449898,5831371579,1336733,5255173
50354,11,6,6030605,Botanischer Garten,2019,5,13,5,3,2,6,0,0,1,0,0,0,0,0,7923997592,5819711293,1330348,5244917
50355,11,3,3071639,Bîtzowstra·e,2019,11,18,3,3,3,6,2,0,1,0,1,0,0,1,8005742207,582984464,1343255,5253557
50356,11,3,3061332,Helmholtzplatz,2019,11,3,7,3,5,3,2,1,1,0,0,0,0,0,7992979475,5830349813,1341424,525408
50357,11,7,7030303,Grazer Platz,2019,8,20,6,3,0,1,0,0,0,0,1,0,0,0,7953117436,5822564488,1334873,5247318
50358,11,7,7030303,Grazer Platz,2019,5,13,5,3,5,2,0,0,1,0,0,0,1,0,795639552,5823234884,1335414,5247902
50359,11,7,7050502,Fritz-Werner-Stra·e,2019,5,13,5,2,3,6,0,0,1,0,0,1,0,0,7980853354,5819031515,1338629,5244001
50360,11,7,7070701,Kettinger Stra·e/Schillerstra·e,2019,11,17,3,2,2,6,2,0,1,0,0,0,1,0,7991825125,5816440864,1340007,5241619
50361,11,6,6040703,Nikolassee,2019,6,14,4,3,2,6,0,0,1,0,0,0,0,0,7852628671,5816291817,1319584,5242228
50362,11,1,1011303,Alexanderplatzviertel,2019,12,1,1,2,0,1,2,0,0,0,0,0,1,0,799469374,5828080256,1341472,5252036
50363,11,2,2020203,Viktoriapark,2019,8,23,6,3,0,7,2,1,0,0,0,0,0,0,7977536242,5824436376,1338625,5248864
50364,11,6,6040703,Nikolassee,2019,5,16,5,2,2,6,0,0,1,0,0,0,1,0,7861966066,5816802099,1320997,5242637
50365,11,3,3040818,Pankow SÅd,2019,10,17,3,2,5,3,0,1,1,0,0,0,0,0,8001618722,5832359312,1342876,5255833
50366,11,12,12103115,Breitkopfbecken,2019,9,13,4,3,2,6,0,0,1,0,0,0,0,0,7954510155,5833483258,1336048,5257099
50368,11,7,7050502,Fritz-Werner-Stra·e,2019,8,12,6,3,0,7,0,0,1,0,0,0,0,0,798266017,5818640255,1338859,524364
50369,11,3,3020209,Niederschînhausen,2019,5,11,5,3,0,7,0,1,0,0,0,0,0,0,7981445544,5835933659,1340231,5259148
50370,11,4,4030417,Schlo·stra·e,2019,9,14,7,3,5,2,0,1,1,0,0,0,0,1,7912948726,5826501352,132932,5251063
50371,11,1,1033203,Humboldthain Nordwest,2019,6,7,3,3,5,2,0,1,1,0,0,0,0,0,796198646,583020642,1336855,5254121
50372,11,3,3061228,Erich-Weinert-Stra·e,2019,9,10,3,3,6,6,0,1,0,1,0,0,0,0,800168971,583082739,1342748,525446
50373,11,2,2020202,Rathaus Yorckstra·e,2019,12,18,4,3,3,6,2,0,1,0,1,0,0,0,7974992085,5825541468,133835,5249868
50374,11,4,4020310,Park Ruhwald,2019,6,9,4,3,3,6,0,0,1,0,0,0,0,0,7904785666,5828451839,1328291,5252856
50375,11,5,5020524,Weinmeisterhornweg,2019,8,9,6,3,6,4,0,0,1,1,0,0,0,0,7834628478,5826655738,1317824,5251614
50376,11,12,12103117,Letteplatz,2019,5,12,5,3,5,3,0,1,1,0,0,0,0,0,795811274,5832439708,1336485,5256144
50377,11,1,1011204,Leipziger Stra·e,2019,11,18,4,2,6,4,2,0,1,1,0,0,0,1,7982360104,5826933624,1339557,5251076
50378,11,8,8010510,Gewerbegebiet Kîllnische Heide,2019,11,13,7,3,2,2,0,0,1,0,0,0,0,0,8026469424,5822050831,1345593,5246456
50379,11,4,4030417,Schlo·stra·e,2019,8,8,6,3,6,4,0,0,1,1,0,0,0,0,7913971873,582651722,1329472,5251072
50380,11,7,7030303,Grazer Platz,2019,5,12,5,3,5,2,0,0,1,0,1,0,0,0,7956363426,5823238493,1335409,5247905
50381,11,2,2050602,Samariterviertel,2019,10,10,4,3,6,4,0,0,1,1,0,0,0,1,8023545384,582770998,1345678,5251545
50382,11,1,1011303,Alexanderplatzviertel,2019,9,9,3,3,6,4,0,0,1,1,0,0,0,1,7997955565,5828617967,1342,52525
50384,11,1,1044201,Reinickendorfer Stra·e,2019,6,15,4,3,1,5,0,1,0,0,0,0,1,0,7962069153,5830826654,1336923,5254676
50385,11,4,4020208,Kranzallee,2019,8,15,6,2,5,3,0,1,1,0,0,0,0,0,78893973,5826125888,1325827,5250852
50386,11,3,3050925,Komponistenviertel Wei·ensee,2019,5,10,5,3,0,1,0,1,0,0,0,0,0,0,8025228567,5831672899,1346286,5255088
50387,11,12,12103218,Teichstra·e,2019,11,12,6,3,5,2,0,1,1,0,0,0,0,0,7944611322,5834349299,1334668,5257928
50388,11,7,7040405,Rathaus Tempelhof,2019,6,5,5,3,2,6,0,0,1,0,0,0,0,0,7982054461,5822270411,1339095,5246897
50389,11,9,9010101,Elsenstra·e,2019,9,18,3,2,6,4,0,1,0,1,0,0,0,1,8026159638,5825142127,1345828,5249229
50390,11,9,9010101,Elsenstra·e,2019,12,12,3,3,2,6,0,0,1,0,0,1,0,0,8028533455,5825484367,1346208,5249522
50391,11,11,11030721,RÅdigerstra·e,2019,6,16,3,3,3,6,0,0,1,0,0,0,0,0,8048660149,5827449455,1349343,5251172
50392,11,7,7040403,Manteuffelstra·e,2019,8,14,6,3,2,6,0,0,1,0,0,0,0,0,7978461,5821267217,1338478,5246018
50393,11,4,4020208,Kranzallee,2019,10,16,5,3,2,6,2,0,1,0,0,0,0,0,7877576201,582593515,1324074,5250743
50394,11,3,3020209,Niederschînhausen,2019,8,13,6,3,2,6,0,0,1,0,0,0,0,0,7980350148,5834113488,1339906,5257523
50395,11,7,7020203,Kaiser-Wilhelm-Platz,2019,9,13,6,3,0,2,0,0,1,0,0,0,1,1,7957871541,5824110239,1335708,5248678
50396,11,1,1011303,Alexanderplatzviertel,2019,5,8,5,3,1,5,0,1,0,0,0,0,1,0,7990130963,5828214173,1340814,5252181
50397,11,4,4041134,Bismarckallee,2019,10,22,4,3,3,6,2,0,1,0,0,0,1,1,7909779056,5824665896,1328694,5249435
50398,11,2,2050602,Samariterviertel,2019,9,14,3,3,6,4,0,0,1,1,0,0,0,1,8026610383,582767874,1346125,52515
50400,11,7,7040403,Manteuffelstra·e,2019,6,10,3,3,6,7,0,0,0,1,0,0,1,0,7978368693,5821305696,1338468,5246053
50401,11,2,2020202,Rathaus Yorckstra·e,2019,8,17,5,3,5,2,0,1,1,0,0,0,0,0,7978983103,5825432668,1338926,5249749
50402,11,2,2050602,Samariterviertel,2019,5,22,4,3,0,6,2,1,0,1,0,0,0,0,8020450249,5828039686,1345253,5251858
50403,11,6,6030503,Zehlendorf Mitte,2019,11,17,7,3,6,2,2,0,1,1,0,0,0,0,7910541063,5818813331,1328296,5244184
50404,11,3,3020209,Niederschînhausen,2019,6,19,7,2,5,3,0,0,1,0,1,0,0,0,7981657503,5836122447,1340279,5259316
50405,11,3,3071633,ThÑlmannpark,2019,12,8,4,3,0,4,0,0,0,1,0,0,1,0,8000132022,5830341627,1342475,5254033
50406,11,3,3061126,Arnimplatz,2019,8,17,5,3,5,2,0,1,0,0,0,0,1,0,7992164496,583207654,134146,5255632
50407,11,3,3040818,Pankow SÅd,2019,5,18,4,2,5,3,0,1,1,0,0,0,0,0,8000404483,5832914222,1342748,5256337
50408,11,1,1011303,Alexanderplatzviertel,2019,10,13,7,3,3,6,0,1,0,0,0,0,0,0,7997276727,5828567224,1341895,5252458
50409,11,11,11030721,RÅdigerstra·e,2019,9,14,3,3,5,3,0,1,1,0,0,0,0,1,8040682978,5827550295,1348181,5251307
50410,11,3,3020203,Blankenfelde,2019,8,16,5,3,5,2,0,1,1,0,0,0,0,0,796447267,5840400385,1338133,5263245
50411,11,4,4030417,Schlo·stra·e,2019,5,17,4,3,2,7,0,1,1,0,0,0,0,0,7917904806,5826582608,1330056,525111
50412,11,4,4041137,Flinsberger Platz,2019,10,10,4,3,2,6,0,0,1,0,0,0,0,1,7913956192,5824511645,1329294,5249274
50413,11,4,4020310,Park Ruhwald,2019,6,7,5,3,3,6,0,0,1,0,0,1,0,1,790456508,5828429423,1328257,5252837
50414,11,4,4041239,Stadion Wilmersdorf,2019,9,9,3,3,2,6,0,0,1,0,0,0,0,0,791999872,5823923308,133013,5248715
50415,11,6,6030501,Berlepschstra·e,2019,12,8,6,3,5,3,0,1,1,0,0,0,0,0,788208388,5817684025,1324023,5243322
50416,11,2,2050602,Samariterviertel,2019,6,15,3,3,5,2,0,1,1,0,0,0,0,0,802144468,5827754513,1345373,5251596
50417,11,1,1011303,Alexanderplatzviertel,2019,5,5,4,3,0,1,1,0,1,0,0,0,1,1,7986853383,5827893499,1340303,5251912
50418,11,1,1011202,Unter den Linden Nord,2019,11,10,1,3,0,6,0,1,0,0,0,0,1,0,7982892418,582769744,1339704,5251758
50419,11,4,4020209,Eichkamp,2019,6,16,3,3,2,6,0,0,1,0,0,0,0,0,7889605002,5826129464,1325858,5250854
50420,11,12,12302212,Rollbergesiedlung,2019,11,19,5,3,5,3,2,0,1,0,0,0,1,1,7927827115,5837343271,1332463,5260703
50421,11,12,12214125,Waldidyll/Flughafensee,2019,8,15,5,3,2,6,0,0,1,0,0,0,0,0,7921725691,5832086587,1331101,5256023
50422,11,4,4020311,Reichsstra·e,2019,5,15,4,3,2,6,0,0,1,0,0,0,0,0,7891642116,5826160009,132616,5250871
50423,11,1,1044203,Leopoldplatz,2019,10,20,1,3,2,6,2,0,1,0,0,0,0,0,796030741,583137483,1336712,5255177
50424,11,11,11030721,RÅdigerstra·e,2019,9,7,3,3,5,2,0,1,1,0,1,0,0,0,8049043765,5827465101,1349401,5251184
50426,11,2,2040503,Richard-Sorge-Viertel,2019,6,8,3,2,3,6,0,1,0,0,0,0,0,0,8018720535,582777615,1344975,5251631
50427,11,3,3050923,Wei·enseer Spitze,2019,8,15,5,3,2,6,0,0,1,0,1,0,0,0,8002693317,5831879704,1342991,5255398
50428,11,7,7040401,Neu-Tempelhof,2019,5,15,4,3,3,6,0,0,1,0,1,0,0,0,797760121,5823856895,1338583,5248344
50429,11,4,4030622,Richard-Wagner-Stra·e,2019,6,18,1,3,6,2,0,0,1,1,0,0,0,0,7920923965,5826654735,1330506,5251158
50430,11,4,4030417,Schlo·stra·e,2019,9,15,3,3,6,4,0,0,1,1,0,0,0,1,7916672657,5826561829,1329873,5251098
50431,11,7,7050502,Fritz-Werner-Stra·e,2019,12,17,2,3,5,2,2,0,1,0,0,0,0,1,7974744017,5817965558,1337638,5243078
50432,11,7,7070701,Kettinger Stra·e/Schillerstra·e,2019,6,9,3,2,1,5,0,0,1,0,0,0,0,0,7991548331,5816563445,1339977,524173
50433,11,1,1011105,Nîrdlicher Landwehrkanal,2019,8,15,5,3,5,2,0,1,1,0,0,0,0,0,7964208654,5826329938,1336836,5250634
50434,11,1,1011105,Nîrdlicher Landwehrkanal,2019,4,18,3,3,2,6,0,0,1,0,0,0,0,0,796763643,5826668491,133737,5250918
50435,11,1,1011204,Leipziger Stra·e,2019,11,15,2,3,0,6,0,1,0,0,0,1,1,1,7977500895,5826848821,1338835,5251026
50436,11,7,7010104,Dennewitzplatz,2019,8,11,5,3,3,6,0,0,1,0,1,0,0,0,7960115686,582516615,1336132,5249613
50437,11,9,9010202,Kîpenicker Landstra·e,2019,4,13,3,3,5,3,0,1,1,0,0,0,0,0,8041046469,5824365095,1347943,524845
50438,11,6,6040703,Nikolassee,2019,10,3,2,3,0,7,2,0,1,0,0,0,0,0,7870368903,5820675025,1322562,5246065
50439,11,12,12304314,Ziekowstra·e/Freie Scholle,2019,9,8,2,3,2,6,0,0,1,0,0,0,0,0,790110385,583603991,1328414,5259678
50441,11,2,2050602,Samariterviertel,2019,6,8,3,3,5,2,0,1,0,0,0,0,1,0,8021247546,5828063409,1345372,5251874
50442,11,4,4020310,Park Ruhwald,2019,8,10,5,3,2,6,0,0,1,0,0,0,0,0,7904987548,5827507075,1328238,5252007
50443,11,4,4010102,Plîtzensee,2019,4,7,3,3,2,6,0,0,1,0,0,0,0,0,7928469745,5829535083,1331868,52537
50444,11,2,2050602,Samariterviertel,2019,11,15,4,3,5,2,1,1,1,0,0,0,1,1,8025816369,5827686702,1346009,5251511
50445,11,11,11030721,RÅdigerstra·e,2019,6,15,4,2,5,2,0,1,0,0,0,1,0,0,803742834,5827568253,1347704,5251341
50446,11,12,12103219,SchÑfersee,2019,9,21,2,2,6,4,2,0,1,1,0,0,0,0,7957591873,583265013,1336427,5256335
50447,11,7,7020202,Volkspark (Rudolf-Wilde-Park),2019,12,8,2,3,2,6,0,0,1,0,0,1,1,0,7947824018,5823140125,1334147,5247863
50448,11,12,12103115,Breitkopfbecken,2019,8,8,5,3,5,2,0,0,1,0,1,0,0,0,7954108555,5833589954,1335998,5257196
50449,11,6,6030605,Botanischer Garten,2019,10,12,4,3,2,6,0,0,1,0,0,0,0,0,7927510243,5819955205,1330885,5245117
50450,11,11,11030721,RÅdigerstra·e,2019,9,20,2,2,0,1,2,0,0,0,1,0,0,0,8037211963,5827570169,1347673,5251344
50451,11,2,2050602,Samariterviertel,2019,8,7,5,3,5,3,0,1,1,0,0,0,0,0,8029724485,582766285,1346581,5251468
50452,11,2,2020203,Viktoriapark,2019,4,7,3,3,0,2,0,1,1,0,0,0,0,0,7977592269,5824125584,1338605,5248585
50453,11,6,6030605,Botanischer Garten,2019,10,13,3,3,2,6,0,0,1,0,0,1,0,1,7910716917,5818846719,1328324,5244213
50454,11,3,2040501,Barnimkiez,2019,9,16,2,3,3,6,0,1,1,0,0,0,0,0,799983857,5828905997,1342302,5252748
50456,11,12,12103218,Teichstra·e,2019,6,19,3,3,5,3,1,0,1,0,0,0,0,0,7944781859,5834318183,133469,52579
50457,11,3,3061332,Helmholtzplatz,2019,8,19,4,2,6,4,0,1,0,1,0,0,0,0,7999503511,5830206136,1342371,5253915
50458,11,3,3061435,Conrad-Blenkle-Stra·e,2019,4,17,3,3,5,2,0,1,1,0,0,0,0,0,8015184407,582910262,1344576,5252839
50459,11,10,10010204,Wuhletalstra·e,2019,11,5,6,2,5,3,2,0,1,0,0,0,0,0,8088973951,5833398142,1355818,5256276
50460,11,4,4041134,Bismarckallee,2019,10,11,3,2,0,1,0,0,0,0,1,0,0,0,7910143052,5824659463,1328747,5249427
50461,11,7,7070701,Kettinger Stra·e/Schillerstra·e,2019,9,16,2,2,5,3,0,0,1,0,1,0,0,1,7996781367,5815247722,1340627,5240522
50463,11,4,4020208,Kranzallee,2019,6,7,2,3,2,6,0,0,1,0,0,0,0,0,7883460774,5826030168,1324947,5250798
50464,11,7,7070701,Kettinger Stra·e/Schillerstra·e,2019,8,14,4,3,2,6,0,0,1,0,0,0,0,1,7992294992,5816329158,1340066,5241516
50465,11,5,5020628,Graetschelsteig,2019,4,19,3,3,2,7,0,1,1,0,0,0,0,0,7840353235,5826575963,1318659,5251513
50466,11,2,2050602,Samariterviertel,2019,11,17,4,3,6,4,2,0,1,1,0,0,0,1,8026857532,5827676261,1346161,5251496
50467,11,1,1022202,Heidestra·e,2019,6,9,5,3,2,1,0,0,1,0,0,0,0,0,7963171383,5828827802,1336906,5252878
50468,11,4,4020313,Kînigin-Elisabeth-Stra·e,2019,9,10,2,3,5,2,0,1,0,0,0,1,0,0,7905140274,5826374665,1328162,5250991
50469,11,7,7020203,Kaiser-Wilhelm-Platz,2019,12,18,2,3,5,3,2,1,1,0,0,0,0,1,795794936,5824126932,1335721,5248693
50470,11,1,1011202,Unter den Linden Nord,2019,8,9,4,3,3,2,0,0,1,0,1,0,0,0,7969173784,582746761,1337667,5251626
50471,11,10,10010207,Marzahner Promenade,2019,10,19,4,3,2,7,2,0,1,0,0,0,0,0,807965934,5831210966,1354245,5254369
50472,11,8,8020619,Buschkrugallee Nord,2019,8,6,4,3,3,6,1,0,1,0,1,0,0,0,8022763871,5821961769,1345041,5246397
50473,11,3,3061332,Helmholtzplatz,2019,9,18,6,3,2,6,0,0,1,0,0,0,0,1,799933929,5830209502,1342347,5253919
50474,11,7,7030303,Grazer Platz,2019,4,20,2,3,3,6,1,0,1,0,0,0,0,0,795337846,582275461,1334928,5247487
50475,11,11,11030721,RÅdigerstra·e,2019,10,17,3,3,3,6,1,0,1,0,0,1,0,1,8043161011,5827510343,1348541,5251257
50476,11,4,4010101,Jungfernheide,2019,9,13,2,3,8,1,0,0,1,0,0,0,0,0,7909739418,5828992753,1329067,5253314
50478,11,1,1011104,Kîrnerstra·e,2019,6,21,2,3,0,1,2,1,0,0,0,0,0,0,7962470997,5825925559,1336545,5250281
50479,11,1,1011105,Nîrdlicher Landwehrkanal,2019,8,15,4,3,5,2,0,1,1,0,0,0,0,0,7964202339,5826327806,1336835,5250632
50480,11,3,3050923,Wei·enseer Spitze,2019,4,18,2,3,6,4,0,1,0,1,0,0,0,0,8003012907,5831678598,134302,5255216
50481,11,2,2050602,Samariterviertel,2019,11,1,7,3,5,3,2,0,1,0,0,0,0,0,8021489601,5827734648,1345378,5251578
50482,11,5,5020524,Weinmeisterhornweg,2019,6,19,2,3,2,6,0,0,1,0,0,0,0,0,7821979865,5824998343,1315825,5250194
50483,11,1,1011102,Gro·er Tiergarten,2019,9,9,2,2,5,2,0,1,1,0,0,0,0,1,7964502777,5827390273,1336974,5251582
50484,11,4,4010102,Plîtzensee,2019,12,15,4,3,2,6,0,0,1,0,0,0,0,0,7934562688,5829747198,1332783,5253857
50485,11,7,7040401,Neu-Tempelhof,2019,8,12,3,3,2,6,0,0,1,0,0,0,1,0,7978270869,5822414179,1338552,5247047
50486,11,3,3061332,Helmholtzplatz,2019,4,9,2,3,0,2,0,0,1,0,0,0,1,1,7999750225,5830201053,1342406,5253909
50487,11,7,7040402,Lindenhofsiedlung,2019,10,19,6,3,2,6,2,0,1,0,0,0,0,0,7964726164,5822575939,1336578,5247266
50488,11,10,10010309,Springpfuhl,2019,9,11,1,3,3,6,0,1,1,0,0,0,0,0,8076537135,5829957125,135367,5253263
50489,11,2,2040701,Andreasviertel,2019,8,9,3,3,3,2,0,0,0,0,1,1,0,0,8004560741,5827947485,134291,5251863
50490,11,1,1011303,Alexanderplatzviertel,2019,4,11,2,3,5,3,0,1,0,0,0,1,0,1,7991232126,5827663403,1340926,5251681
50491,11,7,7030303,Grazer Platz,2019,10,13,3,3,5,7,0,0,1,0,0,0,0,1,7956797813,582317324,1335467,5247844
50492,11,2,2050602,Samariterviertel,2019,6,17,4,2,3,6,0,1,0,0,0,0,0,0,8033732976,5827605844,1347165,5251395
50493,11,4,4020209,Eichkamp,2019,9,16,1,3,2,6,0,0,1,0,0,0,0,0,7897450425,5824735361,1326889,5249563
50494,11,1,1033203,Humboldthain Nordwest,2019,12,22,4,3,6,4,2,0,1,1,0,0,0,0,7963424704,5830079197,1337055,5253999
50495,11,3,3061429,Greifswalder Stra·e,2019,6,23,2,3,5,3,2,1,1,0,0,0,0,1,8009530387,5830502712,1343871,5254126
50496,11,8,8020619,Buschkrugallee Nord,2019,4,11,2,3,3,6,0,0,1,0,0,0,1,1,802157563,5821904716,1344862,5246353
50497,11,2,2020202,Rathaus Yorckstra·e,2019,11,15,7,3,3,6,0,0,1,0,1,0,0,1,797901634,5825143822,1338905,524949
50498,11,2,2050602,Samariterviertel,2019,6,13,2,2,6,4,0,1,0,1,0,0,0,0,802842211,582767587,1346391,5251487
50499,11,1,1011102,Gro·er Tiergarten,2019,11,18,4,3,5,3,2,1,0,0,1,0,0,1,7958008619,5827269446,1336009,5251509
50500,11,7,7060601,Marienfelder Allee Nordwest,2019,8,7,3,3,5,3,0,1,1,0,0,0,0,0,7969132353,5816488094,1336684,5241785
50501,11,12,12103218,Teichstra·e,2019,4,22,7,2,5,2,2,0,1,0,1,0,0,0,794559293,5833808298,1334765,5257438
50502,11,3,3061126,Arnimplatz,2019,10,18,7,2,5,2,2,0,1,0,1,0,0,0,7991965186,5831441779,1341374,5255064
50503,11,7,7040401,Neu-Tempelhof,2019,9,14,1,3,3,6,0,0,1,0,0,0,0,0,7977944614,5823140095,1338569,5247699
50505,11,12,12103115,Breitkopfbecken,2019,6,16,2,3,1,5,0,1,1,0,0,0,1,0,7953723246,5833713012,1335952,5257309
50506,11,3,3061429,Greifswalder Stra·e,2019,8,15,3,3,5,3,0,1,1,0,0,0,0,0,8011750255,5830811222,1344226,525439
50507,11,7,7070701,Kettinger Stra·e/Schillerstra·e,2019,4,17,7,3,2,6,0,0,1,0,0,0,0,0,7994614034,5815770561,1340356,5241003
50508,11,3,3061131,Falkplatz,2019,6,15,7,3,0,1,0,1,0,0,0,0,0,0,7991978984,5831042543,134134,5254706