OBJECTID,LAND,BEZ,LOR,STRASSE,UJAHR,UMONAT,USTUNDE,UWOCHENTAG,UKATEGORIE,UART,UTYP1,ULICHTVERH,IstRad,IstPKW,IstFuss,IstKrad,IstGkfz,IstSonstige,USTRZUSTAND,LINREFX,LINREFY,XGCSWGS84,YGCSWGS84
50509,11,1,1011304,Karl-Marx-Allee,2019,9,23,1,3,6,4,2,0,1,1,0,0,0,1,800020007,5828096834,1342283,5252021
50510,11,4,4010101,Jungfernheide,2019,12,12,1,2,2,6,0,0,1,0,0,0,0,1,7908766417,582895321,132892,5253284
50511,11,4,4020311,Reichsstra·e,2019,6,9,2,2,5,3,0,1,0,0,0,1,0,0,7898017343,5826261233,1327105,5250928
50512,11,4,4020313,Kînigin-Elisabeth-Stra·e,2019,8,15,3,3,5,2,0,0,1,0,0,0,0,0,7905237956,5826394917,1328178,5251009
50513,11,4,4030622,Richard-Wagner-Stra·e,2019,11,10,2,3,6,7,0,0,1,1,0,0,0,1,7920730963,5826651419,1330477,5251156
50514,11,11,11030721,RÅdigerstra·e,2019,8,15,3,3,5,2,0,1,0,0,0,1,0,0,8037372933,5827585098,1347698,5251356
50515,11,3,3040818,Pankow SÅd,2019,4,11,6,3,5,3,0,1,1,0,0,0,0,0,799131138,5832326271,1341357,525586
50516,11,10,10010204,Wuhletalstra·e,2019,10,11,1,2,5,3,0,0,1,0,0,0,1,0,8089039273,5833413708,1355829,5256289
50517,11,4,4020310,Park Ruhwald,2019,9,14,7,3,2,6,0,0,1,0,0,0,0,0,7904011975,5827910807,132813,5252375
50519,11,2,2050601,Hausburgviertel,2019,6,8,2,3,5,2,0,1,0,0,0,1,0,0,801641132,5828895333,1344737,5252647
50520,11,7,7040401,Neu-Tempelhof,2019,8,15,2,3,0,7,0,1,0,0,0,0,0,0,7977777283,5823819948,1338605,524831
50521,11,4,4020311,Reichsstra·e,2019,4,19,6,2,6,4,0,1,0,1,0,0,0,0,7898597965,5826230244,1327188,5250897
50522,11,2,2050602,Samariterviertel,2019,11,10,3,3,5,2,0,1,1,0,0,0,0,0,8025920568,582770153,1346026,5251524
50523,11,1,1011202,Unter den Linden Nord,2019,6,18,3,3,0,6,0,1,0,0,0,0,1,0,7972448936,5827533792,1338154,5251668
50524,11,3,3071639,Bîtzowstra·e,2019,9,12,7,3,2,6,0,0,1,0,0,0,1,0,8004425103,5829678583,1343046,5253415
50525,11,2,2010101,Askanischer Platz,2019,12,1,7,3,2,6,2,0,1,0,0,0,0,1,797087661,5825778259,1337767,5250103
50526,11,7,7020203,Kaiser-Wilhelm-Platz,2019,8,19,2,3,0,6,0,0,1,0,1,0,0,0,795661398,5823954139,133551,5248545
50527,11,2,2020202,Rathaus Yorckstra·e,2019,10,10,3,3,2,2,0,1,0,0,0,0,1,0,7978992026,582542851,1338927,5249745
50528,11,4,4020310,Park Ruhwald,2019,9,12,7,2,2,6,0,0,1,0,0,0,0,0,7904855766,5828472748,1328303,5252874
50529,11,1,1033203,Humboldthain Nordwest,2019,8,15,2,3,5,2,0,1,1,0,0,0,0,0,7962857975,5830277485,133699,525418
50530,11,2,2020202,Rathaus Yorckstra·e,2019,4,20,6,3,3,6,1,0,1,0,0,0,0,0,7978999775,5825342688,1338921,5249668
50531,11,4,4041133,GÅterbahnhof Grunewald,2019,10,12,2,3,2,6,0,0,1,0,0,0,1,0,7905477734,5825192117,1328108,5249929
50532,11,3,3071639,Bîtzowstra·e,2019,6,22,1,3,0,7,2,1,0,0,0,0,0,0,8001180762,5829112295,1342518,5252925
50533,11,3,3061332,Helmholtzplatz,2019,9,20,7,3,0,6,1,0,1,0,1,0,0,0,7994159909,5830332064,1341596,5254057
50535,11,10,10040933,Mahlsdorf SÅd,2019,6,13,2,3,5,3,0,1,1,0,0,0,0,0,813337299,5827199225,1361762,5250467
50536,11,6,6040701,Wannsee,2019,4,12,6,3,0,5,0,1,1,0,0,0,0,0,7829045061,5815862169,1316088,5241965
50537,11,4,4020310,Park Ruhwald,2019,11,13,5,2,2,6,0,0,1,0,0,0,0,0,7904802361,5828457219,1328294,525286
50538,11,9,9010101,Elsenstra·e,2019,6,12,1,3,5,2,0,1,1,0,0,0,0,0,8025850186,5825068876,1345776,5249165
50539,11,4,4010101,Jungfernheide,2019,12,15,2,3,2,6,1,0,1,0,0,1,0,1,7912733298,5829906321,1329587,5254117
50540,11,10,10010204,Wuhletalstra·e,2019,8,12,2,3,5,3,0,0,1,0,0,0,0,0,8089058771,5833417549,1355832,5256293
50541,11,1,1011102,Gro·er Tiergarten,2019,4,10,5,2,5,2,0,1,0,0,1,0,0,0,7965543067,582780402,1337164,5251948
50542,11,7,6010209,Feuerbachstra·e,2019,10,14,4,2,0,6,0,0,1,0,0,0,0,0,7944580398,5821624732,1333537,5246522
50543,11,10,10030726,Alt-Biesdorf,2019,9,12,7,3,2,6,0,0,1,0,0,0,0,0,8092936486,5827391843,1355842,5250871
50545,11,7,7050502,Fritz-Werner-Stra·e,2019,8,12,2,3,3,6,0,0,1,0,0,1,0,0,7976806525,5818714409,1338007,5243739
50546,11,4,4051551,Brabanter Platz,2019,4,18,5,3,3,6,0,0,1,0,0,1,0,0,7925701623,5823390039,1330921,5248206
50547,11,1,1011303,Alexanderplatzviertel,2019,9,4,1,3,5,3,2,0,1,0,0,0,1,1,7997888134,5828607126,1341989,5252491
50548,11,1,1011202,Unter den Linden Nord,2019,6,9,4,3,3,2,0,0,1,0,1,1,0,0,7969202823,5827454628,133767,5251615
50549,11,7,7040401,Neu-Tempelhof,2019,9,0,7,3,0,7,2,0,0,0,0,0,1,0,7977837923,582370515,1338604,5248207
50550,11,3,3040614,Pankow Zentrum,2019,12,9,6,3,1,5,0,0,1,0,0,1,0,0,798635602,5832999652,1340689,5256491
50551,11,6,6040701,Wannsee,2019,6,15,1,3,1,5,0,1,1,0,0,0,0,0,7833711207,5815994474,1316784,524206
50552,11,1,1011303,Alexanderplatzviertel,2019,8,11,1,3,1,5,0,1,1,0,0,0,0,0,7987127876,5827925912,1340346,5251939
50553,11,3,3050925,Komponistenviertel Wei·ensee,2019,4,17,5,3,1,5,0,1,1,0,0,0,0,0,8020444813,5831477616,1345565,5254939
50554,11,1,1011303,Alexanderplatzviertel,2019,11,23,6,3,5,7,2,0,1,0,0,0,1,1,7986985888,5827909145,1340324,5251925
50555,11,3,3040818,Pankow SÅd,2019,9,19,7,3,5,3,1,1,1,0,0,0,0,0,798705807,583290257,1340784,52564
50556,11,7,7060601,Marienfelder Allee Nordwest,2019,11,12,3,3,2,2,0,0,1,0,0,0,0,0,796608831,5815997411,1336194,5241361
50557,11,1,1044201,Reinickendorfer Stra·e,2019,8,15,7,3,5,2,0,0,1,0,0,0,0,0,796048448,5831363313,1336737,5255166
50558,11,1,1011105,Nîrdlicher Landwehrkanal,2019,4,17,5,3,5,2,0,0,1,0,1,0,0,0,7964679448,5826422729,1336914,5250714
50559,11,11,11040926,Weitlingstra·e,2019,10,7,5,3,0,7,1,1,1,0,0,0,0,1,8064318442,582735794,1351635,5251002
50560,11,4,4030622,Richard-Wagner-Stra·e,2019,9,16,7,3,5,2,0,0,1,0,0,0,1,0,7922720671,5826684843,1330772,5251176
50562,11,4,4030623,Ernst-Reuter-Platz,2019,6,15,1,2,3,6,0,0,1,0,1,0,0,0,7933121777,582683358,1332314,5251253
50563,11,4,4030417,Schlo·stra·e,2019,6,14,1,3,3,6,0,1,0,0,0,0,0,0,7916407005,5826578761,1329835,5251114
50564,11,7,7030303,Grazer Platz,2019,12,20,3,3,2,6,2,0,1,0,0,0,0,1,795753515,5823099571,1335569,5247774
50565,11,3,3071639,Bîtzowstra·e,2019,8,21,7,3,0,7,1,0,0,0,1,0,0,1,8000673788,5829071591,134244,5252892
50566,11,2,2020202,Rathaus Yorckstra·e,2019,4,15,5,3,5,2,0,1,1,0,0,0,0,0,7978987256,5825430732,1338927,5249747
50567,11,7,7070701,Kettinger Stra·e/Schillerstra·e,2019,10,17,5,2,6,7,0,0,1,1,0,0,0,0,7992123491,5816424978,1340049,5241603
50568,11,4,4030417,Schlo·stra·e,2019,9,15,7,3,6,4,0,1,0,1,0,0,0,0,7918419591,5826612732,1330134,5251134
50570,11,2,2040703,Wriezener Bahnhof/Entwicklungsgebiet,2019,8,3,7,2,0,4,2,0,0,1,1,0,0,1,80187872,5826540934,1344873,5250523
50571,11,4,4030622,Richard-Wagner-Stra·e,2019,4,16,5,2,5,2,0,1,1,0,0,0,0,0,7927388413,5826741842,1331463,5251202
50572,11,2,2050802,Boxhagener Platz,2019,9,18,2,3,3,6,1,1,0,0,0,0,0,0,8020276343,5826990444,1345132,5250918
50573,11,1,1011105,Nîrdlicher Landwehrkanal,2019,6,9,4,3,5,3,0,1,1,0,0,0,0,0,7967752185,5826670717,1337387,525092
50574,11,6,6030503,Zehlendorf Mitte,2019,9,16,6,3,0,2,0,1,1,0,0,0,0,0,789579521,5817961039,1326058,5243498
50575,11,3,3040818,Pankow SÅd,2019,12,12,7,3,3,6,0,0,0,0,0,1,1,0,800060309,5833694437,1342848,5257036
50576,11,6,6030503,Zehlendorf Mitte,2019,6,0,1,3,1,1,2,0,1,0,0,0,0,0,78973366,5817963408,1326285,5243492
50577,11,3,3061131,Falkplatz,2019,4,15,5,3,6,4,0,1,0,1,0,0,0,0,7991826296,5830889965,1341304,525457
50578,11,2,2050602,Samariterviertel,2019,11,23,6,3,5,2,2,1,1,0,0,0,0,1,8021490888,582772721,1345377,5251572
50579,11,3,3071639,Bîtzowstra·e,2019,11,17,3,3,2,6,2,0,1,0,0,0,0,0,8005561758,5829815705,1343226,5253532
50580,11,7,7030303,Grazer Platz,2019,8,15,6,3,5,2,0,0,1,0,0,0,0,0,7956421488,5823232062,1335417,5247899
50581,11,10,10010207,Marzahner Promenade,2019,4,9,5,3,6,4,0,0,1,1,0,0,0,0,8082983701,5832010787,1354808,5255067
50582,11,1,1011202,Unter den Linden Nord,2019,10,16,5,3,4,7,0,1,0,0,0,0,1,0,7981933008,5827681868,1339561,5251749
50583,11,4,4030417,Schlo·stra·e,2019,9,14,6,3,5,3,0,0,1,0,0,0,0,0,79174693,5826596722,1329993,5251125
50585,11,3,3071633,ThÑlmannpark,2019,6,12,1,2,5,7,0,0,1,0,0,0,1,0,8001533111,583014817,1342664,5253852
50586,11,11,11030721,RÅdigerstra·e,2019,8,18,5,3,6,4,0,0,1,1,0,0,0,0,8037742595,5827581225,1347752,5251351
50587,11,2,2010101,Askanischer Platz,2019,4,14,4,3,0,2,0,0,1,1,0,0,0,0,7978517122,5825505102,1338864,5249816
50588,11,4,4030623,Ernst-Reuter-Platz,2019,6,12,6,3,6,7,0,0,1,1,0,0,0,0,7929754296,582678207,1331814,5251225
50589,11,5,5020629,Bîrnicker Stra·e,2019,9,14,6,3,2,6,0,0,1,0,0,0,1,0,7851726282,5826271773,1320304,5251181
50590,11,11,11030721,RÅdigerstra·e,2019,12,21,7,3,2,6,2,0,1,0,0,0,0,1,8044675028,5827509632,1348764,5251248
50591,11,7,7020203,Kaiser-Wilhelm-Platz,2019,6,19,7,3,1,5,0,1,0,0,0,0,1,0,7958202005,5824178934,1335763,5248738
50592,11,7,7040403,Manteuffelstra·e,2019,8,17,5,3,0,6,0,0,1,0,0,0,1,0,7978494279,5821462688,13385,5246193
50593,11,2,2050601,Hausburgviertel,2019,4,18,4,3,5,3,0,1,1,0,0,0,0,0,8016669174,5828906274,1344776,5252655
50594,11,4,4030622,Richard-Wagner-Stra·e,2019,11,13,1,3,2,6,0,0,1,0,0,0,1,1,7923242852,5826672146,1330848,5251161
50595,11,2,2040703,Wriezener Bahnhof/Entwicklungsgebiet,2019,8,15,5,3,0,6,0,1,0,1,0,0,0,0,8018013369,5826330985,134474,525034
50596,11,6,6040703,Nikolassee,2019,4,18,4,3,5,3,0,1,1,0,0,0,0,0,7856970089,5816404718,132023,5242307
50597,11,4,4041134,Bismarckallee,2019,10,11,6,3,2,6,0,0,1,0,0,0,1,0,790747295,5824897191,1328376,5249654
50598,11,12,12231101,Hermsdorf,2019,9,8,6,3,5,3,0,1,1,0,0,0,0,0,7919268619,5838837031,1331334,5262088
50600,11,7,7040401,Neu-Tempelhof,2019,6,13,7,3,2,6,0,0,1,0,0,0,0,0,79782578,5822442527,1338553,5247072
50601,11,1,1011105,Nîrdlicher Landwehrkanal,2019,8,15,5,3,5,3,0,1,1,0,0,0,0,0,7964465528,5826426696,1336883,5250719
50602,11,3,3010104,Lietzengraben,2019,4,17,4,3,2,6,0,0,1,0,0,0,0,0,801131045,5838302429,1344841,5261107
50603,11,10,10010309,Springpfuhl,2019,11,15,2,3,1,5,1,0,1,0,1,0,0,1,8076537665,5829953426,135367,5253259
50604,11,7,7040401,Neu-Tempelhof,2019,6,20,3,3,1,5,0,1,1,0,0,0,0,0,7978071694,5822854121,1338562,5247442
50605,11,11,11041027,Tierpark,2019,9,16,6,3,3,6,0,0,1,0,1,0,0,0,8074676172,5827460198,1353166,5251035
50606,11,12,12103219,SchÑfersee,2019,12,19,6,3,6,2,2,0,1,1,0,0,0,1,7957522448,5832687777,133642,5256369
50607,11,1,1033203,Humboldthain Nordwest,2019,8,8,5,3,2,2,0,0,1,0,0,0,0,0,7962854956,5830276614,1336989,5254179
50608,11,7,7040403,Manteuffelstra·e,2019,4,14,4,3,6,4,0,0,1,1,0,0,0,0,7978270007,5820682442,1338397,5245495
50609,11,2,2050602,Samariterviertel,2019,10,17,2,3,6,4,2,0,1,1,0,0,0,1,8035987267,5827581365,1347494,5251361
50610,11,7,7040406,Germaniagarten,2019,9,6,5,3,3,6,2,0,1,0,0,1,0,0,7996826697,5821465106,1341191,5246095
50611,11,7,7050502,Fritz-Werner-Stra·e,2019,8,10,5,3,5,3,0,1,1,0,0,0,0,0,7975436043,5818275463,1337767,5243352
50612,11,10,10010102,Havemannstra·e,2019,4,15,4,2,6,4,0,0,1,1,0,0,0,0,8094434525,583452192,1356726,5257252
50613,11,6,6030605,Botanischer Garten,2019,10,18,7,3,2,6,1,0,1,0,0,0,0,0,7924961554,5819782535,1330496,5244976
50614,11,7,7040405,Rathaus Tempelhof,2019,6,23,7,3,3,6,2,0,1,0,0,0,0,0,7987009526,5821988786,1339797,5246618
50615,11,7,7020202,Volkspark (Rudolf-Wilde-Park),2019,9,16,5,3,2,6,0,0,1,0,0,0,0,0,7952296658,58235141,1334837,5248174
50617,11,1,1022202,Heidestra·e,2019,6,21,7,3,2,6,1,0,1,0,0,0,0,0,7959060111,5829519774,1336364,5253521
50618,11,6,6040701,Wannsee,2019,4,9,4,3,5,2,0,0,1,0,0,0,0,0,7838888671,5815954176,131754,5241997
50619,11,1,1022202,Heidestra·e,2019,11,7,4,3,2,6,0,0,1,0,0,0,0,0,7963330107,5828828596,133693,5252878
50620,11,12,12214125,Waldidyll/Flughafensee,2019,6,12,7,3,0,7,0,0,1,0,0,0,0,0,7918059238,5831252111,1330488,5255295
50621,11,4,4020310,Park Ruhwald,2019,12,18,1,3,3,6,2,0,1,0,0,1,0,0,7904515717,5828412615,1328248,5252822
50622,11,2,2040701,Andreasviertel,2019,8,7,5,3,1,6,0,0,1,0,0,0,0,0,800349294,5827946554,1342753,5251868
50623,11,2,2050602,Samariterviertel,2019,4,8,4,2,0,2,0,1,1,0,0,0,0,0,8026381833,5827696658,1346093,5251517
50624,11,7,7030303,Grazer Platz,2019,10,8,3,3,2,6,0,0,1,0,1,0,0,0,7951967046,5822909055,1334735,5247633
50625,11,1,1011303,Alexanderplatzviertel,2019,9,15,5,3,3,6,0,0,1,0,0,0,0,0,7993239245,5827946396,1341246,5251924
50627,11,2,2040502,Friedenstra·e,2019,7,11,4,2,0,7,0,1,0,0,0,0,0,0,8011011608,5827854875,1343849,5251744
50628,11,7,7030303,Grazer Platz,2019,4,11,3,2,2,6,0,0,1,0,0,1,0,0,7955221803,5822676783,1335192,5247408
50629,11,4,4051551,Brabanter Platz,2019,9,14,7,3,2,6,0,0,1,0,0,0,0,1,792927278,5823108478,1331421,5247934
50630,11,3,3050925,Komponistenviertel Wei·ensee,2019,6,9,3,3,3,6,0,1,0,0,0,0,1,0,80162528,5831258453,1344928,5254766
50631,11,6,6030605,Botanischer Garten,2019,9,13,5,2,0,7,0,1,0,0,0,0,0,0,7912583711,581895372,1328608,5244299
50632,11,9,9010301,Baumschulenstra·e,2019,12,14,6,3,3,6,0,0,1,0,0,0,1,1,8045852809,5823115895,1348535,5247303
50633,11,1,1011204,Leipziger Stra·e,2019,6,1,7,3,2,6,2,0,1,0,0,0,0,0,7988179365,5827216851,1340437,5251298
50634,11,1,1011105,Nîrdlicher Landwehrkanal,2019,7,22,4,3,5,2,2,1,1,0,0,0,0,1,7964202339,5826327806,1336835,5250632
50635,11,4,4041239,Stadion Wilmersdorf,2019,4,10,3,3,2,6,0,0,1,0,0,0,0,0,7922378672,5823643684,1330455,5248451
50636,11,11,11030721,RÅdigerstra·e,2019,11,7,4,2,5,2,0,1,1,0,0,0,0,1,8049109235,5827464538,1349411,5251183
50637,11,5,5020524,Weinmeisterhornweg,2019,11,14,1,3,5,3,0,0,1,0,1,0,0,0,7835860991,5826696289,1318009,5251644
50638,11,2,2050602,Samariterviertel,2019,7,14,4,3,0,6,0,1,0,0,0,0,0,0,8032986276,5827613424,1347056,5251406
50639,11,3,2040501,Barnimkiez,2019,4,5,3,2,6,7,0,0,1,0,0,0,1,0,7999244786,5828818274,1342207,5252673
50640,11,2,2050602,Samariterviertel,2019,10,10,4,3,6,7,0,0,0,1,0,0,1,1,8035358601,5827604205,1347404,5251385
50641,11,2,2040503,Richard-Sorge-Viertel,2019,9,9,5,3,3,6,0,1,0,0,0,0,0,0,8014234153,5827821687,134432,5251697
50643,11,7,7050502,Fritz-Werner-Stra·e,2019,5,6,6,3,5,3,0,0,1,0,0,0,0,0,79815395,5819054333,1338732,5244017
50644,11,4,4020313,Kînigin-Elisabeth-Stra·e,2019,7,13,4,3,5,2,0,1,0,0,0,1,0,0,7905396547,5826379005,13282,5250994
50645,11,6,6030503,Zehlendorf Mitte,2019,4,11,3,3,5,7,0,1,1,0,0,0,0,0,7898062785,5817997214,1326394,5243518
50646,11,9,9010101,Elsenstra·e,2019,6,20,5,3,6,4,0,1,0,1,0,0,0,0,8026238516,5825153023,1345841,5249238
50647,11,7,7040406,Germaniagarten,2019,9,6,5,3,2,6,0,0,1,0,0,0,1,1,799900908,5821458253,134151,5246077
50648,11,3,3071639,Bîtzowstra·e,2019,12,7,4,3,6,2,0,0,1,1,0,0,0,0,8003627305,5829550808,1342918,5253305
50649,11,4,4030622,Richard-Wagner-Stra·e,2019,5,13,6,3,5,2,0,1,1,0,0,0,0,0,7925301872,5826706702,1331153,5251181
50650,11,1,1011303,Alexanderplatzviertel,2019,7,18,3,3,6,6,0,0,0,1,0,0,1,0,7996024777,5828290816,1341687,5252217
50651,11,4,4051551,Brabanter Platz,2019,11,5,6,3,5,2,2,0,1,0,0,0,0,0,7932673649,5823001754,133191,524782
50652,11,1,1011105,Nîrdlicher Landwehrkanal,2019,7,23,3,3,5,3,2,1,0,0,0,0,1,0,7967618094,5826668139,1337367,5250918
50653,11,1,1044203,Leopoldplatz,2019,9,17,6,3,2,6,0,0,1,0,0,0,0,1,7959111028,5831794589,1336574,525556
50654,11,1,1011105,Nîrdlicher Landwehrkanal,2019,4,11,3,3,2,6,0,0,1,0,1,0,0,0,7966963823,5826198215,1337229,5250501
50655,11,4,4030417,Schlo·stra·e,2019,10,0,5,3,5,3,2,0,1,0,0,0,0,1,7918523909,5826614513,1330149,5251135
50656,11,11,11041022,Rosenfelder Ring,2019,9,5,5,3,2,6,2,0,1,0,0,1,0,1,8056702008,5827389169,1350519,5251073
50658,11,3,3040818,Pankow SÅd,2019,5,19,6,2,1,5,1,1,1,0,0,0,0,1,7990201086,5832456654,1341206,5255983
50659,11,3,3040614,Pankow Zentrum,2019,7,22,3,3,3,2,2,0,1,0,1,0,0,0,7983662622,583348199,1340336,5256938
50660,11,1,1022202,Heidestra·e,2019,4,14,3,3,2,6,0,0,1,0,0,0,1,0,7960475943,5829313553,1336553,5253328
50661,11,7,7040403,Manteuffelstra·e,2019,11,11,1,3,2,2,0,0,1,0,0,0,0,1,7978325631,5822297024,133855,5246942
50662,11,12,12103218,Teichstra·e,2019,6,23,7,3,2,7,2,0,0,0,0,0,1,0,7949654817,5833754585,1335357,5257368
50663,11,7,7050501,Rathausstra·e,2019,9,11,4,3,2,7,0,0,1,0,1,0,0,0,7977536946,5818876023,1338129,5243879
50664,11,1,1044201,Reinickendorfer Stra·e,2019,12,17,5,3,2,6,2,0,1,0,0,0,1,0,7960491337,5831335307,1336736,5255141
50665,11,3,3061131,Falkplatz,2019,7,10,3,3,5,2,0,1,1,0,0,0,0,0,7991656544,5830375764,1341232,525411
50666,11,3,3020209,Niederschînhausen,2019,4,15,3,3,5,2,0,1,1,0,0,0,0,0,7981565373,5836034116,1340257,5259237
50667,11,12,12103115,Breitkopfbecken,2019,7,12,3,3,9,1,0,0,1,0,0,0,0,0,7953519093,5833718023,1335923,5257314
50668,11,7,7070701,Kettinger Stra·e/Schillerstra·e,2019,4,16,3,3,6,4,0,0,1,1,0,0,0,0,7991939926,5816469338,1340026,5241644
50669,11,1,1011102,Gro·er Tiergarten,2019,6,16,5,3,2,6,0,0,1,0,1,0,0,0,7960290631,5827319402,1336349,5251542
50670,11,7,7050501,Rathausstra·e,2019,9,9,4,3,3,6,0,0,1,0,0,1,0,0,7979073508,5820219669,1338474,5245075
50671,11,2,2040701,Andreasviertel,2019,12,6,6,3,2,2,2,1,1,0,0,0,0,2,80096548,5827869077,1343651,5251764
50672,11,12,12103115,Breitkopfbecken,2019,5,19,6,2,9,1,0,0,1,0,0,0,0,1,7953487113,5833720231,1335918,5257316
50673,11,3,3050925,Komponistenviertel Wei·ensee,2019,7,22,2,3,1,5,2,1,1,0,0,0,0,1,8017682644,5831341757,1345146,5254833
50674,11,9,9010302,SpÑthsfelde,2019,11,19,6,2,3,6,2,0,1,0,0,1,0,1,8041723069,5819873027,1347633,524442
50675,11,1,1011303,Alexanderplatzviertel,2019,7,19,2,3,0,6,0,1,1,0,0,0,0,1,7995377873,5828290475,1341591,5252221
50676,11,4,4010101,Jungfernheide,2019,4,16,3,3,2,6,0,0,1,0,0,0,0,0,7905673827,5828674639,1328441,5253051
50677,11,7,7050502,Fritz-Werner-Stra·e,2019,10,1,6,2,5,3,2,0,1,0,0,0,0,1,7974592005,5817897972,133761,5243019
50678,11,7,7040402,Lindenhofsiedlung,2019,9,8,4,3,2,6,0,0,1,0,0,0,0,0,7965269485,5822539904,1336655,524723
50680,11,2,2050602,Samariterviertel,2019,5,12,6,3,5,2,0,1,1,0,0,0,0,0,8030909533,5827650824,1346754,5251451
50681,11,1,1033203,Humboldthain Nordwest,2019,7,19,2,3,5,2,0,1,1,0,0,0,0,1,7962707976,5830435403,1336982,5254322
50682,11,9,9010402,Johannisthal Ost,2019,4,3,2,3,9,1,2,0,1,0,0,0,0,0,8062247776,5818442596,1350513,5243023
50683,11,7,7040405,Rathaus Tempelhof,2019,11,18,2,3,2,6,2,0,1,0,0,0,0,1,7985112796,5822073055,1339526,5246704
50684,11,9,9020601,Schnellerstra·e,2019,6,16,1,3,2,6,0,0,0,0,1,0,0,0,806501944,5821232081,1351175,5245508
50685,11,1,1011204,Leipziger Stra·e,2019,9,7,4,3,2,6,0,0,0,0,1,1,0,0,798660557,582705153,1340191,5251158
50686,11,7,7030303,Grazer Platz,2019,12,7,6,3,2,6,1,0,1,0,0,0,0,1,7956289396,5823246817,1335399,5247913
50687,11,7,7030303,Grazer Platz,2019,7,19,2,3,5,3,0,0,1,0,0,0,1,1,7951735391,5822937231,1334703,524766
50688,11,3,3040614,Pankow Zentrum,2019,4,10,7,3,0,2,0,0,1,0,0,0,1,0,798367724,5833482413,1340338,5256939
50689,11,7,7050502,Fritz-Werner-Stra·e,2019,10,6,2,3,0,3,1,1,0,0,0,0,0,1,797517372,581815942,1337719,524325
50690,11,9,9010101,Elsenstra·e,2019,9,8,3,3,2,6,0,0,1,0,0,0,0,0,8026677069,5825212573,1345911,5249289
50691,11,6,6030503,Zehlendorf Mitte,2019,7,16,2,3,0,5,0,1,1,0,0,0,0,0,789381241,5818024569,1325773,5243565
50692,11,2,2050602,Samariterviertel,2019,4,12,6,3,6,6,0,1,0,1,0,0,0,0,8023793853,5827724511,1345716,5251557
50693,11,7,7050502,Fritz-Werner-Stra·e,2019,10,17,6,3,5,3,1,0,1,0,0,0,0,1,7975772551,5818423189,133783,5243483
50694,11,4,4020311,Reichsstra·e,2019,6,15,6,3,5,2,0,0,1,0,0,0,0,0,7898234338,5826278803,1327139,5250942
50695,11,3,3040818,Pankow SÅd,2019,9,16,3,3,5,2,0,1,1,0,0,0,0,0,7991485951,5832225673,1341374,5255769
50697,11,4,4020311,Reichsstra·e,2019,5,14,5,3,2,6,0,0,1,0,0,0,0,0,7890706124,5826145973,1326021,5250863
50698,11,4,4020313,Kînigin-Elisabeth-Stra·e,2019,4,10,6,3,2,6,0,0,0,0,1,0,0,0,7905148098,5826393411,1328165,5251008
50699,11,1,1011204,Leipziger Stra·e,2019,11,22,2,3,3,6,2,0,1,0,0,0,0,0,7977578125,5826850054,1338847,5251027
50700,11,1,1011303,Alexanderplatzviertel,2019,5,4,5,3,5,3,1,1,1,0,0,0,0,0,799788505,5828606632,1341988,525249
50701,11,12,12304314,Ziekowstra·e/Freie Scholle,2019,11,12,7,3,2,6,0,0,1,0,0,0,0,0,7903391278,5835572793,1328709,5259247
50702,11,4,4020310,Park Ruhwald,2019,7,14,2,3,3,6,0,0,1,0,0,0,0,0,7904459188,5827708009,1328178,525219
50703,11,7,7050502,Fritz-Werner-Stra·e,2019,4,14,6,3,2,2,0,0,0,0,0,0,1,0,7975778701,581842559,1337831,5243485
50704,11,7,7060601,Marienfelder Allee Nordwest,2019,10,16,3,2,1,5,0,0,1,0,1,0,0,0,7967394483,5816072572,1336393,5241421
50705,11,1,1011105,Nîrdlicher Landwehrkanal,2019,9,15,3,3,2,2,0,0,0,0,1,1,0,0,796719975,5826660095,1337305,5250913
50707,11,9,9020601,Schnellerstra·e,2019,7,13,2,3,2,6,0,0,1,0,1,0,0,0,8058705267,5821880593,1350308,5246124
50708,11,5,5020629,Bîrnicker Stra·e,2019,4,15,6,3,0,1,0,0,0,0,1,0,0,0,7857881699,5826107782,1321195,5251002
50709,11,1,1011303,Alexanderplatzviertel,2019,9,17,6,2,6,7,0,0,0,1,0,0,1,0,7987167651,5827910532,1340351,5251925
50710,11,2,2050802,Boxhagener Platz,2019,6,19,2,3,1,5,0,1,1,0,0,0,0,0,8020505554,5827245004,1345189,5251145
50711,11,10,10040830,Kaulsdorf SÅd,2019,9,11,3,3,0,7,0,0,1,0,0,0,0,0,8113962318,5827110197,1358903,5250499
50712,11,2,2050802,Boxhagener Platz,2019,12,19,3,3,1,5,2,1,1,0,0,0,1,0,8020933197,5827298508,1345257,5251191
50713,11,11,11041022,Rosenfelder Ring,2019,5,20,4,3,2,7,0,0,1,0,0,0,1,0,8055089502,5827401898,1350284,5251093
50714,11,1,1011303,Alexanderplatzviertel,2019,7,10,2,3,5,3,0,0,1,0,0,0,1,0,7992433114,5827891124,1341123,5251879
50715,11,7,7030303,Grazer Platz,2019,4,10,5,3,3,6,0,0,1,0,0,0,0,0,7955918619,5822927991,1335317,5247629
50716,11,1,1011105,Nîrdlicher Landwehrkanal,2019,11,12,4,3,5,7,0,0,1,0,0,0,0,1,79647157,5826435462,133692,5250725
50717,11,7,7050502,Fritz-Werner-Stra·e,2019,11,13,7,2,6,7,0,0,1,1,0,0,0,0,7985668107,5817919341,1339236,5242978