OBJECTID,LAND,BEZ,LOR,STRASSE,UJAHR,UMONAT,USTUNDE,UWOCHENTAG,UKATEGORIE,UART,UTYP1,ULICHTVERH,IstRad,IstPKW,IstFuss,IstKrad,IstGkfz,IstSonstige,USTRZUSTAND,LINREFX,LINREFY,XGCSWGS84,YGCSWGS84
50718,11,6,6010209,Feuerbachstra·e,2019,7,11,2,2,2,7,0,0,1,0,0,0,0,0,7940199639,5821081374,1332846,5246058
50719,11,3,3061126,Arnimplatz,2019,4,20,5,3,0,6,0,0,0,0,0,0,1,0,7991951632,5831413187,1341369,5255039
50720,11,11,11041022,Rosenfelder Ring,2019,10,9,3,3,6,2,0,0,1,1,0,0,0,0,805621007,5827378086,1350446,5251065
50721,11,12,12103219,SchÑfersee,2019,9,9,3,3,1,7,0,0,1,1,0,0,1,0,7957376391,5832775984,1336406,5256449
50723,11,2,2050602,Samariterviertel,2019,5,22,4,3,3,6,2,0,1,0,1,0,0,0,8025223777,582769265,1345923,525152
50724,11,7,7040401,Neu-Tempelhof,2019,7,8,2,3,0,7,0,1,0,0,0,0,0,0,797820982,5822902835,1338587,5247485
50725,11,2,2050601,Hausburgviertel,2019,4,22,5,3,5,2,2,0,1,0,0,0,1,0,8016490525,5828882665,1344748,5252635
50726,11,7,7070703,John-Locke-Stra·e,2019,11,18,5,3,3,6,2,0,1,0,0,0,0,1,7998529028,5813577152,1340733,5239015
50727,11,7,7040405,Rathaus Tempelhof,2019,6,14,5,3,2,6,0,0,1,0,0,0,0,0,7978735393,5822329355,1338613,5246968
50728,11,4,4020311,Reichsstra·e,2019,9,12,3,3,0,3,0,1,1,0,0,0,0,0,7902547236,5826331522,1327777,5250967
50729,11,4,4030622,Richard-Wagner-Stra·e,2019,12,20,3,3,5,3,2,1,1,0,0,0,0,1,7922528762,5826682022,1330744,5251174
50730,11,10,10010204,Wuhletalstra·e,2019,7,8,1,2,9,1,0,0,1,0,0,0,0,0,8088871721,583336986,13558,5256251
50731,11,2,2020203,Viktoriapark,2019,10,4,5,3,8,1,2,0,1,0,0,0,0,0,7977561273,5824212571,1338609,5248663
50732,11,6,6010103,Markelstra·e,2019,7,23,1,3,0,7,2,0,1,0,0,0,0,0,7928881641,5821605395,1331231,5246589
50733,11,2,2020203,Viktoriapark,2019,9,15,6,3,2,6,0,0,1,0,0,0,0,1,7977570786,5824183643,1338607,5248637
50734,11,6,6030503,Zehlendorf Mitte,2019,4,18,5,3,0,1,0,0,0,0,1,0,0,0,7883141793,5817727135,1324182,5243355
50735,11,4,4041133,GÅterbahnhof Grunewald,2019,10,9,4,3,2,6,0,0,1,0,0,0,0,0,7905763811,5825143406,1328146,5249884
50736,11,4,4020311,Reichsstra·e,2019,9,12,3,3,0,3,0,1,1,0,0,0,0,0,7902539521,5826331389,1327776,5250966
50738,11,1,1044203,Leopoldplatz,2019,5,21,4,3,2,6,0,0,1,0,0,0,1,0,7959126741,583178572,1336575,5255552
50739,11,2,2050602,Samariterviertel,2019,7,19,1,3,5,2,0,0,1,0,0,0,0,0,8021803977,5827726857,1345423,525157
50740,11,2,2050601,Hausburgviertel,2019,4,10,5,3,6,4,0,1,0,1,0,0,0,0,8018485111,5828476069,1345004,525226
50741,11,1,1011105,Nîrdlicher Landwehrkanal,2019,11,16,7,2,0,3,1,1,0,0,0,0,1,0,79655424,5826609774,1337057,5250877
50742,11,9,9010102,Am Treptower Park Nord,2019,6,18,7,2,3,6,0,0,1,0,0,0,0,0,8037248217,5824774557,1347423,5248838
50743,11,12,12103117,Letteplatz,2019,12,11,4,3,3,6,0,0,1,0,1,0,0,0,795813558,5832426551,1336487,5256132
50744,11,5,5040936,JÑgerallee,2019,7,18,1,2,5,3,0,1,1,0,0,0,0,0,7801779311,5822275813,1312628,5247857
50745,11,2,2020202,Rathaus Yorckstra·e,2019,4,9,5,3,1,5,0,0,1,0,0,0,1,0,7975654461,5825536042,1338447,524986
50746,11,7,7050502,Fritz-Werner-Stra·e,2019,10,17,6,3,5,3,0,0,1,0,0,0,0,0,7974284492,5817758982,1337552,5242896
50747,11,1,1011104,Kîrnerstra·e,2019,9,15,2,3,0,7,0,1,0,0,0,0,0,1,7963233157,582608527,1336671,525042
50748,11,4,4020208,Kranzallee,2019,7,23,7,3,5,2,2,0,1,0,1,0,0,0,7889316399,5826124422,1325815,5250851
50749,11,9,9020601,Schnellerstra·e,2019,4,10,5,2,5,3,0,1,1,0,0,0,0,0,8066003741,5821135892,1351311,5245416
50750,11,3,3020209,Niederschînhausen,2019,10,8,4,3,2,7,1,1,1,0,0,0,0,1,7981959765,5835325318,1340252,52586
50751,11,10,10030726,Alt-Biesdorf,2019,6,7,5,2,5,2,0,1,1,0,0,0,0,0,8089482401,582744117,1355339,5250935
50752,11,1,1033203,Humboldthain Nordwest,2019,9,11,2,3,5,2,0,0,1,0,0,0,0,1,796187744,5830191845,1336838,5254108
50753,11,7,7070703,John-Locke-Stra·e,2019,12,14,5,3,1,5,0,0,1,0,0,0,1,1,7998592541,5813506061,1340736,5238951
50754,11,2,2050602,Samariterviertel,2019,5,10,4,3,2,6,0,0,1,0,1,0,0,0,8035183622,5827606266,1347378,5251387
50755,11,1,1044102,Schillerpark,2019,4,17,5,3,2,6,0,0,1,0,0,0,0,0,7958795741,5832054493,1336551,5255795
50756,11,1,1022202,Heidestra·e,2019,11,5,1,3,8,1,2,0,1,0,0,0,1,1,7959651762,5829433598,1336443,525344
50757,11,4,4030623,Ernst-Reuter-Platz,2019,5,11,4,3,5,7,0,1,1,0,0,0,0,0,7934825843,5826888823,1332569,5251293
50758,11,3,3040614,Pankow Zentrum,2019,11,18,5,3,5,2,2,1,1,0,0,0,0,1,7983672917,5833482288,1340338,5256939
50759,11,4,4030417,Schlo·stra·e,2019,7,22,7,2,0,1,2,1,0,0,0,0,0,0,7916990087,582658862,1329922,525112
50760,11,10,10010308,Marzahner Chaussee,2019,4,7,4,2,5,2,0,0,1,0,1,0,1,0,8080546151,5827457618,1354028,5251
50761,11,3,3020209,Niederschînhausen,2019,10,14,1,3,5,2,0,1,1,0,0,0,0,0,7981133353,5835761436,1340169,5258995
50762,11,4,4020314,MessegelÑnde,2019,9,23,2,3,9,1,2,0,1,0,0,0,0,1,7904781635,5825452627,1328029,5250167
50764,11,4,4020313,Kînigin-Elisabeth-Stra·e,2019,5,17,4,3,3,6,0,0,1,0,0,0,0,0,790304672,5826358429,1327853,5250988
50765,11,2,2040503,Richard-Sorge-Viertel,2019,7,10,7,3,3,6,0,1,1,0,0,0,0,0,80202383,5827761053,1345196,5251609
50766,11,5,5020524,Weinmeisterhornweg,2019,4,11,4,3,2,6,0,0,1,0,0,0,1,0,783701118,5826664788,1318175,525161
50767,11,2,2020202,Rathaus Yorckstra·e,2019,10,20,7,3,0,7,2,0,0,0,1,0,0,0,7978343426,5824980697,1338792,5249347
50768,11,7,7030303,Grazer Platz,2019,9,21,2,3,5,3,2,0,1,0,0,1,0,1,7960086585,5822735546,1335911,5247434
50769,11,3,3061126,Arnimplatz,2019,7,10,7,3,2,6,0,0,1,0,1,0,0,0,799196197,5831434082,1341373,5255057
50770,11,4,4020208,Kranzallee,2019,4,12,4,3,2,6,0,0,1,0,0,0,0,0,7880703675,5825985465,1324538,5250772
50771,11,1,1033203,Humboldthain Nordwest,2019,10,6,4,3,2,6,2,0,1,0,0,0,1,1,7962363585,5829969632,1336889,5253906
50772,11,1,1033203,Humboldthain Nordwest,2019,6,8,6,3,5,2,0,1,1,0,0,0,0,0,7963182849,5830074317,1337019,5253996
50773,11,4,4020313,Kînigin-Elisabeth-Stra·e,2019,9,19,2,3,5,3,2,0,1,0,0,1,0,1,7907442734,5826506209,1328512,5251097
50774,11,3,3020209,Niederschînhausen,2019,12,7,7,3,4,6,0,0,1,0,0,0,0,0,798141409,5835428657,1340181,5258696
50775,11,3,3040818,Pankow SÅd,2019,5,13,4,3,5,2,0,0,1,0,0,0,1,0,7991228826,5832333516,1341346,5255867
50776,11,7,7040405,Rathaus Tempelhof,2019,4,13,4,3,3,6,0,0,1,0,0,1,0,0,7993251052,582156299,1340675,5246202
50777,11,12,12224230,Heiligensee,2019,11,14,1,3,2,6,0,0,1,0,0,0,0,0,7875496002,5837851569,1324801,5261438
50778,11,7,7040405,Rathaus Tempelhof,2019,5,15,4,2,9,1,0,0,0,0,1,0,0,0,799594566,5821357214,1341052,5246003
50779,11,7,7040403,Manteuffelstra·e,2019,11,13,7,2,0,1,0,0,0,0,1,0,0,1,7976911569,5822311706,1338343,5246963
50780,11,9,9020601,Schnellerstra·e,2019,7,0,7,2,5,3,2,1,0,0,1,0,0,0,8066054902,5821130875,1351318,5245411
50781,11,12,12103219,SchÑfersee,2019,4,14,4,3,0,2,0,1,0,0,0,0,1,0,7957667536,5832692731,1336442,5256373
50782,11,4,4030417,Schlo·stra·e,2019,10,13,2,3,2,6,0,1,1,0,0,0,0,0,791378094,5826534643,1329446,5251089
50783,11,4,4020311,Reichsstra·e,2019,9,15,2,3,4,1,0,0,1,0,0,0,0,1,789057543,5826144105,1326002,5250862
50785,11,7,7050502,Fritz-Werner-Stra·e,2019,5,7,4,3,5,3,0,1,0,0,0,0,0,0,7985907036,5817920223,1339271,5242977
50786,11,1,1011303,Alexanderplatzviertel,2019,7,23,6,2,0,7,2,0,0,0,1,0,1,0,7986784684,5827875934,1340291,5251896
50787,11,1,1011105,Nîrdlicher Landwehrkanal,2019,4,15,4,3,2,6,0,0,1,0,0,0,1,0,7966957199,5826198656,1337228,5250501
50788,11,3,3020209,Niederschînhausen,2019,6,14,2,2,0,3,0,0,0,0,1,1,0,0,7979570005,5834563755,1339831,525793
50789,11,2,2010101,Askanischer Platz,2019,9,9,2,3,2,6,0,0,1,0,0,0,0,1,797886552,5825489672,1338914,5249801
50790,11,1,1011204,Leipziger Stra·e,2019,12,19,2,3,5,3,2,1,1,0,0,0,0,1,7988315822,5827234522,1340459,5251313
50791,11,2,2050602,Samariterviertel,2019,5,9,4,3,5,2,0,1,0,0,0,0,1,0,8021785289,5827741531,1345422,5251583
50792,11,7,7040401,Neu-Tempelhof,2019,7,12,6,3,1,5,0,0,1,0,0,0,1,0,797815411,5823023164,1338589,5247594
50793,11,4,4030622,Richard-Wagner-Stra·e,2019,4,17,3,3,3,6,0,0,1,0,1,0,0,0,7925733053,5826713954,1331217,5251186
50794,11,6,6030605,Botanischer Garten,2019,11,14,3,3,2,6,0,0,1,0,0,0,0,1,7923748156,5819694561,133031,5244903
50795,11,1,1033203,Humboldthain Nordwest,2019,11,13,6,2,5,3,0,0,1,0,0,0,0,0,796343923,5830077937,1337057,5253997
50796,11,4,4030417,Schlo·stra·e,2019,7,12,6,3,2,6,0,0,1,0,0,0,0,0,7918310613,5826589522,1330116,5251114
50797,11,4,7030301,Friedenau,2019,4,21,3,3,2,6,2,0,1,0,0,0,0,0,7944986583,5823072204,1333724,5247817
50798,11,6,6010101,Fichtenberg,2019,10,15,2,3,5,7,0,0,1,0,0,0,0,0,793108744,5820189965,1331431,5245308
50799,11,9,9010101,Elsenstra·e,2019,9,8,2,3,3,6,0,0,1,0,0,0,1,1,8027763895,5825334796,1346081,5249393
50801,11,4,4020208,Kranzallee,2019,5,7,4,2,5,7,0,0,1,0,1,0,0,0,7869586726,5825809561,1322889,5250673
50802,11,4,4020208,Kranzallee,2019,7,18,6,3,2,6,0,0,1,0,0,0,0,0,7867830131,5825842369,1322634,5250712
50803,11,11,11030721,RÅdigerstra·e,2019,4,20,3,3,1,5,2,0,1,0,1,0,0,0,8040152677,5827555826,1348103,5251314
50804,11,2,2040502,Friedenstra·e,2019,11,21,4,3,3,6,2,0,1,0,0,0,1,0,8011275477,5827835843,1343886,5251726
50805,11,4,4020311,Reichsstra·e,2019,6,13,4,3,5,2,0,0,1,0,0,0,0,0,7902573477,5826350577,1327783,5250984
50806,11,7,7050502,Fritz-Werner-Stra·e,2019,9,14,2,3,2,6,0,0,1,0,1,0,0,1,798224539,581877469,1338811,5243763
50807,11,4,4041239,Stadion Wilmersdorf,2019,12,17,2,3,2,6,2,0,1,0,0,0,0,1,7921282643,5823765982,1330305,5248567
50808,11,1,1011303,Alexanderplatzviertel,2019,7,20,6,3,0,1,1,0,0,0,0,0,1,0,7993220871,5827972354,1341246,5251947
50809,11,9,9010302,SpÑthsfelde,2019,10,18,4,3,2,6,2,0,1,0,0,0,0,0,8037385056,58201952,1347026,5244733
50810,11,2,2050602,Samariterviertel,2019,9,0,1,3,9,1,2,0,1,0,0,0,0,0,8020543155,5828002373,1345263,5251824
50811,11,4,4010101,Jungfernheide,2019,7,9,6,3,2,6,0,0,1,0,0,0,0,0,7906113276,5828778001,1328515,5253141
50812,11,3,3050920,Wei·er See,2019,4,19,3,3,5,3,0,0,1,0,0,0,0,0,8028077368,5832172436,134675,5255519
50813,11,5,5020524,Weinmeisterhornweg,2019,10,11,3,3,2,6,0,0,1,0,0,0,0,1,7834976986,5826692429,1317879,5251646
50814,11,7,7050506,Birnhornweg,2019,9,4,1,3,1,1,0,0,1,0,0,0,0,0,7987553482,5817463518,1339472,5242559
50816,11,4,4010103,Paul-Hertz-Siedlung,2019,5,8,4,3,8,1,0,0,0,0,1,0,0,0,7915551596,5829121317,1329932,5253398
50817,11,2,2040503,Richard-Sorge-Viertel,2019,7,2,6,3,3,6,2,0,0,0,0,0,1,0,8018777814,5827775571,1344983,525163
50818,11,4,4030622,Richard-Wagner-Stra·e,2019,4,18,3,3,5,3,0,1,1,0,0,0,0,0,7927582877,582676669,1331494,5251223
50819,11,1,1011303,Alexanderplatzviertel,2019,11,4,7,3,0,3,2,0,0,0,0,0,1,1,7991902375,5828394367,134109,5252333
50820,11,1,1033203,Humboldthain Nordwest,2019,5,9,3,3,5,2,0,1,1,0,0,0,0,0,796184661,5830195038,1336834,5254111
50821,11,2,2050602,Samariterviertel,2019,12,7,3,3,5,2,1,1,1,0,0,0,0,0,8025902623,5827701719,1346023,5251524
50822,11,10,10010204,Wuhletalstra·e,2019,7,11,5,3,5,3,0,0,1,0,0,0,1,0,808903356,5833412582,1355828,5256289
50823,11,9,9010101,Elsenstra·e,2019,4,17,3,3,4,7,0,1,1,0,0,0,0,0,8028192752,5825432068,1346153,5249477
50824,11,2,2050602,Samariterviertel,2019,10,11,6,3,5,2,0,1,0,0,0,0,1,0,8021441501,5827755655,1345373,5251598
50825,11,2,2050602,Samariterviertel,2019,9,20,7,2,6,4,2,0,1,1,0,0,0,0,8025674021,5827688131,1345988,5251514
50826,11,4,4010102,Plîtzensee,2019,7,23,5,2,3,1,2,0,1,0,0,0,0,0,7922336238,58293526,133095,5253569
50827,11,3,3040513,Schînholz,2019,4,7,3,3,5,2,0,1,1,0,0,0,0,0,7980011958,5833659639,1339815,5257118
50828,11,1,1011303,Alexanderplatzviertel,2019,10,9,3,3,5,2,0,1,1,0,0,0,0,1,799595725,5828279342,1341676,5252208
50829,11,4,4020313,Kînigin-Elisabeth-Stra·e,2019,6,18,4,3,2,6,0,0,1,0,0,0,0,0,7906206013,5827200323,1328391,5251726
50830,11,7,7020202,Volkspark (Rudolf-Wilde-Park),2019,9,12,7,3,3,6,0,0,1,0,0,0,0,0,7947234767,5823149647,1334061,5247875
50831,11,1,1044201,Reinickendorfer Stra·e,2019,12,16,2,3,6,2,2,0,1,1,0,0,0,0,7960424921,5831349744,1336727,5255154
50832,11,1,1033203,Humboldthain Nordwest,2019,5,8,3,3,5,2,0,1,0,0,0,1,0,0,796184661,5830195038,1336834,5254111
50833,11,2,2040701,Andreasviertel,2019,4,17,3,2,6,4,0,1,0,1,0,0,0,0,8009612254,5827853204,1343644,525175
50834,11,6,6030503,Zehlendorf Mitte,2019,11,10,7,3,0,2,0,1,1,0,0,0,0,1,7910216546,5818794891,1328246,5244169
50835,11,1,1011303,Alexanderplatzviertel,2019,5,8,3,3,2,2,0,1,0,0,0,0,1,0,799571012,5828269929,1341638,52522
50836,11,7,7040403,Manteuffelstra·e,2019,11,17,4,3,2,6,2,0,1,0,0,0,0,1,7973787454,5822327423,1337886,5246994
50837,11,3,3061435,Conrad-Blenkle-Stra·e,2019,7,16,5,3,3,6,0,1,1,0,0,0,0,0,8015843731,5829015065,1344665,5252757
50838,11,7,7030303,Grazer Platz,2019,4,17,3,3,5,2,0,0,1,0,1,0,0,0,7956400762,5823234294,1335415,5247901
50839,11,12,12301205,Waidmannslust,2019,10,9,6,3,5,3,0,0,1,0,1,0,0,0,7923767482,5837733564,13319,5261075
50840,11,7,7010104,Dennewitzplatz,2019,9,12,7,3,5,3,0,0,1,0,1,0,0,0,7960072839,5824868098,1336099,5249346
50842,11,1,1044203,Leopoldplatz,2019,5,17,3,3,6,4,0,1,1,1,0,0,0,0,7959443302,5831686674,1336613,5255461
50843,11,3,3040614,Pankow Zentrum,2019,7,13,5,3,2,6,0,0,1,0,0,0,0,0,7983905097,5833450388,1340369,5256909
50844,11,7,7050501,Rathausstra·e,2019,4,12,2,3,5,2,0,0,1,0,0,0,0,0,7978696447,5820429477,1338438,5245266
50845,11,5,5040935,Gro·-Glienicker Weg,2019,6,12,7,3,4,6,0,1,0,0,0,0,0,0,7811477721,5823608577,1314164,5249002
50846,11,2,2020203,Viktoriapark,2019,9,11,7,3,2,6,0,0,1,0,0,0,0,0,7977611633,582467024,1338657,5249073
50847,11,7,7040403,Manteuffelstra·e,2019,12,3,1,3,5,3,2,0,1,0,0,0,0,1,7978327128,5822294185,133855,5246939
50848,11,3,3061332,Helmholtzplatz,2019,5,11,3,2,0,2,0,0,1,0,1,0,0,0,7999823608,5830224387,1342419,525393
50849,11,7,7020202,Volkspark (Rudolf-Wilde-Park),2019,7,8,5,3,2,2,0,1,1,0,0,0,0,0,7952304544,5823534838,133484,5248193
50850,11,12,12103219,SchÑfersee,2019,11,0,1,2,1,1,2,0,1,0,0,0,0,1,7957064796,5832855902,1336368,5256522
50851,11,2,2050602,Samariterviertel,2019,7,6,5,3,5,2,0,0,1,0,0,0,0,0,8021470322,5827743728,1345376,5251587
50852,11,12,12103219,SchÑfersee,2019,4,22,2,3,0,3,2,0,1,0,1,0,0,0,7957126231,583284006,1336375,5256508
50853,11,7,7050502,Fritz-Werner-Stra·e,2019,10,13,7,3,5,3,0,1,1,0,0,0,0,0,79815395,5819054333,1338732,5244017
50854,11,4,4030417,Schlo·stra·e,2019,9,20,6,3,0,1,2,1,1,0,0,0,0,0,7908606487,582643128,1328676,5251024
50856,11,7,7060604,Marienfelde SÅd,2019,5,10,2,2,0,7,0,1,0,0,0,0,0,0,7964238577,5815399872,133587,5240836
50857,11,12,12103115,Breitkopfbecken,2019,7,17,4,3,1,5,0,1,1,0,0,0,0,0,7954135367,5833583149,1336001,525719
50858,11,1,1011303,Alexanderplatzviertel,2019,4,18,2,3,0,5,0,1,0,0,0,0,1,0,7989026546,5828084716,134064,5252071
50859,11,5,5020629,Bîrnicker Stra·e,2019,11,17,3,1,6,4,1,0,1,1,0,0,1,1,7853750764,5826217721,1320597,5251122
50860,11,1,1011303,Alexanderplatzviertel,2019,6,11,3,3,5,2,0,1,1,0,0,0,0,0,7997618956,5828627234,1341951,525251
50861,11,6,6040703,Nikolassee,2019,9,6,6,3,3,6,0,0,1,0,0,0,0,0,7859365173,5819063562,1320809,5244678
50862,11,4,4020310,Park Ruhwald,2019,12,18,6,2,2,6,2,0,1,0,0,0,0,1,790481002,5828459686,1328296,5252862
50863,11,2,2050601,Hausburgviertel,2019,7,15,4,3,0,1,0,1,0,0,0,0,0,0,8020303993,5828104722,1345237,5251917
50864,11,9,9020601,Schnellerstra·e,2019,10,13,3,3,2,6,0,0,1,0,0,0,0,0,8066359127,5821121058,1351361,5245401
50865,11,4,4020314,MessegelÑnde,2019,9,13,6,3,3,6,0,0,1,0,0,0,1,0,7904633745,5825454988,1328007,525017
50866,11,12,12214125,Waldidyll/Flughafensee,2019,6,15,7,3,2,6,0,0,1,0,0,0,0,0,7920331386,5831711134,1330863,5255694
50867,11,12,4010101,Jungfernheide,2019,9,13,6,3,0,6,0,0,0,0,0,0,1,0,791557862,5830732139,1330078,5254842
50868,11,12,12103219,SchÑfersee,2019,12,13,2,3,3,6,0,0,1,0,0,1,0,0,7957492545,5832703992,1336417,5256384
50869,11,2,2020203,Viktoriapark,2019,5,9,2,3,3,6,0,1,1,0,0,0,0,0,79775856,5824138596,1338606,5248596
50870,11,3,3020307,Buchholz,2019,7,19,4,2,2,7,0,0,1,0,0,0,0,0,8012200704,5837679906,1344916,5260544
50871,11,5,5020524,Weinmeisterhornweg,2019,4,15,2,3,0,7,0,0,1,0,0,0,1,0,7833194461,5826476398,1317598,5251461
50872,11,7,7050502,Fritz-Werner-Stra·e,2019,11,12,2,3,0,6,0,0,1,0,1,0,0,1,798192196,5818900192,1338774,5243877
50873,11,7,7050501,Rathausstra·e,2019,7,7,4,3,2,6,0,0,1,0,0,0,1,0,7980843215,5819322401,1338654,5244262
50874,11,4,4030417,Schlo·stra·e,2019,4,8,2,3,5,2,0,1,1,0,0,0,0,0,7911736869,5826482474,1329141,5251053
50875,11,7,7040403,Manteuffelstra·e,2019,10,17,1,3,0,7,0,1,1,0,0,0,0,0,7978718593,5821606167,1338546,524632
50876,11,12,12103115,Breitkopfbecken,2019,9,12,6,3,6,7,0,0,0,1,0,1,0,0,7954931487,583337201,13361,5256997
50878,11,4,4030623,Ernst-Reuter-Platz,2019,5,15,1,3,6,4,0,1,0,1,0,0,0,0,7927667518,5826768126,1331506,5251224
50879,11,4,4051551,Brabanter Platz,2019,7,15,4,3,2,6,0,0,1,0,0,1,0,0,7931995736,5823013942,1331812,5247835
50880,11,2,2050602,Samariterviertel,2019,4,8,2,3,5,3,0,1,1,0,0,0,0,0,8033086414,5827628703,1347072,5251419
50881,11,3,3020209,Niederschînhausen,2019,11,22,3,3,0,3,2,1,1,0,0,0,0,1,7981656982,5836121947,1340279,5259316
50882,11,3,3061131,Falkplatz,2019,6,7,4,2,5,3,0,1,0,0,0,0,0,0,7991627604,5830629884,1341251,5254338
50883,11,4,4041133,GÅterbahnhof Grunewald,2019,9,12,6,3,2,6,0,0,1,0,0,0,0,0,7905614154,5825168888,1328126,5249908
50884,11,2,2050802,Boxhagener Platz,2019,12,13,7,3,1,5,0,1,1,0,0,0,1,0,8020414204,5827052417,1345158,5250973
50885,11,9,9010201,Am Treptower Park SÅd,2019,7,16,4,3,5,2,0,0,1,0,0,0,0,0,8031175809,5824546014,1346511,5248667
50886,11,12,12103115,Breitkopfbecken,2019,10,9,4,3,3,6,0,0,1,0,0,0,0,0,7954387631,5833516538,1336033,5257129
50887,11,7,7060601,Marienfelder Allee Nordwest,2019,9,15,6,3,8,7,0,0,1,0,0,0,0,0,7966040224,5816011462,1336189,5241374
50888,11,7,7040401,Neu-Tempelhof,2019,7,14,4,3,3,6,0,0,1,0,1,0,1,0,7977800198,5823444981,1338575,5247974
50889,11,12,12302212,Rollbergesiedlung,2019,4,0,1,3,5,2,2,1,1,0,0,0,0,0,7927284084,5837423794,133239,5260778
50890,11,4,4030417,Schlo·stra·e,2019,10,0,3,3,5,2,2,0,1,0,0,0,0,0,791027762,5826458485,1328924,5251039
50891,11,4,4020314,MessegelÑnde,2019,6,13,2,3,2,6,0,0,1,0,0,1,0,0,7905395092,5825848345,1328153,5250518
50892,11,11,11030721,RÅdigerstra·e,2019,9,20,5,3,5,2,2,1,1,0,0,0,0,0,804870077,5827449155,1349349,5251171
50894,11,10,10010204,Wuhletalstra·e,2019,5,2,1,3,6,4,2,0,0,1,0,0,1,0,8087040049,5832916884,1355489,5255856
50895,11,10,10030726,Alt-Biesdorf,2019,7,19,4,3,2,6,0,0,1,0,0,0,0,0,8094747248,5827395029,1356108,5250863
50896,11,4,4041239,Stadion Wilmersdorf,2019,4,13,7,3,2,6,0,0,1,0,0,0,0,0,7923274094,5823539619,1330578,5248353
50897,11,5,5040936,JÑgerallee,2019,11,7,5,2,4,6,1,1,0,0,0,0,0,0,7803470074,5822457689,1312891,5248011
50898,11,4,4010101,Jungfernheide,2019,5,17,1,3,2,6,0,0,1,0,0,0,0,0,7912797996,5829931119,1329599,5254139
50899,11,4,4030417,Schlo·stra·e,2019,12,16,3,3,5,2,2,1,1,0,0,0,0,1,7910319133,5826459167,132893,525104
50900,11,2,2040503,Richard-Sorge-Viertel,2019,7,20,3,3,2,6,0,0,1,0,0,0,1,0,8019566836,5827767694,1345098,5251619
50901,11,4,4030417,Schlo·stra·e,2019,4,1,7,3,5,3,2,0,1,0,0,0,0,0,791859781,5826594454,1330159,5251117
50902,11,2,2050602,Samariterviertel,2019,10,8,5,2,0,2,0,1,1,0,0,0,0,1,8025892812,5827701822,1346022,5251525
50903,11,3,3061126,Arnimplatz,2019,9,6,5,3,5,2,1,1,0,0,0,1,0,0,7991971656,5831456209,1341376,5255077
50905,11,3,3061332,Helmholtzplatz,2019,7,18,3,3,1,5,0,1,1,0,0,0,1,0,7992448305,5830348479,1341346,5254081
50906,11,2,2050602,Samariterviertel,2019,4,0,7,3,6,4,2,0,1,1,0,0,0,0,802586285,5827702138,1346017,5251525
50907,11,4,4041342,Schlangenbader Stra·e,2019,9,17,2,3,8,1,0,0,1,0,0,0,0,1,7924674451,582271122,1330711,5247603
50908,11,2,2040503,Richard-Sorge-Viertel,2019,6,5,4,3,2,6,0,0,1,0,0,0,0,0,8015548479,5827808342,1344512,5251677
50909,11,4,4030417,Schlo·stra·e,2019,9,11,5,3,5,2,0,1,1,0,0,0,0,0,7910259514,5826476846,1328923,5251056
50910,11,1,1011304,Karl-Marx-Allee,2019,12,17,6,3,2,6,2,1,0,0,0,0,0,0,8001612148,5828007345,1342482,5251933
50911,11,4,4020313,Kînigin-Elisabeth-Stra·e,2019,5,0,1,3,0,1,2,1,0,0,0,0,0,0,7904871164,5826370173,1328122,5250989
50912,11,12,12103218,Teichstra·e,2019,7,16,3,3,5,3,0,1,1,0,0,0,0,0,7944051736,5834451556,1334595,5258023
50913,11,2,2050602,Samariterviertel,2019,4,11,7,2,5,3,0,0,1,0,0,0,1,0,8021799971,5827734048,1345423,5251576
50914,11,2,2050602,Samariterviertel,2019,11,9,6,3,6,7,0,1,0,1,0,0,0,0,8029716255,5827662934,134658,5251469
50915,11,1,1011105,Nîrdlicher Landwehrkanal,2019,9,6,5,3,5,2,0,1,1,0,0,0,0,1,7965520495,5826607731,1337054,5250875
50916,11,3,3061332,Helmholtzplatz,2019,11,16,3,3,2,2,2,0,1,0,0,0,0,0,7999945511,583022096,1342437,5253926
50917,11,12,12301203,Wittenau SÅd,2019,7,14,3,3,5,3,0,0,1,0,0,0,0,0,7940978371,5835017603,1334193,5258547
50918,11,3,3040818,Pankow SÅd,2019,4,15,6,3,5,2,0,0,1,0,0,0,1,0,7991446965,5832234253,1341369,5255777
50919,11,1,1011102,Gro·er Tiergarten,2019,10,17,5,3,6,4,0,1,0,1,0,0,0,0,7960206913,5827317977,1336336,5251541
50920,11,9,9010102,Am Treptower Park Nord,2019,9,16,4,3,6,7,0,0,0,1,0,0,1,0,8027004524,5825200286,1345958,5249276
50922,11,1,1044102,Schillerpark,2019,5,11,7,3,5,3,0,0,1,0,1,0,0,0,7958789912,5832057624,133655,5255797
50923,11,12,12103219,SchÑfersee,2019,7,14,3,3,6,4,0,1,0,1,0,0,0,0,7956071064,5833078747,1336241,5256727
50924,11,10,10010309,Springpfuhl,2019,4,9,6,3,1,6,0,0,1,0,0,0,1,0,8076584255,5830125927,1353693,5253414
50925,11,12,12301203,Wittenau SÅd,2019,6,11,6,3,2,6,0,0,1,0,0,0,1,0,7940047104,583518784,1334071,5258705
50926,11,7,7040405,Rathaus Tempelhof,2019,9,10,4,3,2,6,0,0,1,0,0,0,0,0,7985326026,5822076619,1339558,5246706
50927,11,6,6040701,Wannsee,2019,12,17,6,3,0,2,2,1,1,0,0,0,0,0,7833808229,5815986783,1316797,5242053