OBJECTID,LAND,BEZ,LOR,STRASSE,UJAHR,UMONAT,USTUNDE,UWOCHENTAG,UKATEGORIE,UART,UTYP1,ULICHTVERH,IstRad,IstPKW,IstFuss,IstKrad,IstGkfz,IstSonstige,USTRZUSTAND,LINREFX,LINREFY,XGCSWGS84,YGCSWGS84
50928,11,3,3040818,Pankow SÅd,2019,5,11,7,3,6,6,0,1,0,1,0,0,0,0,7991054928,5832323698,1341319,525586
50929,11,3,3050925,Komponistenviertel Wei·ensee,2019,7,12,3,3,3,6,0,1,1,0,0,0,0,0,8020263459,5831470094,1345537,5254933
50930,11,12,12103218,Teichstra·e,2019,11,0,7,3,3,2,2,0,1,0,0,0,0,1,7945730263,5833797856,1334784,5257428
50931,11,1,1011202,Unter den Linden Nord,2019,7,7,3,2,6,4,0,0,0,1,0,1,0,0,7982994167,5827699107,1339719,5251758
50932,11,9,9010202,Kîpenicker Landstra·e,2019,4,12,6,3,2,2,0,0,1,0,0,0,0,0,804106561,582436679,1347946,5248451
50933,11,3,3010104,Lietzengraben,2019,10,7,6,3,0,7,0,0,1,0,0,0,1,0,799610712,5840103442,1342766,5262805
50934,11,2,2050602,Samariterviertel,2019,9,9,4,3,1,5,0,0,1,0,1,0,0,0,8029529476,5827648731,1346551,5251457
50936,11,1,1044203,Leopoldplatz,2019,5,3,7,3,2,6,2,1,1,0,0,0,0,0,7959360764,5831656853,1336598,5255435
50937,11,9,9020601,Schnellerstra·e,2019,7,10,3,3,0,1,0,1,0,0,0,0,0,0,8053896535,5822331019,1349644,5246555
50938,11,3,3071639,Bîtzowstra·e,2019,4,23,6,3,1,5,2,1,1,0,0,0,1,0,8001915136,5829229626,1342637,5253027
50939,11,3,3061332,Helmholtzplatz,2019,11,14,2,3,1,5,0,1,1,0,0,0,0,1,799476782,5830320663,1341685,5254044
50940,11,12,12304314,Ziekowstra·e/Freie Scholle,2019,6,6,3,3,2,6,0,0,1,0,0,0,0,0,7902652677,5835720574,1328614,5259383
50941,11,12,12103219,SchÑfersee,2019,9,14,4,3,5,2,0,1,1,0,0,0,0,1,7957415325,5832766011,1336411,525644
50942,11,3,3071639,Bîtzowstra·e,2019,12,15,6,3,1,5,1,1,1,0,0,0,1,1,8002431284,582931209,134272,5253098
50943,11,1,1044102,Schillerpark,2019,7,16,3,3,0,4,0,1,0,1,0,0,0,0,7958805776,5832049104,1336552,525579
50944,11,3,3040818,Pankow SÅd,2019,4,16,6,3,5,3,0,1,1,0,0,0,0,0,8000818883,5832712619,134279,5256154
50945,11,1,1011204,Leipziger Stra·e,2019,10,11,2,3,3,6,0,0,1,0,1,0,0,0,7977710665,582685217,1338867,5251028
50946,11,6,6010209,Feuerbachstra·e,2019,9,14,3,2,0,1,0,0,0,0,1,0,0,0,7942838942,582147934,1333269,5246401
50947,11,4,4020310,Park Ruhwald,2019,7,10,3,3,2,6,0,0,1,0,0,0,0,0,7904690215,5828470112,1328279,5252872
50948,11,3,3050923,Wei·enseer Spitze,2019,4,7,6,3,2,6,0,0,1,0,0,0,0,0,8002544103,5831890385,134297,5255408
50949,11,1,1044102,Schillerpark,2019,10,20,7,3,5,3,2,1,0,0,0,0,1,0,7958771449,5832069085,1336548,5255808
50950,11,2,2050602,Samariterviertel,2019,6,7,7,3,5,2,0,0,1,0,0,0,0,0,802580986,5827686767,1346008,5251512
50951,11,6,6040701,Wannsee,2019,9,17,3,3,5,2,0,1,1,0,0,0,0,0,7840109845,5815896449,1317714,5241939
50953,11,2,2020202,Rathaus Yorckstra·e,2019,5,14,7,2,6,4,0,0,1,1,0,0,0,0,7978483604,582502028,1338816,5249382
50954,11,10,10010204,Wuhletalstra·e,2019,4,9,5,2,5,3,0,0,1,0,0,0,1,0,8088967093,583339648,1355817,5256274
50955,11,9,9010102,Am Treptower Park Nord,2019,11,16,3,2,4,6,1,1,0,0,0,0,0,0,8027441203,5825182787,134602,5249258
50956,11,3,3061126,Arnimplatz,2019,5,23,6,3,5,3,2,1,1,0,0,0,0,0,7992183272,5832063732,1341462,525562
50957,11,7,7020203,Kaiser-Wilhelm-Platz,2019,12,3,1,3,3,6,2,0,1,0,0,0,0,0,7954271164,5823727647,1335146,5248355
50958,11,3,3020209,Niederschînhausen,2019,7,8,3,3,2,6,0,0,1,0,0,1,0,0,7979875594,5834232537,1339847,5257632
50959,11,7,7030303,Grazer Platz,2019,4,8,5,3,2,6,0,0,1,0,0,0,0,0,7958825403,582266693,133572,5247379
50960,11,7,7020203,Kaiser-Wilhelm-Platz,2019,10,17,3,2,1,5,1,1,1,0,0,0,0,0,795777942,5824124054,1335696,5248691
50961,11,12,12214125,Waldidyll/Flughafensee,2019,9,17,3,3,9,1,0,0,1,0,0,0,0,0,7917257868,5831080545,1330355,5255145
50963,11,3,3061332,Helmholtzplatz,2019,7,8,3,3,1,5,0,1,1,0,0,0,0,0,799410266,5830311447,1341586,5254039
50964,11,12,12103218,Teichstra·e,2019,4,17,5,2,6,2,0,0,1,1,0,0,0,0,7945721608,5833819002,1334784,5257447
50965,11,7,7030303,Grazer Platz,2019,9,14,7,3,2,6,0,0,1,0,0,0,0,0,7957799387,5822653883,1335568,5247373
50966,11,7,7040405,Rathaus Tempelhof,2019,6,7,3,2,0,1,0,0,0,0,1,0,0,0,7985070583,5822075571,133952,5246706
50967,11,3,3020209,Niederschînhausen,2019,9,9,3,3,5,2,0,1,0,0,1,0,0,0,7979647404,5834379815,1339826,5257765
50968,11,7,7040402,Lindenhofsiedlung,2019,12,15,4,3,2,6,1,0,0,0,1,0,1,0,7965270164,5822534852,1336655,5247226
50969,11,2,2040503,Richard-Sorge-Viertel,2019,5,19,6,2,6,4,0,0,1,1,0,0,0,0,8017200235,5827775407,1344751,5251639
50970,11,2,2050602,Samariterviertel,2019,7,8,3,3,2,6,0,0,1,0,0,0,0,0,8024028225,5827721977,134575,5251553
50971,11,2,2050602,Samariterviertel,2019,7,19,3,3,3,6,0,0,1,0,0,0,0,0,8022408521,5827722524,1345512,5251562
50972,11,7,7050502,Fritz-Werner-Stra·e,2019,4,17,5,3,6,4,0,0,1,1,0,0,0,0,7974884024,5818027404,1337664,5243133
50973,11,4,4041137,Flinsberger Platz,2019,10,16,1,3,0,1,0,0,1,0,0,0,0,0,7916063029,582431524,1329587,5249087
50974,11,3,3040513,Schînholz,2019,6,17,1,3,1,5,0,1,1,0,0,0,0,0,7980366879,5833871054,1339886,5257305
50975,11,2,2050802,Boxhagener Platz,2019,9,9,3,3,5,2,0,1,1,0,0,0,0,0,8020872624,582726867,1345245,5251164
50977,11,12,12214527,Alt-Tegel,2019,5,11,6,3,2,6,0,0,1,0,0,0,0,0,790734878,5834804238,1329224,5258537
50978,11,1,1011104,Kîrnerstra·e,2019,4,10,4,3,3,6,0,0,1,0,0,0,0,0,7961585013,5825729913,1336398,525011
50979,11,4,4020314,MessegelÑnde,2019,11,18,4,3,2,6,2,0,1,0,0,0,0,0,7905388206,5825782939,1328147,525046
50980,11,3,3020209,Niederschînhausen,2019,5,7,6,2,6,4,0,0,1,1,0,0,0,0,7981217316,5835643263,1340171,5258889
50981,11,11,11030721,RÅdigerstra·e,2019,12,18,2,2,6,4,2,0,1,1,0,0,0,1,8042353995,5827533243,1348425,5251282
50982,11,12,12103219,SchÑfersee,2019,7,16,2,3,5,2,0,1,1,0,0,0,0,1,7957661555,5832696099,1336441,5256376
50983,11,1,1022202,Heidestra·e,2019,4,13,4,3,3,6,0,0,0,0,1,0,1,0,7962571944,5829008332,1336834,5253043
50984,11,12,12103218,Teichstra·e,2019,10,9,4,3,0,2,0,0,0,0,1,1,0,0,7944828079,583430975,1334697,5257892
50985,11,2,2020202,Rathaus Yorckstra·e,2019,9,16,3,3,1,5,0,0,1,0,0,0,1,0,7978538265,5825034428,1338825,5249394
50987,11,3,3020307,Buchholz,2019,7,16,2,3,2,7,0,0,0,0,1,1,0,1,799838101,5839521122,1343048,526227
50988,11,12,12301205,Waidmannslust,2019,4,11,4,3,0,6,0,1,0,1,0,0,0,0,792202123,5837875658,1331655,5261211
50989,11,4,4020208,Kranzallee,2019,9,6,1,2,0,1,1,1,0,0,0,0,0,1,7886022287,5826071415,1325327,5250821
50990,11,3,3061429,Greifswalder Stra·e,2019,6,7,3,2,5,2,0,1,1,0,0,0,0,0,8013230873,583098075,1344459,5254534
50991,11,7,7040401,Neu-Tempelhof,2019,9,10,2,3,6,7,0,0,0,1,1,0,0,0,7978027459,582295691,1338565,5247535
50992,11,1,1011201,Wilhelmstra·e,2019,12,8,6,3,3,6,0,0,1,0,0,0,1,0,7976069071,5826825796,1338623,5251014
50993,11,10,10030726,Alt-Biesdorf,2019,5,8,6,2,2,6,0,0,1,0,0,0,0,0,808656095,5827443155,135491,5250953
50994,11,2,2020202,Rathaus Yorckstra·e,2019,7,14,2,3,6,4,0,1,0,1,0,0,0,0,7978316495,5824972554,1338787,524934
50995,11,3,3061126,Arnimplatz,2019,4,10,4,3,5,3,0,1,1,0,0,0,0,0,7992370637,5831941674,1341478,525551
50996,11,4,4041134,Bismarckallee,2019,11,21,5,3,5,3,2,0,1,0,0,0,0,1,7912397434,5824612921,1329074,5249373
50997,11,4,4020313,Kînigin-Elisabeth-Stra·e,2019,9,20,2,3,5,2,2,0,1,0,1,0,0,0,7906529678,5826416509,132837,5251022
50998,11,7,7040403,Manteuffelstra·e,2019,11,16,2,3,2,6,2,0,1,0,0,0,0,0,7972368087,5822344164,1337679,5247016
50999,11,7,7050502,Fritz-Werner-Stra·e,2019,7,19,2,3,2,6,0,0,1,0,0,1,0,0,79768997,5818746418,1338024,5243767
51000,11,1,1011303,Alexanderplatzviertel,2019,4,14,4,3,0,4,0,0,0,1,0,0,1,0,7991992594,5828376163,1341102,5252316
51001,11,3,3050923,Wei·enseer Spitze,2019,10,16,4,3,2,6,0,0,1,0,0,0,0,1,8002662406,5831893351,1342987,525541
51002,11,2,2020202,Rathaus Yorckstra·e,2019,9,19,2,3,3,6,1,0,1,0,1,0,0,0,7979070808,5825155662,1338915,52495
51004,11,7,7060601,Marienfelder Allee Nordwest,2019,5,13,6,2,0,3,0,0,1,0,0,0,1,0,7966125477,5816012405,1336201,5241374
51005,11,11,11030721,RÅdigerstra·e,2019,7,15,2,3,0,2,0,1,1,0,0,0,0,1,8045144693,582750473,1348832,5251241
51006,11,1,1011202,Unter den Linden Nord,2019,4,8,4,2,1,5,0,1,1,0,0,0,0,0,7980214887,582765921,1339307,5251738
51007,11,9,9020601,Schnellerstra·e,2019,6,15,5,3,2,6,0,0,1,0,0,0,0,0,8067678374,5820992654,1351543,5245278
51008,11,1,1011102,Gro·er Tiergarten,2019,9,18,2,3,6,4,0,1,0,1,0,0,0,0,796214675,5827351115,1336624,525156
51009,11,1,1011303,Alexanderplatzviertel,2019,12,21,5,3,5,7,2,0,1,0,0,0,0,1,799103263,582768745,1340899,5251704
51010,11,3,3061332,Helmholtzplatz,2019,5,13,6,3,0,7,0,1,1,0,0,0,0,0,7998047982,5830235664,1342159,525395
51011,11,7,7040406,Germaniagarten,2019,7,13,2,3,0,1,0,0,1,0,0,0,0,0,7997310818,5821397324,1341255,5246031
51012,11,3,3020209,Niederschînhausen,2019,11,17,6,3,0,6,2,0,1,0,0,0,1,0,7979688766,5834464314,133984,5257841
51013,11,4,4010101,Jungfernheide,2019,7,0,2,3,3,6,2,0,1,0,0,0,0,0,7911836949,5829569331,1329426,525382
51014,11,10,11041023,Gensinger Stra·e,2019,9,9,6,2,2,6,0,0,1,0,0,1,0,1,8078638575,5827447254,1353747,5251001
51015,11,9,9010102,Am Treptower Park Nord,2019,4,21,4,3,5,3,2,1,0,0,0,0,0,0,802794659,5825161934,1346093,5249237
51016,11,7,7040402,Lindenhofsiedlung,2019,10,17,5,3,2,6,0,0,1,0,0,0,0,1,7965301834,5822537805,1336659,5247228
51017,11,6,6030501,Berlepschstra·e,2019,9,18,2,3,5,3,0,1,1,0,0,0,0,0,7878938156,5817567208,1323552,5243234
51019,11,7,7040402,Lindenhofsiedlung,2019,5,15,6,3,2,6,0,0,1,0,0,0,0,0,7964249918,5822607306,1336511,5247296
51020,11,2,2040703,Wriezener Bahnhof/Entwicklungsgebiet,2019,7,17,1,3,3,7,0,0,1,0,1,0,0,0,8018228456,5826380543,1344776,5250383
51021,11,12,12103219,SchÑfersee,2019,4,15,4,3,5,7,0,0,1,0,1,0,0,0,795697559,5832844843,1336353,5256513
51022,11,4,4051656,Hildegardstra·e,2019,11,6,2,3,2,6,2,0,1,0,0,0,0,1,7938492516,5823006052,1332765,5247793
51023,11,7,7050501,Rathausstra·e,2019,6,15,7,3,2,6,0,0,1,0,0,0,0,0,7979108828,5820199645,1338478,5245057
51024,11,1,1033203,Humboldthain Nordwest,2019,9,17,2,3,5,2,0,1,1,0,0,0,0,0,7962856224,583027698,1336989,5254179
51025,11,7,7050502,Fritz-Werner-Stra·e,2019,12,9,5,3,0,6,0,0,1,0,1,0,0,0,7974631046,5817915655,1337617,5243034
51026,11,1,1011102,Gro·er Tiergarten,2019,7,13,1,3,0,7,0,1,0,0,0,0,0,0,7960444008,5827309656,133637,5251532
51027,11,3,3071633,ThÑlmannpark,2019,4,8,4,3,0,6,0,1,0,0,0,0,0,0,8000114686,583033586,1342472,5254028
51028,11,4,4010101,Jungfernheide,2019,10,18,1,3,2,6,2,0,1,0,0,0,0,0,7906526353,5828832269,132858,5253187
51029,11,7,7040402,Lindenhofsiedlung,2019,9,9,2,3,2,6,0,0,1,0,0,0,0,0,7965499771,5822524956,1336687,5247216
51030,11,12,12103218,Teichstra·e,2019,7,0,1,3,2,7,2,0,1,0,0,0,1,1,7947714488,583377385,1335074,5257396
51031,11,2,2050803,Stralauer Kiez,2019,4,6,4,2,1,1,0,0,1,0,0,1,1,0,8018273317,5826230764,1344769,5250248
51032,11,3,3061429,Greifswalder Stra·e,2019,10,0,6,3,0,1,2,0,0,0,0,0,1,0,8010773742,5830653499,1344068,5254254
51033,11,3,3010102,Buch,2019,6,14,6,3,2,6,0,0,1,0,0,0,0,0,8044705933,5839656907,1349883,5262135
51034,11,2,2050602,Samariterviertel,2019,9,8,2,3,2,6,0,0,1,0,0,1,0,0,8035249446,5827605491,1347388,5251386
51036,11,1,1011102,Gro·er Tiergarten,2019,5,16,6,3,5,2,0,0,1,0,0,0,1,0,796455757,5827391142,1336982,5251583
51037,11,4,4030623,Ernst-Reuter-Platz,2019,4,17,3,3,5,2,0,1,1,0,0,0,0,0,7930925534,5826823302,133199,5251256
51038,11,1,1011202,Unter den Linden Nord,2019,11,5,2,3,8,1,0,1,0,0,0,0,0,0,7979263962,5827647242,1339166,5251732
51039,11,7,7030303,Grazer Platz,2019,5,17,6,3,2,6,0,0,1,0,1,0,0,0,7954977765,5822691519,1335158,5247422
51040,11,4,4030417,Schlo·stra·e,2019,11,5,7,3,0,3,2,0,1,0,0,0,1,0,7915783933,5826568226,1329743,5251108
51041,11,2,3061435,Conrad-Blenkle-Stra·e,2019,7,23,7,3,2,6,2,0,1,0,1,0,0,1,8016524161,5828924633,1344756,5252673
51042,11,1,1022202,Heidestra·e,2019,4,8,3,3,2,6,0,0,1,0,0,0,0,0,7961607183,5829148784,1336705,5253175
51043,11,9,9010101,Elsenstra·e,2019,10,17,2,3,3,6,2,0,1,0,1,0,0,0,8025941696,5825112021,1345794,5249203
51044,11,4,4030622,Richard-Wagner-Stra·e,2019,9,11,2,3,2,7,0,0,1,0,1,0,0,0,792058022,5826627717,1330453,5251136
51046,11,11,11030721,RÅdigerstra·e,2019,7,22,7,3,5,2,2,1,1,0,0,0,0,1,804236394,5827518617,1348425,5251269
51047,11,8,8020619,Buschkrugallee Nord,2019,4,10,3,3,3,6,0,0,1,0,0,1,0,0,8019641568,5821841435,1344572,5246307
51048,11,1,1011202,Unter den Linden Nord,2019,6,17,2,3,5,3,0,1,1,0,0,0,0,0,7981210516,5827657628,1339453,5251731
51049,11,7,7050501,Rathausstra·e,2019,9,11,2,3,5,2,0,0,1,0,0,1,0,0,7977077723,5818784224,1338053,52438
51050,11,3,3020307,Buchholz,2019,12,4,3,3,8,1,2,0,0,0,0,0,1,1,8012140582,5837883665,1344926,5260727
51051,11,7,7040403,Manteuffelstra·e,2019,5,13,5,3,2,6,0,0,1,0,0,0,0,0,7968763212,5822382466,1337154,524707
51052,11,4,4030417,Schlo·stra·e,2019,7,19,7,3,6,4,0,1,0,1,0,0,0,0,791409094,5826519067,132949,5251073
51053,11,12,12103218,Teichstra·e,2019,4,11,3,3,2,6,0,0,1,0,0,0,0,0,7945567707,5833930942,1334772,5257548
51054,11,1,1011204,Leipziger Stra·e,2019,11,10,3,3,3,6,0,0,1,0,0,0,0,1,7986642733,5827054413,1340197,5251161
51055,11,12,12302212,Rollbergesiedlung,2019,11,18,7,3,2,2,2,0,1,0,0,0,0,0,7927300962,5837421634,1332392,5260776
51056,11,9,9010401,Johannisthal West,2019,7,18,7,3,2,6,0,0,1,0,0,0,0,0,8057093209,5818826941,1349792,5243397
51057,11,3,3061126,Arnimplatz,2019,4,19,3,2,5,2,1,1,1,0,0,0,0,0,7992205024,5832049386,1341464,5255607
51058,11,4,4020313,Kînigin-Elisabeth-Stra·e,2019,10,11,3,2,5,2,0,1,1,0,0,0,0,0,790511251,5826392817,1328159,5251008
51059,11,3,3061434,Anton-Saefkow-Park,2019,9,8,2,3,6,7,0,1,0,1,0,0,0,0,8008104263,5829758715,1343594,5253467
51061,11,3,3071639,Bîtzowstra·e,2019,5,11,5,2,2,6,0,0,1,0,0,0,0,0,8005745294,5829845134,1343255,5253557
51062,11,2,2050602,Samariterviertel,2019,7,15,7,2,0,1,0,1,0,0,0,0,0,0,8021751998,5827755041,1345418,5251595
51063,11,11,11030721,RÅdigerstra·e,2019,4,11,3,2,2,6,0,0,1,0,0,0,0,0,8038040482,5827578336,1347795,5251346
51064,11,11,11041022,Rosenfelder Ring,2019,11,18,5,2,2,6,2,0,1,0,0,0,1,1,8060539238,5827375202,1351082,5251039
51065,11,3,3061434,Anton-Saefkow-Park,2019,6,8,5,3,5,3,0,1,1,0,0,0,0,0,8006463417,5830008817,1343376,52537
51066,11,4,4030622,Richard-Wagner-Stra·e,2019,9,8,2,3,6,4,0,0,1,1,0,0,0,0,7926140555,5826720811,1331278,525119
51067,11,12,12302212,Rollbergesiedlung,2019,12,8,3,2,6,2,0,0,1,1,0,0,0,0,7927237812,5837429719,1332384,5260784
51068,11,12,12103219,SchÑfersee,2019,7,13,7,3,2,2,0,0,1,0,0,0,0,0,795762217,5832712264,1336437,5256391
51069,11,3,3061131,Falkplatz,2019,10,18,5,3,3,6,2,0,1,0,0,0,0,0,7991413057,5830404208,1341199,5254137
51070,11,7,7020203,Kaiser-Wilhelm-Platz,2019,7,9,7,3,1,5,0,1,0,0,0,1,0,0,7952524277,5823542355,1334873,5248198
51071,11,1,1033203,Humboldthain Nordwest,2019,9,8,6,3,5,3,0,1,1,0,0,0,0,0,7961937143,5830186924,1336846,5254103
51072,11,4,4041133,GÅterbahnhof Grunewald,2019,4,7,3,2,2,6,0,0,1,0,1,0,0,0,790517479,5825215227,1328066,5249952
51073,11,1,1011202,Unter den Linden Nord,2019,4,16,3,3,1,5,0,1,1,0,0,0,0,0,7976168856,5827564842,1338704,5251675
51074,11,11,11030721,RÅdigerstra·e,2019,11,4,4,2,6,4,2,0,0,1,1,0,0,1,80372762,5827569584,1347682,5251343
51075,11,4,4051656,Hildegardstra·e,2019,11,23,1,3,3,6,2,0,1,0,0,0,0,0,7935474273,5822990759,1332321,5247796
51076,11,2,2050803,Stralauer Kiez,2019,7,16,6,3,5,3,0,1,0,0,0,0,0,0,802206757,5826088724,1345313,52501
51077,11,2,2050602,Samariterviertel,2019,4,14,3,3,2,2,0,1,1,0,0,0,0,0,803088988,5827651019,1346751,5251451
51078,11,7,7030303,Grazer Platz,2019,10,17,4,3,2,6,0,0,1,0,0,0,1,1,7958967724,5822688005,1335743,5247397
51079,11,4,4020208,Kranzallee,2019,9,1,1,2,1,5,2,1,1,0,0,0,0,0,7867438355,5825852751,1322577,5250723
51081,11,3,3040818,Pankow SÅd,2019,5,19,5,3,1,3,0,1,1,0,0,0,1,0,7988903049,5832685015,1341035,5256195
51082,11,4,4020314,MessegelÑnde,2019,7,17,6,2,3,6,0,0,0,0,1,0,1,0,7905188693,582533325,1328078,5250058
51083,11,7,7030303,Grazer Platz,2019,4,14,3,3,0,6,0,0,1,0,1,0,0,0,7951917583,5822938255,133473,524766
51084,11,2,2050602,Samariterviertel,2019,6,15,5,3,2,6,0,0,1,0,0,0,0,0,803177332,582762539,1346879,5251423
51085,11,7,7050501,Rathausstra·e,2019,9,6,1,3,9,1,0,0,1,0,0,0,0,0,797953466,5820021671,1338524,5244895
51086,11,2,2050602,Samariterviertel,2019,12,13,3,3,5,2,0,1,1,0,0,0,0,0,8025781957,5827687047,1346004,5251512
51087,11,4,4030417,Schlo·stra·e,2019,5,18,5,3,5,2,0,1,1,0,0,0,0,0,7912295489,5826510171,1329225,5251075
51088,11,2,2050602,Samariterviertel,2019,7,9,6,3,5,3,0,1,1,0,0,0,0,0,8025771314,5827703128,1346004,5251526
51089,11,7,7060601,Marienfelder Allee Nordwest,2019,10,17,5,3,5,3,2,0,1,0,1,0,0,0,7970553579,5816809694,1336921,5242065
51090,11,12,12103115,Breitkopfbecken,2019,7,19,5,3,1,1,0,1,1,0,0,0,0,0,795429449,5833570571,1336024,5257178
51091,11,2,2020202,Rathaus Yorckstra·e,2019,9,0,6,3,5,3,2,1,1,0,0,0,0,0,7978624187,5825448281,1338875,5249765
51092,11,3,3050923,Wei·enseer Spitze,2019,4,14,3,3,2,6,0,0,1,0,0,0,1,0,8002971853,583169785,1343015,5255233
51093,11,3,3040818,Pankow SÅd,2019,10,18,4,3,3,6,1,0,1,0,1,0,0,1,799138228,5832315269,1341367,525585
51094,11,2,2050602,Samariterviertel,2019,8,22,7,2,6,7,2,0,1,1,0,0,0,0,8025673901,5827688132,1345988,5251514
51096,11,2,2040503,Richard-Sorge-Viertel,2019,5,17,5,3,5,2,0,1,1,0,0,0,0,0,8019170677,5827771612,1345041,5251624
51097,11,1,1011102,Gro·er Tiergarten,2019,7,13,5,3,0,7,0,1,0,0,0,0,0,0,7954178655,5827218214,1335442,5251484
51098,11,2,2050601,Hausburgviertel,2019,4,20,2,3,5,5,1,1,1,0,0,0,0,0,8017996064,5828639069,1344947,5252408
51099,11,2,2050803,Stralauer Kiez,2019,11,10,1,3,0,7,0,0,0,0,0,0,1,1,8018046822,5826239634,1344737,5250258
51100,11,12,12103219,SchÑfersee,2019,6,21,7,3,0,6,1,0,1,0,1,0,0,0,7957493705,5832703363,1336417,5256383
51101,11,3,3061126,Arnimplatz,2019,12,13,5,3,0,7,0,0,1,0,0,0,0,0,7992457476,5831882352,1341486,5255456
51102,11,1,1011303,Alexanderplatzviertel,2019,7,9,5,3,6,4,0,0,0,1,0,0,1,0,7986844069,5827892399,1340302,5251911
51103,11,1,1044102,Schillerpark,2019,4,17,2,2,5,3,0,1,1,0,0,0,0,0,7958781192,5832062307,1336549,5255802
51104,11,12,12231101,Hermsdorf,2019,10,11,7,3,2,6,0,0,1,0,0,0,1,0,7921804175,5838398462,1331669,5261681
51105,11,7,7040403,Manteuffelstra·e,2019,8,19,7,3,5,7,2,0,1,0,0,0,0,0,7978697193,5820511095,1338445,5245339
51106,11,6,6010209,Feuerbachstra·e,2019,7,11,5,3,5,2,0,0,1,0,0,0,0,0,793968646,5821061708,1332769,5246044
51107,11,2,2020202,Rathaus Yorckstra·e,2019,4,17,2,3,5,2,0,1,1,0,0,0,0,0,7978839645,5825411815,1338904,5249731
51108,11,6,6030503,Zehlendorf Mitte,2019,10,14,4,3,2,6,0,0,1,0,0,0,0,0,7903657235,5818432574,1327253,5243879
51109,11,4,4030622,Richard-Wagner-Stra·e,2019,6,17,5,3,2,2,0,1,1,0,0,0,0,0,7923746645,5826680555,1330923,5251166
51110,11,2,2050602,Samariterviertel,2019,8,20,7,3,5,3,2,0,1,0,0,0,0,0,8027973836,5827665067,1346324,525148
51111,11,10,10030726,Alt-Biesdorf,2019,12,11,6,3,5,2,0,1,1,0,0,0,0,0,8089462745,5827441111,1355336,5250935
51112,11,3,3020209,Niederschînhausen,2019,5,7,5,3,3,6,0,0,1,0,1,0,0,0,7981560851,5836030424,1340256,5259234
51113,11,4,4010101,Jungfernheide,2019,4,9,2,2,3,6,0,0,1,0,0,0,0,0,7909026188,5828964154,1328959,5253292
51114,11,7,7050502,Fritz-Werner-Stra·e,2019,11,11,1,3,5,3,0,0,1,0,0,0,0,0,79817638,5818922967,1338753,5243898
51115,11,1,1011303,Alexanderplatzviertel,2019,5,11,5,3,5,3,0,0,1,0,1,0,0,0,7998055966,5828633958,1342016,5252514
51116,11,4,4030623,Ernst-Reuter-Platz,2019,11,14,6,3,3,6,0,0,1,0,0,0,0,0,7935451128,5826882179,133266,5251284
51117,11,6,6010209,Feuerbachstra·e,2019,7,10,5,2,0,1,0,0,1,0,1,0,0,0,7942153155,5821402054,1333161,5246335
51118,11,1,1044201,Reinickendorfer Stra·e,2019,4,15,2,3,2,6,0,0,1,0,0,0,0,0,7961543271,5831088934,1336869,5254914
51119,11,12,12103117,Letteplatz,2019,10,20,2,2,3,6,2,0,1,0,1,0,0,0,7958741412,5832087681,1336546,5255825
51120,11,6,6030605,Botanischer Garten,2019,8,17,7,2,2,6,0,0,1,0,1,0,0,0,7918051464,5819301432,132944,5244581
51122,11,8,9010302,SpÑthsfelde,2019,5,15,5,2,0,1,0,0,1,0,0,0,0,0,8029255661,5821234665,1345928,5245709
51123,11,4,4041134,Bismarckallee,2019,7,11,5,3,3,6,0,0,1,0,0,0,0,0,7906895671,5824985309,1328299,5249737
51124,11,3,3020209,Niederschînhausen,2019,4,16,2,3,5,3,0,0,0,0,1,0,1,0,798165874,5836123633,1340279,5259317
51125,11,1,1033203,Humboldthain Nordwest,2019,6,21,1,3,2,6,1,0,1,0,0,0,0,0,7963129449,5830049484,1337009,5253974
51126,11,4,4020311,Reichsstra·e,2019,8,13,7,2,2,6,0,0,1,0,0,0,0,0,7891769918,5826162083,1326179,5250872
51127,11,3,3061228,Erich-Weinert-Stra·e,2019,12,5,2,3,5,2,2,1,1,0,0,0,0,0,8002045773,5831035234,1342819,5254644
51128,11,7,7040403,Manteuffelstra·e,2019,5,7,5,3,2,6,0,0,1,0,0,0,0,0,7974763581,582232731,133803,5246988
51129,11,2,2020203,Viktoriapark,2019,7,16,4,3,2,6,0,0,1,0,0,0,0,0,7977419534,5824190609,1338586,5248644
51130,11,7,7050502,Fritz-Werner-Stra·e,2019,4,16,2,3,5,2,0,0,1,0,1,0,0,0,7975760926,5818418302,1337828,5243479
51131,11,4,4020314,MessegelÑnde,2019,11,5,2,3,2,6,2,0,1,0,0,0,0,1,790545633,5825872348,1328165,5250539
51132,11,1,1044201,Reinickendorfer Stra·e,2019,7,23,4,2,5,2,2,0,1,0,0,0,0,0,7960448009,5831345095,133673,525515
51133,11,7,7070701,Kettinger Stra·e/Schillerstra·e,2019,4,14,1,3,2,6,0,0,1,0,0,0,0,0,799441918,5815871581,1340336,5241094
51134,11,4,4041239,Stadion Wilmersdorf,2019,10,6,2,3,2,6,2,0,1,0,0,0,0,0,7920959024,5823821054,1330262,5248618
51135,11,10,10010308,Marzahner Chaussee,2019,8,23,6,2,0,7,2,1,0,0,0,0,0,0,8081234625,582746023,1354129,5250998
51137,11,7,7040405,Rathaus Tempelhof,2019,5,7,5,2,3,6,0,0,1,0,1,0,1,0,7985051034,582209385,1339519,5246723
51138,11,7,7010104,Dennewitzplatz,2019,7,21,4,3,5,2,1,0,1,0,1,0,0,0,7960062619,5825068802,1336115,5249526