OBJECTID,LAND,BEZ,LOR,STRASSE,UJAHR,UMONAT,USTUNDE,UWOCHENTAG,UKATEGORIE,UART,UTYP1,ULICHTVERH,IstRad,IstPKW,IstFuss,IstKrad,IstGkfz,IstSonstige,USTRZUSTAND,LINREFX,LINREFY,XGCSWGS84,YGCSWGS84
51139,11,3,3061126,Arnimplatz,2019,4,14,1,3,6,4,0,1,0,1,0,0,0,0,7992209061,5831457334,1341411,5255077
51140,11,9,9010302,SpÑthsfelde,2019,11,8,4,3,3,6,0,0,1,0,0,1,0,1,8028718622,5821359926,1345861,5245825
51141,11,1,1011104,Kîrnerstra·e,2019,6,13,4,3,5,2,0,0,1,0,1,0,0,0,7961617805,5825737154,1336403,5250116
51142,11,7,7030303,Grazer Platz,2019,8,18,6,3,2,6,0,0,1,0,0,0,0,0,7957856215,582262849,1335575,524735
51143,11,4,4030417,Schlo·stra·e,2019,12,11,2,3,3,6,0,0,1,0,0,0,0,0,7915659551,5826544852,1329722,5251088
51144,11,7,7030303,Grazer Platz,2019,7,17,4,3,2,6,0,0,1,0,1,0,0,0,795761954,5823111603,1335583,5247784
51145,11,10,10040933,Mahlsdorf SÅd,2019,10,14,4,3,2,6,0,0,1,0,0,0,0,0,8127968627,582717829,1360967,525048
51146,11,1,1011104,Kîrnerstra·e,2019,8,17,6,3,4,6,0,1,0,0,0,0,1,0,7963765785,5826159742,1336756,5250483
51147,11,7,7020203,Kaiser-Wilhelm-Platz,2019,7,19,3,3,1,5,0,1,1,0,0,0,0,0,7958365783,5824212779,133579,5248767
51148,11,4,4020314,MessegelÑnde,2019,4,11,1,3,3,6,0,0,1,0,0,0,0,0,7905110964,5825608994,1328091,5250305
51149,11,1,1011303,Alexanderplatzviertel,2019,10,14,3,3,6,4,0,1,0,1,0,0,0,1,7997605423,5828624861,1341949,5252508
51150,11,3,3050925,Komponistenviertel Wei·ensee,2019,8,9,6,3,2,6,0,0,0,0,0,1,1,0,8021801511,5831519278,1345768,5254969
51152,11,12,12301205,Waidmannslust,2019,5,17,4,3,2,6,0,0,1,0,0,0,0,1,7922417998,5837848771,1331711,5261185
51153,11,1,1011303,Alexanderplatzviertel,2019,7,17,3,3,5,2,0,1,1,0,0,0,0,0,7991000702,5827681953,1340894,5251699
51154,11,2,2050803,Stralauer Kiez,2019,4,18,1,3,0,1,0,0,0,0,1,0,0,0,8023676704,5826025644,1345544,5250035
51155,11,7,7060603,Marienfelde Nordost,2019,11,7,6,3,2,7,1,0,1,0,0,0,0,0,7973793411,5817574356,1337464,5242733
51156,11,7,7040403,Manteuffelstra·e,2019,5,17,4,3,2,6,0,0,1,0,0,0,0,0,7968592086,5822386656,1337129,5247075
51157,11,7,7040401,Neu-Tempelhof,2019,12,17,3,3,1,5,2,0,1,0,0,0,0,1,7978306459,5822692233,1338582,5247296
51158,11,12,12103117,Letteplatz,2019,7,17,3,3,0,2,0,1,1,0,0,0,0,0,795872473,5832096708,1336544,5255833
51159,11,4,4030621,Spreestadt,2019,4,18,1,3,0,4,0,1,0,1,0,0,0,0,793989175,5826974484,1333321,5251343
51160,11,12,12214125,Waldidyll/Flughafensee,2019,10,7,6,3,2,6,1,0,1,0,1,0,0,0,7915843156,5830791242,1330122,5254894
51161,11,1,1044102,Schillerpark,2019,8,14,6,3,3,6,0,1,1,0,0,0,1,0,7958808033,5832047892,1336552,5255789
51163,11,12,12214125,Waldidyll/Flughafensee,2019,7,10,3,3,2,6,0,0,1,0,0,0,0,0,7911908771,5833997257,1329825,5257789
51164,11,4,4041133,GÅterbahnhof Grunewald,2019,4,18,1,3,2,6,0,0,1,0,0,0,0,0,7905335975,5825185881,1328087,5249925
51165,11,3,3061332,Helmholtzplatz,2019,10,11,3,3,6,4,0,0,0,1,0,0,1,1,7999827988,5830224285,134242,525393
51166,11,7,7040403,Manteuffelstra·e,2019,6,22,4,3,2,6,2,0,1,0,0,0,0,0,7978509232,5821997633,133855,5246672
51167,11,11,11030721,RÅdigerstra·e,2019,8,12,6,3,5,2,0,1,1,0,0,0,0,0,8037185201,5827570413,1347669,5251344
51168,11,9,9010101,Elsenstra·e,2019,12,19,7,3,2,6,2,0,1,0,0,0,0,0,8026837818,5825234869,1345936,5249308
51169,11,6,6030503,Zehlendorf Mitte,2019,5,10,4,3,5,2,0,1,1,0,0,0,0,1,789585575,5817974924,1326068,524351
51170,11,7,7050502,Fritz-Werner-Stra·e,2019,4,16,1,3,6,7,0,1,0,1,0,0,0,0,7982159742,5818805108,1338801,5243791
51171,11,9,9020601,Schnellerstra·e,2019,11,18,7,2,5,3,2,1,1,0,0,0,0,1,8060547022,5821679956,135056,5245934
51172,11,6,6040703,Nikolassee,2019,10,9,3,3,5,2,0,1,0,0,0,0,1,1,7867271612,5817022873,1321794,5242807
51173,11,3,3061332,Helmholtzplatz,2019,8,11,6,3,3,6,0,1,1,0,0,0,0,0,7999681485,5830202487,1342396,5253911
51175,11,4,4030417,Schlo·stra·e,2019,5,12,4,3,2,6,0,0,1,0,1,0,0,1,7915483472,5826541838,1329696,5251086
51176,11,7,7040401,Neu-Tempelhof,2019,7,9,3,3,2,6,0,0,1,0,0,0,0,0,7978327569,5822646221,1338581,5247255
51177,11,11,11041022,Rosenfelder Ring,2019,4,15,1,3,0,2,0,0,1,0,1,0,0,0,805676326,5827388921,1350528,5251072
51178,11,12,12103218,Teichstra·e,2019,11,14,7,3,5,3,0,0,1,0,0,0,0,1,7944709714,5834331347,1334681,5257912
51179,11,2,2050602,Samariterviertel,2019,5,12,4,3,2,2,0,0,1,0,0,0,0,0,8034624879,5827596732,1347295,5251382
51180,11,2,2050602,Samariterviertel,2019,8,10,6,3,6,4,0,1,0,1,0,0,0,0,8030798166,5827651944,1346738,5251453
51181,11,4,4010101,Jungfernheide,2019,12,6,4,3,2,6,2,0,1,0,0,0,0,0,7913844449,5830310428,1329786,5254473
51182,11,11,2050602,Samariterviertel,2019,7,9,3,3,3,6,0,0,1,0,0,1,0,0,8036181179,5827594883,1347524,5251372
51183,11,4,4020313,Kînigin-Elisabeth-Stra·e,2019,4,12,7,2,6,4,0,1,0,1,0,0,0,0,7904567607,5826365105,1328077,5250986
51184,11,7,7030303,Grazer Platz,2019,10,20,6,3,2,6,2,0,1,0,0,0,0,0,7947496785,5822037534,1334002,5246876
51185,11,11,11030721,RÅdigerstra·e,2019,8,9,6,3,5,2,0,1,0,0,0,0,1,0,8042480295,5827531967,1348443,525128
51186,11,7,7040401,Neu-Tempelhof,2019,7,8,3,2,3,6,0,1,1,0,0,1,0,0,7977573127,582390383,1338583,5248386
51187,11,4,4020313,Kînigin-Elisabeth-Stra·e,2019,4,12,7,2,6,4,0,1,0,1,0,0,0,0,7904567607,5826365105,1328077,5250986
51188,11,4,4030724,Lietzensee,2019,10,15,3,3,2,6,0,0,1,0,0,0,0,1,7907349739,5826273994,1328478,5250889
51189,11,7,7040403,Manteuffelstra·e,2019,6,16,5,3,2,6,0,0,1,0,0,0,1,1,7968480267,5822389394,1337113,5247078
51190,11,3,3071639,Bîtzowstra·e,2019,8,6,5,3,3,6,1,1,0,0,0,0,0,0,800498005,5829767663,1343136,5253492
51191,11,3,3061429,Greifswalder Stra·e,2019,12,21,5,3,0,3,2,1,0,0,0,0,1,1,8009867256,5830506252,1343921,5254127
51192,11,1,1011105,Nîrdlicher Landwehrkanal,2019,5,13,4,3,6,4,0,0,1,1,0,0,0,0,796759385,5826667672,1337364,5250918
51193,11,7,7040403,Manteuffelstra·e,2019,4,23,7,3,2,6,2,0,1,0,0,0,0,0,7968456976,5822389964,1337109,5247079
51194,11,3,3061131,Falkplatz,2019,11,0,1,3,6,7,2,1,0,1,0,0,0,0,7991809421,5830873102,13413,5254555
51195,11,10,10010204,Wuhletalstra·e,2019,5,14,3,3,5,3,0,0,1,0,0,1,0,0,8088972271,5833397735,1355818,5256276
51196,11,12,12301203,Wittenau SÅd,2019,11,8,5,3,0,2,0,1,1,0,0,0,0,1,7940939168,5835024909,1334188,5258554
51197,11,6,6010101,Fichtenberg,2019,7,18,3,3,8,1,0,0,1,0,0,0,0,0,7931527605,5820216118,1331497,5245329
51198,11,1,1011201,Wilhelmstra·e,2019,4,23,7,3,2,6,2,0,1,0,0,0,0,0,7976582267,5826834099,1338699,5251018
51199,11,7,7070701,Kettinger Stra·e/Schillerstra·e,2019,10,18,7,2,2,6,2,0,1,0,1,0,0,0,7995230994,5815623211,1340433,5240867
51200,11,1,1011201,Wilhelmstra·e,2019,8,22,5,3,5,2,2,1,0,0,1,0,0,0,796966731,5826707264,1337672,5250942
51202,11,2,2050602,Samariterviertel,2019,5,18,3,2,6,7,0,1,0,1,0,0,0,0,8024220234,5827702723,1345776,5251535
51203,11,2,2040703,Wriezener Bahnhof/Entwicklungsgebiet,2019,7,3,3,3,6,7,2,0,0,1,0,0,1,0,8019041193,5826621215,1344917,5250594
51204,11,3,3061332,Helmholtzplatz,2019,4,13,7,3,3,6,0,0,1,0,1,0,0,0,7991921287,583035866,134127,5254093
51205,11,1,1011105,Nîrdlicher Landwehrkanal,2019,6,15,7,2,5,3,0,0,1,0,1,0,0,0,7964384944,5826320124,1336861,5250624
51206,11,12,12301205,Waidmannslust,2019,8,20,5,3,0,1,2,1,0,0,0,0,0,0,7926502794,5837493802,1332281,5260845
51207,11,7,7050502,Fritz-Werner-Stra·e,2019,12,12,1,3,5,2,0,0,1,0,0,0,0,1,7978419927,5818949221,1338265,524394
51208,11,4,4010101,Jungfernheide,2019,5,21,3,2,8,1,2,0,0,0,1,0,0,1,7909893802,5829001855,132909,5253321
51209,11,3,3020209,Niederschînhausen,2019,7,15,3,3,0,1,0,1,0,0,0,0,0,0,797952043,583455836,1339824,5257926
51210,11,4,4030622,Richard-Wagner-Stra·e,2019,11,10,2,3,5,2,0,1,1,0,0,0,0,1,7927348139,5826741163,1331457,5251201
51211,11,10,10040933,Mahlsdorf SÅd,2019,7,15,3,3,2,6,0,0,1,0,1,0,0,0,8127368524,5827175302,1360878,525048
51212,11,3,3061131,Falkplatz,2019,4,0,7,3,4,6,2,1,0,0,0,0,0,0,7991796864,5831080741,1341316,5254741
51213,11,4,4030622,Richard-Wagner-Stra·e,2019,10,13,1,3,2,2,0,0,1,0,0,0,0,0,7921115463,5826636737,1330532,5251141
51214,11,4,4020313,Kînigin-Elisabeth-Stra·e,2019,8,17,5,3,3,6,0,0,1,0,1,0,0,0,7905890886,5826405881,1328275,5251015
51216,11,3,3061126,Arnimplatz,2019,5,10,3,3,5,2,0,1,1,0,0,0,0,0,7991971656,5831456209,1341376,5255077
51217,11,6,6030605,Botanischer Garten,2019,7,2,3,3,3,6,2,0,1,0,0,0,1,0,7929285864,5820077022,1331156,5245217
51218,11,6,6040701,Wannsee,2019,4,15,7,2,5,7,0,0,1,0,1,0,0,0,7818385869,581561426,1314504,5241798
51219,11,4,4020313,Kînigin-Elisabeth-Stra·e,2019,11,13,3,3,2,6,0,0,1,0,0,0,0,0,7905234578,5826376255,1328176,5250992
51220,11,1,1011304,Karl-Marx-Allee,2019,6,8,4,3,6,4,0,0,0,1,1,0,0,0,8000224265,5828095788,1342286,525202
51221,11,1,1011304,Karl-Marx-Allee,2019,8,15,5,3,0,7,0,1,0,0,0,0,0,0,7997885207,5828166408,1341949,5252096
51222,11,3,3020209,Niederschînhausen,2019,12,21,7,3,0,6,2,0,1,0,0,0,0,1,7983405187,5834789053,1340416,5258111
51223,11,2,2050602,Samariterviertel,2019,7,14,2,3,3,2,0,0,1,0,1,0,0,0,8034983546,5827608623,1347349,5251391
51224,11,3,3061435,Conrad-Blenkle-Stra·e,2019,10,16,3,3,2,6,1,0,1,0,0,0,0,0,8013993683,5829219087,1344411,525295
51225,11,4,4051655,Babelsberger Stra·e,2019,8,13,5,3,2,6,0,0,1,0,0,0,0,0,7940526739,5823007573,1333064,5247783
51226,11,2,2050602,Samariterviertel,2019,7,15,2,3,2,2,0,1,0,0,0,0,0,0,8027693897,5827667874,1346283,5251484
51227,11,1,1011303,Alexanderplatzviertel,2019,4,11,7,3,2,6,0,0,1,0,0,0,0,0,7992523911,5827861695,1341134,5251852
51228,11,7,7040403,Manteuffelstra·e,2019,10,12,2,3,2,6,0,0,1,0,0,0,0,0,7973764581,5822340351,1337884,5247005
51229,11,11,11041027,Tierpark,2019,6,9,2,3,6,6,0,1,0,1,0,0,0,0,8069626278,5827389403,1352418,5251
51230,11,7,7070701,Kettinger Stra·e/Schillerstra·e,2019,8,12,5,3,1,5,0,0,1,0,0,0,1,0,7992880612,5816185571,1340139,5241384
51232,11,4,4020314,MessegelÑnde,2019,5,6,3,3,2,6,0,0,1,0,0,0,0,0,7903064232,5825486828,132778,5250207
51233,11,4,4041134,Bismarckallee,2019,4,13,7,3,2,6,0,0,1,0,0,0,1,0,7907710743,5824852817,1328407,5249613
51234,11,1,1011201,Wilhelmstra·e,2019,11,17,5,3,5,2,2,1,1,0,0,0,0,0,7976807469,5826837742,1338733,525102
51235,11,10,10040933,Mahlsdorf SÅd,2019,5,18,2,3,5,7,0,0,1,0,0,0,0,1,81354392,5827174346,1362063,5250433
51236,11,3,3040513,Schînholz,2019,12,21,3,3,2,6,2,0,1,0,0,0,1,1,7980042628,5833674868,1339821,5257131
51237,11,4,4020208,Kranzallee,2019,7,23,1,3,6,4,2,0,1,1,0,0,0,0,7878988461,5825957738,1324283,5250756
51238,11,4,4030417,Schlo·stra·e,2019,4,15,6,3,3,6,0,0,1,0,1,0,0,0,7908001478,5826479343,1328592,525107
51239,11,6,6040703,Nikolassee,2019,10,10,4,3,5,3,0,0,1,0,0,0,0,0,7865158398,5816928098,1321476,5242733
51240,11,4,4020209,Eichkamp,2019,8,17,5,2,2,6,0,0,1,0,0,0,0,0,7898240189,5824849867,1327015,5249661
51242,11,9,9010101,Elsenstra·e,2019,7,21,1,2,5,2,2,0,1,0,1,0,0,0,8026738828,5825221099,1345921,5249296
51243,11,7,7050501,Rathausstra·e,2019,4,12,6,2,6,2,0,0,1,1,0,0,0,0,797790813,5818931747,1338188,5243927
51244,11,4,4041134,Bismarckallee,2019,9,5,2,3,3,6,2,0,1,0,0,0,0,1,7907721305,5824850846,1328408,5249612
51245,11,11,11030721,RÅdigerstra·e,2019,6,11,4,3,2,6,0,0,1,0,0,0,0,0,8040553557,5827536823,1348161,5251295
51246,11,7,7040402,Lindenhofsiedlung,2019,8,12,5,2,2,6,0,0,1,0,0,0,1,0,7968229132,5822395543,1337077,5247085
51247,11,4,7030303,Grazer Platz,2019,12,17,6,3,2,6,2,0,1,0,0,0,0,1,7951449778,5822973611,1334665,5247694
51248,11,4,4041133,GÅterbahnhof Grunewald,2019,5,17,2,3,2,6,0,0,1,0,0,0,0,1,7905602504,5825137137,1328122,524988
51249,11,3,3061332,Helmholtzplatz,2019,7,22,7,3,5,2,2,0,1,0,0,0,0,1,799988741,5830196777,1342426,5253905
51250,11,12,12103219,SchÑfersee,2019,4,9,6,3,0,1,0,0,0,0,1,0,0,0,7957075875,5832819407,1336366,525649
51251,11,9,9020601,Schnellerstra·e,2019,11,8,6,2,5,2,0,1,0,0,0,0,0,0,8063076364,5821444292,1350909,5245709
51252,11,7,7020203,Kaiser-Wilhelm-Platz,2019,8,11,5,3,1,5,0,1,0,0,0,0,1,0,7953064422,5823638728,1334961,5248282
51253,11,7,7050501,Rathausstra·e,2019,11,13,3,3,1,5,0,0,1,0,0,0,0,0,7980632555,5819356789,1338626,5244293
51254,11,7,7040401,Neu-Tempelhof,2019,7,18,7,3,2,6,0,0,1,0,0,0,0,0,7977780468,5823813919,1338605,5248304
51255,11,1,1011303,Alexanderplatzviertel,2019,4,9,6,3,0,7,0,1,0,0,0,1,0,0,7993294072,5827978554,1341257,5251953
51256,11,4,4041137,Flinsberger Platz,2019,10,13,5,3,2,6,0,0,1,0,0,1,0,0,7917596284,5824177686,13298,5248955
51257,11,7,7020202,Volkspark (Rudolf-Wilde-Park),2019,8,16,4,3,6,4,0,0,0,1,1,0,0,0,7953418289,5823442188,1334995,5248103
51259,11,6,6040701,Wannsee,2019,5,21,2,2,5,2,1,1,1,0,0,0,0,1,7838897379,58159368,131754,5241981
51260,11,1,1022202,Heidestra·e,2019,7,15,7,3,2,6,0,0,1,0,1,0,0,1,7958844406,5829550897,1336335,525355
51261,11,7,7040401,Neu-Tempelhof,2019,4,20,6,3,1,5,1,0,1,0,0,0,0,0,7978039875,5822926065,1338564,5247507
51262,11,4,4030417,Schlo·stra·e,2019,6,18,6,3,0,1,0,1,0,0,0,0,0,0,7916866024,5826565063,1329902,52511
51263,11,11,11030721,RÅdigerstra·e,2019,8,16,4,3,5,2,0,0,1,1,0,0,0,0,8037200838,5827586525,1347673,5251358
51264,11,7,7040405,Rathaus Tempelhof,2019,12,10,6,3,2,6,0,0,1,0,0,1,0,0,7981456072,5822274338,1339007,5246904
51265,11,4,4041137,Flinsberger Platz,2019,5,19,2,2,0,1,0,0,0,0,1,0,0,1,7912620177,582459915,1329106,524936
51266,11,4,4020209,Eichkamp,2019,7,14,7,3,2,6,0,0,1,0,0,0,0,0,7899360373,5824993838,1327192,5249784
51267,11,3,3061434,Anton-Saefkow-Park,2019,11,21,6,2,6,4,2,0,1,1,0,0,0,1,8009152005,582968633,1343742,5253396
51268,11,3,3061332,Helmholtzplatz,2019,7,18,6,3,6,7,0,0,0,1,0,0,1,0,7992186642,5830353534,1341308,5254087
51269,11,2,2050602,Samariterviertel,2019,4,21,6,2,6,4,2,0,1,1,0,0,0,0,8028876635,5827671462,1346457,5251481
51270,11,7,7040405,Rathaus Tempelhof,2019,10,16,6,3,2,6,0,0,1,0,0,0,0,0,7985198191,5822084629,1339539,5246714
51271,11,3,3071633,ThÑlmannpark,2019,8,8,4,3,5,3,0,1,0,0,0,0,0,0,8003056534,5830074187,1342881,5253777
51273,11,10,10010206,Ringkolonnaden,2019,5,15,2,2,5,3,0,1,1,0,0,0,0,0,8085874371,5832617592,135529,5255594
51274,11,1,1011303,Alexanderplatzviertel,2019,8,17,3,3,3,2,0,1,1,0,0,0,0,0,7997605323,5828624843,1341949,5252508
51275,11,1,1033203,Humboldthain Nordwest,2019,11,9,4,3,5,3,0,1,1,0,0,0,0,0,796197723,5830205585,1336854,525412
51276,11,6,6030503,Zehlendorf Mitte,2019,7,9,6,2,0,4,0,1,0,1,0,0,0,0,7891907198,5817994927,1325491,5243549
51277,11,3,3020209,Niederschînhausen,2019,4,21,5,3,2,6,2,0,1,0,0,0,0,0,7979624342,5834550083,1339838,5257918
51278,11,4,4020313,Kînigin-Elisabeth-Stra·e,2019,10,14,6,3,2,6,0,0,1,0,1,0,0,0,7906618532,5826399274,1328381,5251006
51279,11,3,3040818,Pankow SÅd,2019,8,17,3,3,2,6,0,0,1,0,0,0,0,0,8000465772,5833714748,1342829,5257055
51281,11,4,4010101,Jungfernheide,2019,5,7,2,3,2,6,0,0,1,0,0,1,0,0,7906793432,5828859441,1328622,525321
51282,11,1,1033203,Humboldthain Nordwest,2019,7,21,6,3,5,3,1,0,1,0,0,0,0,0,7962482138,5829982307,1336908,5253917
51283,11,3,3061131,Falkplatz,2019,4,18,5,3,3,6,0,1,0,0,0,0,0,0,7991625329,5830671427,1341254,5254375
51284,11,7,7050501,Rathausstra·e,2019,6,13,6,3,6,7,0,0,1,1,0,0,0,0,7978984907,5820269106,1338466,524512
51285,11,2,2040703,Wriezener Bahnhof/Entwicklungsgebiet,2019,8,15,3,3,3,6,0,1,0,0,0,0,1,0,8018337485,5826409226,1344795,5250408
51286,11,3,3061332,Helmholtzplatz,2019,12,2,7,3,0,1,2,0,0,0,1,0,0,1,7992569428,5830346139,1341364,5254079
51287,11,9,9010302,SpÑthsfelde,2019,5,7,2,3,0,7,0,0,0,0,0,0,1,0,8031763054,5820757156,1346253,5245268
51288,11,7,7020203,Kaiser-Wilhelm-Platz,2019,7,20,6,3,0,7,1,1,1,0,0,0,0,0,7959004905,5824346081,1335896,5248883
51289,11,3,3071638,Winsstra·e,2019,4,15,5,2,2,2,0,1,0,0,1,0,0,0,8000325132,5828977109,134238,5252809
51290,11,4,4041137,Flinsberger Platz,2019,11,12,1,3,0,7,0,0,0,0,1,0,0,1,7914236509,5824487905,1329333,5249251
51291,11,1,1011201,Wilhelmstra·e,2019,7,18,6,3,4,7,0,1,0,0,0,0,1,0,7969479663,5826723715,1337646,5250958
51292,11,1,1011102,Gro·er Tiergarten,2019,4,15,5,3,0,1,0,1,0,0,0,0,0,0,7944614601,5827039688,1334021,5251376
51293,11,6,6030503,Zehlendorf Mitte,2019,10,0,7,2,5,2,2,1,1,0,0,0,0,0,7910479857,5818810087,1328286,5244181
51294,11,3,3061429,Greifswalder Stra·e,2019,8,13,3,3,6,4,0,1,0,1,0,0,0,0,8009648492,5830471871,1343886,5254097
51296,11,1,1033203,Humboldthain Nordwest,2019,5,9,2,3,2,6,0,0,1,0,1,0,0,0,7962094331,5830216175,1336872,5254129
51297,11,4,4051656,Hildegardstra·e,2019,7,13,6,3,2,6,0,0,1,0,0,0,0,0,7936578858,5822996356,1332483,5247795
51298,11,4,4020314,MessegelÑnde,2019,4,10,5,3,3,6,0,0,1,0,0,0,0,0,7905249899,5825555495,1328107,5250256
51299,11,10,10040933,Mahlsdorf SÅd,2019,11,16,2,3,6,2,1,0,1,1,0,0,0,1,8135355481,5827175354,1362051,5250435
51300,11,6,6030605,Botanischer Garten,2019,6,18,3,3,2,6,0,0,1,0,1,0,0,0,7914869933,5819087176,1328955,5244406
51301,11,4,4030417,Schlo·stra·e,2019,8,8,3,3,6,4,0,0,0,1,0,0,1,0,791225584,5826509518,1329219,5251074
51302,11,4,4041239,Stadion Wilmersdorf,2019,12,21,6,3,3,6,2,0,1,0,0,1,0,1,7923226885,5823565338,1330573,5248376
51303,11,8,8010510,Gewerbegebiet Kîllnische Heide,2019,7,13,6,3,2,6,0,0,1,0,1,0,0,1,8027012285,5821622715,1345634,524607
51304,11,6,6040701,Wannsee,2019,4,17,4,3,5,7,0,0,1,0,1,0,0,0,7826917981,5815809605,1315772,5241929
51305,11,7,7020203,Kaiser-Wilhelm-Platz,2019,10,22,2,3,1,5,2,1,1,0,0,0,0,0,7956096256,5823904827,1335429,5248504
51306,11,9,9020601,Schnellerstra·e,2019,8,8,3,3,5,2,0,1,0,0,0,1,0,0,806755264,5821005241,1351526,524529
51307,11,4,4030622,Richard-Wagner-Stra·e,2019,7,12,6,3,0,6,0,0,1,0,1,0,0,1,7923072882,582669076,1330825,5251179
51308,11,9,9010402,Johannisthal Ost,2019,4,16,4,3,2,6,0,0,1,0,0,0,0,0,8062371678,5818433814,135053,5243015
51309,11,4,4041137,Flinsberger Platz,2019,10,7,1,3,2,6,0,0,1,0,0,0,0,0,791554328,5824359977,1329514,524913
51310,11,5,5040936,JÑgerallee,2019,6,10,7,3,0,3,0,1,1,0,0,0,0,0,7801792403,5822276784,131263,5247858
51311,11,7,7030303,Grazer Platz,2019,8,19,3,2,0,6,0,0,1,0,1,0,0,0,7952957511,5822728085,1334864,5247466
51313,11,3,3061126,Arnimplatz,2019,5,9,2,3,5,2,0,1,1,0,0,0,0,0,7991971111,5831455217,1341376,5255076
51314,11,1,1022202,Heidestra·e,2019,4,16,4,3,2,6,0,0,1,0,0,0,0,0,796186446,5829111311,133674,525314
51315,11,1,1011304,Karl-Marx-Allee,2019,11,9,4,3,5,3,0,1,1,0,0,0,0,0,8000179531,5828097722,134228,5252022
51316,11,2,2050602,Samariterviertel,2019,5,13,1,3,5,3,0,0,1,0,1,0,0,0,8021795497,5827722558,1345422,5251566
51317,11,11,11041022,Rosenfelder Ring,2019,12,8,2,3,2,6,1,0,1,0,0,0,1,0,8062225356,5827368213,1351329,5251023
51318,11,1,1011303,Alexanderplatzviertel,2019,7,16,6,3,1,5,0,1,1,0,0,0,0,0,7996417331,5828421185,1341756,5252332
51319,11,3,3071638,Winsstra·e,2019,4,8,4,3,5,2,0,1,1,0,0,0,0,0,8000240305,5829000649,134237,5252831
51320,11,4,4041134,Bismarckallee,2019,10,19,3,3,9,1,2,0,1,0,0,0,0,0,7909843289,5824647066,1328702,5249418
51321,11,1,1011303,Alexanderplatzviertel,2019,8,12,3,3,2,2,0,1,0,0,0,1,0,0,7995522964,5828281397,1341612,5252212
51323,11,1,1011202,Unter den Linden Nord,2019,7,9,6,3,0,7,0,0,1,0,1,0,0,1,7969320132,5827450009,1337687,525161
51324,11,3,3020209,Niederschînhausen,2019,4,8,4,3,5,3,0,0,1,0,0,0,0,0,7981656306,5836121299,1340279,5259315
51325,11,4,4041342,Schlangenbader Stra·e,2019,9,16,7,3,0,6,0,0,0,0,1,1,0,1,7924686074,5822720802,1330713,5247611
51326,11,2,2050602,Samariterviertel,2019,6,16,3,3,2,6,0,1,1,0,0,0,0,0,8031734013,5827625779,1346873,5251424
51327,11,9,9020601,Schnellerstra·e,2019,8,15,2,3,3,6,0,0,1,0,0,0,0,0,8067046885,5821033604,1351454,5245319
51328,11,3,3040513,Schînholz,2019,12,16,6,3,5,3,2,0,1,0,0,0,1,1,7980422336,5833911476,1339898,5257341
51329,11,4,4030622,Richard-Wagner-Stra·e,2019,5,11,1,2,1,5,0,1,1,0,0,0,0,0,7925322514,582670705,1331157,5251182
51330,11,3,3051017,Rennbahnstra·e,2019,7,8,6,3,2,6,0,0,1,0,0,0,0,1,8027945225,5832859632,1346793,5256136
51331,11,6,6040701,Wannsee,2019,4,17,3,2,5,7,0,0,1,0,1,0,0,0,783794359,5815996405,1317405,524204
51332,11,10,10040933,Mahlsdorf SÅd,2019,11,8,5,3,2,6,0,0,1,0,0,0,0,1,8132594902,5827202624,1361648,5250475
51333,11,5,5020629,Bîrnicker Stra·e,2019,11,7,2,3,2,6,0,0,1,0,0,0,0,1,785343595,5826226064,1320552,5251131
51334,11,4,4020311,Reichsstra·e,2019,7,7,6,3,5,2,0,1,0,0,0,0,1,1,7901744191,582631771,1327658,5250958
51335,11,4,4010101,Jungfernheide,2019,4,20,3,3,2,6,2,0,1,0,0,0,0,0,791186979,5829532788,1329427,5253787
51336,11,1,1011303,Alexanderplatzviertel,2019,10,12,4,3,5,5,0,0,1,0,0,0,0,1,79921298,5827854357,1341075,5251848
51337,11,1,1011201,Wilhelmstra·e,2019,8,15,2,3,2,6,0,1,0,0,0,0,0,0,7971742038,5826753806,1337981,5250973
51339,11,7,7050501,Rathausstra·e,2019,5,5,1,2,1,5,0,0,1,0,0,0,0,0,7979327636,5820079213,1338499,5244948
51340,11,2,2050601,Hausburgviertel,2019,7,7,6,3,5,2,0,1,1,0,0,0,0,1,801682241,5828879222,1344796,525263
51341,11,10,10030726,Alt-Biesdorf,2019,4,12,3,3,2,6,0,0,1,0,0,1,0,0,8093322605,5827392717,1355899,5250869
51342,11,2,2050801,Traveplatz,2019,6,1,5,3,5,2,2,1,1,0,0,0,0,1,8021337895,5827644818,1345347,5251499
51343,11,1,1033203,Humboldthain Nordwest,2019,8,11,2,3,5,3,0,1,0,0,0,0,1,0,796274416,5830256427,1336971,5254161
51344,11,1,1044201,Reinickendorfer Stra·e,2019,12,5,5,3,6,2,2,0,1,1,0,0,0,1,7960436175,5831374859,1336731,5255176
51345,11,3,3061434,Anton-Saefkow-Park,2019,5,11,7,3,5,2,0,1,1,0,0,0,0,0,8005956041,5829932516,1343294,5253634
51346,11,7,7070706,Horstwalder Stra·e/Paplitzer Stra·e,2019,7,7,6,3,5,3,0,1,1,0,0,0,0,1,8005616158,5812278851,1341655,5237812
51347,11,12,12103218,Teichstra·e,2019,11,5,6,3,4,6,2,1,0,0,0,0,0,1,7945589856,5833829694,1334766,5257457
51348,11,1,1011303,Alexanderplatzviertel,2019,7,8,5,3,2,6,0,0,1,0,1,0,0,0,7992377602,5827883755,1341114,5251873
51349,11,9,9020601,Schnellerstra·e,2019,9,9,5,3,5,3,0,0,1,0,0,0,1,0,8065320724,5821202867,1351216,524548