OBJECTID,LAND,BEZ,LOR,STRASSE,UJAHR,UMONAT,USTUNDE,UWOCHENTAG,UKATEGORIE,UART,UTYP1,ULICHTVERH,IstRad,IstPKW,IstFuss,IstKrad,IstGkfz,IstSonstige,USTRZUSTAND,LINREFX,LINREFY,XGCSWGS84,YGCSWGS84
51350,11,7,7050502,Fritz-Werner-Stra·e,2019,4,13,3,2,6,6,0,1,0,1,0,0,0,0,7985843007,5817877349,1339258,5242939
51351,11,2,2040703,Wriezener Bahnhof/Entwicklungsgebiet,2019,10,16,5,3,2,7,0,0,1,0,0,0,0,1,8018091373,5826348958,1344753,5250355
51352,11,3,3040614,Pankow Zentrum,2019,8,14,1,3,2,6,0,0,1,0,0,0,0,0,7983911729,5833449226,134037,5256908
51354,11,11,11030721,RÅdigerstra·e,2019,5,8,7,3,2,6,0,0,1,0,0,0,1,0,8038001154,5827578717,1347789,5251347
51355,11,1,1044203,Leopoldplatz,2019,7,15,5,3,1,5,0,0,1,0,1,0,0,0,7959242845,5831801751,1336594,5255566
51356,11,9,9010102,Am Treptower Park Nord,2019,4,13,3,3,6,4,0,0,1,1,0,0,0,0,8027008143,5825200141,1345958,5249276
51357,11,3,3010104,Lietzengraben,2019,11,17,1,3,2,6,2,0,1,0,0,0,0,1,8002377009,5839241911,1343611,5261998
51358,11,2,2050602,Samariterviertel,2019,6,8,7,3,6,4,0,0,1,1,0,0,0,0,802144717,5827753619,1345373,5251596
51359,11,7,7040405,Rathaus Tempelhof,2019,12,18,5,3,3,6,2,0,1,0,0,0,0,0,7984973262,5822081566,1339506,5246712
51360,11,4,4020314,MessegelÑnde,2019,7,12,5,2,0,1,0,0,0,0,1,0,0,0,7903170999,582548761,1327795,5250207
51361,11,4,4041239,Stadion Wilmersdorf,2019,4,14,3,3,2,6,0,0,1,0,0,0,0,0,7920398018,582388119,1330185,5248675
51362,11,4,4020311,Reichsstra·e,2019,10,14,7,2,0,7,0,0,1,0,0,0,1,0,7901329854,5826310584,1327597,5250954
51363,11,3,3010104,Lietzengraben,2019,8,13,1,3,2,6,0,0,1,0,0,0,0,0,8010129513,5838518953,1344687,5261307
51364,11,12,12304314,Ziekowstra·e/Freie Scholle,2019,7,17,4,3,8,7,0,0,1,0,0,0,0,0,7901509857,5836038866,1328473,5259675
51365,11,4,4051549,Rathaus Wilmersdorf,2019,4,15,3,3,2,6,0,0,1,0,0,0,0,0,7924107762,5823666625,1330711,5248462
51366,11,1,1011303,Alexanderplatzviertel,2019,10,6,4,3,2,7,2,0,1,0,0,0,0,1,7989667557,5827456048,1340677,5251504
51367,11,5,5020628,Graetschelsteig,2019,6,9,6,3,0,2,0,1,1,0,0,0,0,0,7840312901,5826577032,1318653,5251514
51368,11,7,7030303,Grazer Platz,2019,8,18,1,2,8,1,0,0,1,0,0,0,0,0,7951913942,5822938705,133473,524766
51369,11,4,4041137,Flinsberger Platz,2019,12,19,7,3,9,1,2,0,1,0,0,0,0,0,791266228,582462916,1329115,5249386
51370,11,4,4041137,Flinsberger Platz,2019,5,19,7,3,2,6,0,0,1,0,0,0,0,0,7914945128,5824411124,1329431,5249179
51371,11,8,8020619,Buschkrugallee Nord,2019,4,15,3,3,2,6,0,0,1,0,0,0,0,0,8020148972,5821840852,1344647,5246303
51372,11,4,4020310,Park Ruhwald,2019,11,12,2,3,2,6,0,0,1,0,0,0,0,0,7904891603,5828482852,132831,5252883
51373,11,12,12214125,Waldidyll/Flughafensee,2019,5,12,7,3,2,6,0,0,1,0,0,0,0,0,7916948021,5831013691,1330304,5255087
51374,11,9,9010301,Baumschulenstra·e,2019,11,18,7,2,6,4,2,0,1,1,0,0,0,0,8045611628,5823160994,1348504,5247345
51375,11,4,4041239,Stadion Wilmersdorf,2019,7,14,4,3,2,6,0,0,1,0,0,0,0,0,7921846624,5823724169,1330384,5248526
51376,11,7,7060604,Marienfelde SÅd,2019,4,7,3,3,6,7,0,0,1,1,0,0,0,0,7964219484,581539523,1335867,5240831
51377,11,4,4051656,Hildegardstra·e,2019,7,17,4,3,2,6,0,0,1,0,0,0,0,0,7937711756,5822989036,1332649,5247782
51378,11,9,9010101,Elsenstra·e,2019,4,7,3,3,6,4,0,0,0,1,1,0,0,0,8027735847,5825330393,1346077,5249389
51379,11,12,12103115,Breitkopfbecken,2019,11,20,2,3,5,2,2,0,1,0,0,0,0,1,7953366393,5833744819,1335903,5257339
51380,11,7,7030303,Grazer Platz,2019,6,11,2,2,0,1,0,0,0,0,1,0,0,0,7961655893,5822721456,1336141,5247413
51381,11,4,4010103,Paul-Hertz-Siedlung,2019,8,16,7,3,2,6,0,0,1,0,0,0,0,0,7911333228,5829052233,1329306,5253359
51382,11,12,4010101,Jungfernheide,2019,12,14,6,3,2,6,0,0,1,0,0,0,0,1,7915103154,5830620069,1329998,5254744
51383,11,3,3020209,Niederschînhausen,2019,7,6,4,3,5,2,0,1,0,0,0,0,1,0,7982247278,5835174746,134028,5258463
51384,11,3,3061434,Anton-Saefkow-Park,2019,4,7,2,3,0,2,0,1,1,0,0,0,1,1,8006231587,5829919632,1343334,5253621
51385,11,11,11030721,RÅdigerstra·e,2019,10,7,2,3,0,2,0,1,1,0,0,0,0,0,8037682272,582758181,1347743,5251352
51386,11,10,10030726,Alt-Biesdorf,2019,8,14,7,3,2,6,0,0,1,0,0,0,0,0,809541719,5827393515,1356206,5250858
51387,11,1,1011102,Gro·er Tiergarten,2019,7,6,4,3,3,6,0,0,1,0,0,1,0,0,7965739925,5827397241,1337156,5251582
51388,11,8,8020619,Buschkrugallee Nord,2019,4,6,2,3,5,3,2,0,1,0,0,1,0,0,8016573445,5821809108,1344119,5246294
51389,11,4,4041134,Bismarckallee,2019,10,23,6,2,8,1,2,0,1,0,0,0,0,1,790869128,5824710147,1328538,524948
51390,11,1,1011303,Alexanderplatzviertel,2019,6,16,6,3,5,3,0,1,0,0,0,0,1,0,7988661933,5828077049,1340585,5252066
51391,11,12,12103219,SchÑfersee,2019,8,13,7,3,5,2,0,1,1,0,0,0,0,0,7956774113,5832895943,1336328,525656
51393,11,7,7050502,Fritz-Werner-Stra·e,2019,5,12,7,3,4,6,0,1,0,0,0,0,0,0,7975523199,5818313943,1337784,5243387
51394,11,3,3061434,Anton-Saefkow-Park,2019,4,5,2,3,5,3,2,0,1,0,0,0,0,0,8006027939,5829929261,1343305,5253631
51395,11,3,3061332,Helmholtzplatz,2019,11,15,3,3,6,2,0,0,1,1,0,0,0,0,7999986611,5830219686,1342443,5253925
51396,11,10,10040933,Mahlsdorf SÅd,2019,5,14,7,3,2,6,0,0,1,0,0,0,0,0,8135725681,5827170599,1362105,5250428
51397,11,12,12214422,Klixstra·e,2019,11,12,7,3,5,3,0,0,1,0,0,0,0,0,7921442362,5832837337,1331125,5256698
51398,11,6,6040703,Nikolassee,2019,7,10,3,3,1,5,0,0,1,0,0,0,0,0,7857849525,581647024,1320364,5242361
51399,11,4,4020310,Park Ruhwald,2019,4,16,2,3,2,6,0,0,1,0,0,1,0,0,7904814,5828460969,1328296,5252864
51400,11,6,6040701,Wannsee,2019,10,16,3,2,5,2,0,1,1,0,0,0,0,0,7827557163,5815836874,1315868,524195
51401,11,3,3050925,Komponistenviertel Wei·ensee,2019,8,11,7,3,1,5,0,0,1,0,0,0,0,0,8021514035,583152476,1345726,5254975
51403,11,1,1011105,Nîrdlicher Landwehrkanal,2019,7,17,3,3,2,6,0,0,1,0,0,0,0,0,796454613,5826462212,1336898,525075
51404,11,9,9010101,Elsenstra·e,2019,4,14,2,3,2,6,0,0,1,0,0,0,0,0,8027279201,5825296267,1346007,5249361
51405,11,1,1044201,Reinickendorfer Stra·e,2019,9,0,7,3,5,3,2,0,1,0,0,0,0,0,7960454376,5831343744,1336731,5255148
51406,11,4,4041137,Flinsberger Platz,2019,6,20,2,3,2,6,0,0,1,0,0,0,1,0,7915026085,5824421034,1329443,5249187
51407,11,10,10040933,Mahlsdorf SÅd,2019,8,7,7,3,2,6,0,0,1,0,0,0,0,0,8135152205,5827163884,136202,5250426
51408,11,4,4010101,Jungfernheide,2019,12,13,4,3,2,6,0,0,1,0,0,0,0,0,7911589011,5829478011,1329381,5253739
51409,11,4,4041137,Flinsberger Platz,2019,5,14,7,2,2,6,0,0,1,0,0,0,0,0,7918864089,5824043306,1329974,5248828
51410,11,4,4020310,Park Ruhwald,2019,7,9,3,3,2,6,0,0,1,0,0,0,1,0,7904253226,5827781591,1328154,5252257
51411,11,7,7070701,Kettinger Stra·e/Schillerstra·e,2019,4,13,2,3,1,1,0,0,1,0,0,0,0,0,7997363266,5814353283,1340632,5239717
51412,11,4,4041137,Flinsberger Platz,2019,11,20,4,3,5,3,2,0,1,0,0,0,0,1,7915884152,5824351903,1329563,5249121
51413,11,2,2010101,Askanischer Platz,2019,11,18,7,3,5,3,2,0,1,0,0,0,0,0,7978865844,582548942,1338914,52498
51414,11,2,2020201,Gleisdreieck/Entwicklungsgebiet,2019,7,22,3,3,5,3,2,1,1,0,0,0,0,0,7970591214,582570489,1337718,5250039
51415,11,9,9010101,Elsenstra·e,2019,4,10,2,3,5,2,0,1,1,0,0,0,0,0,8028472224,5825474971,1346198,5249514
51416,11,4,4030417,Schlo·stra·e,2019,10,10,3,3,3,6,0,0,1,0,0,0,1,0,7915438409,582656229,1329692,5251105
51417,11,4,4020310,Park Ruhwald,2019,8,12,6,2,2,6,0,0,1,0,0,0,0,0,7905480436,5827364124,1328298,5251877
51419,11,7,7050501,Rathausstra·e,2019,5,16,7,3,2,2,0,0,1,0,1,0,0,0,7977099631,5818788603,1338057,5243803
51420,11,7,7050502,Fritz-Werner-Stra·e,2019,7,19,3,3,5,3,0,0,0,0,1,0,1,0,7981791195,5818923907,1338757,5243899
51421,11,3,3071639,Bîtzowstra·e,2019,4,9,2,3,3,6,0,1,1,0,0,0,0,0,800195797,5829281623,1342648,5253073
51422,11,4,4010101,Jungfernheide,2019,11,11,6,3,2,6,0,0,1,0,0,0,0,0,7912334681,5829753536,1329515,5253982
51423,11,2,2050802,Boxhagener Platz,2019,6,7,5,3,3,6,0,0,1,0,1,0,0,1,8020655557,5827317548,1345218,5251209
51424,11,7,7040403,Manteuffelstra·e,2019,8,18,6,3,1,5,0,1,1,0,0,0,0,0,7978190532,5821087593,1338422,5245858
51425,11,11,11030721,RÅdigerstra·e,2019,12,8,3,3,5,2,0,1,1,0,0,0,0,1,8037185201,5827570413,1347669,5251344
51426,11,3,3061332,Helmholtzplatz,2019,5,23,6,2,6,4,2,0,1,1,0,0,0,0,7999897991,5830222484,134243,5253928
51427,11,2,2020202,Rathaus Yorckstra·e,2019,7,19,2,3,2,6,0,0,1,0,0,0,0,0,7978542235,5825450756,1338863,5249767
51428,11,6,6040701,Wannsee,2019,10,14,5,3,5,5,0,0,1,0,0,0,0,0,7785926746,5814901627,1309684,5241325
51429,11,6,6030605,Botanischer Garten,2019,7,22,2,3,0,1,2,1,0,0,0,0,0,0,7918637567,5819374803,1329532,5244644
51430,11,7,7020203,Kaiser-Wilhelm-Platz,2019,9,20,5,3,2,6,2,0,1,0,1,0,0,0,7958965294,5824376515,1335892,5248911
51431,11,4,4030417,Schlo·stra·e,2019,4,9,2,3,5,3,0,0,1,0,1,0,0,0,7918681615,5826595799,1330171,5251117
51432,11,1,1011204,Leipziger Stra·e,2019,10,22,4,3,2,6,2,0,1,0,0,0,0,0,7988571799,5827294573,1340502,5251365
51433,11,7,7040401,Neu-Tempelhof,2019,8,18,6,3,0,7,0,1,0,0,0,0,0,0,7977736971,5823585857,1338578,52481
51435,11,2,2050803,Stralauer Kiez,2019,5,23,6,3,2,6,2,0,1,0,0,0,0,0,8028862374,5825795881,1346285,52498
51436,11,7,7020202,Volkspark (Rudolf-Wilde-Park),2019,7,14,2,2,0,1,0,0,0,0,1,0,0,1,7946825657,5823146431,1334001,5247874
51437,11,1,1033203,Humboldthain Nordwest,2019,4,8,2,3,5,3,0,1,1,0,0,0,0,0,796195046,5830185826,1336848,5254102
51438,11,7,7060604,Marienfelde SÅd,2019,11,16,7,3,0,3,1,1,1,0,0,0,0,0,7964095789,5815365159,1335846,5240805
51439,11,4,4030622,Richard-Wagner-Stra·e,2019,6,19,7,3,2,6,0,0,1,0,0,0,0,0,7921241239,5826638825,1330551,5251142
51440,11,1,1022202,Heidestra·e,2019,12,11,4,3,5,3,0,0,1,0,0,0,0,0,7958683151,5829573989,1336313,5253572
51441,11,2,2020202,Rathaus Yorckstra·e,2019,7,19,1,3,0,2,0,1,1,0,0,0,0,0,7978987256,5825430732,1338927,5249747
51442,11,3,3020209,Niederschînhausen,2019,4,7,2,2,0,7,0,0,1,0,0,0,0,0,7979625067,5834549117,1339838,5257917
51443,11,7,7040402,Lindenhofsiedlung,2019,10,19,6,3,2,6,2,0,1,0,1,0,0,0,7965188001,5822544205,1336643,5247235
51444,11,9,9020601,Schnellerstra·e,2019,8,17,6,2,5,3,0,1,1,0,0,0,0,0,8065419758,5821193156,135123,5245471
51445,11,7,7010104,Dennewitzplatz,2019,7,23,1,3,0,6,2,0,1,0,0,0,1,0,7960076436,5824786695,1336092,5249273
51446,11,2,2050602,Samariterviertel,2019,3,16,1,3,5,3,0,1,0,0,1,0,0,0,8034818982,5827610397,1347325,5251393
51447,11,1,1011303,Alexanderplatzviertel,2019,10,8,4,2,5,2,0,0,1,0,0,0,0,1,7998081669,5828638057,134202,5252517
51448,11,7,7040403,Manteuffelstra·e,2019,6,19,5,3,2,6,0,0,1,0,0,0,0,0,797853916,582051974,1338422,5245347
51449,11,2,2020203,Viktoriapark,2019,8,23,6,3,1,5,2,1,1,0,0,0,1,0,7977543318,5824624964,1338643,5249033
51450,11,2,2050601,Hausburgviertel,2019,12,19,6,3,6,4,1,0,1,1,0,0,0,1,802063957,5828101286,1345286,5251912
51451,11,1,1022202,Heidestra·e,2019,5,17,6,3,2,6,0,0,1,0,0,0,0,0,7960449139,5829317457,133655,5253332
51452,11,12,12231101,Hermsdorf,2019,3,19,1,3,0,1,1,0,0,0,1,0,0,0,7921155557,5837979475,1331537,5261309
51453,11,2,2050602,Samariterviertel,2019,11,6,1,3,9,1,2,0,1,0,0,0,0,0,8021107627,5828008353,1345347,5251826
51454,11,3,3020209,Niederschînhausen,2019,5,10,6,3,3,1,0,1,1,0,0,0,0,0,7981759465,5836260259,1340306,5259439
51455,11,3,3050925,Komponistenviertel Wei·ensee,2019,11,18,5,3,6,2,2,0,1,1,0,0,0,1,801537831,5831187986,1344793,5254708
51456,11,1,1044201,Reinickendorfer Stra·e,2019,7,6,1,3,5,2,0,0,1,0,0,0,0,0,7960451976,5831344253,1336731,5255149
51457,11,4,4010102,Plîtzensee,2019,3,16,1,2,3,6,0,0,1,0,1,0,0,0,7934399447,5829759957,133276,525387
51458,11,1,1033203,Humboldthain Nordwest,2019,10,1,1,2,5,2,2,0,1,0,0,0,0,0,7961869463,5830196828,1336837,5254113
51459,11,7,7040403,Manteuffelstra·e,2019,8,16,6,3,2,6,0,0,1,0,0,0,0,0,7974867194,5822327298,1338045,5246988
51461,11,4,4020314,MessegelÑnde,2019,5,16,6,3,3,6,0,0,1,0,0,0,0,0,7904898396,5825304797,1328033,5250034
51462,11,9,9020601,Schnellerstra·e,2019,7,23,7,3,0,4,2,0,0,1,1,0,0,1,8066833343,5821054544,1351425,5245338
51463,11,1,1011303,Alexanderplatzviertel,2019,3,12,7,3,6,4,0,0,1,1,0,0,0,0,7998060638,5828634703,1342017,5252514
51464,11,7,7020203,Kaiser-Wilhelm-Platz,2019,6,23,7,3,1,5,2,1,1,0,0,0,0,0,7955718602,5823898223,1335373,52485
51465,11,3,3061126,Arnimplatz,2019,8,15,6,2,5,2,0,1,0,0,0,0,1,0,7992204889,5832049473,1341464,5255607
51466,11,6,6040703,Nikolassee,2019,12,13,2,3,5,2,0,0,1,0,0,0,0,1,7865098468,5816949624,1321469,5242753
51467,11,1,1011303,Alexanderplatzviertel,2019,5,9,6,3,5,2,0,1,1,0,0,0,0,0,7997621684,5828627712,1341952,5252511
51468,11,7,7060604,Marienfelde SÅd,2019,7,16,7,2,5,3,0,0,1,0,0,0,0,0,7964223304,5815396159,1335868,5240832
51469,11,3,3010104,Lietzengraben,2019,3,10,6,3,2,6,0,0,1,0,0,0,0,0,7995139369,5840900093,1342696,5263524
51470,11,9,9010402,Johannisthal Ost,2019,11,17,2,3,2,6,2,0,1,0,0,1,0,0,806610809,581827452,1351063,5242851
51471,11,12,12231101,Hermsdorf,2019,7,15,7,3,5,3,0,1,1,0,0,0,0,0,7919234792,5838850577,1331331,52621
51472,11,3,3010102,Buch,2019,3,16,6,2,2,6,0,0,1,0,0,0,0,0,8044946454,583963359,1349916,5262112
51473,11,3,3061332,Helmholtzplatz,2019,10,19,1,3,5,7,2,1,0,0,0,0,1,1,7994326979,5830328934,1341621,5254054
51474,11,8,8020619,Buschkrugallee Nord,2019,8,15,6,3,2,6,0,0,1,0,0,0,0,0,801666936,5821775719,134413,5246264
51476,11,7,7040401,Neu-Tempelhof,2019,5,12,6,3,2,7,0,0,1,0,0,0,0,0,7977725656,5823910849,1338606,5248392
51477,11,7,7050502,Fritz-Werner-Stra·e,2019,7,13,7,3,2,2,0,0,1,0,1,0,0,0,797549084,5818299703,1337778,5243374
51478,11,4,4030621,Spreestadt,2019,3,19,6,3,0,1,2,1,0,0,0,0,0,0,7941007637,5826993959,1333487,5251354
51479,11,12,12231101,Hermsdorf,2019,11,13,4,2,6,2,0,0,1,1,0,0,0,0,7921178192,5837988879,1331541,5261318
51480,11,3,3071633,ThÑlmannpark,2019,10,14,2,3,6,4,0,1,0,1,0,0,0,0,8000034076,5830309045,1342458,5254004
51481,11,11,11010101,Dorf Malchow,2019,8,11,6,3,5,3,0,1,1,0,0,0,0,0,8036736053,5835100264,1348291,5258095
51483,11,7,7040403,Manteuffelstra·e,2019,5,9,6,2,0,7,0,0,1,0,0,0,0,0,7974043296,5822340112,1337925,5247004
51484,11,7,7050502,Fritz-Werner-Stra·e,2019,7,12,7,3,2,3,0,0,1,0,0,0,0,0,7975505914,5818306355,133778,524338
51485,11,9,9010101,Elsenstra·e,2019,3,11,5,3,5,3,0,0,1,0,0,0,1,1,8025817667,5825080814,1345773,5249176
51486,11,6,6030605,Botanischer Garten,2019,6,12,2,3,5,2,0,0,0,0,1,0,0,0,79244358,5819762086,1330417,524496
51487,11,4,4030623,Ernst-Reuter-Platz,2019,8,12,6,3,2,6,0,0,1,0,1,0,0,0,793155158,582684321,1332084,525127
51488,11,12,12301205,Waidmannslust,2019,12,17,2,3,6,2,2,0,0,1,0,0,1,0,792710759,5837441599,1332366,5260795
51489,11,7,7020202,Volkspark (Rudolf-Wilde-Park),2019,5,12,5,3,0,7,0,1,0,0,0,0,1,1,7955122076,582333719,1335236,5248
51490,11,1,1044201,Reinickendorfer Stra·e,2019,7,9,6,2,5,2,0,1,0,0,0,1,0,0,796050878,5831331178,1336738,5255137
51491,11,4,4041137,Flinsberger Platz,2019,3,15,5,3,2,6,0,0,1,0,0,0,1,0,7915650842,5824367873,1329531,5249136
51492,11,7,7050502,Fritz-Werner-Stra·e,2019,11,16,3,3,0,6,1,0,1,0,0,0,1,0,7975695101,5818389405,1337815,5243453
51493,11,3,3061434,Anton-Saefkow-Park,2019,11,18,6,3,2,6,2,0,1,0,0,0,0,0,800862173,5829753835,134367,5253459
51494,11,7,7040403,Manteuffelstra·e,2019,7,21,6,3,5,2,2,0,1,0,1,0,0,0,797827961,5822395493,1338552,524703
51495,11,4,4020313,Kînigin-Elisabeth-Stra·e,2019,3,19,5,3,3,6,2,0,1,0,0,0,0,1,7906596911,5826398916,1328378,5251005
51496,11,1,1011303,Alexanderplatzviertel,2019,10,20,2,3,3,2,2,1,1,0,0,0,0,0,7995521887,5828281464,1341612,5252212
51497,11,3,3061126,Arnimplatz,2019,8,7,6,3,3,6,0,0,1,0,1,0,0,0,7992389993,5831928662,134148,5255498
51499,11,12,12103218,Teichstra·e,2019,5,10,5,3,0,3,0,1,1,0,0,0,0,1,7943924571,5834475202,1334578,5258045
51500,11,2,2040701,Andreasviertel,2019,7,18,6,3,3,2,0,0,1,0,1,0,0,0,800385825,5827977207,1342809,5251893
51501,11,1,1033203,Humboldthain Nordwest,2019,3,8,4,3,5,2,0,1,1,0,0,0,0,0,7961959944,5830184968,1336849,5254101
51502,11,4,4030417,Schlo·stra·e,2019,11,16,4,3,6,4,2,0,1,1,0,0,0,0,7918416245,5826612675,1330133,5251134
51503,11,10,10040830,Kaulsdorf SÅd,2019,6,16,4,2,2,6,0,0,0,0,1,0,1,0,8115591867,5827117913,1359144,5250496
51504,11,1,1011303,Alexanderplatzviertel,2019,8,0,6,3,0,7,2,0,0,0,0,0,1,0,7987933887,5827981826,134047,5251985
51505,11,3,3071633,ThÑlmannpark,2019,12,5,2,3,5,3,2,1,1,0,0,0,0,0,80028387,5830084748,134285,5253788
51506,11,12,12103218,Teichstra·e,2019,7,12,6,3,0,2,0,1,1,0,0,0,0,0,7945722536,5833815936,1334784,5257444
51507,11,4,4020313,Kînigin-Elisabeth-Stra·e,2019,9,17,5,3,0,5,0,0,1,0,1,0,0,0,790317511,5826341942,132787,5250973
51508,11,10,10010204,Wuhletalstra·e,2019,10,22,4,3,2,6,2,0,1,0,0,0,0,0,8089242425,5833401136,1355858,5256277
51509,11,4,4030417,Schlo·stra·e,2019,8,18,5,2,5,2,0,1,1,0,0,0,0,0,7918479988,5826592407,1330141,5251115
51510,11,4,4041137,Flinsberger Platz,2019,7,10,6,3,0,7,0,0,0,0,1,0,0,1,7919288666,5824014613,1330034,52488
51511,11,6,6030503,Zehlendorf Mitte,2019,9,19,5,3,5,2,2,1,1,0,0,0,0,0,789578884,5817961217,1326057,5243498
51512,11,4,4020313,Kînigin-Elisabeth-Stra·e,2019,3,15,4,3,2,6,0,0,1,0,0,0,0,0,7906966449,5826994267,1328484,5251537
51513,11,4,4051551,Brabanter Platz,2019,10,16,3,3,2,6,0,0,1,0,0,0,0,0,7930446634,5823051144,1331588,5247877
51514,11,4,4041137,Flinsberger Platz,2019,8,16,5,3,2,6,0,0,1,0,0,0,1,0,7915917739,5824344685,1329568,5249114
51516,11,3,3010101,Bucher Forst,2019,5,18,5,2,5,3,0,1,1,0,0,0,0,1,8006593941,5841394129,1344428,5263904
51517,11,3,3020203,Blankenfelde,2019,7,6,6,3,6,2,0,0,0,1,0,1,0,0,7971547106,5838890646,1339039,5261853
51518,11,7,7020203,Kaiser-Wilhelm-Platz,2019,3,23,4,2,9,1,2,0,1,0,1,0,0,1,7957743083,582411507,133569,5248683
51519,11,1,1044102,Schillerpark,2019,11,9,7,3,5,3,0,0,1,0,0,0,0,1,7958617403,5832069084,1336526,5255809
51520,11,7,7020203,Kaiser-Wilhelm-Platz,2019,5,13,5,3,0,7,0,0,0,0,1,0,0,1,7956801287,5823993209,1335541,5248579
51521,11,1,1011102,Gro·er Tiergarten,2019,8,16,5,3,5,7,0,0,1,0,0,0,0,0,7944554835,5827038695,1334012,5251375
51522,11,10,10010309,Springpfuhl,2019,12,13,4,3,2,6,0,0,1,0,0,1,1,0,8076720894,5830081394,1353709,5253373
51523,11,4,4041137,Flinsberger Platz,2019,7,9,6,3,2,6,0,0,1,0,0,0,0,0,791935907,5824007083,1330044,5248793
51524,11,5,5020524,Weinmeisterhornweg,2019,3,8,4,3,2,6,0,0,1,0,0,0,0,1,7829980905,5825977186,1317083,525103
51525,11,4,4030622,Richard-Wagner-Stra·e,2019,10,13,6,3,2,6,0,0,1,0,1,0,0,0,7921167613,5826637603,133054,5251142
51526,11,12,12103117,Letteplatz,2019,8,16,5,3,5,7,0,1,1,0,0,0,0,0,7958079021,5832370438,1336473,5256082
51527,11,10,10010204,Wuhletalstra·e,2019,7,4,6,2,5,3,1,0,1,0,0,0,1,0,8089052566,5833416326,1355831,5256292
51528,11,3,3061429,Greifswalder Stra·e,2019,3,7,4,2,6,4,0,0,1,1,0,0,0,0,8013905422,583106926,1344566,5254609
51529,11,10,10030727,Biesdorf SÅd,2019,10,11,3,3,0,1,0,0,0,0,1,0,0,1,8103442105,5827069588,1357355,5250522
51530,11,3,3040818,Pankow SÅd,2019,6,17,4,3,6,3,0,0,1,1,0,0,0,0,8000339992,5833416034,1342784,5256788
51531,11,12,12214424,Scharnweberstra·e,2019,8,15,5,2,9,1,0,0,0,0,1,0,0,0,792890776,5832239124,1332171,5256122
51532,11,1,1033203,Humboldthain Nordwest,2019,12,21,4,3,2,6,2,0,1,0,0,0,0,1,7962881909,5830309407,1336996,5254208
51533,11,2,2050602,Samariterviertel,2019,5,9,5,3,2,6,0,0,1,0,0,0,0,1,8030647788,5827636848,1346714,525144
51534,11,7,7040406,Germaniagarten,2019,3,5,4,3,0,7,0,0,1,0,0,0,0,0,8003274441,5821568286,1342146,5246152
51535,11,6,6030503,Zehlendorf Mitte,2019,11,19,7,2,5,3,2,0,1,0,0,0,0,1,7909427279,5818771219,1328129,5244152
51536,11,11,11030721,RÅdigerstra·e,2019,5,7,5,3,6,7,0,0,1,1,0,0,0,1,8042349123,5827533293,1348424,5251282
51537,11,1,1011204,Leipziger Stra·e,2019,11,17,4,3,3,6,2,1,1,0,0,0,0,1,7981787519,5826923824,1339472,525107
51538,11,4,4030724,Lietzensee,2019,7,14,5,3,2,6,0,0,1,0,0,0,0,0,7907730915,5826385425,1328544,5250987
51539,11,7,7060601,Marienfelder Allee Nordwest,2019,3,17,4,3,6,7,1,1,0,1,0,0,0,1,7971204574,5816959251,133703,5242196
51540,11,8,8010510,Gewerbegebiet Kîllnische Heide,2019,10,14,7,3,2,6,0,0,1,0,0,0,0,0,802673785,5821698328,1345601,5246139
51541,11,12,12103115,Breitkopfbecken,2019,8,18,5,2,0,6,0,0,0,0,1,0,1,0,795377999,5833673668,1335957,5257273
51543,11,4,4051656,Hildegardstra·e,2019,5,7,5,2,2,6,0,0,1,0,0,0,1,1,7937822994,582300266,1332667,5247794
51544,11,12,12302211,LÅbarser Stra·e,2019,9,13,5,3,5,7,0,0,1,0,0,0,1,0,7932113351,5836738266,133304,5260138
51545,11,2,2050803,Stralauer Kiez,2019,7,21,5,2,5,2,1,1,1,0,0,0,0,0,8020314163,5826155312,1345062,5250169
51546,11,3,3061131,Falkplatz,2019,3,15,3,3,6,4,0,0,1,1,0,0,0,0,799141765,583037694,1341197,5254113
51547,11,1,1011104,Kîrnerstra·e,2019,6,20,7,3,2,6,0,0,1,0,0,0,0,0,7963029257,5826046765,1336638,5250386
51548,11,3,3071639,Bîtzowstra·e,2019,8,11,5,3,0,4,0,1,0,1,0,0,0,0,8003093761,5829465458,1342831,5253231
51549,11,2,2020202,Rathaus Yorckstra·e,2019,12,12,1,3,1,1,0,0,1,0,0,0,0,0,7979018585,5825108909,1338903,5249458
51550,11,12,12103219,SchÑfersee,2019,5,17,5,3,4,6,0,1,0,0,0,0,0,0,7956940027,5832888251,1336352,5256552
51551,11,6,6030503,Zehlendorf Mitte,2019,7,16,5,3,2,2,0,1,0,0,0,0,1,0,7895565381,5817966496,1326025,5243504
51552,11,2,2020202,Rathaus Yorckstra·e,2019,11,3,1,2,6,4,2,0,1,1,0,0,0,1,7978973028,5825437364,1338925,5249753
51553,11,4,4030417,Schlo·stra·e,2019,7,14,5,3,5,2,0,1,1,0,0,0,0,0,7910281107,58264772,1328926,5251056
51554,11,7,7030303,Grazer Platz,2019,3,9,3,3,2,6,0,0,1,0,0,0,0,0,7952254375,5822896663,1334776,5247621
51555,11,4,4041133,GÅterbahnhof Grunewald,2019,10,19,1,3,2,6,2,0,1,0,0,0,0,0,7905408158,582517268,1328096,5249912
51556,11,1,1011303,Alexanderplatzviertel,2019,8,11,5,3,6,7,0,0,0,1,1,0,0,0,7989429427,5828148689,1340705,5252126