OBJECTID,LAND,BEZ,LOR,STRASSE,UJAHR,UMONAT,USTUNDE,UWOCHENTAG,UKATEGORIE,UART,UTYP1,ULICHTVERH,IstRad,IstPKW,IstFuss,IstKrad,IstGkfz,IstSonstige,USTRZUSTAND,LINREFX,LINREFY,XGCSWGS84,YGCSWGS84
51558,11,7,7070701,Kettinger Stra·e/Schillerstra·e,2019,5,15,4,3,2,6,0,0,1,0,0,0,0,0,7997364963,5814606873,1340655,5239944
51559,11,3,3071638,Winsstra·e,2019,7,14,5,3,5,2,0,1,1,0,0,0,0,0,8000472787,5828999183,1342404,5252828
51560,11,4,4030417,Schlo·stra·e,2019,3,10,3,3,2,6,0,0,1,0,0,0,0,0,7910351964,5826478362,1328937,5251057
51561,11,4,4020313,Kînigin-Elisabeth-Stra·e,2019,11,15,3,3,2,6,0,0,1,0,0,0,1,0,790567417,5826402241,1328243,5251013
51562,11,1,1011303,Alexanderplatzviertel,2019,6,13,3,3,2,6,0,0,1,0,0,0,0,0,7992540845,5827905447,134114,5251891
51563,11,3,3061429,Greifswalder Stra·e,2019,8,11,5,2,5,2,0,1,1,0,0,0,0,0,8013487145,5831003317,1344498,5254552
51564,11,1,1033203,Humboldthain Nordwest,2019,12,19,7,3,2,6,2,0,1,0,0,0,0,1,7962102608,5829941731,1336849,5253883
51565,11,2,2040703,Wriezener Bahnhof/Entwicklungsgebiet,2019,7,14,5,2,1,5,0,1,0,0,1,0,0,0,8018789939,5826541829,1344873,5250524
51566,11,3,3061131,Falkplatz,2019,10,13,3,3,2,6,0,0,1,0,0,0,0,0,7991860152,5831182081,1341335,5254832
51567,11,6,6030503,Zehlendorf Mitte,2019,8,9,5,3,5,2,0,1,1,0,0,0,0,0,7895599922,5817980314,1326031,5243516
51568,11,10,10010204,Wuhletalstra·e,2019,7,19,4,3,5,3,0,0,1,0,0,0,0,0,8089056465,5833417094,1355832,5256292
51569,11,4,4020208,Kranzallee,2019,3,18,2,3,5,3,1,0,1,0,0,0,0,0,7871619085,5825838962,132319,5250689
51570,11,12,12214422,Klixstra·e,2019,10,6,2,3,3,6,2,0,1,0,0,1,0,0,7916515794,5833559513,1330464,5257372
51571,11,3,3020209,Niederschînhausen,2019,6,11,1,3,5,2,0,1,1,0,0,0,0,0,7981134044,5835762425,1340169,5258996
51572,11,2,2040701,Andreasviertel,2019,8,19,5,3,6,7,0,0,0,1,0,0,1,0,8006302555,5827889775,1343161,5251801
51574,11,12,12214125,Waldidyll/Flughafensee,2019,5,12,4,3,3,6,0,0,1,0,1,0,0,0,7921073135,583188842,1330988,5255849
51575,11,10,10030726,Alt-Biesdorf,2019,3,11,2,3,5,2,0,0,1,0,0,0,0,1,8089368692,5827406556,1355319,5250904
51576,11,6,6030503,Zehlendorf Mitte,2019,11,20,4,3,5,2,2,0,1,0,0,0,0,1,789567884,5817964126,1326042,5243501
51577,11,4,4041134,Bismarckallee,2019,5,9,4,2,2,6,0,0,1,0,1,0,0,0,7911900689,5824633724,1329003,5249395
51578,11,7,7010104,Dennewitzplatz,2019,12,14,2,3,6,4,0,0,1,1,0,0,0,0,7960718033,5825476637,1336248,5249888
51579,11,3,3061228,Erich-Weinert-Stra·e,2019,7,19,4,3,1,5,0,1,0,0,0,0,1,0,8002707571,5831439281,1342953,5255003
51580,11,7,7040402,Lindenhofsiedlung,2019,3,14,2,2,2,6,0,0,1,0,0,0,0,1,796430668,5822603567,1336519,5247293
51581,11,6,6040703,Nikolassee,2019,10,17,4,2,9,1,2,0,1,0,0,0,0,0,7857480706,5816442886,1320308,5242338
51582,11,12,12301204,Wittenau Nord,2019,8,17,4,3,5,3,0,0,1,0,0,0,0,0,7934186359,5836163675,1333295,5259611
51584,11,12,12302212,Rollbergesiedlung,2019,6,10,4,3,5,3,0,1,1,0,0,0,0,0,7927841119,5837340844,1332465,5260701
51585,11,6,6040703,Nikolassee,2019,8,17,4,2,0,7,0,1,0,0,0,0,0,0,7863532788,5816879974,1321233,5242699
51586,11,2,2040703,Wriezener Bahnhof/Entwicklungsgebiet,2019,12,19,1,3,6,6,2,1,0,1,0,0,0,1,8018398638,5826426354,1344805,5250423
51587,11,3,3040818,Pankow SÅd,2019,7,16,4,3,5,3,0,1,1,0,0,0,0,0,8000370538,5833451998,1342791,525682
51588,11,6,6040701,Wannsee,2019,9,17,4,3,1,1,0,0,1,0,0,0,0,1,7788140268,5814981864,1310016,5241386
51589,11,7,7050501,Rathausstra·e,2019,10,11,4,3,1,5,0,1,1,0,0,0,0,0,7979813413,5819862755,1338551,5244752
51590,11,4,4051656,Hildegardstra·e,2019,8,7,4,2,2,6,0,0,0,0,1,0,1,0,7936663959,5822996787,1332496,5247795
51591,11,1,1011202,Unter den Linden Nord,2019,7,13,4,3,3,6,0,0,1,0,1,0,0,0,7981960169,582767108,1339564,5251739
51592,11,4,4051655,Babelsberger Stra·e,2019,3,15,2,3,2,6,0,0,1,0,0,0,0,0,7939678945,582300084,1332939,5247782
51593,11,12,12103218,Teichstra·e,2019,10,13,3,3,2,6,0,0,1,0,0,1,0,1,7945916065,5833807497,1334812,5257436
51594,11,4,4020310,Park Ruhwald,2019,8,5,4,3,3,6,1,0,1,0,0,0,0,0,7904793397,582845433,1328293,5252858
51596,11,3,3061434,Anton-Saefkow-Park,2019,5,9,4,3,2,6,0,0,1,0,1,0,0,0,800659628,5830030149,1343397,5253718
51597,11,2,2050601,Hausburgviertel,2019,7,10,4,3,0,5,0,1,0,0,0,0,1,0,8020412372,5828082462,1345251,5251896
51598,11,6,6030503,Zehlendorf Mitte,2019,3,13,2,2,5,3,0,0,1,0,0,0,0,1,7909442677,5818772125,1328131,5244153
51599,11,2,2050602,Samariterviertel,2019,11,9,5,3,5,3,0,1,1,0,0,0,0,0,8021198959,5828034867,1345362,5251849
51600,11,2,2050602,Samariterviertel,2019,5,8,4,3,5,3,0,1,1,0,0,0,0,0,8025768721,5827703156,1346004,5251526
51601,11,1,1033203,Humboldthain Nordwest,2019,12,18,3,3,2,6,2,0,1,0,0,0,0,1,7962770601,5830013147,1336953,5253943
51602,11,4,4051551,Brabanter Platz,2019,7,15,4,3,2,6,0,0,1,0,1,0,0,0,793224523,5823009019,1331848,5247829
51603,11,11,11010101,Dorf Malchow,2019,3,10,1,3,5,2,0,1,1,0,0,0,0,0,803685612,583533613,1348331,5258306
51604,11,12,12103117,Letteplatz,2019,10,19,5,3,2,6,2,0,1,0,1,0,0,0,7958414434,5832182231,1336506,5255911
51605,11,1,1011303,Alexanderplatzviertel,2019,8,15,4,3,6,6,0,0,0,1,0,0,1,0,799557908,5828277886,134162,5252208
51607,11,10,10010309,Springpfuhl,2019,7,20,3,3,5,3,0,0,1,0,0,0,0,0,8076855835,5829675058,1353691,5253008
51608,11,3,3061126,Arnimplatz,2019,3,18,1,3,3,6,1,0,1,0,1,0,0,0,799235117,5831712909,1341455,5255305
51609,11,12,12103218,Teichstra·e,2019,9,14,2,3,5,2,0,1,0,0,0,1,0,0,7945722234,5833816935,1334784,5257445
51610,11,9,9010301,Baumschulenstra·e,2019,6,7,4,3,5,2,0,0,1,0,1,0,0,0,8051612417,5822577895,1349331,5246789
51611,11,11,11030721,RÅdigerstra·e,2019,8,12,4,3,6,4,0,1,0,1,0,0,0,0,8037204867,5827586492,1347673,5251358
51612,11,9,9010101,Elsenstra·e,2019,12,10,7,3,3,6,0,0,1,0,0,0,0,1,8028414141,5825466055,1346189,5249507
51613,11,10,10010308,Marzahner Chaussee,2019,5,22,4,2,0,1,2,1,0,0,0,0,0,0,808205888,5827481044,1354252,5251012
51614,11,12,12103219,SchÑfersee,2019,7,12,3,3,6,4,0,1,0,1,0,0,0,0,7957596226,5832647769,1336427,5256333
51615,11,4,4030622,Richard-Wagner-Stra·e,2019,3,11,7,3,2,6,0,0,1,0,0,0,0,0,7919467059,5826608948,1330288,5251125
51616,11,3,3061332,Helmholtzplatz,2019,11,22,6,2,6,7,2,0,1,1,0,0,0,1,7992324818,5830360912,1341329,5254093
51617,11,7,7010104,Dennewitzplatz,2019,11,16,3,3,3,6,2,0,1,0,1,0,0,0,7960023744,582460671,1336068,5249112
51618,11,1,1011102,Gro·er Tiergarten,2019,7,18,3,3,5,2,0,1,1,0,0,0,0,0,796448883,5827390066,1336972,5251582
51619,11,4,4010101,Jungfernheide,2019,3,14,7,2,2,6,0,0,1,0,0,0,0,0,790528039,582862317,1328379,5253006
51620,11,4,4010101,Jungfernheide,2019,10,20,5,3,2,6,2,0,1,0,0,0,0,0,7906496229,5828805552,1328574,5253164
51621,11,10,10040933,Mahlsdorf SÅd,2019,8,10,4,3,2,6,0,0,0,0,0,1,1,0,8135171685,5827163631,1362023,5250425
51623,11,2,2050601,Hausburgviertel,2019,5,18,4,3,5,2,0,1,1,0,0,0,0,0,80168143,5828880887,1344795,5252632
51624,11,6,6040703,Nikolassee,2019,9,16,4,3,0,7,0,0,1,0,0,0,0,1,7852967529,58181266,131979,5243872
51625,11,2,2040703,Wriezener Bahnhof/Entwicklungsgebiet,2019,7,1,3,3,6,4,2,0,1,1,0,0,0,0,8018326717,582640621,1344793,5250405
51626,11,10,10010310,Alt-Marzahn,2019,3,16,7,3,2,4,0,0,1,1,0,1,0,0,8077419955,583056899,1353857,5253806
51627,11,2,2050602,Samariterviertel,2019,6,11,6,3,6,4,0,1,0,1,0,0,0,0,802965243,5827663582,1346571,5251469
51628,11,1,1011105,Nîrdlicher Landwehrkanal,2019,8,10,4,2,6,4,0,1,0,1,0,0,0,0,7967537114,5826688729,1337357,5250937
51629,11,7,7050502,Fritz-Werner-Stra·e,2019,12,22,6,3,0,1,2,0,0,0,1,0,0,0,798587065,5817928991,1339267,5242985
51630,11,1,1011102,Gro·er Tiergarten,2019,5,11,3,3,0,7,0,1,0,0,0,0,0,0,7963419513,5827359311,1336812,5251561
51631,11,3,3040818,Pankow SÅd,2019,7,17,2,3,2,6,0,0,1,0,0,0,1,0,800068211,5833964478,1342884,5257277
51632,11,6,6040701,Wannsee,2019,3,21,7,3,5,3,2,0,1,0,0,0,1,0,7838720709,5815945427,1317514,524199
51633,11,2,2050602,Samariterviertel,2019,11,3,7,3,5,3,2,0,1,0,0,0,1,1,8033143808,5827611864,1347079,5251404
51634,11,2,2010101,Askanischer Platz,2019,7,17,2,3,2,6,0,0,1,0,0,0,0,0,7972894801,5825592967,1338047,5249926
51635,11,4,4041134,Bismarckallee,2019,3,13,6,3,3,6,0,0,1,0,0,0,1,0,7906641556,5824993776,1328262,5249745
51636,11,2,2050602,Samariterviertel,2019,10,18,6,3,5,2,2,0,1,0,0,0,0,1,8021469379,582774422,1345376,5251587
51637,11,1,1011202,Unter den Linden Nord,2019,8,10,4,3,3,6,0,1,1,0,0,0,0,0,7977990545,5827595386,1338974,5251693
51639,11,3,3061429,Greifswalder Stra·e,2019,5,19,3,3,3,6,1,1,0,0,0,0,0,0,8009850514,5830503538,1343919,5254125
51640,11,12,12301203,Wittenau SÅd,2019,7,12,2,3,5,3,0,1,1,0,0,0,0,0,7935525689,5835835292,1333463,525931
51641,11,2,2040501,Barnimkiez,2019,3,7,6,2,3,5,0,1,0,0,0,1,0,0,799825808,5828730512,1342054,5252599
51642,11,5,5020524,Weinmeisterhornweg,2019,11,17,2,2,6,4,2,0,1,1,0,0,0,1,783517187,582671515,1317909,5251665
51643,11,10,10010206,Ringkolonnaden,2019,6,21,3,2,2,6,2,0,1,0,0,0,0,0,8083235527,5832068282,1354851,5255117
51644,11,11,11030721,RÅdigerstra·e,2019,8,20,3,3,5,2,1,1,1,0,0,0,0,0,8042468861,5827532079,1348442,525128
51645,11,2,2010101,Askanischer Platz,2019,12,18,6,3,3,6,2,0,1,0,1,0,0,1,797270414,5825597445,1338019,5249931
51646,11,3,3020209,Niederschînhausen,2019,7,10,2,3,1,5,0,1,1,0,0,0,0,0,7982561563,5834745759,1340288,5258077
51647,11,7,7050502,Fritz-Werner-Stra·e,2019,9,12,4,3,0,1,0,0,0,0,1,0,0,1,7974805118,5817992549,133765,5243102
51648,11,7,7050506,Birnhornweg,2019,3,4,6,3,1,5,2,0,1,0,0,0,0,0,7987619309,5817448101,133948,5242544
51649,11,11,11030721,RÅdigerstra·e,2019,10,15,2,3,2,6,0,0,1,0,0,0,0,0,8044638903,5827510012,1348758,5251248
51650,11,4,4041134,Bismarckallee,2019,8,17,3,3,2,6,0,0,1,0,0,0,0,0,790928519,58246839,1328623,5249454
51651,11,7,7050502,Fritz-Werner-Stra·e,2019,7,11,2,3,5,3,0,0,1,0,0,0,0,0,7975503388,5818305246,133778,5243379
51652,11,3,3071639,Bîtzowstra·e,2019,3,12,6,3,6,4,0,0,1,1,0,0,0,0,8003024708,5829454412,134282,5253222
51653,11,7,7010104,Dennewitzplatz,2019,10,21,7,2,3,6,2,1,1,0,0,0,0,1,7960062673,5825100501,1336118,5249554
51654,11,9,9020601,Schnellerstra·e,2019,6,12,7,3,2,2,0,0,1,0,0,0,1,0,806743136,5821017248,1351509,5245302
51655,11,4,4010101,Jungfernheide,2019,8,14,3,3,2,6,0,0,1,0,0,0,0,0,7915253342,5830618584,133002,5254742
51657,11,7,7050502,Fritz-Werner-Stra·e,2019,5,18,3,3,5,2,0,1,1,0,0,0,0,0,7975601968,5818348521,1337798,5243417
51658,11,6,6040702,DÅppel,2019,3,20,5,3,2,6,2,0,1,0,0,0,0,0,7851834067,5816009336,1319443,5241979
51659,11,12,12103115,Breitkopfbecken,2019,11,14,3,3,2,6,0,0,1,0,0,0,0,0,7953543248,5833735888,1335928,525733
51660,11,3,3061131,Falkplatz,2019,5,17,3,3,0,6,0,0,1,0,0,0,1,0,7991473902,5830774018,1341241,5254468
51661,11,4,4020313,Kînigin-Elisabeth-Stra·e,2019,12,12,1,3,2,6,0,0,1,0,0,0,0,0,7906761609,5827056134,132846,5251594
51662,11,7,7070706,Horstwalder Stra·e/Paplitzer Stra·e,2019,7,11,2,3,5,3,0,1,0,0,0,0,0,0,800144919,5813083223,1341117,5238556
51663,11,12,12214527,Alt-Tegel,2019,3,15,5,2,2,6,0,0,1,0,0,0,0,0,7906881414,5834901369,1329164,5258626
51664,11,2,2010101,Askanischer Platz,2019,10,18,3,3,5,3,1,1,1,0,0,0,0,0,7970334452,5825871963,1337695,525019
51665,11,4,4030623,Ernst-Reuter-Platz,2019,8,9,3,3,5,5,0,0,1,0,0,0,0,0,7935301804,5826879716,1332638,5251283
51667,11,12,12301203,Wittenau SÅd,2019,9,11,4,3,2,6,0,0,1,0,0,0,1,1,7934615389,5835935336,1333338,5259404
51668,11,1,1044102,Schillerpark,2019,7,9,2,2,5,3,0,1,1,0,0,0,0,0,7958775628,5832065929,1336549,5255805
51669,11,2,2050602,Samariterviertel,2019,3,13,5,3,2,6,0,0,1,0,0,0,0,0,8035758673,5827599493,1347462,5251378
51670,11,1,1011303,Alexanderplatzviertel,2019,9,15,7,3,2,6,0,0,1,0,1,0,0,1,7997802054,582859332,1341975,5252479
51671,11,2,2050602,Samariterviertel,2019,6,16,3,2,0,6,0,0,1,0,1,0,0,0,8031583383,5827627271,1346851,5251426
51672,11,7,7030303,Grazer Platz,2019,8,18,3,3,2,6,0,0,1,0,0,0,0,0,7956958197,582315798,133549,524783
51673,11,2,2050602,Samariterviertel,2019,12,7,4,3,5,2,2,1,1,0,0,0,0,0,8025894725,5827701802,1346022,5251525
51674,11,4,4020310,Park Ruhwald,2019,5,13,3,3,3,6,0,0,1,0,0,1,0,0,79046279,5828451014,1328268,5252856
51675,11,2,2050803,Stralauer Kiez,2019,7,15,2,3,0,5,0,1,0,0,0,0,1,0,8028313065,5825819702,1346206,5249824
51676,11,7,7020202,Volkspark (Rudolf-Wilde-Park),2019,3,8,5,2,5,2,0,0,1,0,1,0,0,0,7953404482,5823460913,1334995,524812
51677,11,12,12302212,Rollbergesiedlung,2019,11,6,4,2,6,2,2,0,1,1,0,0,0,0,7927266964,5837425986,1332388,526078
51678,11,6,6030503,Zehlendorf Mitte,2019,11,13,1,3,5,3,0,0,1,0,0,0,0,0,7901633678,5818265487,1326941,524374
51679,11,1,1011303,Alexanderplatzviertel,2019,7,14,2,3,0,1,0,1,0,0,0,0,0,0,7991648063,5828336733,1341048,5252283
51680,11,3,3040818,Pankow SÅd,2019,3,8,4,3,2,6,0,1,1,0,0,0,0,0,7989815646,583252515,1341155,5256047
51681,11,3,3010104,Lietzengraben,2019,10,19,4,3,0,7,2,0,1,0,0,0,0,1,8006152918,5838918414,1344138,5261687
51682,11,4,4061757,Forst Grunewald,2019,8,18,3,3,3,6,0,0,1,0,0,0,0,0,7884034015,5822716164,1324744,5247823
51684,11,1,1011102,Gro·er Tiergarten,2019,5,9,3,3,3,6,0,1,0,0,0,0,0,0,7963951068,5827381123,1336892,5251577
51685,11,4,4030724,Lietzensee,2019,9,11,4,3,2,6,0,0,1,0,0,0,0,1,7907501952,5826318491,1328504,5250928
51686,11,3,3061332,Helmholtzplatz,2019,6,18,1,3,5,2,0,1,1,0,0,0,0,0,7999694387,5830202222,1342398,5253911
51687,11,3,3030716,MÑrchenland,2019,3,12,4,2,4,6,0,0,1,0,0,0,0,0,8036179172,5833949872,1348104,5257067
51688,11,2,2020202,Rathaus Yorckstra·e,2019,6,18,5,3,3,6,0,0,0,0,1,0,1,0,7978889733,5825475097,1338917,5249787
51689,11,12,12301205,Waidmannslust,2019,8,9,3,2,5,3,0,0,1,0,1,0,0,0,7923668111,5837742379,1331886,5261083
51690,11,3,3061332,Helmholtzplatz,2019,12,16,3,3,1,5,2,1,0,0,0,0,1,1,7994085844,5830311762,1341584,525404
51691,11,3,3040818,Pankow SÅd,2019,5,7,3,3,5,2,0,1,1,0,0,0,0,0,7989860517,5832517149,1341161,525604
51692,11,10,10040830,Kaulsdorf SÅd,2019,6,12,1,3,2,6,0,0,1,0,0,0,0,0,8108704032,5827099286,135813,5250519
51693,11,7,7050502,Fritz-Werner-Stra·e,2019,9,15,4,3,3,6,0,0,0,0,0,1,1,1,797907708,5818832246,1338351,5243832
51694,11,4,4051656,Hildegardstra·e,2019,9,7,3,3,2,6,0,0,1,0,0,0,0,0,79342849,5822988127,1332146,52478
51695,11,3,3010104,Lietzengraben,2019,6,11,1,3,2,6,0,0,1,0,0,0,0,0,8008823927,5838672216,1344509,5261452
51696,11,2,2050601,Hausburgviertel,2019,3,8,3,3,5,2,0,1,1,0,0,0,0,0,8016435413,5828891937,134474,5252644
51697,11,4,4020314,MessegelÑnde,2019,9,15,1,3,9,1,0,0,1,0,0,0,0,1,7900140486,5825102082,1327316,5249877
51698,11,1,1011202,Unter den Linden Nord,2019,6,12,4,3,3,6,0,1,0,0,0,0,1,0,7973330537,5827548511,1338285,5251676
51699,11,4,4020313,Kînigin-Elisabeth-Stra·e,2019,8,9,3,3,5,2,0,0,1,0,0,0,0,0,7905277224,5826395576,1328184,5251009
51700,11,7,7050501,Rathausstra·e,2019,12,17,6,3,2,6,2,0,1,0,0,0,0,0,7979534285,5820021885,1338524,5244896
51701,11,1,1011204,Leipziger Stra·e,2019,5,14,3,3,5,3,0,0,1,0,0,0,1,0,7987744349,5827160772,1340368,525125
51702,11,7,7030303,Grazer Platz,2019,6,1,7,3,8,1,2,0,1,0,0,0,0,0,795712025,5823161087,1335514,5247831
51703,11,2,2020202,Rathaus Yorckstra·e,2019,3,8,3,2,1,5,0,0,1,0,1,0,0,0,7977843283,5825472631,1338763,5249791
51704,11,4,4020314,MessegelÑnde,2019,11,23,5,3,3,6,2,0,1,0,0,0,0,0,7905351799,58257344,1328137,5250416
51705,11,6,6040703,Nikolassee,2019,8,16,2,3,2,6,0,0,1,0,0,0,0,0,7870094824,5820634871,1322518,5246031
51706,11,1,1033203,Humboldthain Nordwest,2019,11,11,3,3,2,2,0,0,1,0,0,1,0,0,7962002701,5830207888,1336858,5254122
51707,11,7,7050506,Birnhornweg,2019,6,23,6,3,3,6,2,0,1,0,1,0,0,0,7988621628,5817210354,1339606,5242326
51708,11,2,2050602,Samariterviertel,2019,3,15,3,3,6,6,0,1,0,1,0,0,0,0,8030580482,5827654155,1346706,5251456
51709,11,12,12302212,Rollbergesiedlung,2019,10,11,5,3,2,6,0,0,1,0,0,0,0,0,7928159013,583728575,1332507,526065
51710,11,2,2040703,Wriezener Bahnhof/Entwicklungsgebiet,2019,8,17,2,3,4,6,0,1,0,0,0,0,0,0,8018406426,5826428535,1344806,5250425
51712,11,10,10030726,Alt-Biesdorf,2019,5,13,2,3,3,6,0,0,1,0,1,0,0,0,8087328884,5827423002,1355021,525093
51713,11,7,7050502,Fritz-Werner-Stra·e,2019,9,14,3,3,0,7,0,0,0,1,0,0,1,0,797847059,5818950959,1338273,5243941
51714,11,1,1011303,Alexanderplatzviertel,2019,6,10,6,3,5,2,0,1,1,0,0,0,0,0,7991300005,5827673989,1340937,525169
51715,11,1,1011204,Leipziger Stra·e,2019,3,9,2,2,6,4,0,0,0,1,0,0,1,0,7979165581,5826875486,1339082,5251041
51716,11,1,1011102,Gro·er Tiergarten,2019,6,16,5,3,1,5,0,1,1,0,0,0,0,0,7966852359,5827430174,1337323,5251605
51717,11,9,9010401,Johannisthal West,2019,8,17,2,3,3,6,0,0,1,0,1,0,0,0,8053530342,5819077259,1349292,5243641
51718,11,3,3061332,Helmholtzplatz,2019,12,16,6,3,6,2,1,0,1,1,0,0,0,0,7999924904,5830221621,1342434,5253927
51719,11,10,10010207,Marzahner Promenade,2019,5,13,2,3,0,1,0,1,0,0,0,0,0,0,807885269,5831010476,1354108,5254193
51720,11,5,5020629,Bîrnicker Stra·e,2019,6,16,6,2,4,6,0,1,0,0,0,0,0,0,7857570176,5826116078,132115,5251011
51721,11,7,7060601,Marienfelder Allee Nordwest,2019,9,12,3,3,5,2,0,0,1,0,1,0,0,0,7971162149,58169495,1337023,5242187
51722,11,2,2050602,Samariterviertel,2019,11,17,6,3,0,1,2,0,0,0,1,0,0,1,803085262,5827634511,1346744,5251437
51723,11,4,4010101,Jungfernheide,2019,6,16,6,3,2,6,0,0,1,0,0,0,0,0,7913689245,5830210337,1329754,5254384
51724,11,2,2020202,Rathaus Yorckstra·e,2019,9,20,5,3,1,5,2,1,1,0,0,0,0,1,797500375,5825541444,1338352,5249868
51725,11,7,7020203,Kaiser-Wilhelm-Platz,2019,3,15,2,3,2,6,0,0,1,0,0,0,0,1,7952423605,5823551714,1334859,5248207
51726,11,11,11010101,Dorf Malchow,2019,10,20,5,2,0,7,2,1,0,0,0,0,0,1,8036748878,583518018,1348301,5258167
51727,11,12,12302211,LÅbarser Stra·e,2019,8,15,2,3,2,6,0,0,1,0,0,0,0,0,793322431,5836598829,1333192,5260007
51729,11,1,1011303,Alexanderplatzviertel,2019,5,6,2,3,2,6,0,0,1,0,0,0,0,0,7997644811,5828631767,1341955,5252514
51730,11,7,7040405,Rathaus Tempelhof,2019,6,7,6,2,3,7,0,0,1,0,0,0,0,0,7993481321,5821553096,1340707,5246192
51731,11,8,8020619,Buschkrugallee Nord,2019,3,7,2,3,2,6,0,0,1,0,0,0,0,0,8018232025,5821815812,1344363,5246291
51732,11,12,12103115,Breitkopfbecken,2019,11,18,2,3,6,2,2,0,1,1,0,0,0,1,7953375764,5833744481,1335904,5257339
51733,11,4,4020208,Kranzallee,2019,6,14,1,2,4,7,0,0,1,0,0,0,0,0,787380774,5825874565,1323515,5250709
51734,11,7,7030303,Grazer Platz,2019,8,15,2,3,8,1,0,0,1,0,0,0,0,0,7962473251,5822702136,1336259,5247391
51735,11,3,3040614,Pankow Zentrum,2019,12,9,5,3,2,6,0,0,1,0,0,0,0,0,7985584412,5833142407,1340588,5256623
51736,11,4,4010102,Plîtzensee,2019,6,7,6,3,3,6,0,0,1,0,0,0,1,0,7930066512,5829567107,1332106,525372
51737,11,7,7040405,Rathaus Tempelhof,2019,9,8,2,3,2,6,0,0,1,0,1,0,0,0,7991347252,5821626527,1340401,524627
51738,11,3,3040818,Pankow SÅd,2019,3,6,2,2,5,3,1,1,1,0,0,0,0,0,8000911576,5834035624,1342924,525734
51739,11,2,2050602,Samariterviertel,2019,10,1,1,3,8,1,2,0,1,0,0,0,0,0,8022581951,582772061,1345537,525156
51740,11,4,4020311,Reichsstra·e,2019,8,15,2,3,5,3,0,1,0,0,0,0,0,0,7891529582,5826158183,1326143,525087
51741,11,2,2040502,Friedenstra·e,2019,6,16,5,1,6,4,0,0,1,1,0,0,0,0,8011175862,5827836882,1343872,5251727
51742,11,4,4020313,Kînigin-Elisabeth-Stra·e,2019,3,10,2,3,5,2,0,0,1,0,0,0,0,0,7905309694,5826396121,1328189,525101
51743,11,4,4041133,GÅterbahnhof Grunewald,2019,10,15,6,3,2,6,0,0,1,0,0,0,0,1,790563932,5825164603,132813,5249904
51744,11,7,7040406,Germaniagarten,2019,6,14,6,2,2,6,0,0,1,0,0,0,0,0,8001607262,5821487491,1341894,5246089
51745,11,3,3071633,ThÑlmannpark,2019,8,14,2,3,3,6,0,0,1,0,0,0,0,0,8002445434,5830074533,1342791,5253781
51747,11,1,1011304,Karl-Marx-Allee,2019,5,20,1,3,5,3,1,1,1,0,0,0,0,0,8000216778,5828096112,1342285,525202
51748,11,1,1011303,Alexanderplatzviertel,2019,3,12,7,3,2,7,0,1,1,0,0,0,1,0,7989209609,5828128171,134067,5252109
51749,11,2,2050602,Samariterviertel,2019,11,17,2,2,6,4,2,0,1,1,0,0,0,0,8022893182,5827717176,1345583,5251555
51750,11,7,7040401,Neu-Tempelhof,2019,5,14,1,3,3,6,0,0,1,0,1,0,0,0,7978107131,5823117125,1338591,5247678
51751,11,1,1011105,Nîrdlicher Landwehrkanal,2019,11,11,7,3,6,4,0,0,1,1,0,0,0,0,7967782369,5826693333,1337394,525094
51752,11,4,4030622,Richard-Wagner-Stra·e,2019,6,18,5,3,6,7,0,0,1,1,0,0,0,0,7922536645,5826682156,1330745,5251174
51753,11,5,5020628,Graetschelsteig,2019,3,14,7,3,3,6,0,0,1,0,0,0,0,1,7839973434,5826585762,1318604,5251524
51754,11,10,10030726,Alt-Biesdorf,2019,10,7,2,3,5,7,0,1,1,0,0,0,0,0,8087556146,582743969,1355056,5250944
51755,11,7,7020203,Kaiser-Wilhelm-Platz,2019,8,19,2,3,1,5,0,1,1,0,0,0,0,0,7955805488,5823905614,1335387,5248506
51757,11,1,1033203,Humboldthain Nordwest,2019,6,10,5,2,5,2,0,1,1,0,0,0,0,0,796343923,5830077937,1337057,5253997
51758,11,11,11030721,RÅdigerstra·e,2019,3,15,7,2,5,3,0,1,1,0,0,0,0,1,8037680941,5827581823,1347743,5251352
51759,11,4,4030622,Richard-Wagner-Stra·e,2019,6,18,2,3,0,7,0,0,0,0,1,0,0,1,7927402784,5826763643,1331467,5251221
51760,11,3,3061434,Anton-Saefkow-Park,2019,8,13,2,3,5,3,0,1,1,0,0,0,0,0,8008996528,5830368747,1343781,5254008
51761,11,7,7040403,Manteuffelstra·e,2019,12,5,3,3,3,6,2,0,1,0,0,1,0,1,7970615637,582235878,1337424,5247039
51762,11,10,10010308,Marzahner Chaussee,2019,5,14,1,2,2,2,0,0,1,0,1,0,0,0,8079730501,582745815,1353908,5251005
51763,11,2,2020202,Rathaus Yorckstra·e,2019,6,22,5,2,0,7,2,1,0,0,0,0,0,0,7974242517,5825533618,1338239,5249865
51764,11,4,4020310,Park Ruhwald,2019,3,17,7,3,2,6,1,0,1,0,0,0,0,1,7904546119,5827635375,1328185,5252125
51765,11,10,10010102,Havemannstra·e,2019,11,20,3,2,6,7,2,0,0,1,0,0,1,0,8094381075,5834508785,1356717,5257241
51766,11,3,3061228,Erich-Weinert-Stra·e,2019,11,20,7,3,2,7,2,0,1,0,1,0,0,0,8002665907,5831419837,1342945,5254986