OBJECTID,LAND,BEZ,LOR,STRASSE,UJAHR,UMONAT,USTUNDE,UWOCHENTAG,UKATEGORIE,UART,UTYP1,ULICHTVERH,IstRad,IstPKW,IstFuss,IstKrad,IstGkfz,IstSonstige,USTRZUSTAND,LINREFX,LINREFY,XGCSWGS84,YGCSWGS84
51767,11,2,2050602,Samariterviertel,2019,6,7,5,3,3,6,0,1,0,0,0,0,0,0,8033989906,5827603219,1347202,5251391
51768,11,3,3050925,Komponistenviertel Wei·ensee,2019,3,8,6,3,3,6,0,1,1,0,0,0,0,1,8015554789,5831202207,1344821,5254719
51769,11,8,8020619,Buschkrugallee Nord,2019,10,14,3,2,3,6,0,0,1,0,0,1,0,0,802041149,5821834953,1344685,5246296
51770,11,3,3061126,Arnimplatz,2019,8,7,2,3,6,4,0,1,0,1,0,0,0,1,7992150471,5831327486,1341391,5254961
51772,11,1,1011304,Karl-Marx-Allee,2019,5,22,7,3,5,3,2,1,1,0,0,0,0,0,8000011693,5828076528,1342253,5252003
51773,11,6,6040703,Nikolassee,2019,6,15,5,2,1,7,0,0,1,0,0,0,0,0,7844363142,5815847251,1318334,5241873
51774,11,12,12103219,SchÑfersee,2019,3,11,6,3,6,7,0,0,1,1,0,0,0,0,7956979534,5832843843,1336354,5256512
51775,11,2,2050801,Traveplatz,2019,11,18,5,3,3,6,2,1,0,0,0,0,1,1,8021485585,5827565454,1345362,5251427
51776,11,7,7040405,Rathaus Tempelhof,2019,6,14,5,3,2,6,0,0,1,0,1,0,0,0,7991162572,5821698347,134038,5246335
51777,11,9,9010101,Elsenstra·e,2019,8,22,1,3,2,6,2,0,1,0,0,0,0,1,8025937958,5825111505,1345793,5249203
51778,11,1,1033203,Humboldthain Nordwest,2019,12,18,3,3,2,6,2,0,1,0,0,0,0,0,796187744,5830191845,1336838,5254108
51779,11,3,3040818,Pankow SÅd,2019,6,8,5,3,2,6,0,0,1,0,1,0,0,0,7990294043,5832440163,1341218,5255968
51780,11,4,4020208,Kranzallee,2019,10,19,5,3,7,7,2,0,1,0,0,0,1,0,7883730205,5826034533,1324987,52508
51781,11,1,1033203,Humboldthain Nordwest,2019,6,23,4,3,5,3,2,0,1,0,0,0,0,0,796200945,5830200858,1336858,5254115
51782,11,9,9020601,Schnellerstra·e,2019,9,16,5,3,0,7,0,1,0,0,0,0,0,0,8056674643,5822054261,1350026,5246291
51783,11,3,3051017,Rennbahnstra·e,2019,3,14,6,3,4,5,0,0,1,0,0,0,1,1,8028787741,5833097358,1346939,5256344
51784,11,1,1011201,Wilhelmstra·e,2019,10,14,4,3,5,2,0,1,0,0,0,0,1,0,7969524059,5826724472,1337652,5250958
51785,11,1,1011303,Alexanderplatzviertel,2019,8,21,1,3,5,3,2,0,1,0,0,0,1,0,7988090356,5827996493,1340494,5251997
51787,11,2,2020202,Rathaus Yorckstra·e,2019,5,13,7,3,5,2,0,1,1,0,0,0,0,0,7978989333,5825429765,1338927,5249746
51788,11,12,12103219,SchÑfersee,2019,6,16,4,3,0,5,0,1,0,0,0,0,1,0,7956824422,5832918224,1336338,5256579
51789,11,4,4020313,Kînigin-Elisabeth-Stra·e,2019,3,12,6,3,2,6,0,0,1,0,0,0,1,0,7906102346,5827223146,1328377,5251747
51790,11,1,1011102,Gro·er Tiergarten,2019,11,14,7,3,5,2,0,0,1,0,0,0,0,1,796453881,5827390807,1336979,5251583
51791,11,3,3071639,Bîtzowstra·e,2019,6,0,7,3,2,7,2,1,1,0,0,0,0,0,8002930471,5829439337,1342805,5253209
51792,11,4,4020208,Kranzallee,2019,12,7,4,3,5,3,0,0,1,0,0,0,0,1,7883564062,5826031855,1324962,5250799
51793,11,3,3020209,Niederschînhausen,2019,6,15,4,3,2,6,0,0,1,0,0,0,0,0,7979699946,5834305932,1339827,5257699
51794,11,3,3071639,Bîtzowstra·e,2019,3,11,6,3,5,2,0,1,1,0,0,0,0,0,80037086,5829563819,1342931,5253316
51795,11,4,4030417,Schlo·stra·e,2019,10,14,6,3,5,3,0,1,1,0,0,0,0,0,7915688779,5826566607,1329729,5251107
51796,11,3,3040614,Pankow Zentrum,2019,8,8,1,2,0,1,0,1,0,0,0,0,0,1,7986272403,5833015072,1340678,5256506
51797,11,1,1011303,Alexanderplatzviertel,2019,6,14,4,3,6,7,0,0,1,1,0,0,0,0,799196968,5828373541,1341098,5252314
51798,11,2,2050602,Samariterviertel,2019,3,18,5,3,0,6,2,0,1,0,1,0,0,1,8021143166,5827861156,1345338,5251694
51799,11,6,6010102,Schlo·stra·e,2019,10,17,5,3,2,6,2,0,1,0,0,0,0,0,7934966517,5820406005,1332019,5245481
51800,11,12,12301203,Wittenau SÅd,2019,6,14,4,3,2,6,0,0,1,0,1,0,0,0,7934777967,5835916491,133336,5259387
51801,11,1,1044102,Schillerpark,2019,9,15,5,3,5,3,0,1,1,0,0,0,0,0,795861876,5832068328,1336526,5255808
51802,11,7,7030303,Grazer Platz,2019,3,20,5,3,3,2,2,0,1,0,0,0,0,1,7957089189,5823145272,1335508,5247817
51803,11,11,11030721,RÅdigerstra·e,2019,10,13,5,3,5,2,0,0,1,0,0,0,0,0,804172065,5827539743,1348332,5251291
51804,11,10,10010310,Alt-Marzahn,2019,8,8,1,2,0,7,0,0,1,0,0,0,0,1,8076857674,5830275576,1353747,5253546
51806,11,7,7040401,Neu-Tempelhof,2019,5,17,7,3,6,7,0,0,1,1,0,0,0,1,7977769441,5823516879,1338577,5248038
51807,11,10,10010207,Marzahner Promenade,2019,6,13,4,3,5,3,0,0,1,0,0,0,0,0,807965934,5831210966,1354245,5254369
51808,11,3,3061332,Helmholtzplatz,2019,3,20,5,3,5,2,2,1,1,0,0,0,0,1,7999953404,5830193596,1342436,5253901
51809,11,9,9010101,Elsenstra·e,2019,11,3,1,2,5,3,2,1,1,0,0,0,0,0,8025867331,5825078403,134578,5249173
51810,11,12,12103218,Teichstra·e,2019,6,22,7,3,2,6,2,0,1,0,0,0,1,0,7949679907,5833754412,1335361,5257368
51811,11,11,11041027,Tierpark,2019,8,6,7,3,2,6,0,0,1,0,0,0,1,0,8070115851,5827382533,1352489,5250991
51812,11,3,3071638,Winsstra·e,2019,12,15,5,3,5,2,0,0,1,0,0,0,1,0,800041508,5828989963,1342395,525282
51813,11,4,4010101,Jungfernheide,2019,6,13,4,3,5,3,0,0,1,0,0,1,0,0,7906692166,5828852893,1328607,5253205
51814,11,7,7030303,Grazer Platz,2019,3,15,5,3,2,6,0,0,1,0,0,0,0,1,7951848199,5822467795,1334678,5247238
51815,11,2,2050602,Samariterviertel,2019,10,19,7,3,2,6,2,0,1,0,1,0,0,0,8030623053,5827653723,1346712,5251455
51816,11,7,7070701,Kettinger Stra·e/Schillerstra·e,2019,8,9,7,3,0,5,0,0,1,0,0,0,0,0,7992416791,5816300144,1340081,5241489
51817,11,3,3010104,Lietzengraben,2019,6,12,4,3,3,6,0,0,1,0,0,0,0,0,8010862854,5838395945,1344784,5261193
51818,11,3,3061131,Falkplatz,2019,3,4,4,3,5,2,2,0,1,0,0,1,0,1,7991631003,5830601119,1341249,5254312
51819,11,7,7060604,Marienfelde SÅd,2019,10,6,4,3,6,7,2,1,0,1,0,0,0,1,796533241,5815693925,1336057,5241093
51820,11,9,9010202,Kîpenicker Landstra·e,2019,6,6,5,3,5,3,0,0,1,0,0,0,0,0,8041043832,5824364862,1347943,524845
51821,11,1,1044102,Schillerpark,2019,8,18,7,3,5,3,0,0,1,0,0,0,0,0,795879195,5832056529,133655,5255796
51822,11,3,3061434,Anton-Saefkow-Park,2019,12,6,7,2,5,3,2,1,1,0,0,0,0,1,8008446477,5830326904,1343696,5253974
51823,11,10,10040830,Kaulsdorf SÅd,2019,5,10,7,3,6,2,0,0,1,1,0,0,0,0,8108770819,5827088089,1358139,5250509
51824,11,4,4010101,Jungfernheide,2019,3,12,4,2,3,6,0,0,1,0,0,1,0,0,7907184837,5828897653,1328683,5253242
51825,11,1,1011102,Gro·er Tiergarten,2019,11,14,1,3,6,7,0,0,0,1,0,0,1,0,7960390793,5827321099,1336364,5251543
51826,11,7,7030303,Grazer Platz,2019,5,9,6,2,2,6,0,0,1,0,1,0,0,0,7963155613,5822674788,1336357,5247363
51827,11,4,4020311,Reichsstra·e,2019,11,16,6,3,2,6,2,0,1,0,1,0,0,0,7901915075,5826320649,1327683,525096
51828,11,9,9010302,SpÑthsfelde,2019,6,10,4,3,2,6,0,0,1,0,0,0,0,0,8028552671,5821389311,1345839,5245852
51829,11,3,3040818,Pankow SÅd,2019,3,14,4,3,5,3,0,1,1,0,0,0,0,0,7987727797,5832845876,1340877,5256346
51830,11,1,1011303,Alexanderplatzviertel,2019,10,22,2,3,5,2,2,0,1,0,0,0,1,0,7987977584,5828013255,1340479,5252013
51831,11,7,7020202,Volkspark (Rudolf-Wilde-Park),2019,8,8,6,3,6,2,0,0,0,1,0,0,1,0,795225438,5823516568,1334831,5248176
51833,11,10,10010102,Havemannstra·e,2019,5,17,6,2,6,4,0,0,1,1,0,0,0,0,8094053473,5834433224,1356662,5257175
51834,11,2,2010101,Askanischer Platz,2019,6,20,3,3,5,2,0,1,1,0,0,0,0,0,7978502547,5825505588,1338862,5249817
51835,11,2,2050803,Stralauer Kiez,2019,3,18,4,3,3,7,1,1,0,0,0,0,0,0,801820579,5826233408,1344759,5250251
51836,11,12,12301203,Wittenau SÅd,2019,6,14,2,3,5,2,0,0,0,0,0,0,1,0,7936245902,5835746789,1333561,5259226
51837,11,9,9020601,Schnellerstra·e,2019,8,15,6,3,5,3,0,1,1,0,0,0,0,0,8055660483,582215235,1349886,5246385
51838,11,2,2050601,Hausburgviertel,2019,12,7,2,3,5,3,1,0,1,0,0,0,1,0,801649818,5828881302,1344749,5252634
51839,11,4,4020311,Reichsstra·e,2019,5,13,6,3,2,6,0,0,1,0,1,0,0,0,7896898023,5826244859,132694,5250919
51840,11,1,1033203,Humboldthain Nordwest,2019,6,12,3,3,2,6,0,0,1,0,1,0,0,0,7961900571,5830189938,1336841,5254106
51841,11,1,1033203,Humboldthain Nordwest,2019,3,19,4,3,2,1,2,0,1,0,0,0,0,1,7961995866,583020727,1336857,5254121
51842,11,3,3040818,Pankow SÅd,2019,11,12,3,2,6,3,0,0,1,1,0,0,0,0,8001620904,5832358348,1342876,5255833
51843,11,12,12304314,Ziekowstra·e/Freie Scholle,2019,11,9,6,3,5,3,0,0,1,0,0,1,0,1,790296294,5835658787,1328654,5259326
51844,11,9,9020601,Schnellerstra·e,2019,6,10,3,3,6,7,0,0,1,1,0,0,0,0,8063651115,5821364634,1350986,5245634
51845,11,7,7040402,Lindenhofsiedlung,2019,3,17,3,3,2,6,1,0,1,0,0,0,0,0,7964015823,5822622724,1336478,5247311
51846,11,1,1011303,Alexanderplatzviertel,2019,10,12,2,3,3,5,0,1,1,0,0,0,0,0,7993274473,5827976894,1341254,5251951
51847,11,12,12301203,Wittenau SÅd,2019,8,15,6,3,5,3,0,1,1,0,0,0,0,0,7940589855,5835089782,1334142,5258614
51849,11,3,3061126,Arnimplatz,2019,5,15,5,3,5,2,0,1,0,0,0,1,0,0,799220299,5831446957,1341409,5255067
51850,11,2,2050803,Stralauer Kiez,2019,6,10,3,3,3,2,0,0,1,0,1,0,0,0,802364948,5826026878,134554,5250036
51851,11,2,2050602,Samariterviertel,2019,3,10,3,3,5,2,0,1,1,0,0,0,0,1,8025920568,582770153,1346026,5251524
51852,11,7,7060603,Marienfelde Nordost,2019,11,12,4,3,2,6,0,0,1,0,0,1,0,1,797410563,5817681447,1337519,5242827
51853,11,5,5020524,Weinmeisterhornweg,2019,6,14,4,3,2,6,0,0,1,0,0,0,1,0,7835850389,5826696579,1318007,5251645
51854,11,4,4020208,Kranzallee,2019,8,8,6,3,2,6,0,0,1,0,0,0,1,0,7873960225,5825877046,1323537,525071
51855,11,7,7040402,Lindenhofsiedlung,2019,12,15,2,3,2,6,1,0,1,0,0,0,0,1,7965070734,5822553084,1336627,5247243
51856,11,9,9020601,Schnellerstra·e,2019,6,9,3,2,5,2,0,1,1,0,0,0,0,0,8064414061,5821308445,1351093,524558
51857,11,11,11030721,RÅdigerstra·e,2019,9,8,2,3,5,2,0,1,0,0,0,0,1,0,8037448283,5827568052,1347707,525134
51858,11,7,7020203,Kaiser-Wilhelm-Platz,2019,10,17,4,3,5,2,2,1,1,0,0,0,0,0,7957920998,5824121094,1335716,5248688
51859,11,10,10010207,Marzahner Promenade,2019,8,12,6,3,5,3,0,1,1,0,0,0,0,0,8078702942,5830969554,1354082,5254158
51860,11,7,7020202,Volkspark (Rudolf-Wilde-Park),2019,6,9,3,2,5,3,0,1,0,0,1,0,0,0,7953417031,5823442265,1334995,5248104
51861,11,9,9010302,SpÑthsfelde,2019,3,5,3,3,2,6,1,0,1,0,0,0,0,0,8030943065,5820911759,1346146,5245411
51862,11,10,10040830,Kaulsdorf SÅd,2019,10,5,3,3,2,6,2,0,1,0,0,0,0,0,8110093661,5827105733,1358335,5250517
51863,11,4,4030623,Ernst-Reuter-Platz,2019,8,9,6,3,5,2,0,1,1,0,0,0,0,0,7936750884,5826903623,1332853,5251296
51865,11,3,3061131,Falkplatz,2019,5,9,5,3,0,7,0,1,0,0,0,0,0,0,7991381249,5830640271,1341216,5254349
51866,11,8,8020619,Buschkrugallee Nord,2019,6,17,3,3,2,6,0,0,1,0,0,0,0,0,8018456948,5821805429,1344395,5246281
51867,11,3,3040818,Pankow SÅd,2019,3,8,2,3,5,3,0,1,1,0,0,0,0,1,8000376218,5833458724,1342793,5256826
51868,11,10,10030727,Biesdorf SÅd,2019,11,16,6,3,2,6,2,0,1,0,0,0,0,0,8106490813,5827082467,1357804,5250517
51869,11,4,4030417,Schlo·stra·e,2019,5,9,5,3,2,6,0,1,1,0,0,0,0,1,790849932,5826429535,132866,5251023
51870,11,3,3050920,Wei·er See,2019,12,20,3,3,0,1,2,0,0,0,1,0,0,2,8027497488,5831845321,1346635,5255229
51871,11,3,3061429,Greifswalder Stra·e,2019,6,16,3,3,5,2,0,1,1,0,0,0,0,0,8011713728,5830805388,134422,5254385
51872,11,12,12103218,Teichstra·e,2019,3,16,2,2,9,1,0,0,1,0,0,0,1,1,7952125778,5833740436,133572,5257342
51873,11,7,7050502,Fritz-Werner-Stra·e,2019,10,8,6,2,5,2,0,0,1,0,1,0,0,0,798586454,5817930464,1339266,5242986
51874,11,2,2050803,Stralauer Kiez,2019,8,9,6,3,5,3,0,1,0,0,0,0,0,0,8027190926,5825868964,1346046,5249875
51876,11,7,7050502,Fritz-Werner-Stra·e,2019,6,14,3,3,5,2,0,1,1,0,0,0,0,0,7987289858,5817525866,1339439,5242616
51877,11,1,1011104,Kîrnerstra·e,2019,3,18,1,3,2,6,2,0,1,0,0,0,0,1,7961914313,5825802629,1336452,5250173
51878,11,4,4020311,Reichsstra·e,2019,10,9,3,3,5,2,0,0,1,0,0,0,0,1,7901434583,5826312385,1327612,5250955
51879,11,1,1011105,Nîrdlicher Landwehrkanal,2019,6,19,4,3,2,6,0,0,1,0,0,0,0,0,7964243444,5826341683,1336842,5250644
51880,11,4,4020208,Kranzallee,2019,8,8,6,3,2,6,0,0,1,0,0,0,0,0,7888485959,5826111059,1325692,5250844
51881,11,11,11030721,RÅdigerstra·e,2019,12,15,2,3,5,3,1,1,1,1,0,0,0,0,8037201819,5827570261,1347671,5251344
51882,11,7,7030303,Grazer Platz,2019,5,6,5,3,0,6,1,0,1,0,0,0,0,0,7953097837,5822792155,1334891,5247522
51883,11,10,10010206,Ringkolonnaden,2019,3,9,1,3,2,6,0,0,1,0,0,0,0,0,8083571568,5832104238,1354903,5255147
51884,11,1,1044201,Reinickendorfer Stra·e,2019,11,9,7,3,0,7,0,1,0,1,0,0,0,1,796221088,5830710808,1336933,5254571
51885,11,7,7040401,Neu-Tempelhof,2019,11,13,4,3,2,2,0,0,1,0,0,0,0,1,7977610026,5823839953,1338582,5248329
51886,11,9,9020601,Schnellerstra·e,2019,6,8,3,3,5,2,0,1,0,0,0,0,1,0,806130044,5821623894,1350665,524588
51887,11,2,2040703,Wriezener Bahnhof/Entwicklungsgebiet,2019,3,9,1,3,0,1,0,0,0,0,1,0,0,0,8018809421,5826548196,1344877,525053
51888,11,9,9010202,Kîpenicker Landstra·e,2019,10,7,6,3,2,6,1,0,1,0,0,0,0,1,804106561,582436679,1347946,5248451
51889,11,12,12103219,SchÑfersee,2019,8,7,6,3,6,4,0,1,1,1,0,0,0,0,7957565146,5832664623,1336424,5256348
51891,11,3,3061126,Arnimplatz,2019,5,9,4,3,0,3,0,1,1,0,0,0,0,0,7992382409,5831933867,1341479,5255503
51892,11,7,7050506,Birnhornweg,2019,9,8,2,3,5,2,0,1,0,0,0,0,1,0,7988571817,5817279695,1339605,5242388
51893,11,3,3040614,Pankow Zentrum,2019,6,14,2,3,6,4,0,0,0,1,1,0,0,0,7984554572,5833336119,1340454,5256803
51894,11,9,9010101,Elsenstra·e,2019,3,16,7,3,0,2,0,1,1,0,0,0,0,1,802664624,5825208522,1345906,5249286
51895,11,5,5020524,Weinmeisterhornweg,2019,6,2,7,3,9,1,2,0,1,0,0,0,0,0,7835961073,5826693548,1318023,5251641
51896,11,3,3061429,Greifswalder Stra·e,2019,12,9,7,3,6,4,0,0,1,1,0,0,0,0,8013501421,5831004525,1344501,5254553
51897,11,9,9020601,Schnellerstra·e,2019,5,16,4,3,2,6,0,0,1,0,1,0,1,0,8065054757,5821228664,135118,5245505
51898,11,7,7050501,Rathausstra·e,2019,11,16,1,3,2,6,0,0,1,0,0,0,1,1,7980524613,5819460045,1338619,5244387
191144,11,12,12231101,Hermsdorf,2019,1,11,4,3,6,7,0,1,0,1,0,0,0,1,7916817592,5838148279,1330913,5261484
191145,11,11,11010310,MÅhlengrund,2019,1,17,4,3,5,3,2,0,1,0,0,0,0,1,8054141672,583331889,1350688,5256401
191146,11,6,6020306,Lankwitz SÅd,2019,1,17,4,3,5,2,2,1,1,0,0,0,0,1,7956836275,581688362,1334916,5242206
191147,11,7,7040405,Rathaus Tempelhof,2019,1,17,4,3,1,5,2,1,0,0,0,0,1,1,7984850395,582166459,1339451,5246339
191148,11,6,6010101,Fichtenberg,2019,1,16,4,3,5,3,2,1,0,0,0,0,1,1,7933918665,5820412053,1331866,5245492
191149,11,10,10010203,Gewerbegebiet Bitterfelder Stra·e,2019,1,16,4,3,5,3,2,0,1,0,0,0,0,1,8084021959,5833051475,1355058,5255993
191150,11,10,10010309,Springpfuhl,2019,1,7,4,3,6,7,1,0,1,1,0,0,0,1,8085639035,583011105,1355022,5253349
191151,11,1,1044201,Reinickendorfer Stra·e,2019,1,7,4,3,5,2,2,1,0,0,0,0,1,1,7966667445,5831961092,13377,5255668
191152,11,4,4051551,Brabanter Platz,2019,1,7,4,3,5,2,2,1,1,0,0,0,0,1,793333618,5823074251,1332014,5247882
191153,11,1,1011202,Unter den Linden Nord,2019,1,6,4,3,2,6,2,0,1,0,0,0,0,1,7985527194,582779939,13401,5251835
191154,11,7,7040401,Neu-Tempelhof,2019,1,6,4,3,6,4,2,0,1,1,0,0,0,1,7976705855,5823851132,1338451,5248344
191155,11,1,1044103,Westliche MÅllerstra·e,2019,1,15,4,3,5,3,1,0,1,0,1,0,0,1,7951515091,5831044886,133539,5254929
191156,11,7,7010102,Nollendorfplatz,2019,1,5,4,3,5,7,1,0,1,0,0,0,1,1,795521952,5824979321,1335396,5249472
191157,11,3,3020209,Niederschînhausen,2019,1,7,4,3,5,2,2,1,1,0,0,0,0,1,798135557,583547038,1340176,5258733
191158,11,5,5020523,Maulbeerallee,2019,1,8,4,3,6,7,2,0,1,1,0,0,0,1,7831503982,582736508,1317425,5252267
191159,11,6,6010209,Feuerbachstra·e,2019,1,8,4,3,1,5,0,0,1,0,0,0,1,1,7947249696,5821642714,133393,5246524
191160,11,1,1033203,Humboldthain Nordwest,2019,1,10,4,3,6,7,0,0,1,1,0,0,0,1,7968008498,5830360098,1337754,5254226
191161,11,10,10020622,Kaulsdorf Nord I,2019,1,6,4,3,2,2,2,0,1,0,0,0,0,1,8111566377,5829142581,1358742,5252334
191162,11,8,8041035,Blumenviertel,2019,1,10,4,3,2,6,0,0,1,0,0,0,0,1,8048004146,5817834717,1348369,5242558
191163,11,6,6020303,Lankwitz Kirche,2019,1,10,4,2,6,2,0,0,1,1,0,0,0,1,7953666662,581844187,1334589,524362
191164,11,3,3040614,Pankow Zentrum,2019,1,10,4,2,2,6,0,0,1,0,0,0,0,1,7989658035,5835022436,1341357,5258286
191165,11,3,3030716,MÑrchenland,2019,1,9,4,3,0,7,0,0,1,0,0,0,0,1,8028873437,5833540902,1346992,5256742
191166,11,5,5030832,Rohrdamm,2019,1,5,4,3,3,6,2,0,1,0,0,1,0,1,7895852893,5829308583,1327053,5253671
191167,11,4,4030518,Tegeler Weg,2019,1,16,4,3,5,2,0,0,1,0,0,0,0,1,7913882177,5828585686,132964,5252927
191168,11,2,2010103,Moritzplatz,2019,1,18,4,3,5,3,2,0,1,0,0,0,0,1,7995505246,5825854841,1341391,5250037
191169,11,1,1044103,Westliche MÅllerstra·e,2019,1,16,3,2,6,4,1,0,1,1,0,0,0,0,7948156528,5830253858,1334826,5254238
191170,11,12,12103220,Humboldtstra·e,2019,1,18,3,3,2,6,2,0,1,0,0,0,0,1,7934228871,5833181411,1333037,5256938
191171,11,8,8020619,Buschkrugallee Nord,2019,1,18,4,3,2,6,2,0,1,0,0,0,0,1,801403894,5821113144,1343684,5245685
191172,11,2,2040702,Weberwiese,2019,1,10,3,3,1,5,0,1,1,0,0,0,0,1,8018552577,5827407853,1344917,5251302
191173,11,1,1011202,Unter den Linden Nord,2019,1,10,3,3,6,4,0,1,0,1,0,0,0,1,79786396,5827637309,1339073,5251727
191174,11,2,2040703,Wriezener Bahnhof/Entwicklungsgebiet,2019,1,7,3,3,5,3,2,0,1,0,0,0,0,1,80176778,5826253667,1344684,5250272
191175,11,2,2010102,Mehringplatz,2019,1,22,3,3,6,2,2,0,1,1,0,0,0,1,7984471062,5826543447,1339832,5250715
191176,11,10,10010207,Marzahner Promenade,2019,1,19,3,3,6,2,2,0,1,1,0,0,0,1,8084016598,583120446,1354885,5254338
191177,11,7,7010102,Nollendorfplatz,2019,1,20,3,3,6,7,2,0,1,1,0,0,0,1,7952528109,5825058622,1335008,5249557
191178,11,12,12231101,Hermsdorf,2019,1,20,3,2,5,3,2,0,1,0,0,0,0,1,7914249864,5838774098,133059,5262059
191179,11,7,7010101,Wittenbergplatz/Viktoria-Luise-Platz,2019,1,20,3,3,6,4,1,0,1,1,0,0,0,1,794696054,5825759424,1334252,5250216
191180,11,11,11030618,Fennpfuhl West,2019,1,19,3,3,1,5,2,1,1,0,0,0,0,1,8032716767,5828979787,1347141,5252632
191181,11,5,5010101,Hakenfelde Nord,2019,1,18,3,3,2,7,2,0,1,0,0,0,0,1,7840389666,5832447647,1319166,5256778
191182,11,7,7060603,Marienfelde Nordost,2019,1,18,3,3,2,6,2,0,1,0,0,0,0,1,7974192196,5817417887,1337509,5242591
191183,11,5,5010314,Carl-Schurz-Stra·e,2019,1,18,3,2,6,2,2,0,1,1,0,0,0,1,7848013049,5828808961,1319976,5253475
191184,11,4,4051551,Brabanter Platz,2019,1,18,3,3,6,2,2,0,1,1,0,0,0,1,7929017162,582328334,1331398,5248092
191185,11,9,9051901,Dammvorstadt,2019,1,18,3,3,2,6,2,0,1,0,0,0,0,1,8107551729,5821229502,1357414,5245265
191186,11,6,6030610,Lichterfelde West,2019,1,18,3,3,2,6,2,0,1,0,0,0,0,1,7922785105,5818604112,1330074,5243931
191187,11,6,6010102,Schlo·stra·e,2019,1,18,3,2,6,2,2,0,1,1,0,0,0,1,793894246,5820966097,1332652,5245962
191188,11,1,1011102,Gro·er Tiergarten,2019,1,18,3,3,5,3,2,0,1,0,0,0,0,1,7951627209,5827238239,1335069,5251516
191189,11,4,4051445,Eisenzahnstra·e,2019,1,18,3,3,2,6,2,0,1,0,0,0,0,1,7920160472,5824048571,1330165,5248826
191190,11,8,8010510,Gewerbegebiet Kîllnische Heide,2019,1,17,3,3,5,3,2,1,1,0,0,0,0,1,80248313,5822557723,1345399,524692
191191,11,6,6010208,Bergstra·e,2019,1,15,3,2,6,4,1,0,1,1,0,0,0,1,7939708654,5820791219,1332749,5245801
191192,11,1,1044201,Reinickendorfer Stra·e,2019,1,9,3,3,5,2,0,0,1,0,0,0,1,1,795680841,583092605,1336158,5254794
191193,11,2,2050602,Samariterviertel,2019,1,17,3,3,5,3,2,1,1,0,0,0,0,1,8026704969,5828101141,1346177,5251878
191194,11,1,1033202,Humboldthain SÅd,2019,1,17,3,2,0,7,1,0,0,0,1,0,1,1,7969643909,5830547831,1338011,5254385
191195,11,6,6030504,Teltower Damm,2019,1,17,3,2,6,4,2,0,1,1,0,0,0,1,7889528133,581638058,1325003,5242114
191196,11,4,4030929,Hindemithplatz,2019,1,16,3,3,3,6,2,0,1,0,1,0,1,1,792280251,5825933726,1330718,5250502
191197,11,3,3061429,Greifswalder Stra·e,2019,1,16,3,2,6,4,2,0,1,1,0,0,0,1,8014412256,5830948672,134463,5254498
191198,11,12,12103116,Hausotterplatz,2019,1,16,3,3,6,2,2,0,1,1,0,0,0,1,7967559131,5833625172,133798,5257155
191199,11,1,1011202,Unter den Linden Nord,2019,1,15,3,3,5,3,0,1,1,0,0,0,0,1,7985509063,5827801871,1340097,5251837
191200,11,1,1022104,Emdener Stra·e,2019,1,14,3,2,5,2,0,1,1,0,0,0,0,1,7945694748,582843072,1334302,5252617
191201,11,12,12302212,Rollbergesiedlung,2019,1,13,3,2,6,4,0,0,0,1,1,0,0,1,7931077066,5837644829,1332968,5260956
191202,11,11,11020411,Malchower Weg,2019,1,13,3,3,5,3,0,0,1,0,0,0,1,1,8062000844,5832525388,1351771,5255646
191203,11,1,1022104,Emdener Stra·e,2019,1,11,3,3,3,6,0,0,1,0,1,0,0,1,7945496452,5828928155,1334317,5253064
191204,11,4,4020311,Reichsstra·e,2019,1,11,3,3,5,3,0,0,1,0,0,0,0,1,7894908785,5826788585,1326695,5251417
191205,11,4,4041240,Messelpark,2019,1,11,3,3,5,3,0,0,1,0,0,0,0,1,7911491522,5822595994,1328765,524757
191206,11,7,7020204,Schîneberger Insel,2019,1,12,3,3,0,6,0,0,1,0,0,0,1,1,796068961,5824041766,1336116,5248602
191207,11,9,9041402,Siedlung KÑmmereiheide,2019,1,6,3,3,6,2,2,0,1,1,0,0,0,1,8121382612,582005841,1359333,5244137
191208,11,4,4041134,Bismarckallee,2019,1,17,3,1,6,2,2,0,1,1,0,0,0,1,7908602576,5823812355,1328447,5248676
191209,11,9,9020502,Oberschîneweide Ost,2019,1,17,2,3,2,7,1,0,1,0,0,0,0,0,8068067597,5822000223,1351693,5246179
191210,11,7,7010102,Nollendorfplatz,2019,1,16,2,3,6,4,1,0,1,1,0,0,0,1,7955137035,5825400158,1335421,5249849
191211,11,10,10020622,Kaulsdorf Nord I,2019,1,18,2,2,6,4,2,0,1,1,0,0,0,1,8112174934,5828829621,1358802,525205
191212,11,6,6040804,Krumme Lanke,2019,1,19,2,3,1,5,2,0,1,0,0,0,0,1,7887446878,5820133208,1325022,524549
191213,11,6,6040810,Dahlem,2019,1,19,2,3,2,6,2,0,1,0,0,0,0,1,7903861534,5820826214,1327491,5246024
191214,11,1,1044103,Westliche MÅllerstra·e,2019,1,18,2,3,3,6,2,0,1,0,0,0,0,1,7952486597,5830966197,1335526,5254853
191215,11,5,5010206,GÅtersloher Weg,2019,1,21,2,2,9,1,2,0,1,0,0,0,0,1,7824337318,583047448,1316636,5255092
191216,11,8,8010301,Reuterkiez,2019,1,22,2,3,2,6,2,0,1,0,0,0,0,1,8007801202,5824334085,134306,5248606