OBJECTID,LAND,BEZ,LOR,STRASSE,UJAHR,UMONAT,USTUNDE,UWOCHENTAG,UKATEGORIE,UART,UTYP1,ULICHTVERH,IstRad,IstPKW,IstFuss,IstKrad,IstGkfz,IstSonstige,USTRZUSTAND,LINREFX,LINREFY,XGCSWGS84,YGCSWGS84
191660,11,3,3061227,Humannplatz,2019,1,16,5,3,6,7,2,1,0,1,0,0,0,0,7993489499,5831412277,1341595,5255029
191661,11,12,12214125,Waldidyll/Flughafensee,2019,1,21,6,3,2,6,2,0,1,0,0,0,0,1,7912288342,5830773195,1329598,5254897
191662,11,10,10010310,Alt-Marzahn,2019,1,14,5,2,6,4,0,0,0,1,0,0,1,0,8099455612,583163044,1357194,5254632
191663,11,10,10040828,Kaulsdorf Nord,2019,1,16,5,2,5,2,1,1,1,0,0,0,0,0,8119476165,5828938851,1359885,5252106
191664,11,12,12214125,Waldidyll/Flughafensee,2019,1,20,6,2,6,2,2,0,1,1,0,0,0,1,791921023,5831503672,133068,5255514
191665,11,2,2020206,Graefekiez,2019,1,22,5,2,6,4,2,0,1,1,0,0,0,0,8001728261,582504839,1342232,524928
191666,11,3,3040818,Pankow SÅd,2019,1,20,5,3,5,3,2,1,1,0,0,0,0,0,799730912,5832503348,1342255,5255986
191667,11,8,8020619,Buschkrugallee Nord,2019,1,11,4,3,2,6,0,0,0,0,0,1,1,1,8020825322,5820666278,134464,5245247
191668,11,6,6010205,SÅdende,2019,1,17,4,3,2,6,1,0,1,0,0,0,0,1,7951466451,582000431,1334404,5245032
191669,11,2,2020204,Urbanstra·e,2019,1,20,4,3,5,3,2,0,1,0,1,0,0,1,79828767,5824774714,1339439,5249138
191670,11,1,1011303,Alexanderplatzviertel,2019,1,20,4,3,2,6,2,0,1,0,0,0,0,1,799286718,5828484804,134124,5252409
191671,11,6,6020302,Komponistenviertel Lankwitz,2019,1,19,4,3,5,3,2,1,1,0,0,0,0,1,7947056791,5819228835,1333689,5244361
191672,11,4,4030931,Breitscheidplatz,2019,1,10,4,3,1,5,1,1,1,0,0,0,0,1,7935299145,5825947164,1332555,5250447
191673,11,1,1044201,Reinickendorfer Stra·e,2019,1,20,7,3,2,6,2,0,1,0,0,0,0,0,7966880788,5831951893,1337731,5255659
191674,11,2,2050801,Traveplatz,2019,1,8,4,3,3,6,0,1,0,0,0,0,1,1,8030951421,582708185,1346709,5250941
191675,11,6,6030501,Berlepschstra·e,2019,1,16,4,3,5,3,2,1,1,0,0,0,0,1,787540695,5817030741,1322988,5242772
191676,11,5,5010313,Ackerstra·e,2019,1,16,4,3,0,2,1,1,1,0,0,0,0,1,7842811825,5830372886,1319345,5254905
191677,11,2,2040701,Andreasviertel,2019,1,18,4,3,5,3,2,0,1,0,0,0,0,1,8003158415,5827620451,1342674,5251577
191678,11,3,3040818,Pankow SÅd,2019,1,10,1,3,5,3,0,0,1,0,0,0,0,0,7996515112,5832791198,1342165,5256249
191679,11,7,7040404,Marienhîhe,2019,1,13,4,3,1,5,0,1,1,0,0,0,0,0,7970008851,5820419997,1337162,5245304
191680,11,3,3050925,Komponistenviertel Wei·ensee,2019,1,18,4,3,2,2,2,0,1,0,0,0,0,0,8026973279,5831786299,1346553,5255179
191681,11,11,11030720,Herzbergstra·e,2019,1,18,4,3,2,6,2,0,1,0,0,0,0,0,8061403217,5830160435,1351465,525353
191682,11,1,1033101,Soldiner Stra·e,2019,1,18,4,3,6,4,2,0,1,1,0,0,0,0,796772268,5832418203,1337896,5256072
191683,11,11,11051330,Karlshorst West,2019,1,7,4,3,2,6,0,0,1,0,0,0,0,2,8071069992,5824823515,1352393,5248693
191684,11,6,6010209,Feuerbachstra·e,2019,1,17,4,2,6,4,0,0,1,1,0,0,0,0,7942085794,5820908636,1333108,5245893
191685,11,3,3071537,Kollwitzplatz,2019,1,18,5,3,2,2,1,0,1,0,0,0,0,0,7996919182,5829228377,1341902,5253053
191686,11,12,12103117,Letteplatz,2019,1,7,4,3,6,4,0,0,1,1,0,0,0,0,7962792704,583241661,1337171,5256097
191687,11,1,1044202,Sparrplatz,2019,1,6,4,3,5,2,1,1,1,0,0,0,0,0,794896303,5830252472,1334944,5254232
191688,11,4,4051445,Eisenzahnstra·e,2019,1,8,4,3,6,4,0,0,1,1,0,0,0,0,7919534394,5824759063,1330135,5249466
191689,11,4,4051652,Nikolsburger Platz,2019,1,8,4,3,6,4,0,0,1,1,0,0,0,0,7934419749,5824063122,133226,5248763
191690,11,1,1033101,Soldiner Stra·e,2019,1,8,4,3,1,5,0,1,1,0,0,0,0,0,7971391508,5833204106,1338506,5256756
191691,11,3,3020307,Buchholz,2019,1,9,4,3,6,2,0,0,1,1,0,0,0,0,7992619896,5837648843,134203,5260624
191692,11,7,7020201,Bayerischer Platz,2019,1,11,4,3,5,2,0,1,1,0,0,0,0,1,7949499141,5824666127,1334528,5249222
191693,11,1,1011303,Alexanderplatzviertel,2019,1,11,4,3,5,2,0,1,1,0,0,0,0,0,7990971846,5828456724,1340959,5252394
191694,11,2,2010103,Moritzplatz,2019,1,11,4,3,0,3,0,0,1,0,0,0,1,0,7993019056,5826176602,1341055,5250339
191695,11,7,7010101,Wittenbergplatz/Viktoria-Luise-Platz,2019,1,15,5,3,5,2,0,1,1,0,0,0,0,0,7945237207,5825186401,1333948,5249711
191696,11,10,10010207,Marzahner Promenade,2019,1,12,4,3,6,4,0,0,1,1,0,0,0,0,808338209,5831339162,1354804,5254462
191697,11,8,8020727,Buckow Mitte,2019,1,12,4,3,6,3,0,0,1,1,0,0,0,0,8015205707,5817350688,1343516,5242306
191698,11,10,10040933,Mahlsdorf SÅd,2019,1,17,4,3,6,2,2,0,1,1,0,0,0,0,8125734091,5825142229,1360448,5248668
191699,11,9,9020501,Oberschîneweide West,2019,1,12,4,3,5,7,0,0,1,0,0,0,1,0,8058783136,5822759563,13504,5246912
191700,11,5,5010206,GÅtersloher Weg,2019,1,18,5,3,6,2,2,0,0,1,0,0,1,0,7823607527,5830508488,1316532,5255126
191701,11,1,1044203,Leopoldplatz,2019,1,17,4,3,6,4,2,1,0,1,0,0,0,1,795432,5831608641,1335853,5255419
191702,11,12,12103219,SchÑfersee,2019,1,15,4,3,2,6,0,0,1,0,0,0,0,0,7956841318,5832532916,1336306,5256234
191703,11,3,3071537,Kollwitzplatz,2019,1,8,4,3,5,3,0,0,1,0,1,0,0,0,7997316201,5829841019,1342016,52536
191704,11,2,2030302,Lausitzer Platz,2019,1,19,3,2,6,4,2,0,1,1,0,0,0,0,8009700496,5826064015,1343495,5250146
191705,11,9,9051801,Rahnsdorf/Hessenwinkel,2019,1,17,3,3,4,3,2,0,1,0,0,0,0,0,8222599527,5819254117,1374096,5242829
191706,11,1,1022104,Emdener Stra·e,2019,2,11,6,1,6,2,0,0,0,1,0,0,1,1,794560497,5828452045,1334291,5252637
191707,11,5,5010208,Germersheimer Platz,2019,1,18,3,3,2,6,2,0,1,0,0,0,0,1,7839294016,5830120882,1318806,5254697
191708,11,8,8010118,Silbersteinstra·e,2019,1,18,3,3,2,6,2,0,1,0,0,0,0,0,8010693678,5821999639,1343274,5246498
191709,11,11,11030721,RÅdigerstra·e,2019,1,16,3,2,6,4,0,0,1,1,0,0,0,1,8052103,5828461209,1349942,5252059
191710,11,1,1022106,Elberfelder Stra·e,2019,1,16,4,3,6,4,0,1,0,1,0,0,0,0,7940854422,5827801167,1333535,5252079
191711,11,8,8030829,Gropiusstadt Nord,2019,1,17,3,3,3,6,2,0,1,0,0,0,0,1,8032011522,5818388652,1346074,5243143
191712,11,6,6010102,Schlo·stra·e,2019,1,16,3,2,6,4,1,0,1,1,0,0,0,0,7935761191,5820618691,1332154,5245668
191713,11,2,2050801,Traveplatz,2019,1,16,3,3,1,5,2,1,1,0,0,0,0,0,8027252306,5827436214,1346197,5251279
191714,11,1,1011305,Heine-Viertel West,2019,1,16,3,3,2,6,2,1,1,0,0,0,0,0,79911141,5827120157,134086,5251195
191715,11,1,1033203,Humboldthain Nordwest,2019,1,16,3,3,5,2,2,0,1,0,0,0,0,1,7968530113,583064118,1337856,5254475
191716,11,6,6030610,Lichterfelde West,2019,1,16,3,2,6,4,0,0,1,1,0,0,0,0,7913893313,5817837091,1328702,5243291
191717,11,1,1011204,Leipziger Stra·e,2019,1,16,3,3,5,3,1,1,1,0,0,0,0,1,7978762892,5826766369,1339013,5250946
191718,11,7,7040403,Manteuffelstra·e,2019,1,9,5,3,5,3,0,0,1,0,0,0,0,1,797649579,5822184011,1338271,524685
191719,11,2,2010102,Mehringplatz,2019,1,16,3,3,6,4,0,0,1,1,0,0,0,1,7982003969,582638735,1339456,5250588
191720,11,6,6020303,Lankwitz Kirche,2019,1,15,3,3,5,7,0,0,1,0,0,0,0,1,7953067108,5818397412,1334497,5243583
191721,11,4,4051655,Babelsberger Stra·e,2019,1,18,4,3,2,2,2,0,1,0,0,0,0,0,7939994002,5823931394,1333067,5248614
191722,11,1,1022104,Emdener Stra·e,2019,1,7,3,3,0,5,0,1,0,0,0,0,0,2,7940205141,5829170534,1333561,525331
191723,11,11,11020514,Gro·e-Leege-Stra·e,2019,1,20,3,2,0,1,2,1,0,0,0,0,0,1,8046499764,5831115506,1349362,5254469
191724,11,1,1044203,Leopoldplatz,2019,1,15,3,3,5,3,1,1,1,0,0,0,0,0,7963608606,5831925964,1337247,5255653
191725,11,4,4020310,Park Ruhwald,2019,1,14,3,3,2,6,0,0,1,0,0,0,0,0,7889278765,5827612146,1325939,5252185
191726,11,12,12304314,Ziekowstra·e/Freie Scholle,2019,1,13,3,3,2,6,0,0,1,0,0,0,0,0,7906236358,5835957565,1329162,5259577
191727,11,5,5030731,Gartenfelder Stra·e,2019,1,13,3,3,6,4,0,0,1,1,0,0,0,0,7880273196,5829548271,1324783,5253969
191728,11,12,12214125,Waldidyll/Flughafensee,2019,1,6,5,3,3,6,2,0,1,0,0,0,1,0,7919920408,5831674405,1330799,5255664
191729,11,4,4030620,Alt-Lietzow,2019,1,13,3,3,0,3,0,0,1,0,1,0,0,0,7921539557,5827387865,133066,5251812
191730,11,2,2010102,Mehringplatz,2019,1,22,3,3,5,7,2,0,1,0,0,0,0,0,7983598346,5826535376,1339703,5250712
191731,11,6,6030610,Lichterfelde West,2019,1,22,3,3,5,2,2,0,1,0,0,0,0,0,7929451219,5817751317,1330977,5243131
191732,11,12,12231101,Hermsdorf,2019,1,11,5,3,6,2,0,0,0,1,0,1,0,0,791318374,5838660837,1330423,5261963
191733,11,4,4051652,Nikolsburger Platz,2019,1,10,3,3,2,6,0,1,1,0,0,0,0,1,7934549108,5824440,1332312,52491
191734,11,1,1044101,Rehberge,2019,1,8,3,3,1,5,0,1,0,0,0,1,0,1,7946269052,5831293958,1334641,5255181
191735,11,1,1011304,Karl-Marx-Allee,2019,1,8,3,3,5,2,0,1,0,0,0,0,1,1,7997082841,5827840626,1341801,5251808
191736,11,8,8030830,Gropiusstadt SÅd,2019,1,13,4,3,5,3,0,1,1,0,0,0,0,0,8030607012,5817397383,1345778,5242263
191737,11,8,8010404,Rixdorf,2019,1,7,3,3,6,2,0,0,1,1,0,0,0,1,801998398,5823295202,1344754,5247608
191738,11,10,10010311,Landsberger Tor,2019,1,6,3,2,6,4,1,0,1,1,0,0,0,1,8102873849,5830965121,1357635,5254017
191739,11,11,11010310,MÅhlengrund,2019,1,2,3,3,6,4,2,0,1,1,0,0,0,1,8054011869,583328253,1350666,525637
191740,11,1,1011306,Heine-Viertel Ost,2019,1,9,3,3,1,5,0,1,1,0,0,0,0,0,8004073245,5826730983,1342728,5250775
191741,11,4,4030623,Ernst-Reuter-Platz,2019,1,21,2,3,5,3,2,0,1,0,0,0,0,0,7931625557,5826882531,1332098,5251305
191742,11,7,7030303,Grazer Platz,2019,1,11,2,3,5,2,0,1,1,0,0,0,0,1,7950398005,5821908712,1334416,5246745
191743,11,6,6030606,Hindenburgdamm,2019,1,18,5,3,1,5,2,1,1,0,0,0,0,0,7936816252,5819252035,1332189,5244437
191744,11,5,5030832,Rohrdamm,2019,1,20,2,3,6,7,2,0,1,1,0,0,0,1,7895586758,5829288497,1327012,5253655
191745,11,3,3010102,Buch,2019,1,17,2,3,2,6,1,1,0,0,0,0,1,1,8041676073,5841063768,1349566,5263412
191746,11,10,10040931,Mahlsdorf Nord,2019,1,20,2,2,5,3,2,0,1,0,0,0,0,1,8129952375,5828482536,1361381,5251637
191747,11,8,8010301,Reuterkiez,2019,1,18,2,2,6,2,2,0,1,1,0,0,0,1,8005831994,5824578711,1342793,5248836
191748,11,7,8020726,Buckow West,2019,1,17,2,3,6,2,2,0,1,1,0,0,0,1,799350898,5816114549,1340224,5241317
191749,11,6,6010209,Feuerbachstra·e,2019,1,17,2,2,6,4,2,0,1,1,0,0,0,1,7942305542,5820895585,1333139,5245881
191750,11,6,6030610,Lichterfelde West,2019,1,17,2,3,2,2,2,0,1,0,0,0,0,1,7923961322,5817836175,1330179,5243236
191751,11,7,7050502,Fritz-Werner-Stra·e,2019,1,16,2,2,5,3,1,0,1,0,1,0,0,1,7981121228,5818348383,1338608,5243387
191752,11,7,7010104,Dennewitzplatz,2019,1,8,2,3,0,1,0,1,0,0,0,0,0,2,7962473589,5824305958,1336401,5248829
191753,11,8,8020625,Handwerker-Siedlung,2019,1,15,2,3,5,3,1,1,1,0,0,0,0,1,802499736,5818946992,1345096,5243683
191754,11,4,4010102,Plîtzensee,2019,1,8,2,3,2,6,0,0,1,0,0,0,0,1,7927310345,5829907454,133173,525404
191755,11,5,5010101,Hakenfelde Nord,2019,1,15,2,2,5,3,0,0,1,0,0,0,0,1,785832101,5831732778,1321743,5256043
191756,11,8,8041035,Blumenviertel,2019,1,16,5,3,5,3,1,1,1,0,0,0,0,0,8038913852,5818944957,1347137,5243604
191757,11,6,6040805,FischerhÅttenstra·e,2019,1,9,2,3,1,1,0,0,1,0,0,0,1,2,7889705299,5818166909,1325183,5243715
191758,11,10,10020412,Alte Hellersdorfer Stra·e,2019,1,20,2,3,5,3,2,0,1,0,0,0,0,1,8113481431,5831843897,1359276,5254744
191759,11,6,6020303,Lankwitz Kirche,2019,1,15,2,3,5,2,0,0,1,0,1,0,0,0,795365259,5818449578,1334588,5243627
191760,11,9,9020502,Oberschîneweide Ost,2019,1,13,2,3,5,3,0,1,1,0,0,0,0,1,8078502902,5822047757,1353228,5246163
191761,11,6,6040804,Krumme Lanke,2019,1,8,2,3,0,1,0,1,0,0,0,0,0,2,787870421,5818935637,1323635,5244462
191762,11,8,8041037,Alt-Rudow,2019,1,8,5,3,3,6,0,0,1,0,0,1,0,0,8055665859,581857888,134956,5243182
191763,11,1,1033203,Humboldthain Nordwest,2019,1,13,2,3,2,6,0,0,1,0,0,0,1,0,7962739241,5830397298,1336983,5254288
191764,11,4,4020314,MessegelÑnde,2019,1,8,2,3,0,1,0,1,0,0,0,0,0,2,7904280262,5825937222,1327997,5250604
191765,11,4,4030415,Schlo·garten,2019,1,6,2,2,6,2,2,0,1,1,0,0,0,1,7914109962,5827471696,1329576,5251927
191766,11,6,6020302,Komponistenviertel Lankwitz,2019,2,13,6,3,2,6,0,0,1,0,0,0,0,0,7945939593,5819172286,133352,5244316
191767,11,9,9020702,Adlershof Ost,2019,1,6,2,2,6,2,2,0,1,1,0,0,0,1,8094964126,5819862729,1355441,5244112
191768,11,1,1044103,Westliche MÅllerstra·e,2019,1,19,2,3,6,2,2,0,1,1,0,0,0,0,7945124543,5830640418,1334414,5254601
191769,11,10,10040933,Mahlsdorf SÅd,2019,1,13,2,3,5,2,0,0,1,0,0,0,0,0,8135447329,5827163202,1362064,5250423
191770,11,4,4051549,Rathaus Wilmersdorf,2019,1,9,4,3,5,2,0,0,1,0,0,0,0,0,7933150058,5823784523,1332049,524852
191771,11,5,5030833,Motardstra·e,2019,1,6,2,2,5,3,2,1,1,0,0,0,0,1,7880581165,58291926,1324797,5253648
191772,11,10,10010309,Springpfuhl,2019,1,19,2,2,6,4,2,0,1,1,0,0,0,1,8078029504,5830173309,135391,5253448
191773,11,10,10030727,Biesdorf SÅd,2019,1,12,2,2,5,2,0,0,1,0,1,0,0,0,8099363571,5827047623,1356754,5250526
191774,11,8,8010510,Gewerbegebiet Kîllnische Heide,2019,1,5,2,3,5,7,2,1,0,0,0,0,1,1,8039079468,5821675564,134741,524605
191775,11,4,4030725,Amtsgerichtsplatz,2019,1,19,2,3,5,3,2,0,1,0,0,0,0,1,7916474627,5826418884,1329831,5250971
191776,11,4,4010101,Jungfernheide,2019,1,9,5,3,0,2,0,1,1,0,0,0,0,1,7912511288,5829731136,1329539,5253961
191777,11,1,1044101,Rehberge,2019,1,5,2,3,6,2,2,0,1,1,0,0,0,1,7945288839,5831557072,133452,5255422
191778,11,12,12103218,Teichstra·e,2019,1,19,2,3,6,2,2,0,1,1,0,0,0,1,7948624614,5833050134,1335143,5256742
191779,11,4,4030929,Hindemithplatz,2019,1,14,4,3,5,7,0,0,1,0,0,0,1,1,792431728,5825396085,1330894,5250012
191780,11,1,1044101,Rehberge,2019,1,10,2,3,1,5,0,0,1,0,0,0,0,1,7938751106,5831584432,1333561,5255482
191781,11,11,11040925,Victoriastadt,2019,1,18,2,3,2,2,2,0,1,0,0,0,0,1,8034091863,5826631554,1347129,525052
191782,11,3,3040818,Pankow SÅd,2019,1,10,2,3,5,3,0,1,1,0,0,0,0,1,7996634472,5832816884,1342184,5256271
191783,11,8,8010211,Flughafenstra·e,2019,1,22,4,3,5,7,2,0,1,0,0,0,1,0,800353349,5824231437,1342424,5248538
191784,11,6,6030504,Teltower Damm,2019,1,10,2,3,0,3,0,1,1,0,0,0,0,2,788959044,581640545,1325014,5242136
191785,11,6,6010206,Stadtpark,2019,1,18,2,2,6,2,2,0,1,1,0,0,0,1,794889244,5819743808,1334004,5244813
191786,11,5,5030832,Rohrdamm,2019,1,9,2,3,0,5,0,1,1,0,0,0,0,2,7893739781,5829812607,1326786,5254134
191787,11,7,7050501,Rathausstra·e,2019,1,9,2,3,2,2,0,0,1,0,0,0,0,1,7980041553,5819645909,1338565,5244556
191788,11,1,1033202,Humboldthain SÅd,2019,1,18,2,2,5,3,2,1,1,0,0,0,0,1,7972496021,5829764836,1338361,5253667
191789,11,12,12231102,Frohnau,2019,1,8,2,3,0,1,0,1,0,0,0,0,0,2,7902075414,5839954308,13289,5263182
191790,11,7,7030301,Friedenau,2019,1,13,5,3,1,5,0,1,1,0,0,0,0,0,7942182167,5822611839,1333272,524742
191791,11,9,9051801,Rahnsdorf/Hessenwinkel,2019,1,9,2,2,0,1,0,1,0,0,0,0,0,2,8215594225,5819114733,1373056,5242746
191792,11,4,4030726,Droysenstra·e,2019,1,11,2,3,6,2,0,0,0,1,0,0,1,0,7919660908,582524011,1330196,5249897
191793,11,1,1022203,LÅbecker Stra·e,2019,1,2,1,3,1,7,2,0,1,0,0,0,0,1,7952872543,5828524422,1335366,5252662
191794,11,1,1011302,Oranienburger Stra·e,2019,1,11,1,3,6,7,0,0,1,1,0,0,0,1,7982384672,5828757908,1339724,5252711
191795,11,5,5010101,Hakenfelde Nord,2019,1,19,1,3,6,2,2,0,1,1,0,0,0,1,7852314157,5831827237,1320867,5256159
191796,11,5,5030730,Zitadellenweg,2019,1,19,1,3,2,6,2,0,1,0,0,0,0,1,786362486,5829159866,1322301,5253708
191797,11,5,5010314,Carl-Schurz-Stra·e,2019,1,20,1,3,6,4,2,0,1,1,0,0,0,0,7839478378,5829087194,1318745,5253769
191798,11,8,8010212,Rollberg,2019,1,11,1,3,5,3,0,0,1,0,0,0,0,1,8012364954,5823388131,1343644,5247733
191799,11,4,4030726,Droysenstra·e,2019,1,8,1,2,1,1,0,0,1,0,0,0,0,1,7920713117,5825297793,1330356,5249943
191800,11,1,1044201,Reinickendorfer Stra·e,2019,1,4,1,3,5,3,2,0,1,0,0,0,1,0,7966730257,5831931257,1337707,5255641
191801,11,8,8010301,Reuterkiez,2019,1,18,1,3,2,6,2,0,1,0,0,0,0,1,8015712875,582405032,1344196,5248308
191802,11,4,4030620,Alt-Lietzow,2019,1,18,1,2,6,2,2,0,1,1,0,0,0,1,7921745388,5827292993,1330682,5251726
191803,11,3,3020307,Buchholz,2019,1,5,5,3,0,6,2,0,1,0,0,0,1,1,8005149701,5836163614,134374,5259224
191804,11,1,1011102,Gro·er Tiergarten,2019,1,18,1,3,2,6,2,0,1,0,0,0,0,1,7949932272,5827254821,1334821,525154
191805,11,7,7050505,Hundsteinweg,2019,1,18,1,2,6,4,2,0,1,1,0,0,0,1,7988861499,5819088283,1339809,5244008
191806,11,5,5010103,Amorbacher Weg,2019,1,17,1,3,5,3,2,0,1,0,0,0,0,1,7851025357,5831666932,1320664,5256022
191807,11,6,6030504,Teltower Damm,2019,1,16,1,3,5,2,2,1,1,0,0,0,0,1,790624575,5815222265,1327353,5240987
191808,11,6,6030608,Schweizer Viertel,2019,1,15,1,3,4,6,0,1,1,0,0,0,0,1,7913017079,5817703782,1328562,5243176
191809,11,12,12214528,Tegeler Forst,2019,1,21,7,3,4,6,2,0,1,0,0,0,0,1,7899379016,5836472864,1328197,5260075
191810,11,4,4051446,Preu·enpark,2019,1,22,7,2,6,4,2,0,1,1,0,0,0,1,7924040381,5825018279,133082,5249674
191811,11,7,7070701,Kettinger Stra·e/Schillerstra·e,2019,1,14,7,2,0,7,0,0,1,0,0,0,0,1,7991598603,5814216478,1339775,5239626
191812,11,11,11010310,MÅhlengrund,2019,1,13,7,3,6,4,0,0,0,1,0,0,1,2,8053537185,5833248849,1350593,5256342
191813,11,1,1011305,Heine-Viertel West,2019,1,15,5,3,5,7,0,1,0,0,0,0,1,0,799069859,5827094875,1340796,5251175
191814,11,12,12103117,Letteplatz,2019,1,13,7,3,5,3,0,0,1,0,0,0,0,1,7962719056,5832762798,1337191,5256408
191815,11,8,8020727,Buckow Mitte,2019,1,12,7,3,6,4,0,0,1,1,0,0,0,1,801604629,5817441516,1343648,5242383
191816,11,9,9010202,Kîpenicker Landstra·e,2019,1,11,7,2,4,6,0,0,1,0,0,0,0,1,8037849913,5823282044,1347375,5247497
191817,11,1,1011302,Oranienburger Stra·e,2019,1,19,5,3,1,5,2,1,1,0,0,0,0,0,798948102,5828428245,1340737,5252377
191818,11,3,3040818,Pankow SÅd,2019,1,11,7,3,5,3,0,0,1,0,0,0,0,1,7997260171,58324969,1342248,5255981
191819,11,7,7050503,Eisenacher Stra·e,2019,1,10,7,2,1,5,0,0,1,0,0,0,0,1,7993205318,582052798,1340575,5245275
191820,11,1,1044201,Reinickendorfer Stra·e,2019,1,8,7,3,2,6,0,0,1,0,0,0,0,1,7966511043,5831920225,1337673,5255632
191821,11,5,5010208,Germersheimer Platz,2019,1,22,7,3,6,7,2,0,1,1,0,0,0,1,7837048897,5830202999,1318483,5254782
191822,11,2,2040703,Wriezener Bahnhof/Entwicklungsgebiet,2019,1,21,7,3,5,7,2,0,1,0,0,0,0,1,8013497813,5826458746,1344088,5250479
191823,11,4,4030726,Droysenstra·e,2019,1,20,7,3,6,7,2,0,1,1,0,0,0,1,7921374005,5825322157,1330455,5249961
191824,11,8,8010117,Schillerpromenade,2019,2,22,6,3,4,5,2,1,0,0,0,0,1,0,800631815,5823089626,134273,5247499
191825,11,6,6040810,Dahlem,2019,1,20,7,3,6,2,2,0,1,1,0,0,0,1,7901781242,581976877,1327093,5245087
191826,11,4,4031032,Halensee,2019,1,17,7,3,0,3,1,1,1,0,0,0,0,1,7910565208,5824827522,1328824,5249576
191827,11,3,3010104,Lietzengraben,2019,1,4,7,3,9,1,2,0,1,0,0,0,0,2,8008588465,5838764336,1344483,5261536
191828,11,2,2020202,Rathaus Yorckstra·e,2019,1,12,4,3,5,3,0,1,1,0,0,0,0,0,7975502237,5825154341,133839,5249518
191829,11,9,9010402,Johannisthal Ost,2019,1,18,7,3,6,2,2,0,1,1,0,0,0,1,8058842688,5818982364,1350063,5243526
191830,11,3,3040614,Pankow Zentrum,2019,1,17,7,3,5,3,1,0,1,0,0,0,0,1,7998671621,5834294351,1342618,5257584
191831,11,1,1011204,Leipziger Stra·e,2019,1,17,7,3,5,2,1,0,1,0,0,0,0,1,7978548529,582686054,133899,5251031
191832,11,7,7040403,Manteuffelstra·e,2019,1,17,7,2,5,3,1,1,1,0,0,0,0,1,7970908214,5822167274,1337449,5246866
191833,11,6,6020304,Kaiser-Wilhelm-Stra·e,2019,1,0,7,3,1,5,2,0,0,0,1,1,0,1,7946292608,5818129887,133348,524338
191834,11,4,4030931,Breitscheidplatz,2019,1,12,5,3,5,3,0,0,1,0,0,0,0,0,7939980148,5826068087,1333254,525053
191835,11,9,9041501,Altstadt Kietz,2019,1,17,7,3,6,4,1,0,1,1,0,0,0,1,8110486838,5820499259,1357777,5244594
191836,11,4,4010101,Jungfernheide,2019,1,16,7,3,2,2,1,0,1,0,0,0,0,1,7912975801,5830670852,132969,5254801
191837,11,10,10010308,Marzahner Chaussee,2019,1,13,5,3,2,6,0,0,1,0,0,0,0,0,8070454106,5829121963,1352699,5252548
191838,11,7,7030301,Friedenau,2019,1,16,7,3,3,6,1,1,0,0,0,0,1,1,7945551713,5822540782,133376,5247338
191839,11,1,1011103,LÅtzowstra·e,2019,1,18,6,3,2,6,2,0,1,0,0,0,0,1,7955553969,5825769199,1335515,5250178
191840,11,7,7030303,Grazer Platz,2019,1,20,4,3,2,6,2,0,1,0,0,0,0,0,7953855662,5820977943,1334841,5245892
191841,11,8,8010303,Donaustra·e,2019,1,22,6,3,5,2,2,1,1,0,0,0,0,1,8010137949,5823905808,1343364,5248209
191842,11,3,3020307,Buchholz,2019,1,21,6,2,0,7,2,0,1,0,0,0,1,0,8001675294,5836913521,1343297,5259915
191843,11,10,10010203,Gewerbegebiet Bitterfelder Stra·e,2019,1,12,6,3,9,1,0,0,1,0,0,0,0,2,807677511,5830789621,1353782,5254007
191844,11,8,8010117,Schillerpromenade,2019,1,19,6,3,0,5,2,1,1,0,0,0,0,1,8006867528,5822950802,1342798,5247371
191845,11,6,6040809,Thielallee,2019,1,7,6,3,0,1,1,1,0,0,0,0,0,1,7922423439,5820561329,1330192,5245688
191846,11,1,2040701,Andreasviertel,2019,1,7,6,2,5,2,1,1,1,0,0,0,0,1,8001618114,5827358629,1342424,5251351
191847,11,6,6020302,Komponistenviertel Lankwitz,2019,1,6,5,3,2,6,2,0,1,0,0,0,1,0,794076031,5818788917,1332727,5244
191848,11,1,1011102,Gro·er Tiergarten,2019,1,8,6,3,2,6,0,0,1,0,0,0,0,2,7951917185,5827239765,1335111,5251516
191849,11,1,1011306,Heine-Viertel Ost,2019,1,10,6,3,6,2,0,0,0,1,0,0,1,1,7996637495,5827043318,1341664,5251096
191850,11,4,4020313,Kînigin-Elisabeth-Stra·e,2019,1,11,6,3,5,2,0,0,1,0,0,0,1,0,7902092888,5826041022,1327685,5250709
191851,11,7,7040401,Neu-Tempelhof,2019,1,11,6,3,2,7,0,0,1,0,0,0,0,1,7972761305,5823682122,1337856,5248214
191852,11,11,11051229,Rummelsburg,2019,1,13,6,3,6,4,0,0,1,1,0,0,0,1,8039779697,582607074,1347913,5249985
191853,11,11,11051229,Rummelsburg,2019,1,13,6,2,2,2,0,1,0,0,0,1,0,0,8033456762,582630138,1347005,5250227
191854,11,9,9041401,Allende I,2019,1,14,6,3,5,3,0,0,1,0,0,0,0,0,8115769799,5820376777,135854,5244454
191855,11,12,12301204,Wittenau Nord,2019,1,6,6,3,5,2,1,0,1,0,0,0,0,1,792827961,5836797167,1332481,5260211
191856,11,2,2050801,Traveplatz,2019,1,18,6,3,5,2,2,0,1,0,1,0,0,1,8033982589,5826865207,1347134,525073