OBJECTID,LAND,BEZ,LOR,STRASSE,UJAHR,UMONAT,USTUNDE,UWOCHENTAG,UKATEGORIE,UART,UTYP1,ULICHTVERH,IstRad,IstPKW,IstFuss,IstKrad,IstGkfz,IstSonstige,USTRZUSTAND,LINREFX,LINREFY,XGCSWGS84,YGCSWGS84
191857,11,9,9051702,Bîlschestra·e,2019,1,10,6,3,0,7,0,0,1,0,0,0,0,1,8151430261,5821059387,1363834,5244862
191858,11,8,8030831,Gropiusstadt Ost,2019,1,18,6,2,6,4,2,0,1,1,0,0,0,1,803739373,5817990696,1346827,5242757
191859,11,9,9020701,Adlershof West,2019,1,17,6,3,5,2,2,0,1,0,0,0,0,1,8080896915,5818627215,1353264,5243084
191860,11,7,7040405,Rathaus Tempelhof,2019,1,18,5,3,6,2,2,0,1,1,0,0,0,0,7984457357,5821049159,1339338,524579
191861,11,4,4051448,Schaperstra·e,2019,1,16,6,3,5,3,1,0,1,0,0,0,0,0,7939657875,5824960752,1333109,5249539
191862,11,4,4030828,Savignyplatz,2019,1,19,5,3,3,6,2,1,1,0,0,0,0,0,7932536136,5826186529,1332171,5250676
191863,11,11,11030619,Fennpfuhl Ost,2019,1,18,5,3,2,6,2,0,1,0,0,0,0,0,804146289,5829813659,1348502,5253331
191864,11,8,8020619,Buschkrugallee Nord,2019,1,17,5,2,5,3,2,0,1,0,0,0,1,0,8016166078,5821693636,1344049,5246193
191865,11,6,6040703,Nikolassee,2019,1,16,5,3,5,3,2,1,1,0,0,0,0,0,7853224398,5817729986,1319794,5243515
191866,11,10,10010102,Havemannstra·e,2019,1,15,5,2,6,4,0,0,1,1,0,0,0,0,8101370137,5833918832,135769,5256672
191867,11,6,6040701,Wannsee,2019,2,15,6,3,5,3,0,0,1,0,0,0,0,0,7818775118,5813349348,1314371,5239765
191868,11,10,10010204,Wuhletalstra·e,2019,1,15,5,3,5,3,0,0,1,0,0,1,0,0,8088899656,5833395236,1355807,5256274
191869,11,8,8010118,Silbersteinstra·e,2019,1,14,5,3,6,7,0,1,0,1,0,0,0,0,8011817254,5821806219,1343421,5246318
191870,11,9,9020701,Adlershof West,2019,1,9,5,3,6,4,0,0,1,1,0,0,0,0,8083387579,5819178825,135368,5243564
191871,11,9,9030901,Dorf Altglienicke,2019,1,7,5,3,1,5,0,0,1,0,0,0,0,0,808370128,5816940436,135352,5241556
191872,11,7,7020204,Schîneberger Insel,2019,1,12,4,3,2,6,0,0,1,0,0,0,0,0,7966012784,5823946242,1336889,5248487
191873,11,5,5020522,Pillnitzer Weg,2019,1,15,4,2,6,4,0,0,1,1,0,0,0,0,7820333748,5827359776,1315783,525232
191874,11,8,8041037,Alt-Rudow,2019,1,16,4,3,5,2,2,0,1,0,0,0,0,0,8055483298,5818553236,1349531,524316
191875,11,9,9010101,Elsenstra·e,2019,1,17,5,3,2,2,1,0,1,0,0,0,0,0,8023515107,5824749136,1345404,5248891
191876,11,1,1011203,Unter den Linden SÅd,2019,1,15,4,3,5,2,0,1,1,0,0,0,0,0,7976238441,5827017473,1338665,5251184
191877,11,7,7010104,Dennewitzplatz,2019,1,15,4,3,2,6,0,0,0,0,1,0,0,0,796334468,5825111897,1336601,5249546
191878,11,3,3050925,Komponistenviertel Wei·ensee,2019,1,15,4,3,1,5,0,1,1,0,0,0,0,0,8026877117,5831395923,1346503,525483
191879,11,3,3061126,Arnimplatz,2019,1,14,4,3,1,5,0,0,1,0,0,0,0,0,7986672163,5831768213,1340625,5255386
191880,11,4,4030726,Droysenstra·e,2019,1,12,4,2,5,2,0,0,1,0,1,0,0,0,7915776258,582552558,132965,5250173
191881,11,3,3030716,MÑrchenland,2019,1,7,5,3,2,6,0,0,1,0,0,0,0,0,8028652545,5833539449,1346959,5256741
191882,11,9,9010401,Johannisthal West,2019,1,6,4,3,2,6,2,0,1,0,0,0,0,1,8057424277,582036549,1349981,5244774
191883,11,9,9010401,Johannisthal West,2019,1,6,4,3,0,6,2,0,1,0,0,0,1,0,8063482068,582100052,1350928,5245309
191884,11,2,2040701,Andreasviertel,2019,1,22,4,3,5,3,2,0,1,0,0,0,0,0,8003076524,5827626121,1342663,5251583
191885,11,3,3020307,Buchholz,2019,1,7,4,3,6,4,0,0,1,1,0,0,0,0,7995341922,5837801758,1342445,5260746
191886,11,4,4051448,Schaperstra·e,2019,1,7,4,3,3,6,0,1,1,0,0,0,0,0,793935143,5825147122,133308,5249708
191887,11,1,1011301,CharitÇviertel,2019,1,8,4,3,2,6,0,1,1,0,0,0,0,1,7969493682,5829436585,133789,525339
191888,11,9,9010301,Baumschulenstra·e,2019,1,17,4,3,5,2,2,1,1,0,0,0,0,0,8050085271,5822690938,1349117,5246899
191889,11,4,4030415,Schlo·garten,2019,1,8,4,3,2,6,0,0,1,0,0,0,0,0,791618314,5827511634,1329884,5251952
191890,11,4,4030519,Kaiserin-Augusta-Allee,2019,1,8,4,3,5,2,0,1,1,0,0,0,0,0,7925960674,5828268647,1331388,5252578
191891,11,5,5010208,Germersheimer Platz,2019,1,9,4,3,6,2,0,0,1,1,0,0,0,0,7838286377,5830130656,1318659,5254711
191892,11,7,7070701,Kettinger Stra·e/Schillerstra·e,2019,1,11,4,2,6,2,0,0,1,1,0,0,0,0,7986962745,5816020906,1339257,5241269
191893,11,12,12302108,MÑrkisches Zentrum,2019,1,6,4,3,2,6,2,0,1,0,0,0,0,0,7946310586,583629283,1335091,5259662
191894,11,8,8010301,Reuterkiez,2019,1,9,5,3,0,3,0,0,1,0,1,0,0,0,8017154663,5824253362,1344426,5248482
191895,11,6,6030610,Lichterfelde West,2019,1,19,4,2,5,3,2,0,1,0,0,0,0,2,7916849672,5818800308,132922,5244139
191896,11,2,2020204,Urbanstra·e,2019,1,18,4,3,5,2,2,1,1,0,0,0,0,0,7984893602,5825229342,1339776,5249534
191897,11,4,4030623,Ernst-Reuter-Platz,2019,1,14,4,3,6,4,0,1,0,1,0,0,0,0,7933395256,5826672701,133234,5251107
191898,11,4,4051550,Leon-Jessel-Platz,2019,1,12,4,3,6,4,0,0,1,1,0,0,0,0,7932291012,5823990763,1331941,5248709
191899,11,8,8010301,Reuterkiez,2019,1,18,4,3,2,6,2,0,1,0,0,0,0,0,8009043416,5824271697,1343236,5248543
191900,11,6,6010209,Feuerbachstra·e,2019,1,18,4,3,5,3,2,1,1,0,0,0,0,0,7944869374,5821598398,1333577,5246497
191901,11,3,3040818,Pankow SÅd,2019,1,12,4,2,5,3,0,1,1,0,0,0,0,0,7996644076,5832817111,1342186,5256271
191902,11,2,2020206,Graefekiez,2019,1,4,4,2,8,1,2,0,1,0,0,0,0,0,799457919,5824933364,1341172,5249216
191903,11,4,4030931,Breitscheidplatz,2019,1,17,4,3,6,4,2,1,0,1,0,0,0,0,7938471224,5825873673,1333015,5250364
191904,11,7,7040405,Rathaus Tempelhof,2019,1,17,4,3,5,2,2,1,1,0,0,0,0,0,7979453969,5822209957,1338708,5246857
191905,11,2,2040503,Richard-Sorge-Viertel,2019,1,17,4,3,2,6,2,0,1,0,0,0,0,0,8013892705,5828723685,1344351,5252507
191906,11,2,2030302,Lausitzer Platz,2019,1,13,4,3,1,5,0,1,0,0,0,0,1,0,8002970314,5825830517,1342485,5249974
191907,11,6,6020409,Kînigsberger Stra·e,2019,1,13,5,3,5,2,0,1,1,0,0,0,0,0,7941406087,5817715924,1332727,5243035
191908,11,8,8020622,Parchimer Allee,2019,1,7,3,3,2,6,0,0,1,0,0,0,0,0,8012545084,5819762051,1343343,5244482
191909,11,3,3061126,Arnimplatz,2019,1,10,3,2,5,7,0,0,1,0,0,0,1,0,7986626622,5831707276,1340613,5255331
191910,11,1,1033201,Brunnenstra·e,2019,1,16,3,3,6,4,0,1,0,1,0,0,0,0,7981729525,5830043176,1339743,5253867
191911,11,4,4030623,Ernst-Reuter-Platz,2019,1,13,4,2,5,3,0,1,1,0,0,0,0,0,792916931,5826772084,1331727,5251219
191912,11,11,11020515,Landsberger Allee,2019,1,14,3,3,5,3,0,0,1,0,0,0,0,0,8051240264,5830057489,1349962,5253495
191913,11,3,3061429,Greifswalder Stra·e,2019,1,14,3,3,5,2,0,1,1,0,0,0,0,0,8010800921,5830449654,1344053,5254071
191914,11,6,6040810,Dahlem,2019,1,13,3,3,2,2,0,0,1,0,0,1,0,0,7905626231,5821486562,1327807,5246607
191915,11,6,6010208,Bergstra·e,2019,1,13,3,3,2,2,0,1,1,0,0,0,0,0,7941209734,5820820925,1332971,524582
191916,11,8,8020621,Mohriner Allee Nord,2019,1,13,3,3,4,6,0,0,1,0,0,0,0,0,8005808856,5819341581,1342317,5244142
191917,11,10,10040933,Mahlsdorf SÅd,2019,1,12,3,3,5,2,0,0,1,0,0,0,1,0,8123851224,5824270491,1360089,5247898
191918,11,12,12302110,Dannenwalder Weg,2019,1,18,5,2,6,2,2,0,1,1,0,0,0,0,7944206232,5836238438,1334776,5259624
191919,11,3,3040512,Wilhelmsruh,2019,1,12,3,2,5,3,0,1,1,0,0,0,0,0,7956233456,5834694987,1336409,5258175
191920,11,8,8020619,Buschkrugallee Nord,2019,1,12,3,3,6,7,0,0,1,1,0,0,0,0,8019698258,5820748291,1344482,5245326
191921,11,8,8041036,Zittauer Stra·e,2019,1,18,3,3,6,4,1,0,1,1,0,0,0,0,8052743531,5816503631,1348942,5241339
191922,11,8,8010405,Hertzbergplatz,2019,1,10,3,3,5,3,0,0,1,0,0,0,1,0,8022662523,5823530721,1345169,5247804
191923,11,8,8030829,Gropiusstadt Nord,2019,1,18,5,2,6,2,1,0,1,1,0,0,0,0,8031465604,581845792,1346,5243208
191924,11,11,11030720,Herzbergstra·e,2019,1,9,3,3,2,6,0,0,1,0,0,0,1,0,8051957048,5829051481,1349975,5252589
191925,11,4,4030930,George-Grosz-Platz,2019,1,9,3,2,3,3,0,0,1,0,0,0,1,0,7928451175,5825520588,1331512,5250101
191926,11,3,3071537,Kollwitzplatz,2019,1,22,3,2,5,2,2,1,1,0,0,0,0,0,7996882438,5829250284,1341899,5253073
191927,11,4,4020310,Park Ruhwald,2019,1,20,3,3,5,2,2,0,1,0,0,0,0,0,790559054,5827352592,1328314,5251866
191928,11,12,12214527,Alt-Tegel,2019,1,19,3,3,6,7,2,0,1,1,0,0,0,0,790201639,5835145095,1328469,5258871
191929,11,6,6040810,Dahlem,2019,1,8,3,3,2,2,0,1,1,0,0,0,0,0,7901390618,5819770878,1327036,5245091
191930,11,2,2010104,Wassertorplatz,2019,1,18,3,3,6,4,1,1,0,1,0,0,0,0,7990476008,5825596119,1340629,5249832
191931,11,10,10010310,Alt-Marzahn,2019,1,20,2,3,2,6,2,0,1,0,0,0,0,1,8078232782,5830742878,1353992,5253957
191932,11,10,10020413,Gut Hellersdorf,2019,1,16,5,3,6,4,0,0,1,1,0,0,0,0,811119601,5830922521,1358854,5253931
191933,11,9,9010301,Baumschulenstra·e,2019,1,19,2,3,5,3,2,0,1,0,0,0,0,0,8048710547,5822461085,1348895,52467
191934,11,1,1044202,Sparrplatz,2019,1,18,2,3,2,6,2,0,1,0,0,0,0,0,7955524438,5830734915,1335952,5254629
191935,11,4,4030620,Alt-Lietzow,2019,1,17,2,2,6,2,2,0,1,1,0,0,0,0,7921761988,5827292248,1330685,5251725
191936,11,11,11041023,Gensinger Stra·e,2019,1,17,2,2,6,4,2,0,1,1,0,0,0,0,8075258961,5827591975,1353264,525115
191937,11,9,9020501,Oberschîneweide West,2019,1,17,2,3,2,6,2,0,1,0,0,0,0,1,806027178,5823050904,1350645,5247164
191938,11,4,4031032,Halensee,2019,1,14,2,3,2,3,0,0,1,0,0,0,0,0,791624937,5824503987,132963,5249255
191939,11,7,7040403,Manteuffelstra·e,2019,1,7,2,3,2,6,0,0,1,0,0,0,0,1,7972488551,5820826636,1337562,5245655
191940,11,7,7040406,Germaniagarten,2019,1,7,2,3,5,2,0,1,1,0,0,0,0,0,7999647278,5821327082,1341592,5245956
191941,11,3,3040512,Wilhelmsruh,2019,1,7,2,3,3,6,2,0,1,0,0,1,0,0,7967867517,5835811529,1338221,5259113
191942,11,12,12302110,Dannenwalder Weg,2019,2,12,6,3,5,2,0,1,0,0,0,1,0,0,7952780396,5836373535,1336051,5259699
191943,11,6,6040804,Krumme Lanke,2019,1,6,2,3,6,2,2,0,1,1,0,0,0,1,7876435067,5818140343,1323234,5243761
191944,11,9,9030901,Dorf Altglienicke,2019,1,5,2,3,5,2,2,0,1,0,0,0,0,0,8076830988,5817730715,1352585,5242303
191945,11,8,8020728,Buckow Ost,2019,1,17,2,3,2,2,1,0,1,0,1,0,0,0,8023296004,581679802,1344652,5241766
191946,11,1,1011401,Invalidenstra·e,2019,1,13,4,3,6,4,0,0,0,1,0,0,1,0,7983219847,5829380233,1339903,5253264
191947,11,9,9052001,Kîpenick Nord,2019,1,17,2,2,6,2,1,0,1,1,0,0,0,0,8103619869,5823543278,1357052,5247361
191948,11,7,7020204,Schîneberger Insel,2019,1,15,2,3,6,4,0,1,0,1,0,0,0,0,7963380338,5823954737,1336503,5248509
191949,11,10,10040829,Alt-Kaulsdorf,2019,1,15,2,3,2,2,0,0,1,0,0,0,0,0,8122658877,5827761993,1360242,5251033
191950,11,4,4020313,Kînigin-Elisabeth-Stra·e,2019,1,13,2,3,2,2,0,0,1,0,0,0,0,0,790292053,582603609,1327806,52507
191951,11,8,8020622,Parchimer Allee,2019,1,13,2,3,0,3,0,0,1,0,0,0,1,0,8027224055,5819458555,1345469,5244129
191952,11,2,2030301,Oranienplatz,2019,1,9,5,3,3,6,0,0,1,0,0,0,1,0,8001272833,5825757633,1342229,5249918
191953,11,2,2020206,Graefekiez,2019,1,12,2,3,6,7,0,0,1,1,0,0,0,0,8001899192,5824401843,1342199,5248699
191954,11,8,8020619,Buschkrugallee Nord,2019,1,11,2,3,2,6,0,0,1,0,0,0,0,0,8012194062,5821686849,1343466,5246209
191955,11,4,4030827,Karl-August-Platz,2019,1,8,5,3,0,2,0,1,1,0,0,0,0,0,7922552988,5826004691,1330688,5250567
191956,11,1,1011301,CharitÇviertel,2019,1,11,2,3,6,4,0,0,1,1,0,0,0,0,7976401982,5828177428,1338793,5252223
191957,11,6,6040810,Dahlem,2019,1,10,2,3,5,3,0,1,1,0,0,0,0,0,7923444798,582080871,1330363,5245904
191958,11,1,1022103,Westhafen,2019,1,9,2,3,2,6,0,0,1,0,0,0,0,0,7934226437,5829465483,1332708,5253607
191959,11,1,1011303,Alexanderplatzviertel,2019,1,21,4,3,2,6,2,0,1,0,0,0,0,0,7995677605,5828230669,134163,5252165
191960,11,5,5020415,Isenburger Weg,2019,1,8,2,3,6,4,0,0,1,1,0,0,0,0,7798193823,5830157798,1312764,5254943
191961,11,4,4030416,Klausenerplatz,2019,1,10,2,3,0,1,0,0,0,0,1,0,0,2,7908989112,5826974488,132878,5251509
191962,11,1,1033102,Gesundbrunnen,2019,1,15,1,3,1,5,0,1,1,0,0,0,1,1,7977383337,5831237543,1339211,5254961
191963,11,1,1033203,Humboldthain Nordwest,2019,1,23,1,2,5,3,2,1,1,0,0,0,0,0,7966371662,5829798932,1337463,5253731
191964,11,6,6010210,Bismarckstra·e,2019,1,17,1,3,6,2,2,0,1,1,0,0,0,0,7951165885,5821277184,1334473,5246175
191965,11,4,4010101,Jungfernheide,2019,1,17,1,3,5,2,2,0,1,0,0,0,0,1,7894875381,5830629091,1327024,525486
191966,11,4,4030622,Richard-Wagner-Stra·e,2019,1,10,5,3,5,2,0,0,1,0,0,0,0,0,7921913008,5827027389,1330684,5251487
191967,11,1,1033202,Humboldthain SÅd,2019,1,15,1,3,2,1,0,1,1,0,0,0,0,0,7976775811,5829624223,1338977,5253518
191968,11,8,8030831,Gropiusstadt Ost,2019,1,14,1,3,5,2,0,0,1,0,0,0,0,1,8037241188,5818010323,1346807,5242775
191969,11,12,12103117,Letteplatz,2019,1,1,1,2,1,1,2,0,1,0,0,0,1,1,7958638643,5832599492,1336576,5256284
191970,11,1,1044102,Schillerpark,2019,2,15,3,3,5,3,0,0,1,0,0,0,0,0,794050016,5832122977,1333866,5255955
191971,11,12,12214424,Scharnweberstra·e,2019,2,13,3,3,3,6,0,1,1,0,0,0,0,0,7925308986,5833065816,1331714,5256882
191972,11,1,1022104,Emdener Stra·e,2019,2,14,3,3,5,3,0,1,1,0,0,0,0,0,7944550241,5828436841,1334135,5252629
191973,11,3,3061228,Erich-Weinert-Stra·e,2019,2,17,5,3,5,3,2,1,1,0,0,0,0,0,8001917902,5830931665,1342791,5254552
191974,11,9,9051701,Hirschgarten,2019,2,14,3,2,2,7,0,0,1,0,0,0,0,0,8130429322,5821425684,1360788,5245311
191975,11,9,9041301,Kietzer Feld/Nachtheide,2019,2,15,3,2,6,4,0,0,1,1,0,0,0,0,8115632054,5818866162,1358379,5243101
191976,11,6,6010206,Stadtpark,2019,2,14,3,3,5,2,0,1,1,1,0,0,0,0,7947679006,5819860234,1333836,5244923
191977,11,4,4020310,Park Ruhwald,2019,2,14,5,2,5,2,0,0,1,0,0,0,0,0,7898350757,5827385635,1327252,5251934
191978,11,4,4031032,Halensee,2019,2,14,3,3,6,7,0,0,1,1,0,0,0,0,7915819853,5825047691,1329615,5249745
191979,11,5,5020521,Dîberitzer Weg,2019,2,11,3,3,2,2,0,0,1,0,0,0,0,0,7795879778,5827831917,1312228,5252869
191980,11,5,5010209,An der Kappe,2019,2,11,3,2,5,3,0,0,1,0,0,0,0,0,783057672,5829305085,1317454,5254011
191981,11,6,6020306,Lankwitz SÅd,2019,2,7,3,3,3,6,0,1,0,0,0,0,1,0,7963987649,5816915293,1335968,5242195
191982,11,2,2020204,Urbanstra·e,2019,2,17,3,3,8,1,2,0,1,0,0,0,0,0,7983116702,5825332738,1339525,5249637
191983,11,4,4031032,Halensee,2019,2,18,3,3,2,6,2,0,1,0,0,0,0,0,7919797575,5824834055,133018,5249532
191984,11,8,8030831,Gropiusstadt Ost,2019,2,20,3,3,5,3,2,1,1,0,0,0,0,0,8041380878,5817802937,1347395,5242566
191985,11,8,8010117,Schillerpromenade,2019,2,17,3,3,2,6,2,1,1,0,0,0,0,0,8006837211,5822915114,134279,524734
191986,11,1,1011305,Heine-Viertel West,2019,2,17,3,3,1,5,2,1,1,0,0,0,0,0,7994676076,5826587861,1341335,5250698
191987,11,2,2030302,Lausitzer Platz,2019,2,13,5,2,6,4,0,1,0,1,0,0,0,0,8007998778,5825819163,1343223,5249936
191988,11,7,7050501,Rathausstra·e,2019,2,17,3,3,1,7,2,0,1,0,0,0,1,0,7979659513,5819460655,1338492,5244392
191989,11,2,2020206,Graefekiez,2019,2,15,5,3,3,6,0,1,1,0,0,0,0,0,799237096,5824556034,1340814,524889
191990,11,8,8041037,Alt-Rudow,2019,2,16,3,3,6,4,1,0,1,1,0,0,0,0,8049922893,5817756296,1348643,5242477
191991,11,1,1033203,Humboldthain Nordwest,2019,2,16,3,3,6,4,0,0,0,1,1,0,0,0,7970296831,5830895961,1338139,5254693
191992,11,12,12301203,Wittenau SÅd,2019,2,16,3,3,5,2,0,0,1,0,0,0,0,0,793545003,5834253179,1333312,5257892
191993,11,5,5030731,Gartenfelder Stra·e,2019,2,13,5,3,2,6,0,0,1,0,0,0,0,0,788032287,5829372451,1324775,5253811
191994,11,5,5020523,Maulbeerallee,2019,2,15,3,3,5,3,0,1,1,0,0,0,0,0,7829061268,5827421529,1317071,525233
191995,11,4,4051446,Preu·enpark,2019,2,17,3,2,5,2,2,1,1,0,0,0,0,0,7929489667,5825319057,1331647,5249915
191996,11,12,12214125,Waldidyll/Flughafensee,2019,2,10,3,3,2,2,0,1,0,0,0,0,0,0,7908126528,583433183,1329297,5258109
191997,11,1,1011303,Alexanderplatzviertel,2019,2,14,6,3,5,2,0,1,0,0,0,0,1,0,7991108712,5828465981,134098,5252401
191998,11,6,6020303,Lankwitz Kirche,2019,2,10,3,3,3,6,0,0,1,0,0,0,1,0,7952293258,5818685552,1334409,5243846
191999,11,5,5020626,Adamstra·e,2019,2,7,3,3,2,7,0,0,1,0,0,0,0,0,7846496321,5827269114,1319621,5252103
192000,11,1,1011101,StÅlerstra·e,2019,2,13,5,3,2,6,0,0,1,0,0,0,0,0,7946363248,5826163135,13342,5250581
192001,11,2,2040701,Andreasviertel,2019,2,7,3,3,5,3,1,1,1,0,0,0,0,0,8003650273,58271888,1342708,5251188
192002,11,2,2030402,Wrangelkiez,2019,2,17,2,3,2,6,2,0,1,0,0,0,0,0,8016479232,5825899153,1344475,5249961
192003,11,2,2030402,Wrangelkiez,2019,2,17,2,3,2,6,2,0,1,0,0,0,0,0,8016479232,5825899153,1344475,5249961
192004,11,11,11030721,RÅdigerstra·e,2019,2,9,5,3,4,6,0,0,1,0,0,0,0,0,8034462207,5828618434,1347364,5252299
192005,11,4,4030931,Breitscheidplatz,2019,2,15,2,3,2,6,0,0,1,0,0,0,0,0,7939319632,5826032839,1333154,5250502
192006,11,3,3020209,Niederschînhausen,2019,2,9,2,3,5,2,0,0,1,0,0,1,0,1,797872651,5836024615,1339839,5259245
192007,11,9,9020802,Kîllnische Vorstadt,2019,2,8,2,3,2,2,0,0,1,0,0,0,0,1,8097911161,5820493661,1355932,5244661
192008,11,1,1011302,Oranienburger Stra·e,2019,2,9,5,3,5,2,0,1,1,0,0,0,0,0,7990543076,582899334,1340944,5252877
192009,11,9,9031202,Schmîckwitz/Rauchfangswerder,2019,2,11,2,3,2,6,0,0,1,0,0,0,0,1,8161087049,5813266556,1364514,5237823
192010,11,1,1022205,Zillesiedlung,2019,2,21,2,3,6,7,2,0,1,1,0,0,0,0,795518132,582834568,1335689,525249
192011,11,4,4041241,Breite Stra·e,2019,2,14,6,3,0,1,0,1,0,0,0,0,0,0,791554614,5822477081,132935,5247442
192012,11,9,9031101,GrÅnau,2019,2,21,2,3,6,7,2,0,0,1,0,0,1,0,8110547724,5818037065,1357556,5242387
192013,11,5,5020419,Magistratsweg,2019,2,5,2,3,3,6,2,1,0,0,0,0,1,1,780912829,5828336297,1314218,5253253
192014,11,10,10010204,Wuhletalstra·e,2019,2,11,5,3,5,3,0,0,1,0,0,0,0,0,8093368958,5832706088,13564,5255631
192015,11,12,12103219,SchÑfersee,2019,2,7,2,3,6,2,0,0,1,1,0,0,0,1,7949630381,583270833,1335261,525643
192016,11,8,8010406,Treptower Stra·e Nord,2019,2,5,2,2,5,3,2,0,0,0,1,0,1,1,8022785584,5823881701,1345219,5248118
192017,11,8,8010404,Rixdorf,2019,2,11,5,3,2,6,0,0,1,0,0,0,1,0,8021067801,5823434353,1344926,5247726
192018,11,5,5020626,Adamstra·e,2019,2,19,2,3,6,2,2,0,1,1,0,0,0,0,784548115,582815636,1319548,5252903
192019,11,1,1022207,Hansaviertel,2019,2,7,2,2,6,7,1,1,0,1,0,0,0,1,7941912365,5827121602,1333631,5251464
192020,11,8,8020727,Buckow Mitte,2019,2,18,2,3,6,2,1,0,1,1,0,0,0,0,8015240108,5817548343,1343539,5242483
192021,11,1,1011202,Unter den Linden Nord,2019,2,19,5,3,0,2,2,1,0,0,0,0,1,0,7976857217,582790294,1338835,5251975
192022,11,7,7010101,Wittenbergplatz/Viktoria-Luise-Platz,2019,2,16,2,3,6,7,0,1,0,1,0,0,0,0,794861289,58256766,1334487,5250132
192023,11,11,11020514,Gro·e-Leege-Stra·e,2019,2,16,2,2,5,3,0,1,1,0,0,0,0,0,8043037547,583030714,1348779,5253764
192024,11,8,8020622,Parchimer Allee,2019,2,15,2,3,6,4,0,0,1,1,0,0,0,0,8014307196,5820268839,1343648,5244926
192025,11,4,4051445,Eisenzahnstra·e,2019,2,7,5,3,5,2,0,1,1,0,0,0,0,1,7924895126,5824122668,1330867,5248867
192026,11,9,9031101,GrÅnau,2019,2,15,2,2,0,1,0,1,1,0,0,0,0,0,811185663,5817766294,1357723,5242137
192027,11,1,1033201,Brunnenstra·e,2019,2,14,2,3,2,6,0,0,1,0,0,0,0,1,7975149588,5831010255,1338862,5254769
192028,11,10,10040932,Alt-Mahlsdorf,2019,2,12,2,3,2,6,0,0,1,0,1,0,0,0,812928884,5827928147,1361231,5251144
192029,11,6,6030609,Augustaplatz,2019,2,7,5,3,5,3,0,0,1,0,0,0,0,0,7925862752,5818924367,1330553,5244202
192030,11,4,4020313,Kînigin-Elisabeth-Stra·e,2019,2,12,2,3,6,2,0,0,1,1,0,0,0,1,7905253985,5826497051,1328189,5251101
192031,11,3,3061332,Helmholtzplatz,2019,2,8,2,3,5,7,0,0,1,0,0,0,1,1,7994698859,5831030816,1341739,5254681
192032,11,12,12304313,Borsigwalde,2019,2,8,2,3,5,7,0,0,1,0,0,0,1,1,7917563438,5834578048,1330708,5258279
192033,11,8,8020619,Buschkrugallee Nord,2019,2,7,5,3,5,2,0,0,1,0,0,0,1,1,8015462909,5820647214,1343851,5245259
192034,11,9,9010202,Kîpenicker Landstra·e,2019,2,18,2,3,6,4,1,0,1,1,0,0,0,0,804233543,5824169615,1348115,5248267
192035,11,8,8010301,Reuterkiez,2019,2,16,1,3,2,2,2,0,1,0,0,0,0,1,8006641935,5824380216,1342894,5248654
192036,11,9,9020702,Adlershof Ost,2019,2,21,1,3,2,7,2,0,1,0,1,0,0,1,8093894491,5819628756,1355262,5243908
192037,11,12,12301203,Wittenau SÅd,2019,2,16,5,3,5,2,0,1,1,0,0,0,0,0,792851671,5835170064,1332372,5258751
192038,11,10,10020413,Gut Hellersdorf,2019,2,15,1,3,5,2,0,0,1,0,0,0,0,1,8112889316,5831562997,1359163,5254495
192039,11,5,5010314,Carl-Schurz-Stra·e,2019,2,1,1,3,8,1,1,0,1,0,0,0,0,1,7849976005,5829401608,1320315,5253996
192040,11,2,2030301,Oranienplatz,2019,2,18,1,2,2,6,2,1,1,0,0,0,0,1,7998476463,5825811428,1341823,5249982
192041,11,8,8041040,Waltersdorfer Chaussee Ost,2019,2,7,5,3,0,3,0,0,1,0,1,0,0,0,8068842256,5817354097,135138,5242011
192042,11,4,4031032,Halensee,2019,2,19,1,2,6,2,2,0,1,1,0,0,0,1,7918373073,5824702002,132996,5249421
192043,11,6,6020409,Kînigsberger Stra·e,2019,2,18,1,2,8,1,2,0,1,0,0,0,1,1,7935645509,5817986521,1331906,5243308
192044,11,1,1044202,Sparrplatz,2019,2,9,1,3,2,6,0,0,1,0,0,0,0,1,7955524438,5830734915,1335952,5254629
192045,11,2,2010102,Mehringplatz,2019,2,2,1,3,5,3,2,0,1,0,0,0,1,0,798183347,582649956,1339441,525069
192046,11,11,11020412,Hauptstra·e,2019,2,10,6,3,5,2,0,1,1,0,0,0,0,0,8058331405,5831863726,135117,5255074
192047,11,2,2030302,Lausitzer Platz,2019,2,3,7,3,0,1,2,1,0,0,0,0,0,0,8007243014,5826537615,1343177,5250584
192048,11,1,1044101,Rehberge,2019,2,1,7,2,8,1,2,0,1,0,0,0,0,0,7942235065,5830421662,133397,5254421
192049,11,12,12302110,Dannenwalder Weg,2019,2,23,7,3,0,3,2,0,1,0,1,0,0,1,7946403828,5836270786,1335103,5259641
192050,11,8,8030831,Gropiusstadt Ost,2019,2,23,7,3,2,6,2,0,1,0,0,0,1,1,8038242776,5817909914,1346944,524268
192051,11,8,8010404,Rixdorf,2019,2,21,7,3,6,4,2,0,1,1,0,0,0,0,8024704269,5823158055,1345435,5247459
192052,11,10,10010102,Havemannstra·e,2019,2,14,5,3,6,4,0,0,1,1,0,0,0,0,8099644385,5834535877,1357493,5257235
192053,11,1,1022206,LÅneburger Stra·e,2019,2,14,7,3,0,7,0,0,1,0,0,0,1,0,7964250273,5828596967,1337044,5252666
192054,11,11,11010309,Zingster Stra·e West,2019,2,20,7,3,5,2,2,0,1,0,0,0,0,1,8044169952,5833377312,1349227,525651