OBJECTID,LAND,BEZ,LOR,STRASSE,UJAHR,UMONAT,USTUNDE,UWOCHENTAG,UKATEGORIE,UART,UTYP1,ULICHTVERH,IstRad,IstPKW,IstFuss,IstKrad,IstGkfz,IstSonstige,USTRZUSTAND,LINREFX,LINREFY,XGCSWGS84,YGCSWGS84
192055,11,9,9051901,Dammvorstadt,2019,2,18,7,3,2,6,2,0,1,0,0,0,0,1,8096830962,5821311777,1355849,52454
192056,11,6,6010205,SÅdende,2019,2,5,5,3,3,6,2,0,1,0,0,0,0,0,7960101437,5819872042,133566,5244867
192057,11,1,1011305,Heine-Viertel West,2019,2,17,7,3,9,1,2,0,0,0,0,0,1,0,7992185895,5827172358,1341022,5251236
192058,11,4,4010102,Plîtzensee,2019,2,15,7,3,5,2,0,0,1,0,0,0,0,0,7933530982,5829678816,1332625,5253802
192059,11,4,4010102,Plîtzensee,2019,2,15,7,3,5,2,0,0,1,0,0,0,0,0,793341673,5829714923,1332611,5253835
192060,11,1,1033203,Humboldthain Nordwest,2019,2,11,6,2,6,2,0,0,0,1,0,1,0,0,7968460834,5830319929,1337817,5254187
192061,11,4,4051655,Babelsberger Stra·e,2019,2,14,7,3,3,6,0,1,1,0,0,0,0,0,7943962008,5824180077,1333672,5248816
192062,11,5,5030731,Gartenfelder Stra·e,2019,2,14,7,3,0,2,0,1,1,0,0,0,0,0,7879787442,5830394277,1324785,525473
192063,11,8,8040933,Vogelviertel SÅd,2019,2,9,5,3,0,1,0,1,0,0,0,0,0,1,8030250944,581937962,1345906,5244041
192064,11,7,7040403,Manteuffelstra·e,2019,2,20,7,2,5,3,2,0,1,0,0,0,0,1,7978549371,5821887666,1338546,5246574
192065,11,5,5010313,Ackerstra·e,2019,2,20,7,2,6,4,2,0,1,1,0,0,0,1,7846632226,5829717353,1319851,5254297
192066,11,4,4051448,Schaperstra·e,2019,2,13,7,3,2,6,0,0,1,0,0,0,1,0,7943502675,582543017,1333715,5249939
192067,11,1,1044202,Sparrplatz,2019,2,14,4,3,5,2,0,1,1,0,0,0,0,0,79553622,5830472575,1335905,5254395
192068,11,3,3061126,Arnimplatz,2019,2,13,7,3,5,3,0,0,1,0,0,0,0,0,7988232127,5831623567,1340841,5255248
192069,11,9,9051901,Dammvorstadt,2019,2,13,7,3,2,6,0,0,1,0,0,0,0,0,8101908848,5821526516,1356614,5245564
192070,11,1,1022104,Emdener Stra·e,2019,2,12,7,3,5,2,0,1,1,0,0,0,0,1,794587425,5828438769,133433,5252623
192071,11,2,2050802,Boxhagener Platz,2019,2,7,4,3,2,2,0,1,1,0,0,0,0,0,8019883694,5826925116,1345069,5250862
192072,11,7,7050503,Eisenacher Stra·e,2019,2,12,7,2,5,2,0,1,1,0,0,0,0,0,7992231157,5820044142,1340389,5244846
192073,11,9,9020501,Oberschîneweide West,2019,2,12,7,3,2,6,0,0,1,0,0,0,0,0,8065265216,5822524433,135133,5246665
192074,11,3,3050919,Gustav-Adolf-Stra·e,2019,2,14,7,3,5,3,0,1,0,0,0,0,1,0,8013207825,5832448911,1344589,525585
192075,11,6,6020411,SchÅtte-Lanz-Stra·e,2019,2,18,5,2,0,3,1,0,0,0,0,0,1,0,7936154209,581591353,1331799,5241447
192076,11,4,4030931,Breitscheidplatz,2019,2,10,6,3,1,5,0,0,1,0,0,1,0,0,7942023545,5825661737,1333518,5250155
192077,11,10,10010102,Havemannstra·e,2019,2,12,6,3,5,3,0,0,1,0,0,0,0,0,8094500448,5834612146,1356744,5257332
192078,11,4,4020311,Reichsstra·e,2019,2,13,4,3,5,3,0,0,1,0,0,0,0,0,789992273,5826317665,132739,5250968
192079,11,11,11010206,Wartenberg SÅd,2019,2,9,6,2,5,3,0,0,1,0,0,0,0,0,8056948833,5834155697,1351178,5257136
192080,11,11,11030619,Fennpfuhl Ost,2019,2,14,6,3,0,7,0,0,0,0,0,0,1,0,8036699137,5829506621,1347774,5253082
192081,11,11,11020412,Hauptstra·e,2019,2,15,4,3,5,3,0,0,1,0,0,0,0,1,8058703633,5831421101,1351184,5254675
192082,11,2,2050802,Boxhagener Platz,2019,2,23,6,3,6,7,2,0,1,1,0,0,0,0,8023903024,5826832824,1345651,5250757
192083,11,4,4041134,Bismarckallee,2019,2,9,6,3,0,6,0,0,1,0,0,0,0,0,7908383904,5824734273,1328495,5249504
192084,11,10,10010309,Springpfuhl,2019,2,5,6,3,6,4,2,0,1,1,0,0,0,0,8082565308,5829821659,1354544,5253107
192085,11,11,11030720,Herzbergstra·e,2019,2,15,4,2,3,6,0,0,1,0,1,0,0,1,8046468625,5829931815,1349249,5253409
192086,11,4,4030931,Breitscheidplatz,2019,2,15,6,2,5,2,0,0,1,0,1,0,0,0,7944643962,5825853144,133392,5250312
192087,11,6,6010206,Stadtpark,2019,2,17,6,3,5,2,1,0,1,0,0,0,0,0,7950527897,5819615413,1334232,5244689
192088,11,1,1011202,Unter den Linden Nord,2019,2,18,6,3,6,4,1,0,1,1,0,0,0,0,7976866893,5827897219,1338836,525197
192089,11,1,1044201,Reinickendorfer Stra·e,2019,2,21,5,2,5,2,2,1,0,0,0,1,0,0,7966612191,5831953422,1337691,5255661
192090,11,6,6040809,Thielallee,2019,2,2,6,2,5,3,2,0,1,0,0,0,0,1,7917080149,5819371451,1329304,5244649
192091,11,11,11010207,Wartenberg Nord,2019,2,5,6,3,5,3,2,0,1,0,0,0,0,0,8051387654,5834437672,1350386,5257419
192092,11,3,3040512,Wilhelmsruh,2019,2,5,6,3,2,6,2,0,1,0,0,0,0,0,7959125219,5835398819,1336898,5258791
192093,11,1,1044103,Westliche MÅllerstra·e,2019,2,15,4,3,5,3,0,0,1,0,1,0,0,1,7949014863,5830562886,133498,525451
192094,11,3,3061430,Volkspark Prenzlauer Berg,2019,2,8,6,3,2,6,0,0,1,0,0,0,1,0,8017298184,5830075731,1344975,52537
192095,11,4,4030929,Hindemithplatz,2019,2,9,6,2,1,5,0,1,0,0,0,0,1,1,7925266922,5825417873,1331035,5250026
192096,11,3,3020307,Buchholz,2019,2,11,6,3,0,2,0,0,1,0,0,0,1,0,7996759043,5837846604,1342658,5260779
192097,11,8,8010213,Kîrnerpark,2019,2,11,6,3,5,3,0,0,1,0,0,0,0,0,8014821442,5823005501,134397,5247377
192098,11,9,9041601,MÅggelheim,2019,2,11,6,3,4,2,0,0,1,0,0,0,0,0,8166634856,5817388768,1365716,5241485
192099,11,2,2040701,Andreasviertel,2019,2,16,5,3,5,2,0,1,1,0,0,0,0,0,8006017044,5827103871,1343048,5251099
192100,11,3,3020307,Buchholz,2019,2,13,6,2,6,4,0,0,1,1,0,0,0,0,8001710622,5836458527,1343261,5259507
192101,11,5,5030730,Zitadellenweg,2019,2,14,6,3,2,6,0,0,1,0,0,0,0,0,7864429563,5831148428,1322591,5255487
192102,11,2,2020206,Graefekiez,2019,2,14,6,3,2,6,0,0,1,0,0,0,0,0,8002909119,5824374709,1342345,5248669
192103,11,12,12224230,Heiligensee,2019,2,14,6,3,5,3,0,0,1,0,0,0,0,0,7854983705,5837389229,1321739,5261132
192104,11,1,1011402,Arkonaplatz,2019,2,20,5,3,6,7,2,1,0,1,0,0,0,0,7984564012,5829967081,1340153,5253783
192105,11,7,7020202,Volkspark (Rudolf-Wilde-Park),2019,2,15,6,3,1,5,0,1,1,0,0,0,0,0,7945023743,5823360007,1333755,5248075
192106,11,6,6020410,Oberhofer Platz,2019,2,5,6,2,9,1,1,0,1,0,0,0,0,1,7942778231,5817024861,1332867,5242408
192107,11,12,12304314,Ziekowstra·e/Freie Scholle,2019,2,20,5,2,9,1,2,0,1,0,0,0,0,1,7913863522,5835546474,1330249,5259167
192108,11,10,10020412,Alte Hellersdorfer Stra·e,2019,2,15,4,3,2,6,0,0,1,0,0,0,1,0,8109203055,5832040272,1358666,5254944
192109,11,1,1011306,Heine-Viertel Ost,2019,2,5,5,3,5,3,2,0,1,0,1,0,0,0,7994744742,582656096,1341343,5250674
192110,11,3,3010102,Buch,2019,2,10,5,3,5,2,0,0,1,0,0,0,0,0,8044916526,5840922707,1350031,5263268
192111,11,6,6030503,Zehlendorf Mitte,2019,2,10,5,3,2,2,0,0,1,0,0,0,0,0,7904942411,5818071046,132741,5243548
192112,11,9,9031101,GrÅnau,2019,2,11,5,3,2,7,0,0,1,0,0,0,1,0,8104086229,5818200933,1356624,5242571
192113,11,8,8010214,Glasower Stra·e,2019,2,13,5,3,5,3,0,0,1,0,0,0,0,0,8017457336,5822047728,1344271,5246503
192114,11,5,5030730,Zitadellenweg,2019,2,15,5,3,5,7,0,0,1,0,0,0,1,1,7865939044,5829226911,1322647,5253756
192115,11,7,7040403,Manteuffelstra·e,2019,2,14,5,3,5,2,0,1,1,0,0,0,0,0,7973413815,5821933796,1337796,5246643
192116,11,7,7040401,Neu-Tempelhof,2019,2,17,5,3,3,6,2,0,1,0,0,0,0,0,797289667,5822620407,1337782,5247261
192117,11,3,3061430,Volkspark Prenzlauer Berg,2019,2,18,5,3,2,2,2,0,1,0,0,0,0,0,8023291795,5829223933,1345778,5252903
192118,11,10,10040828,Kaulsdorf Nord,2019,2,20,5,3,5,3,2,0,1,0,0,0,0,0,8119091725,5829754726,1359905,5252839
192119,11,9,9010302,SpÑthsfelde,2019,2,16,4,3,2,6,0,0,1,0,0,0,1,0,804101273,5821293669,1347659,5245697
192120,11,7,7040403,Manteuffelstra·e,2019,2,20,5,3,2,6,2,0,1,0,0,0,0,0,797339144,5822107621,1337809,5246799
192121,11,5,5030730,Zitadellenweg,2019,2,21,5,3,2,6,2,0,1,0,0,1,0,0,7865414462,5830619418,132269,5255007
192122,11,9,9010301,Baumschulenstra·e,2019,2,21,5,3,5,3,2,0,1,0,0,0,0,0,8048763339,5822498924,1348906,5246734
192123,11,4,4030519,Kaiserin-Augusta-Allee,2019,2,16,4,2,5,7,0,0,1,0,1,0,0,0,7921387939,5828235945,1330713,5252573
192124,11,4,5030833,Motardstra·e,2019,2,18,5,2,2,6,1,0,1,0,1,0,0,1,7903769423,582903424,1328193,5253383
192125,11,1,1033102,Gesundbrunnen,2019,2,23,5,3,5,2,2,0,1,0,0,0,0,0,7969952532,5831483726,1338141,5255222
192126,11,6,6020306,Lankwitz SÅd,2019,2,16,5,3,5,3,0,0,1,0,0,0,0,1,7959063666,5816503838,1335209,5241853
192127,11,5,5020627,Tiefwerder,2019,2,11,5,3,2,6,0,0,1,0,0,0,0,0,7850965817,5828384185,1320374,5253079
192128,11,1,1011305,Heine-Viertel West,2019,2,14,6,3,2,6,0,1,1,0,0,0,0,0,7994392414,5826517549,1341287,5250637
192129,11,11,11010102,Dorf Wartenberg,2019,2,17,5,3,0,7,2,0,0,0,0,1,0,1,8048369525,5834757777,1349971,5257723
192130,11,8,8030831,Gropiusstadt Ost,2019,2,20,5,3,6,7,2,0,1,1,0,0,0,0,8044667151,5817327581,1347833,5242122
192131,11,1,1011303,Alexanderplatzviertel,2019,2,16,4,3,0,4,1,0,0,1,0,0,1,1,7987083547,5828099497,1340355,5252095
192132,11,12,12214424,Scharnweberstra·e,2019,2,11,4,3,2,6,0,0,1,0,0,0,0,0,7932534511,5832493085,1332727,525633
192133,11,12,12214421,Reinickes Hof,2019,2,10,4,3,2,6,0,0,1,0,0,0,0,0,7933990883,5833874861,1333063,5257561
192134,11,8,8020728,Buckow Ost,2019,2,16,4,2,5,2,0,0,1,0,1,0,0,0,8019045254,5817559085,1344098,5242471
192135,11,3,3030406,Alt-Karow,2019,2,12,4,3,5,3,0,0,1,0,0,0,0,1,8028716113,5838289472,1347403,5260998
192136,11,2,2040701,Andreasviertel,2019,2,22,4,3,6,4,2,1,0,1,0,0,0,0,8005592991,5826963051,1342973,5250975
192137,11,3,3050920,Wei·er See,2019,2,15,4,3,2,2,0,0,1,0,0,0,0,0,8028265142,5832019742,1346764,5255382
192138,11,12,12302107,Schorfheidestra·e,2019,2,15,4,3,6,7,0,0,1,1,0,0,0,0,7949329682,5836130942,1335521,52595
192139,11,6,6030605,Botanischer Garten,2019,2,16,5,3,5,3,0,0,1,0,0,0,0,0,7920419339,5819964413,1329845,5245163
192140,11,11,11020515,Landsberger Allee,2019,2,15,4,2,5,3,0,1,1,0,0,0,0,0,8050272157,583038534,134985,5253794
192141,11,10,10020413,Gut Hellersdorf,2019,2,14,4,3,5,3,0,0,1,0,0,0,0,0,8113033594,5831186992,1359149,5254157
192142,11,5,5030731,Gartenfelder Stra·e,2019,2,12,4,3,1,5,0,0,1,0,0,1,0,0,787525192,5829440068,1324035,5253898
192143,11,1,1022103,Westhafen,2019,2,13,6,3,2,2,0,0,1,0,0,0,1,0,7946572987,582947599,1334524,5253549
192144,11,3,3030715,Heinersdorf,2019,2,14,4,3,2,7,0,0,1,0,0,0,0,0,8006048596,5833192001,1343603,5256555
192145,11,1,1044101,Rehberge,2019,2,14,4,2,5,2,0,0,1,0,0,0,0,0,794526517,5831568974,1334518,5255433
192146,11,9,9010401,Johannisthal West,2019,2,11,4,3,9,1,0,0,1,0,0,0,0,0,8062599309,58206971,1350771,5245042
192147,11,1,1011302,Oranienburger Stra·e,2019,2,13,4,3,6,7,0,0,1,1,0,0,0,0,7976522784,5828603876,1338849,5252605
192148,11,7,7040405,Rathaus Tempelhof,2019,2,13,4,3,6,4,0,0,1,1,0,0,0,0,79805622,5820875912,1338751,5245656
192149,11,3,3061126,Arnimplatz,2019,2,20,4,3,6,2,2,0,1,1,0,0,0,1,799237371,5831804684,1341466,5255387
192150,11,11,11040925,Victoriastadt,2019,2,11,4,3,1,5,0,1,0,0,0,1,1,0,8034988171,5826482979,1347247,5250382
192151,11,7,7060604,Marienfelde SÅd,2019,2,10,4,3,5,3,0,0,1,0,0,0,1,1,7979707948,5815787009,1338172,5241099
192152,11,12,12301203,Wittenau SÅd,2019,2,9,4,2,9,1,0,0,1,0,0,0,0,1,7928778476,5835184738,1332412,5258763
192153,11,6,6030607,Goerzwerke,2019,2,19,5,3,2,6,2,0,1,0,0,0,0,0,7923879439,5816554827,1330055,5242088
192154,11,3,3050923,Wei·enseer Spitze,2019,2,9,4,3,5,3,0,0,1,0,0,0,0,0,8004429614,5832251836,134328,5255722
192155,11,8,8010404,Rixdorf,2019,2,8,4,3,9,1,0,1,0,0,0,0,0,0,8021252209,5823032897,1344917,5247366
192156,11,12,12214126,Tegel SÅd,2019,2,7,4,3,0,5,0,0,1,0,0,1,0,0,7902615941,5833872885,1328446,5257727
192157,11,1,1044203,Leopoldplatz,2019,2,5,4,3,6,4,2,0,1,1,0,0,0,1,7954537285,5831564999,1335881,5255379
192158,11,12,12224230,Heiligensee,2019,2,7,4,2,5,2,0,1,1,0,0,0,0,0,7870960223,5838199536,1324163,5261774
192159,11,2,2040702,Weberwiese,2019,2,19,4,3,1,5,2,1,1,0,0,0,0,0,8015664738,5827330162,1344485,5251248
192160,11,1,1011304,Karl-Marx-Allee,2019,2,19,4,3,0,6,1,0,1,0,0,0,1,0,7996531859,5827919744,1341728,5251882
192161,11,4,4030621,Spreestadt,2019,2,18,4,3,0,1,2,1,0,0,0,0,0,0,7936104486,5827882981,1332845,5252178
192162,11,5,5020625,Borkumer Stra·e,2019,2,16,4,3,0,2,0,0,0,0,0,0,1,0,7843968559,5828679317,131937,525338
192163,11,10,10040933,Mahlsdorf SÅd,2019,2,6,4,3,5,2,2,0,1,0,0,0,1,1,812396179,5824671618,1360143,5248256
192164,11,6,6040807,Zehlendorf Eiche,2019,2,8,3,3,5,3,0,1,1,0,0,0,0,1,7900134944,581915153,1326798,5244542
192165,11,2,2030401,Reichenberger Stra·e,2019,2,15,3,3,5,3,0,0,1,0,0,0,0,0,800637657,5825688154,1342973,5249828
192166,11,2,2040703,Wriezener Bahnhof/Entwicklungsgebiet,2019,2,11,3,3,5,2,0,0,1,0,0,0,0,0,8017576509,5826260779,1344669,5250279
192167,11,3,3030405,Karow Nord,2019,2,16,5,3,5,3,1,0,1,0,0,0,0,1,8035877072,5839229695,1348544,5261801
192168,11,7,7040404,Marienhîhe,2019,2,10,3,3,5,2,0,1,1,0,0,0,0,1,7974224198,5820393217,1337778,5245257
192169,11,2,2050803,Stralauer Kiez,2019,2,5,3,2,5,3,2,0,1,0,0,0,0,0,8021114779,5826366238,1345199,5250354
192170,11,6,6010103,Markelstra·e,2019,2,11,3,3,5,3,0,0,1,0,1,0,0,1,7936875936,582158132,1332402,5246524
192171,11,1,1011402,Arkonaplatz,2019,2,20,4,2,5,3,2,0,1,0,0,0,0,1,7982414728,5829623932,1339806,5253487
192172,11,2,2010103,Moritzplatz,2019,2,12,3,3,6,4,0,0,1,1,0,0,0,1,799018049,5826320055,1340651,5250483
192173,11,1,1011302,Oranienburger Stra·e,2019,2,15,3,3,2,6,0,0,1,0,0,0,0,0,7990384561,5828988894,1340921,5252874
192174,11,4,4030930,George-Grosz-Platz,2019,2,7,3,3,5,3,0,0,1,0,0,0,0,1,7928483924,5825749952,1331537,5250307
192175,11,2,2010103,Moritzplatz,2019,2,17,3,3,6,7,2,0,1,1,0,0,0,0,7997417141,5825777783,1341665,5249957
192176,11,9,9020801,Spindlersfeld,2019,2,20,3,3,2,6,2,0,1,0,0,0,0,1,8097645334,5820697408,1355912,5244845
192177,11,12,12214423,Mellerbogen,2019,2,22,3,3,6,2,2,0,1,1,0,0,0,0,7926098449,5833525293,1331871,525729
192178,11,1,1011301,CharitÇviertel,2019,2,6,4,3,6,2,1,0,1,1,0,0,0,1,7970147613,5828941125,1337942,5252942
192179,11,1,1011301,CharitÇviertel,2019,2,22,3,3,5,2,2,0,1,0,0,0,0,0,7969294628,5828125601,1337744,5252216
192180,11,7,7010104,Dennewitzplatz,2019,2,22,3,3,0,2,2,0,1,0,1,0,0,0,7963308975,5824892001,1336576,5249349
192181,11,12,12301203,Wittenau SÅd,2019,2,21,3,3,5,2,2,0,1,0,0,0,0,0,7923551708,5834061072,1331544,5257784
192182,11,4,4030417,Schlo·stra·e,2019,2,11,3,2,5,2,0,1,1,0,0,0,0,1,7915600264,5826642134,1329722,5251175
192183,11,10,10040932,Alt-Mahlsdorf,2019,2,15,5,3,5,2,0,1,1,0,0,0,0,0,8130118913,5827626667,1361325,5250869
192184,11,8,8010301,Reuterkiez,2019,2,17,3,2,5,2,2,0,1,0,1,0,0,1,801055713,5824924693,1343518,524912
192185,11,4,4010102,Plîtzensee,2019,2,11,3,2,4,6,0,0,1,0,0,0,1,0,7932875387,5830042661,1332561,5254131
192186,11,7,7040405,Rathaus Tempelhof,2019,2,13,3,2,2,6,0,0,1,0,0,0,0,1,7994843535,5820546542,1340817,5245282
192187,11,6,6020409,Kînigsberger Stra·e,2019,2,18,4,3,2,6,2,0,1,0,0,0,0,1,7932403023,581730574,1331371,5242716
192188,11,5,5030730,Zitadellenweg,2019,2,17,3,3,1,6,2,0,1,0,0,0,0,1,7868653092,5829335003,1323056,5253839
192189,11,5,5010314,Carl-Schurz-Stra·e,2019,2,12,3,2,1,5,0,1,1,0,0,0,0,1,7853106049,5829242089,1320762,5253837
192190,11,8,8010303,Donaustra·e,2019,2,21,3,3,0,1,2,1,0,0,0,0,0,1,8013563858,5823847435,1343862,5248138
192191,11,4,4051549,Rathaus Wilmersdorf,2019,2,10,6,3,6,2,0,0,1,1,0,0,0,0,7928531066,5823931143,1331384,5248676
192192,11,7,7020204,Schîneberger Insel,2019,2,14,3,3,8,1,0,0,1,0,0,0,0,0,7962995622,5822819037,1336346,5247493
192193,11,12,12214424,Scharnweberstra·e,2019,2,9,2,3,5,3,0,1,1,0,0,0,0,1,7925317395,5833071019,1331716,5256887
192194,11,9,9030901,Dorf Altglienicke,2019,2,18,4,2,6,2,2,0,1,1,0,0,0,1,8086785448,5817094416,1353986,5241677
192195,11,4,4030725,Amtsgerichtsplatz,2019,2,21,2,3,0,7,2,0,0,0,1,0,0,1,7916998457,5826093318,132988,5250676
192196,11,3,3030405,Karow Nord,2019,2,20,2,3,5,3,2,0,1,0,0,0,0,1,8041204596,5838852263,1349293,5261433
192197,11,9,9010302,SpÑthsfelde,2019,2,6,4,3,2,6,1,0,1,0,0,0,0,1,8044829147,5820692942,1348164,5245137
192198,11,8,8010211,Flughafenstra·e,2019,2,20,2,3,1,5,2,1,1,0,0,0,0,0,8009140412,5823851266,1343213,5248166
192199,11,1,1011201,Wilhelmstra·e,2019,2,20,2,3,5,3,2,0,1,0,0,0,0,0,7970005257,5826615313,1337713,5250858
192200,11,4,4041137,Flinsberger Platz,2019,2,20,2,3,5,2,2,0,1,0,0,0,0,0,7912652527,5823330781,1329,5248223
192201,11,4,4030519,Kaiserin-Augusta-Allee,2019,2,9,4,3,0,1,0,0,0,0,1,0,0,1,7925379798,5828264255,1331302,5252577
192202,11,8,8010404,Rixdorf,2019,2,19,2,3,2,6,2,0,1,0,0,0,0,1,802603269,5823076336,1345622,5247378
192203,11,3,3061430,Volkspark Prenzlauer Berg,2019,2,18,2,3,2,6,2,0,1,0,0,0,0,0,8023439706,5829202478,1345798,5252883
192204,11,8,8010117,Schillerpromenade,2019,2,18,2,2,6,4,2,0,1,1,0,0,0,0,8006279945,5823100149,1342725,5247508
192205,11,10,10010310,Alt-Marzahn,2019,2,15,6,2,5,3,0,0,1,0,0,0,1,0,8099308183,5831620646,1357172,5254624
192206,11,5,5020626,Adamstra·e,2019,2,17,2,2,6,4,2,0,1,1,0,0,0,0,7847671778,5827118882,1319781,5251962
192207,11,2,2010103,Moritzplatz,2019,2,17,2,2,6,4,2,0,1,1,0,0,0,0,7992231856,5826241246,1340945,5250401
192208,11,6,6020409,Kînigsberger Stra·e,2019,2,7,4,3,3,2,0,1,0,0,0,1,0,0,7931243811,5817647948,1331231,5243029
192209,11,6,6020409,Kînigsberger Stra·e,2019,2,15,2,3,2,6,0,0,1,0,0,0,1,0,7931393831,5816699821,1331169,5242178
192210,11,4,4030620,Alt-Lietzow,2019,2,14,2,3,5,3,0,1,1,0,0,0,0,0,7927630149,5827047864,1331526,5251475
192211,11,7,7020201,Bayerischer Platz,2019,2,8,4,3,5,3,0,0,1,0,0,0,0,1,7949567293,5824450027,1334519,5249028
192212,11,4,4030620,Alt-Lietzow,2019,2,14,2,3,9,1,0,0,1,0,0,0,0,0,792753045,5827026452,1331509,5251456
192213,11,5,5010314,Carl-Schurz-Stra·e,2019,2,14,2,3,6,4,0,0,1,1,0,0,0,0,7844905145,5828862284,1319523,5253539
192214,11,2,2040701,Andreasviertel,2019,2,13,2,3,5,3,0,1,1,0,0,0,0,0,8006340631,5827321169,1343115,5251292
192215,11,7,7010104,Dennewitzplatz,2019,2,19,5,3,5,2,2,0,1,0,0,0,1,0,7960164629,5824955115,133612,5249423
192216,11,2,2040701,Andreasviertel,2019,2,13,2,3,6,2,0,0,1,1,0,0,0,0,800330303,5827622638,1342696,5251578
192217,11,3,3061126,Arnimplatz,2019,2,11,2,3,0,7,0,0,1,0,0,0,1,1,7992139062,5831774133,1341429,5255361
192218,11,5,5030832,Rohrdamm,2019,2,5,2,3,6,2,2,0,1,1,0,0,0,1,7898035107,5829252895,1327369,525361
192219,11,11,11030721,RÅdigerstra·e,2019,2,20,5,3,6,2,2,0,1,1,0,0,0,0,805176067,58279151,1349842,5251572
192220,11,12,12214527,Alt-Tegel,2019,2,6,2,3,6,4,1,0,1,1,0,0,0,1,7899448512,5834936864,1328073,5258698
192221,11,3,3040818,Pankow SÅd,2019,2,6,2,3,2,2,2,0,1,0,0,0,1,1,7995353767,5833302102,134204,5256713
192222,11,4,4051549,Rathaus Wilmersdorf,2019,2,7,2,3,5,3,0,1,1,0,0,0,0,1,7924663168,582401855,1330824,5248775
192223,11,9,9051702,Bîlschestra·e,2019,2,8,4,3,0,1,0,1,0,0,0,0,0,1,8136576686,5821703477,1361716,5245524
192224,11,6,6040809,Thielallee,2019,2,7,2,3,6,2,0,0,1,1,0,0,0,1,7923380771,5820744487,1330348,5245847
192225,11,4,4041344,RÅdesheimer Platz,2019,2,8,2,3,6,2,0,0,1,1,0,0,0,1,7933978816,5821769754,1331994,5246709
192226,11,12,12214421,Reinickes Hof,2019,2,9,2,3,2,6,0,0,1,0,0,0,0,1,7933917255,583319766,1332993,5256954
192227,11,1,1011204,Leipziger Stra·e,2019,2,18,4,3,5,3,2,0,1,0,0,0,0,1,7984839722,5826666626,1339897,5250823
192228,11,2,2020203,Viktoriapark,2019,2,12,2,3,2,6,0,0,1,0,0,0,0,1,7971084274,5824295441,1337665,5248772
192229,11,11,11010207,Wartenberg Nord,2019,2,12,2,3,0,3,0,0,1,0,0,0,1,0,8055013025,5834600412,1350934,5257545
192230,11,12,12103115,Breitkopfbecken,2019,2,11,1,3,5,2,0,0,1,0,0,0,0,1,79548004,5833415007,1336084,5257036
192231,11,3,3020307,Buchholz,2019,2,16,5,2,6,4,0,0,1,1,0,0,0,0,7999906231,583862379,1343191,5261458
192232,11,2,2010103,Moritzplatz,2019,2,4,1,3,5,3,2,0,1,0,0,0,0,0,7990313183,5826071755,1340648,525026
192233,11,8,8010213,Kîrnerpark,2019,2,1,1,3,5,3,2,0,1,0,0,0,0,1,8012126569,5822539809,1343533,5246974
192234,11,4,4020207,Flatowallee,2019,2,15,1,3,5,3,0,0,1,0,1,0,0,1,7877849179,5826169529,1324134,5250952
192235,11,4,4030726,Droysenstra·e,2019,2,18,4,3,6,2,2,0,1,1,0,0,0,1,7921165437,5825765879,1330463,525036
192236,11,4,4041344,RÅdesheimer Platz,2019,2,15,1,3,6,2,0,0,1,1,0,0,0,0,7928194825,5821878463,1331154,5246837
192237,11,1,1011402,Arkonaplatz,2019,2,16,1,3,5,3,1,0,1,0,0,0,0,0,7986742573,5829452209,1340427,5253309
192238,11,1,1011101,StÅlerstra·e,2019,2,17,1,3,6,4,1,1,0,1,0,0,0,0,7948168792,582599964,1334451,5250424
192239,11,10,10020413,Gut Hellersdorf,2019,2,19,1,3,5,2,2,0,1,0,0,0,0,1,8112864024,5831546593,1359157,5254481
192240,11,6,6020303,Lankwitz Kirche,2019,2,7,4,3,6,4,0,0,1,1,0,0,0,0,7952237334,5818696699,1334402,5243856
192241,11,11,11030619,Fennpfuhl Ost,2019,2,13,1,3,5,3,0,0,1,0,0,0,0,1,8037047389,5829526333,1347827,5253098
192242,11,8,8010303,Donaustra·e,2019,2,23,7,3,6,4,2,0,1,1,0,0,0,1,8010423269,5823879037,1343404,5248184
192243,11,4,4030621,Spreestadt,2019,2,21,7,3,5,2,2,0,1,0,0,0,0,1,793606683,5827940495,1332844,525223
192244,11,9,9020701,Adlershof West,2019,2,20,7,3,5,2,2,0,1,0,0,0,0,1,8089788515,5818114138,135452,5242574
192245,11,4,4051653,Prager Platz,2019,2,18,7,2,5,3,2,0,1,0,0,0,0,1,7939660989,5824598156,1333077,5249214
192246,11,3,3030716,MÑrchenland,2019,2,14,5,3,2,6,0,0,1,0,0,0,1,0,8027856451,583352974,1346841,5256737
192247,11,4,4020310,Park Ruhwald,2019,2,20,7,3,2,6,2,0,1,0,0,0,0,1,788940628,5827609299,1325957,5252182
192248,11,3,3030405,Karow Nord,2019,2,18,7,3,5,3,2,0,1,0,0,0,0,1,8036408822,5839002322,1348601,5261594
192249,11,1,1011304,Karl-Marx-Allee,2019,2,17,7,3,5,2,2,0,1,0,0,0,0,1,799730882,5827547138,1341808,5251544
192250,11,10,10010204,Wuhletalstra·e,2019,2,17,4,2,6,4,1,0,1,1,0,0,0,1,8093040654,5833251096,1356402,5256121
192251,11,7,7050504,Imbrosweg,2019,2,16,7,3,3,2,2,0,1,0,0,0,1,1,8000505856,5820446349,1341639,5245161
192252,11,1,1033203,Humboldthain Nordwest,2019,2,16,7,3,5,3,1,0,1,0,0,0,0,1,796805276,5831272527,1337842,5255043