OBJECTID,LAND,BEZ,LOR,STRASSE,UJAHR,UMONAT,USTUNDE,UWOCHENTAG,UKATEGORIE,UART,UTYP1,ULICHTVERH,IstRad,IstPKW,IstFuss,IstKrad,IstGkfz,IstSonstige,USTRZUSTAND,LINREFX,LINREFY,XGCSWGS84,YGCSWGS84
192253,11,11,11030721,RÅdigerstra·e,2019,2,16,7,3,5,3,1,0,1,0,0,0,0,1,8045311334,5827753191,1348879,5251463
192254,11,1,1022101,Huttenkiez,2019,2,14,6,3,2,6,0,0,1,0,0,0,0,0,7933082499,5828260773,1332434,5252533
192255,11,7,7010102,Nollendorfplatz,2019,2,15,7,3,5,3,0,1,1,0,0,0,0,1,79522677,5825154604,1334978,5249645
192256,11,6,6040810,Dahlem,2019,2,15,7,3,5,2,0,0,1,0,0,0,0,2,7903852272,5820847328,1327491,5246043
192257,11,5,5010208,Germersheimer Platz,2019,2,15,7,3,2,6,0,0,1,0,0,0,0,1,7839598415,5830098802,1318849,5254676
192258,11,9,9010302,SpÑthsfelde,2019,2,15,7,3,5,3,0,0,1,0,0,0,0,1,803063207,5820926183,1346102,5245425
192259,11,4,4020204,OlympiagelÑnde,2019,2,11,6,3,5,2,0,0,1,0,0,0,0,0,7877120896,5826435547,132405,5251195
192260,11,2,2010103,Moritzplatz,2019,2,12,7,3,1,5,0,1,1,0,0,0,0,0,7997761131,5825763986,1341714,5249943
192261,11,12,12301203,Wittenau SÅd,2019,2,9,7,3,2,2,0,0,1,0,0,0,0,1,7926536771,583469995,1332039,525834
192262,11,8,8020622,Parchimer Allee,2019,2,17,4,3,5,3,1,1,1,0,0,0,0,0,8012647116,581970565,1343353,5244431
192263,11,4,7010101,Wittenbergplatz/Viktoria-Luise-Platz,2019,2,19,6,3,2,6,2,0,1,0,0,0,0,0,7944090856,5824886859,1333753,5249449
192264,11,5,5010314,Carl-Schurz-Stra·e,2019,2,10,6,3,3,6,0,0,1,0,0,0,0,0,7849773416,5829485951,1320293,5254073
192265,11,1,1022104,Emdener Stra·e,2019,2,12,6,3,2,6,0,0,1,0,0,0,0,1,794435337,5828436611,1334106,525263
192266,11,2,2040703,Wriezener Bahnhof/Entwicklungsgebiet,2019,2,7,4,3,2,2,0,0,1,0,0,0,0,1,8009071112,5826859872,1343474,5250863
192267,11,1,1033102,Gesundbrunnen,2019,2,17,6,3,1,5,1,0,1,0,0,0,0,0,7971351728,5831845568,1338379,5255539
192268,11,4,4030931,Breitscheidplatz,2019,2,20,6,3,5,2,2,0,1,0,0,0,1,0,7939412539,5825913463,1333157,5250394
192269,11,5,5020628,Graetschelsteig,2019,2,19,6,3,5,2,2,0,1,0,0,0,0,1,7847452903,5826390162,1319686,525131
192270,11,11,11030619,Fennpfuhl Ost,2019,2,18,5,3,2,6,2,0,1,0,0,0,0,0,8041183111,5829847095,1348464,5253362
192271,11,9,9020802,Kîllnische Vorstadt,2019,2,17,6,3,2,6,2,0,1,0,0,0,0,1,8104856933,5820185744,1356922,5244345
192272,11,6,6020305,Gemeindepark Lankwitz,2019,2,15,6,3,5,3,0,0,1,0,0,0,0,1,7958548151,5817511041,1335223,5242759
192273,11,5,5010206,GÅtersloher Weg,2019,2,16,4,2,6,4,1,0,1,1,0,0,0,1,7821308557,5830499635,1316193,525513
192274,11,3,3061430,Volkspark Prenzlauer Berg,2019,2,23,6,2,6,4,2,0,1,1,0,0,0,1,8023049395,5829214379,1345742,5252896
192275,11,3,3040818,Pankow SÅd,2019,2,8,6,3,5,3,0,1,1,0,0,0,0,1,7996624868,5832816658,1342183,5256271
192276,11,3,3020209,Niederschînhausen,2019,2,7,4,3,3,2,0,0,1,0,0,1,0,0,798342175,5834830075,1340422,5258148
192277,11,7,7030301,Friedenau,2019,2,16,6,3,2,6,1,0,1,0,0,0,0,0,7942142832,5821987664,1333211,524686
192278,11,1,1011201,Wilhelmstra·e,2019,2,17,6,3,1,5,1,1,1,0,0,0,0,0,797052008,5826872147,1337812,5251085
192279,11,3,3040614,Pankow Zentrum,2019,2,10,6,3,0,2,0,0,1,0,0,0,1,0,7999971797,5834946167,1342868,5258161
192280,11,2,2020204,Urbanstra·e,2019,2,7,4,3,2,6,0,0,1,0,0,0,1,0,7984498765,5824770584,1339677,5249125
192281,11,4,4030930,George-Grosz-Platz,2019,2,10,6,3,0,5,0,0,1,0,1,0,0,0,7929367652,5825758069,1331667,5250309
192282,11,4,4030725,Amtsgerichtsplatz,2019,2,9,6,2,1,5,0,1,1,0,0,0,1,0,7917621648,5825979742,1329961,5250571
192283,11,4,4030931,Breitscheidplatz,2019,2,9,6,3,1,5,0,0,1,0,1,0,0,0,7943770211,5825896412,1333795,5250356
192284,11,2,2030302,Lausitzer Platz,2019,2,19,5,3,1,5,2,1,1,0,0,0,0,0,8003351607,5825815873,134254,5249959
192285,11,6,6040804,Krumme Lanke,2019,2,7,6,3,5,2,1,1,1,0,0,0,0,1,7881363651,5818749989,1324009,5244282
192286,11,1,1044201,Reinickendorfer Stra·e,2019,2,7,6,3,5,3,1,0,1,0,0,0,0,0,796217505,5831516042,1337,5255293
192287,11,8,8041036,Zittauer Stra·e,2019,2,7,6,3,5,3,1,0,1,0,0,0,0,0,8044788534,5816941643,1347816,5241775
192288,11,1,2040701,Andreasviertel,2019,2,9,3,3,2,6,0,0,1,0,0,0,0,0,8002133546,5827482282,1342511,5251459
192289,11,2,2010104,Wassertorplatz,2019,2,7,6,3,5,3,1,1,1,0,0,0,0,1,7994441273,5825668013,1341218,5249875
192290,11,2,2020206,Graefekiez,2019,2,6,6,3,6,4,2,0,1,1,0,0,0,1,7995468981,5824913747,1341301,5249193
192291,11,2,2010101,Askanischer Platz,2019,2,20,1,3,5,3,2,0,1,0,1,0,0,0,797704579,5825813425,1338676,5250101
192292,11,1,1011402,Arkonaplatz,2019,2,12,4,3,6,4,0,1,0,1,0,0,0,0,7985582973,5829218511,1340235,5253106
192293,11,9,9031001,Bohnsdorf,2019,2,14,1,3,5,3,0,0,1,0,1,0,0,0,811334012,5815651485,1357744,5240234
192294,11,12,12302108,MÑrkisches Zentrum,2019,2,13,1,3,6,4,0,0,1,1,0,0,0,0,7944390667,5837013148,1334872,5260318
192295,11,12,12231101,Hermsdorf,2019,2,7,4,3,5,2,0,1,1,0,0,0,0,0,7913107822,5838652615,1330411,5261956
192296,11,3,3061227,Humannplatz,2019,2,12,1,3,5,3,0,0,1,0,0,0,0,0,7999670901,5831076006,1342474,5254694
192297,11,4,4031032,Halensee,2019,2,0,1,3,2,6,2,0,1,0,0,0,0,0,7915621443,5825090526,132959,5249784
192298,11,2,2020202,Rathaus Yorckstra·e,2019,2,0,1,3,5,3,2,0,1,0,0,0,0,0,7975745628,5825331774,1338442,5249676
192299,11,1,1011204,Leipziger Stra·e,2019,2,22,4,3,5,3,2,0,1,0,0,0,0,0,7980225701,5826590182,1339213,525078
192300,11,2,2030401,Reichenberger Stra·e,2019,2,5,7,3,5,3,1,0,1,0,0,0,0,0,800634705,5825682868,1342968,5249823
192301,11,10,10030727,Biesdorf SÅd,2019,2,13,7,3,6,4,0,0,1,1,0,0,0,0,8095545342,5826617183,1356153,5250162
192302,11,10,10010204,Wuhletalstra·e,2019,2,19,7,2,6,4,2,0,0,1,0,0,1,0,8089879101,5832688382,1355885,5255635
192303,11,2,2030302,Lausitzer Platz,2019,2,20,7,3,5,3,2,1,1,0,0,0,0,0,8004623464,5825770043,1342723,5249911
192304,11,11,11010103,Dorf Falkenberg,2019,2,20,7,3,2,6,2,0,1,0,0,0,0,0,8086722621,5834214375,1355563,525702
192305,11,12,12304313,Borsigwalde,2019,2,19,7,3,5,2,2,0,1,0,0,0,0,0,7919102282,5834712377,1330946,5258391
192306,11,4,4041137,Flinsberger Platz,2019,2,19,7,3,3,6,2,0,1,0,0,0,0,0,791886114,5823940008,1329965,5248736
192307,11,5,5010314,Carl-Schurz-Stra·e,2019,2,21,7,2,0,1,2,0,1,0,0,0,0,0,7850116404,5829499892,1320344,5254084
192308,11,4,4051550,Leon-Jessel-Platz,2019,2,8,7,3,1,5,0,1,1,0,0,0,0,0,7932083652,5824022875,1331914,5248739
192309,11,6,6030607,Goerzwerke,2019,2,20,4,3,1,5,2,0,1,0,0,0,0,0,7915858215,5816212847,1328849,5241824
192310,11,5,5010101,Hakenfelde Nord,2019,2,13,7,3,0,7,0,0,1,0,0,0,0,0,7844491502,5832411707,1319767,5256724
192311,11,4,4030725,Amtsgerichtsplatz,2019,2,20,4,3,5,3,2,1,1,0,0,0,0,0,7918020499,5826224883,1330041,5250788
192312,11,3,3071537,Kollwitzplatz,2019,2,12,7,3,2,6,0,0,1,0,0,0,0,0,799800784,5829552663,1342092,5253338
192313,11,7,7050505,Hundsteinweg,2019,2,12,7,2,6,4,0,0,1,1,0,0,0,0,7992702078,5819056232,1340369,5243958
192314,11,11,11010310,MÅhlengrund,2019,2,12,7,3,6,4,0,1,0,1,0,0,0,0,8052798212,5833243439,1350484,5256341
192315,11,4,4041136,Hagenplatz,2019,2,19,4,3,3,6,2,0,1,0,0,0,0,0,790705325,5822726526,1328125,5247711
192316,11,4,4030725,Amtsgerichtsplatz,2019,2,11,7,3,0,1,0,0,0,0,1,0,0,0,7919255389,5826104735,1330212,5250674
192317,11,9,9010301,Baumschulenstra·e,2019,2,11,7,3,5,2,0,1,1,0,0,0,0,0,8050124605,5822697024,1349124,5246904
192318,11,4,4020314,MessegelÑnde,2019,2,11,7,3,5,2,0,1,1,0,0,0,0,0,790025389,5825236385,1327345,5249997
192319,11,12,12214527,Alt-Tegel,2019,2,19,4,2,6,4,2,0,1,1,0,0,0,0,7899897629,5835723329,1328208,52594
192320,11,10,10010308,Marzahner Chaussee,2019,2,10,7,3,2,6,0,0,1,0,0,0,0,0,8064884565,5829476172,1351913,5252897
192321,11,2,2030302,Lausitzer Platz,2019,2,1,7,3,1,5,2,1,1,0,0,0,0,0,8007718637,5826179869,1343214,5250261
192322,11,1,1011201,Wilhelmstra·e,2019,2,19,4,3,5,2,2,1,0,0,0,0,1,0,7975751544,5826531775,133855,5250752
192323,11,9,9010101,Elsenstra·e,2019,2,3,7,2,5,3,2,0,1,0,0,0,0,0,8023273725,5825309699,134542,5249395
192324,11,5,5010313,Ackerstra·e,2019,2,9,7,3,5,2,0,0,1,0,0,0,0,0,7843589034,5830001294,1319427,5254567
192325,11,12,12302109,Treuenbrietzener Stra·e,2019,2,10,7,3,6,7,0,0,1,1,0,0,0,0,7954767293,5836835832,1336384,5260102
192326,11,8,8040933,Vogelviertel SÅd,2019,2,19,4,3,6,2,2,0,1,1,0,0,0,0,8032115228,5818470739,1346097,5243216
192327,11,1,1022104,Emdener Stra·e,2019,2,10,7,3,2,6,0,0,1,0,0,0,0,0,794326216,5828450461,1333947,5252648
192328,11,11,11040925,Victoriastadt,2019,2,19,5,2,0,1,2,1,0,0,0,0,0,0,8034705022,5826533652,134721,5250429
192329,11,1,1011303,Alexanderplatzviertel,2019,2,19,7,3,2,6,2,0,1,0,0,0,0,0,7995300633,5828814673,1341627,5252691
192330,11,12,12304313,Borsigwalde,2019,2,17,7,3,5,3,1,0,1,0,0,0,1,0,7919326746,5834136109,1330929,5257874
192331,11,4,4030827,Karl-August-Platz,2019,2,18,4,3,1,5,1,1,1,0,0,0,0,0,7926108122,5826113386,133122,5250645
192332,11,1,1011301,CharitÇviertel,2019,2,10,5,3,1,5,0,1,1,0,0,0,0,0,7970869012,5828187321,1337981,5252262
192333,11,3,3061228,Erich-Weinert-Stra·e,2019,2,17,7,3,2,6,2,0,1,0,0,0,0,0,8003744999,5831549874,1343116,5255096
192334,11,1,1011301,CharitÇviertel,2019,2,16,7,3,5,3,0,1,1,0,0,0,0,0,7966799247,5828759818,1337434,5252798
192335,11,7,7060603,Marienfelde Nordost,2019,2,18,4,3,5,3,2,0,1,0,0,0,0,0,7981310863,5816687783,1338487,5241897
192336,11,3,3050925,Komponistenviertel Wei·ensee,2019,2,15,7,3,5,3,0,0,1,0,0,0,0,0,8025427867,5831446868,1346294,5254884
192337,11,1,1011303,Alexanderplatzviertel,2019,2,13,7,3,6,7,0,0,1,1,0,0,0,0,7993488505,5828110555,1341298,525207
192338,11,3,3071537,Kollwitzplatz,2019,2,17,4,3,2,7,1,1,1,0,0,0,0,0,7993752612,5829512726,1341463,5253325
192339,11,12,12103115,Breitkopfbecken,2019,2,13,7,2,6,7,0,0,0,1,0,0,1,0,7959536469,5833850933,133682,5257401
192340,11,4,4051446,Preu·enpark,2019,2,9,6,3,0,5,0,0,1,0,1,0,0,0,7924391893,5824962534,1330867,5249623
192341,11,3,3061441,Eldenaer Stra·e,2019,2,18,4,3,5,3,1,1,0,0,0,0,0,0,8028092767,5828610776,1346428,5252327
192342,11,6,6020408,Lichterfelde SÅd,2019,2,18,6,3,3,2,2,1,1,0,0,0,0,1,7928143417,581621141,133065,5241757
192343,11,3,3061126,Arnimplatz,2019,2,13,4,3,5,2,0,1,1,0,0,0,0,0,799241889,5831771604,134147,5255357
192344,11,6,6010208,Bergstra·e,2019,2,14,6,3,2,6,0,0,1,0,0,0,0,0,794320591,5820488998,1333235,5245511
192345,11,6,6030502,Zehlendorf SÅd,2019,2,8,6,3,2,6,0,0,1,0,0,0,1,0,790288472,5814825282,1326826,5240649
192346,11,4,4051549,Rathaus Wilmersdorf,2019,2,17,4,3,5,2,0,1,1,0,0,0,0,0,7933007336,5823601729,1332012,5248356
192347,11,4,4031032,Halensee,2019,2,21,6,3,5,2,2,1,1,0,0,0,0,0,7910150738,5824859226,1328766,5249606
192348,11,11,11010309,Zingster Stra·e West,2019,2,13,6,3,6,4,0,0,1,1,0,0,0,0,8044583787,5833718008,1349319,5256813
192349,11,1,1044202,Sparrplatz,2019,2,12,6,3,5,2,0,1,0,0,0,1,0,0,7946099111,5829869148,1334489,5253904
192350,11,1,1033102,Gesundbrunnen,2019,2,16,4,3,2,6,1,0,1,0,0,0,1,0,7978923584,5831860907,1339494,5255511
192351,11,2,2040502,Friedenstra·e,2019,2,13,6,3,6,2,0,0,1,1,0,0,0,0,8007337418,5828103081,1343332,5251987
192352,11,5,5010314,Carl-Schurz-Stra·e,2019,2,13,6,3,6,4,0,0,1,1,0,0,0,0,7847385872,5828820988,1319885,5253489
192353,11,1,1044201,Reinickendorfer Stra·e,2019,2,14,6,3,2,2,0,1,1,0,0,0,0,0,7964380222,5831976239,1337365,5255694
192354,11,6,6030501,Berlepschstra·e,2019,2,17,4,3,2,6,2,1,1,0,0,0,0,0,7875605137,5816401839,1322963,5242207
192355,11,3,3071537,Kollwitzplatz,2019,2,13,6,3,0,3,0,1,0,0,1,0,0,0,7993477782,5829466363,1341418,5253285
192356,11,3,3010101,Bucher Forst,2019,2,14,6,3,2,6,0,0,1,0,0,0,0,0,802964435,5841989287,1347879,5264309
192357,11,2,2040502,Friedenstra·e,2019,2,14,6,3,1,5,0,1,1,0,0,0,0,0,8007286578,5828014004,1343316,5251907
192358,11,8,8020727,Buckow Mitte,2019,2,16,4,3,1,5,0,0,1,0,0,0,0,0,8008498796,5816984877,13425,5242015
192359,11,9,9020501,Oberschîneweide West,2019,2,14,6,3,6,4,0,0,1,1,0,0,0,0,8064405494,5822605249,1351211,5246742
192360,11,9,9020701,Adlershof West,2019,2,10,4,3,2,6,0,0,1,0,0,0,0,0,8078501717,5818113884,1352866,5242637
192361,11,2,2040502,Friedenstra·e,2019,2,7,6,3,6,7,0,0,1,1,0,0,0,0,8012056662,5828639855,1344074,5252442
192362,11,2,2040703,Wriezener Bahnhof/Entwicklungsgebiet,2019,2,15,6,3,5,3,0,1,1,0,0,0,0,0,8011338827,5827231312,1343841,5251183
192363,11,1,1033202,Humboldthain SÅd,2019,2,15,4,3,5,3,0,0,1,0,0,0,0,0,7977099351,5830185727,1339075,525402
192364,11,2,2020205,Chamissokiez,2019,2,12,6,3,5,7,0,1,1,0,0,0,0,0,7991904857,5824229189,1340716,5248599
192365,11,7,7030301,Friedenau,2019,2,5,6,3,0,5,2,0,0,0,0,0,1,0,7939559366,582192513,1332827,5246818
192366,11,1,1011204,Leipziger Stra·e,2019,2,16,6,3,5,3,0,0,1,0,0,0,0,0,7986106365,5826916806,1340106,525104
192367,11,4,4030930,George-Grosz-Platz,2019,2,15,4,3,1,5,0,1,1,0,0,0,0,0,7929036719,5825521565,1331598,5250099
192368,11,2,2030401,Reichenberger Stra·e,2019,2,11,6,3,5,5,0,0,1,0,1,0,0,0,8005605567,5825711508,1342862,5249853
192369,11,2,2040703,Wriezener Bahnhof/Entwicklungsgebiet,2019,2,16,6,3,1,5,0,1,1,0,0,0,1,0,8014058562,5826415337,1344167,5250437
192370,11,3,3050919,Gustav-Adolf-Stra·e,2019,2,11,6,3,5,2,0,0,0,0,1,1,0,1,8013484282,5832471114,1344631,5255868
192371,11,11,11020411,Malchower Weg,2019,2,16,6,3,2,7,0,0,1,0,0,0,0,0,805813942,5832289712,1351181,5255457
192372,11,8,8041037,Alt-Rudow,2019,2,15,4,2,6,4,0,0,1,1,0,0,0,0,8055635175,5817122234,1349423,5241877
192373,11,4,4030518,Tegeler Weg,2019,2,11,6,3,2,6,0,0,0,0,0,1,1,0,7916541035,5827913748,1329972,525231
192374,11,4,4051446,Preu·enpark,2019,2,10,6,3,5,3,0,0,1,0,0,0,0,0,7926099731,5824956268,1331117,5249608
192375,11,1,1011302,Oranienburger Stra·e,2019,2,18,6,3,1,5,1,1,1,0,0,0,0,0,7984802995,582838655,1340046,5252365
192376,11,5,5020625,Borkumer Stra·e,2019,2,7,4,3,0,2,0,1,1,0,0,0,0,0,7845092249,582860599,1319529,5253309
192377,11,3,3061131,Falkplatz,2019,2,14,6,3,5,2,0,1,1,0,0,0,0,0,799177295,5831110598,1341316,5254768
192378,11,3,3061131,Falkplatz,2019,2,19,6,3,2,6,2,0,1,0,1,0,0,0,7986891868,5830905619,1340579,5254611
192379,11,4,4030726,Droysenstra·e,2019,2,5,4,3,6,4,2,0,1,1,0,0,0,0,7920460916,5825849916,1330367,5250439
192380,11,11,11030721,RÅdigerstra·e,2019,2,10,6,3,5,2,0,1,1,0,0,0,0,0,8038874877,5827939284,1347951,5251665
192381,11,4,4051447,Ludwigkirchplatz,2019,2,19,6,3,6,7,2,0,1,1,0,0,0,0,7931240917,5825215575,1331895,5249813
192382,11,2,2050801,Traveplatz,2019,2,20,6,3,5,3,2,1,1,0,0,0,0,0,8028591831,5827477993,1346398,5251309
192383,11,5,5010314,Carl-Schurz-Stra·e,2019,2,7,3,3,2,6,0,0,1,0,0,0,0,0,7850890971,5828965438,1320412,5253601
192384,11,7,7070704,Nahariyastra·e,2019,2,20,6,3,6,4,2,1,0,1,0,0,0,0,8002007118,5813333434,1341221,5238777
192385,11,4,4051445,Eisenzahnstra·e,2019,2,21,6,3,5,2,2,0,1,0,0,0,0,0,7924420155,5824101776,1330795,5248851
192386,11,10,10040931,Mahlsdorf Nord,2019,2,11,6,2,5,3,0,1,1,0,0,0,0,0,8133090097,582873439,1361865,5251845
192387,11,5,5010312,Kurstra·e,2019,2,13,3,3,5,3,0,0,1,0,0,0,0,0,7848982895,5830497355,1320263,5254984
192388,11,1,1044202,Sparrplatz,2019,2,9,6,3,2,6,0,0,1,0,0,0,1,0,7955160151,5830722595,1335897,525462
192389,11,8,8020727,Buckow Mitte,2019,2,14,6,3,5,2,0,0,1,0,0,0,1,0,8006032608,5816867031,1342128,5241923
192390,11,10,10010206,Ringkolonnaden,2019,2,7,3,3,5,3,0,0,1,0,0,0,1,0,8099753127,5832061819,1357278,5255017
192391,11,12,12214125,Waldidyll/Flughafensee,2019,2,16,6,2,3,6,0,1,1,0,0,0,0,0,7887135851,5833359048,1326123,5257349
192392,11,6,6020301,Alt-Lankwitz,2019,2,20,6,3,0,1,2,0,0,0,1,0,0,0,7962431388,5818611039,133589,5243724
192393,11,9,9051901,Dammvorstadt,2019,2,16,6,2,0,1,0,0,0,0,1,0,0,0,8116142722,5821150041,1358667,5245145
192394,11,12,12214125,Waldidyll/Flughafensee,2019,2,12,3,3,6,4,0,0,1,1,0,0,0,0,7910660399,5831166862,1329393,5255258
192395,11,7,7020201,Bayerischer Platz,2019,2,16,5,3,3,6,0,0,1,0,0,0,0,0,7949568088,5824448003,1334519,5249026
192396,11,7,7040404,Marienhîhe,2019,2,15,5,3,5,2,0,0,1,0,0,0,1,0,7963842203,5819736513,1336197,5244725
192397,11,7,7020201,Bayerischer Platz,2019,2,18,5,2,6,2,2,0,1,1,0,0,0,1,7949317147,5824662007,1334501,5249219
192398,11,7,7070703,John-Locke-Stra·e,2019,2,15,3,3,5,3,0,0,1,0,0,0,0,0,7994766099,5813653464,1340189,5239104
192399,11,8,8010405,Hertzbergplatz,2019,2,16,5,3,1,5,0,0,1,0,0,0,0,1,8020289323,5823591062,1344826,5247871
192400,11,8,8010301,Reuterkiez,2019,2,20,5,3,6,2,2,0,1,1,0,0,0,0,8013008819,5824010038,1343795,5248287
192401,11,7,7030301,Friedenau,2019,2,11,5,3,2,6,0,0,1,0,0,0,0,1,793967676,5821530288,1332809,5246464
192402,11,4,4041241,Breite Stra·e,2019,2,21,5,3,6,2,2,0,1,1,0,0,0,1,7913488998,5822564516,1329055,5247531
192403,11,10,10040933,Mahlsdorf SÅd,2019,2,12,3,3,5,3,0,0,1,0,0,0,0,0,8123860313,582430853,1360094,5247932
192404,11,1,1011105,Nîrdlicher Landwehrkanal,2019,2,19,5,2,5,2,2,0,1,0,1,0,0,1,7966402538,5826651994,1337187,525091
192405,11,2,2030301,Oranienplatz,2019,2,19,5,3,6,2,2,0,1,1,0,0,0,1,799899918,5825981922,1341916,5250132
192406,11,2,2030302,Lausitzer Platz,2019,2,9,3,3,3,6,0,1,0,0,0,1,0,0,8016292853,5826033857,134446,5250083
192407,11,1,7010101,Wittenbergplatz/Viktoria-Luise-Platz,2019,2,19,5,3,5,3,2,1,1,0,0,0,0,1,7948051802,5825990495,1334433,5250417
192408,11,8,8010301,Reuterkiez,2019,2,19,5,3,5,2,2,0,0,0,1,0,1,1,8009909392,5824209697,1343358,5248483
192409,11,2,2040703,Wriezener Bahnhof/Entwicklungsgebiet,2019,2,9,3,3,5,2,0,1,1,0,0,0,0,0,8013531441,5826456898,1344093,5250477
192410,11,10,10040931,Mahlsdorf Nord,2019,2,19,5,2,6,2,2,0,1,1,0,0,0,1,8137365301,5829980558,1362611,5252937
192411,11,4,4020311,Reichsstra·e,2019,2,13,4,3,6,2,0,0,1,1,0,0,0,0,7890031923,5826971668,1325994,5251607
192412,11,7,7050505,Hundsteinweg,2019,2,18,5,3,5,2,1,0,1,0,1,0,0,1,7987724223,581908606,1339642,5244012
192413,11,5,5030731,Gartenfelder Stra·e,2019,2,17,5,3,5,7,2,0,1,0,1,0,0,1,7872042461,582974385,132359,5254187
192414,11,1,1011104,Kîrnerstra·e,2019,2,8,3,3,5,2,0,1,1,0,0,0,0,0,7962543824,5825960306,1336559,5250311
192415,11,3,3061228,Erich-Weinert-Stra·e,2019,2,17,5,3,5,3,2,1,1,0,0,0,0,1,8007516117,5831291354,1343647,5254844
192416,11,1,1011204,Leipziger Stra·e,2019,2,15,4,3,2,6,0,0,1,0,0,0,0,0,7987101789,5827548942,1340309,5251601
192417,11,4,4030726,Droysenstra·e,2019,2,16,5,3,5,7,0,0,1,0,0,0,0,1,7920959804,5825760877,1330432,5250357
192418,11,12,12214527,Alt-Tegel,2019,2,16,5,3,0,2,0,1,1,0,0,0,0,1,7898871936,5835695449,1328055,5259381
192419,11,9,9010402,Johannisthal Ost,2019,2,6,3,3,3,6,0,0,1,0,0,0,0,0,8064805448,5820668366,1351092,5245004
192420,11,6,6030503,Zehlendorf Mitte,2019,2,10,5,3,0,7,0,0,1,0,0,0,0,1,7895733644,5817322888,1325994,5242926
192421,11,11,11051229,Rummelsburg,2019,2,8,5,3,2,2,0,0,1,0,0,0,0,1,8033307841,5826304542,1346984,5250231
192422,11,8,8020625,Handwerker-Siedlung,2019,2,8,5,3,5,2,0,0,1,0,0,0,1,1,8013987122,5819151832,13435,5243927
192423,11,11,11020412,Hauptstra·e,2019,2,18,3,3,1,1,2,0,1,0,0,0,0,0,8061873968,583103636,1351615,5254312
192424,11,1,1011202,Unter den Linden Nord,2019,2,8,5,3,6,7,0,0,1,1,0,0,0,1,797475435,5827934947,1338529,5252015
192425,11,10,10030724,Oberfeldstra·e,2019,2,7,5,3,5,2,0,0,1,0,0,0,1,0,8085192092,5829496472,1354899,5252801
192426,11,1,1033201,Brunnenstra·e,2019,2,6,5,3,6,2,0,0,1,1,0,0,0,1,7984531284,5830193634,1340168,5253986
192427,11,6,6030609,Augustaplatz,2019,2,8,4,3,5,7,0,0,1,0,0,0,0,0,7927385799,5818746761,1330761,5244034
192428,11,9,9020802,Kîllnische Vorstadt,2019,2,6,5,2,5,2,0,1,1,0,0,0,0,1,810762679,5818707025,135719,5243004
192429,11,1,1033102,Gesundbrunnen,2019,2,1,5,3,1,1,2,0,1,0,0,0,0,0,7974520609,5831441472,1338808,5255159
192430,11,3,3010102,Buch,2019,2,5,3,3,2,6,2,0,1,0,0,0,0,0,8042425828,5841118509,1349682,5263457
192431,11,4,4010103,Paul-Hertz-Siedlung,2019,2,6,5,3,5,2,1,0,1,0,1,0,0,1,7911349247,5829154649,1329318,5253451
192432,11,1,1033202,Humboldthain SÅd,2019,2,13,5,3,5,3,0,0,1,0,0,0,0,0,7971539102,5830368879,1338274,5254214
192433,11,2,2040503,Richard-Sorge-Viertel,2019,2,12,5,3,5,3,0,0,1,0,1,0,0,1,8014321267,582793026,1344342,5251793
192434,11,1,1011202,Unter den Linden Nord,2019,2,12,5,3,2,6,0,0,1,0,0,0,0,0,7976373868,5827777896,1338753,5251865
192435,11,4,4020206,Angerburger Allee,2019,2,0,3,3,5,3,2,0,1,0,0,0,0,0,7864436826,5826274065,1322172,5251117
192436,11,10,10010308,Marzahner Chaussee,2019,2,12,5,3,6,4,0,0,1,1,0,0,0,1,8075434081,5829356371,1353453,525273
192437,11,5,5010339,Freiheit,2019,2,11,5,2,2,6,0,0,1,0,0,0,1,0,787321272,5828088266,1323619,5252697
192438,11,8,8020727,Buckow Mitte,2019,2,11,5,2,6,2,0,0,0,1,0,0,1,1,8006459369,5816184696,1342129,5241309
192439,11,5,5030833,Motardstra·e,2019,2,16,3,2,5,2,0,0,1,0,0,0,0,0,7892070025,5829280489,1326494,5253666
192440,11,7,7040404,Marienhîhe,2019,2,9,5,3,0,6,0,1,1,0,0,0,0,0,7966644067,5819994134,133663,5244941
192441,11,3,3030715,Heinersdorf,2019,2,11,5,2,6,3,0,0,1,1,0,0,0,0,8010450747,5833837806,1344309,525711
192442,11,7,7030303,Grazer Platz,2019,2,10,5,3,5,3,0,0,1,0,0,0,0,1,795981938,5822754879,1335874,5247453
192443,11,1,1011302,Oranienburger Stra·e,2019,2,18,4,3,3,6,2,1,0,0,0,0,0,0,7979866525,5828620611,1339342,5252602
192444,11,10,10030724,Oberfeldstra·e,2019,2,14,4,3,2,6,0,0,1,0,0,0,0,0,8096512813,5829224323,1356538,5252493
192445,11,12,12304313,Borsigwalde,2019,2,8,4,3,0,6,0,0,1,0,0,0,0,0,7913090957,5834342427,1330029,5258092
192446,11,1,1011105,Nîrdlicher Landwehrkanal,2019,2,17,4,3,0,3,0,1,1,0,0,0,0,0,7960957488,582651849,1336375,525082
192447,11,11,11041022,Rosenfelder Ring,2019,2,16,3,3,2,2,0,1,1,0,0,0,1,0,8061343989,5827352483,1351198,5251014
192448,11,6,6010205,SÅdende,2019,2,8,4,3,6,4,0,0,1,1,0,0,0,0,7958295765,581991257,1335398,5244913