OBJECTID,LAND,BEZ,LOR,STRASSE,UJAHR,UMONAT,USTUNDE,UWOCHENTAG,UKATEGORIE,UART,UTYP1,ULICHTVERH,IstRad,IstPKW,IstFuss,IstKrad,IstGkfz,IstSonstige,USTRZUSTAND,LINREFX,LINREFY,XGCSWGS84,YGCSWGS84
192449,11,3,3030406,Alt-Karow,2019,2,5,4,3,5,2,2,1,1,0,0,0,0,0,803364375,5838249928,1348125,5260935
192450,11,3,3020209,Niederschînhausen,2019,2,7,4,3,5,3,0,0,1,0,0,0,0,0,7981443824,5835472386,1340189,5258735
192451,11,8,8020619,Buschkrugallee Nord,2019,2,11,3,2,0,1,0,0,0,0,1,0,0,0,8015232708,5820742659,1343826,5245346
192452,11,7,7070702,Alt-Lichtenrade/Tîpchiner Weg,2019,2,7,4,3,5,3,0,1,1,0,0,0,0,0,8006019005,5814440635,1341908,5239748
192453,11,10,10020623,Rotes Viertel,2019,2,11,5,3,5,3,0,0,1,0,0,0,0,0,8112955899,5829144974,1358946,5252328
192454,11,8,8010115,Hasenheide,2019,2,12,4,3,2,6,0,0,1,0,0,0,0,0,7993883523,5823787521,1340967,5248193
192455,11,10,11020516,Wei·e Taube,2019,2,13,4,3,0,3,0,0,1,0,0,0,1,0,8062957303,5830208072,1351698,5253564
192456,11,2,2020204,Urbanstra·e,2019,2,16,3,3,3,6,0,1,1,0,0,0,0,0,7983008306,5825395944,1339514,5249694
192457,11,4,4030726,Droysenstra·e,2019,2,10,4,3,6,2,0,0,1,1,0,0,0,0,7923217636,5825370853,133073,5249995
192458,11,8,8010117,Schillerpromenade,2019,2,11,4,3,0,2,0,0,1,0,1,0,0,0,800469794,5823613312,1342539,5247977
192459,11,1,1022104,Emdener Stra·e,2019,2,11,4,3,1,5,0,1,1,0,0,0,0,0,7941795789,582844704,1333731,5252653
192460,11,5,5030730,Zitadellenweg,2019,2,14,4,3,5,3,0,0,1,0,0,0,0,0,7863194129,5829484428,1322266,5254001
192461,11,1,1011304,Karl-Marx-Allee,2019,2,18,2,2,0,7,2,0,0,0,1,0,0,0,7998282743,5828595834,1342046,5252478
192462,11,1,1022204,Thomasiusstra·e,2019,2,11,4,3,6,3,0,0,1,1,0,0,0,0,7947988998,5828309199,1334629,5252496
192463,11,1,1022204,Thomasiusstra·e,2019,2,13,4,3,5,2,0,1,1,0,0,0,0,0,7947890525,5828310617,1334615,5252498
192464,11,8,8010302,BouchÇstra·e,2019,2,14,2,3,1,5,0,0,1,0,0,0,0,0,8018156679,5824395148,1344586,5248604
192465,11,2,2030302,Lausitzer Platz,2019,2,14,4,3,3,6,0,1,1,0,0,0,0,0,8014011895,5825991081,1344121,5250057
192466,11,4,4030931,Breitscheidplatz,2019,2,15,4,3,5,2,0,0,1,0,0,0,0,0,794098993,5826355638,1333428,5250782
192467,11,4,4030620,Alt-Lietzow,2019,2,10,4,3,0,1,0,0,0,0,1,0,0,0,7926392038,5827102855,1331349,5251531
192468,11,1,1022103,Westhafen,2019,2,8,2,3,2,6,0,0,0,0,0,1,1,0,793418647,5829470748,1332703,5253611
192469,11,5,5010207,Darbystra·e,2019,2,16,4,2,5,3,0,0,1,0,0,0,0,0,7837055141,5830175281,1318481,5254758
192470,11,7,7020201,Bayerischer Platz,2019,2,17,5,3,5,2,1,0,1,0,0,0,0,0,7949387887,5824458025,1334493,5249036
192471,11,3,3050925,Komponistenviertel Wei·ensee,2019,2,17,4,2,6,4,0,0,1,1,0,0,0,0,8020564926,5831122916,134555,525462
192472,11,8,8020622,Parchimer Allee,2019,2,17,4,3,2,6,1,0,1,0,0,0,0,0,8012990653,5819564609,1343391,5244302
192473,11,10,10010309,Springpfuhl,2019,2,7,2,3,0,7,0,1,0,0,0,0,0,0,8084155568,5830155951,1354808,5253398
192474,11,3,3061228,Erich-Weinert-Stra·e,2019,2,18,4,2,6,4,1,0,1,1,0,0,0,0,8007055495,5830952307,1343548,5254542
192475,11,2,2020202,Rathaus Yorckstra·e,2019,2,12,3,3,5,2,0,0,1,0,0,0,0,0,7979216369,5825269677,1338946,5249601
192476,11,6,6010103,Markelstra·e,2019,2,18,2,3,5,2,2,1,0,0,0,0,1,0,7927255296,5821687457,1331,5246671
192477,11,3,3030716,MÑrchenland,2019,2,17,2,3,1,5,1,1,0,0,0,1,0,0,8027098518,5833896351,1346763,525707
192478,11,4,4030827,Karl-August-Platz,2019,2,8,3,3,0,4,0,1,0,1,0,0,0,0,7927278912,5826154674,1331395,5250676
192479,11,1,1011202,Unter den Linden Nord,2019,2,10,3,3,5,7,0,0,1,0,0,0,0,0,7974919149,5827805893,1338542,5251898
192480,11,3,3040614,Pankow Zentrum,2019,2,17,2,2,6,4,0,0,1,1,0,0,0,0,7979836505,5833064797,1339736,5256585
192481,11,4,4030929,Hindemithplatz,2019,2,16,3,3,1,5,0,1,1,0,0,0,0,0,7923970114,5825405983,1330844,5250022
192482,11,5,5010206,GÅtersloher Weg,2019,2,15,3,3,5,7,0,0,1,0,1,0,0,0,7823653183,5830496712,1316537,5255115
192483,11,6,6030503,Zehlendorf Mitte,2019,2,16,2,3,0,2,0,1,0,0,0,0,1,0,7900132327,581749483,1326654,5243057
192484,11,3,3050919,Gustav-Adolf-Stra·e,2019,2,14,3,3,4,7,0,0,1,0,0,0,0,0,8018288222,5832464965,1345337,5255836
192485,11,2,2020206,Graefekiez,2019,2,12,4,3,2,6,0,0,1,0,0,0,0,0,8002479484,5824392539,1342284,5248688
192486,11,12,12214125,Waldidyll/Flughafensee,2019,2,12,3,3,5,3,0,0,1,0,0,0,1,0,791865761,5831451807,1330594,5255471
192487,11,12,12301203,Wittenau SÅd,2019,2,11,3,3,5,3,0,0,1,0,0,0,1,0,7938378816,5835502121,1333853,5258996
192488,11,2,2020205,Chamissokiez,2019,2,16,2,3,5,3,0,0,1,0,0,0,0,0,7983333958,5824030971,133944,5248469
192489,11,6,6020303,Lankwitz Kirche,2019,2,10,3,3,2,6,0,0,1,0,0,0,0,0,7952205677,5818703009,1334398,5243862
192490,11,11,11010310,MÅhlengrund,2019,2,9,3,3,2,4,0,0,1,1,1,0,0,0,8053170366,5833223804,1350537,5256322
192491,11,9,9041302,Wendenschlo·,2019,2,9,3,3,0,1,0,1,0,0,0,0,0,0,8119333956,5817765183,1358819,5242094
192492,11,12,12214125,Waldidyll/Flughafensee,2019,2,16,2,3,5,3,0,0,1,0,1,0,0,0,791865761,5831451807,1330594,5255471
192493,11,2,2050801,Traveplatz,2019,2,8,3,3,5,7,0,1,1,0,0,0,0,0,8028757712,582754756,1346429,525137
192494,11,1,1044101,Rehberge,2019,2,8,3,3,5,3,0,1,1,0,0,0,0,0,7936712883,5832250352,133332,525609
192495,11,1,1022106,Elberfelder Stra·e,2019,2,8,3,3,5,2,0,1,1,0,0,0,0,0,7945542804,5828334351,1334272,5252532
192496,11,12,12214125,Waldidyll/Flughafensee,2019,2,7,3,3,6,4,0,1,0,1,0,0,0,0,790778604,5833708817,1329193,5257552
192497,11,1,1011105,Nîrdlicher Landwehrkanal,2019,2,22,3,3,0,7,2,1,0,0,0,0,0,0,7968434848,5826614035,1337482,5250865
192498,11,8,8010118,Silbersteinstra·e,2019,2,20,3,3,6,4,2,0,1,1,0,0,0,1,8009994922,5822172354,1343187,5246656
192499,11,8,8010301,Reuterkiez,2019,2,18,3,3,5,2,2,1,1,0,0,0,0,0,8014131329,5824471391,1344001,5248694
192500,11,6,6040804,Krumme Lanke,2019,2,11,4,3,5,2,0,1,1,0,0,0,0,0,7876372724,5818151709,1323226,5243771
192501,11,12,12103117,Letteplatz,2019,2,17,3,3,3,6,2,1,1,0,0,0,0,0,7966805191,5832835529,1337799,5256451
192502,11,1,1011304,Karl-Marx-Allee,2019,2,17,3,3,2,6,2,1,1,0,0,0,0,0,7997280609,5827518642,1341802,5251518
192503,11,12,12224229,Konradshîhe/Tegelort,2019,2,15,2,3,0,7,0,0,0,0,0,0,1,0,7862936001,5834305513,1322644,5258325
192504,11,1,1022101,Huttenkiez,2019,2,17,3,3,6,4,1,0,1,1,0,0,0,0,7927154168,5828653388,1331597,5252917
192505,11,9,9030901,Dorf Altglienicke,2019,2,14,2,3,5,2,0,0,1,0,0,0,0,0,8084139953,581639903,1353534,5241069
192506,11,8,8010212,Rollberg,2019,2,7,2,3,5,3,0,0,1,0,0,0,0,0,800868416,5823468136,1343111,5247825
192507,11,6,6030607,Goerzwerke,2019,2,15,2,3,2,6,0,0,1,0,0,0,1,0,7930280288,5817691867,1331093,5243073
192508,11,2,2040703,Wriezener Bahnhof/Entwicklungsgebiet,2019,2,19,2,3,1,5,2,1,1,0,0,0,1,0,8009368971,5826812131,1343514,5250819
192509,11,9,9051901,Dammvorstadt,2019,2,13,2,2,6,4,0,1,0,1,0,0,0,0,8109106548,5821522799,1357669,5245519
192510,11,1,1011103,LÅtzowstra·e,2019,2,21,2,3,5,3,2,1,1,0,0,0,0,0,7952852039,5826174141,1335154,5250556
192511,11,2,2010104,Wassertorplatz,2019,2,19,2,3,3,6,2,0,1,0,1,0,0,0,7997577232,5825709097,1341682,5249895
192512,11,9,9020802,Kîllnische Vorstadt,2019,2,17,2,3,2,7,2,0,1,0,0,0,0,0,8105212926,5820047026,1356961,5244219
192513,11,7,7010103,Barbarossaplatz,2019,2,17,2,3,6,4,1,1,0,1,0,0,0,0,7955141771,5824888461,1335376,5249391
192514,11,2,2020205,Chamissokiez,2019,2,15,2,3,4,5,0,1,0,0,0,0,0,0,7978743608,5824585651,1338816,5248991
192515,11,4,4030931,Breitscheidplatz,2019,2,17,2,2,0,6,0,0,1,0,0,0,1,0,7942876269,5826077127,133368,5250522
192516,11,8,8010211,Flughafenstra·e,2019,2,17,2,3,6,4,0,0,1,1,0,0,0,0,8004352469,582374938,1342501,5248101
192517,11,2,2010102,Mehringplatz,2019,2,9,4,2,5,3,0,0,1,0,0,0,0,0,7984113574,5825782726,1339711,5250035
192518,11,12,12103117,Letteplatz,2019,2,14,2,3,5,3,0,1,1,0,0,0,0,0,7966973218,5832997761,1337838,5256596
192519,11,8,8010508,Wei·e Siedlung,2019,2,14,2,3,5,3,0,0,1,0,0,0,0,0,8031960866,5822714976,134646,5247021
192520,11,10,10020413,Gut Hellersdorf,2019,2,14,2,3,2,6,0,0,1,0,0,0,0,0,8113540532,5830674874,1359175,5253696
192521,11,11,11020515,Landsberger Allee,2019,2,12,2,3,5,3,0,1,0,0,0,0,1,0,8051307888,5830018512,1349968,5253459
192522,11,10,11030720,Herzbergstra·e,2019,2,11,2,3,3,6,0,0,1,0,0,0,0,0,8062770998,5830169314,1351667,525353
192523,11,3,3020210,Herthaplatz,2019,2,11,2,3,0,5,0,1,1,0,0,0,0,0,7985347146,5834962637,1340717,5258256
192524,11,5,5010103,Amorbacher Weg,2019,2,14,2,3,3,6,0,1,1,0,0,0,0,0,7838721397,5831072024,1318803,5255553
192525,11,9,9041501,Altstadt Kietz,2019,2,11,2,2,0,1,0,1,0,0,0,0,0,0,8110433091,582035565,1357755,5244466
192526,11,1,1044103,Westliche MÅllerstra·e,2019,2,10,2,3,2,6,0,0,1,0,0,0,0,0,795199229,5830788025,1335437,5254696
192527,11,4,4030417,Schlo·stra·e,2019,2,8,2,2,6,4,0,0,1,1,0,0,0,0,7909874161,5826616797,1328879,5251183
192528,11,8,8040933,Vogelviertel SÅd,2019,2,13,2,3,1,1,0,0,1,0,0,0,1,0,803331781,5818555602,1346281,5243286
192529,11,1,1011401,Invalidenstra·e,2019,2,17,2,3,5,3,0,0,1,0,1,0,0,0,7981210449,5829344503,1339604,5253243
192530,11,7,7020203,Kaiser-Wilhelm-Platz,2019,2,16,2,3,5,2,0,1,0,0,0,0,0,0,7955802492,582415273,1335408,5248728
192531,11,11,11020412,Hauptstra·e,2019,2,13,2,2,6,4,0,0,1,1,0,0,0,0,8048854468,5831343153,1349729,525466
192532,11,3,3020307,Buchholz,2019,2,16,2,3,5,2,0,1,1,0,0,0,0,0,8001907875,5838470161,1343472,5261309
192533,11,6,6030605,Botanischer Garten,2019,2,16,2,3,5,2,0,0,1,0,0,0,0,0,7917680201,5819273767,1329383,5244559
192534,11,12,12214423,Mellerbogen,2019,2,13,2,3,2,6,0,0,1,0,1,0,0,0,7926698015,583387339,133199,5257599
192535,11,1,1011102,Gro·er Tiergarten,2019,2,15,2,3,3,2,0,0,1,0,1,0,0,0,7951402766,5827072352,1335021,5251369
192536,11,4,4041241,Breite Stra·e,2019,2,15,5,2,5,3,0,0,1,0,0,0,0,0,7913253971,5822055741,1328977,5247076
192537,11,9,9020502,Oberschîneweide Ost,2019,2,14,2,3,5,3,0,1,1,0,0,0,0,0,8080146846,5821569908,1353425,5245726
192538,11,1,1022106,Elberfelder Stra·e,2019,2,14,2,3,5,5,0,0,1,0,1,0,0,0,79449491,582835057,1334186,5252549
192539,11,9,9010301,Baumschulenstra·e,2019,2,10,2,3,6,4,0,0,1,1,0,0,0,0,8045770848,5822011226,1348422,5246314
192540,11,3,3061429,Greifswalder Stra·e,2019,2,20,1,3,6,4,2,0,1,1,0,0,0,0,80108847,5830429067,1344064,5254052
192541,11,1,1011105,Nîrdlicher Landwehrkanal,2019,2,23,5,3,5,2,2,0,1,0,0,0,0,0,7965824773,5826872612,1337122,5251111
192542,11,7,7020202,Volkspark (Rudolf-Wilde-Park),2019,2,13,1,3,1,5,0,1,1,0,0,0,0,0,794879524,5823766676,1334345,5248419
192543,11,8,8020726,Buckow West,2019,2,14,1,3,2,6,0,0,1,0,0,0,0,0,7995903487,5816402534,1340601,5241562
192544,11,3,3020210,Herthaplatz,2019,2,10,2,3,3,6,0,0,1,0,0,1,0,0,7984472681,5835563651,1340643,52588
192545,11,9,9010402,Johannisthal Ost,2019,2,9,1,3,3,6,0,1,0,0,0,0,1,0,8065636326,5820533629,1351201,5244878
192546,11,5,5010314,Carl-Schurz-Stra·e,2019,2,18,1,2,2,4,2,0,1,1,0,0,0,0,7848014051,5828809465,1319976,5253476
192547,11,11,11041128,Sewanstra·e,2019,2,10,2,3,6,2,0,0,1,1,0,0,0,0,8060745454,5825804404,1350968,524963
192548,11,4,4041344,RÅdesheimer Platz,2019,2,16,1,3,1,5,0,1,1,0,0,0,0,0,7931533339,5822082197,1331662,5247002
192549,11,2,2010101,Askanischer Platz,2019,2,21,1,2,6,2,2,0,1,1,0,0,0,0,7976557674,5826290578,1338647,5250531
192550,11,1,1011202,Unter den Linden Nord,2019,2,9,2,3,0,7,0,0,1,0,1,0,0,0,7976528953,5828104128,1338805,5252157
192551,11,2,2040502,Friedenstra·e,2019,2,21,1,2,5,2,2,0,1,0,1,0,0,0,801248424,582782323,1344063,5251708
192552,11,11,11030618,Fennpfuhl West,2019,2,13,4,3,5,2,0,1,1,0,0,0,0,0,8030649756,5829527675,1346887,5253135
192553,11,1,1011204,Leipziger Stra·e,2019,2,17,1,3,5,2,1,1,1,0,0,0,0,0,7986162254,5827001398,1340122,5251116
192554,11,9,9041501,Altstadt Kietz,2019,2,15,1,3,6,4,0,1,0,1,0,0,0,0,8112379291,582021194,1358027,5244326
192555,11,4,4051445,Eisenzahnstra·e,2019,2,9,2,3,5,7,0,0,1,0,0,0,1,0,7924366005,5824117499,1330789,5248865
192556,11,1,1033102,Gesundbrunnen,2019,2,15,1,3,6,2,0,0,1,1,0,0,0,0,797156002,5831919612,1338416,5255604
192557,11,2,2030402,Wrangelkiez,2019,2,15,1,3,2,6,0,1,1,0,0,0,0,0,8016499852,5825897593,1344478,5249959
192558,11,11,11030619,Fennpfuhl Ost,2019,2,14,1,3,5,3,0,0,1,0,0,0,0,0,8035339787,5829749778,1347597,5253308
192559,11,12,12231101,Hermsdorf,2019,2,8,2,3,2,6,0,0,1,0,0,0,0,0,7907787847,5837599266,1329535,526104
192560,11,1,1044202,Sparrplatz,2019,2,14,1,3,2,1,0,1,1,0,0,0,0,0,7953583226,5830249227,1335623,5254205
192561,11,4,4010101,Jungfernheide,2019,2,3,1,3,9,1,2,0,1,0,0,0,0,0,791216058,582973096,1329487,5253963
192562,11,2,2030302,Lausitzer Platz,2019,2,14,1,3,1,5,0,0,1,0,0,0,0,0,8008083068,5826486035,1343295,5250533
192563,11,1,1011303,Alexanderplatzviertel,2019,2,22,2,3,5,2,2,1,1,0,0,0,0,0,7995937643,582825638,1341671,5252187
192564,11,1,1011202,Unter den Linden Nord,2019,2,18,1,2,5,2,2,1,1,0,0,0,0,0,7982362352,5827696029,1339626,5251759
192565,11,7,7020202,Volkspark (Rudolf-Wilde-Park),2019,2,21,1,2,5,2,2,0,1,0,0,0,1,0,7950041569,5823818288,1334533,5248459
192566,11,10,10010311,Landsberger Tor,2019,2,15,1,2,5,2,0,0,1,0,0,0,0,0,8103113843,5831817081,135775,5254779
192567,11,12,12103117,Letteplatz,2019,2,5,2,3,2,6,2,0,1,0,0,0,0,0,7966435503,5832436112,1337708,5256095
192568,11,2,2020203,Viktoriapark,2019,2,8,1,3,1,5,0,0,1,0,0,0,1,0,7976941616,582402414,1338501,5248497
192569,11,6,6040703,Nikolassee,2019,2,8,4,3,5,3,0,1,1,0,0,0,0,0,7853186063,5817722139,1319787,5243508
192570,11,11,11010102,Dorf Wartenberg,2019,2,10,7,3,5,2,0,0,1,0,1,0,0,0,8058057172,5834706494,1351392,5257623
192571,11,1,1022206,LÅneburger Stra·e,2019,2,2,7,3,6,4,2,0,1,1,0,0,0,0,7962476487,5828494293,1336775,5252583
192572,11,9,9041301,Kietzer Feld/Nachtheide,2019,2,6,2,3,2,6,1,0,1,0,0,0,0,0,8116937768,5818521013,1358538,5242785
192573,11,4,4030931,Breitscheidplatz,2019,2,22,7,3,5,3,2,1,1,0,0,0,0,0,793932411,5826044861,1333155,5250513
192574,11,2,2030301,Oranienplatz,2019,2,21,7,3,3,6,2,1,1,0,0,0,0,0,8003488445,5826276422,1342602,5250371
192575,11,4,4030827,Karl-August-Platz,2019,2,18,7,3,1,5,2,0,1,0,0,0,0,0,7924021885,5826259487,1330926,5250787
192576,11,12,12214424,Scharnweberstra·e,2019,2,7,2,3,3,6,0,0,1,0,0,1,0,0,7933873094,5833083998,1332976,5256852
192577,11,10,10020413,Gut Hellersdorf,2019,2,17,7,3,5,3,1,0,1,0,0,0,1,0,8111331244,5830925043,1358874,5253932
192578,11,7,7010101,Wittenbergplatz/Viktoria-Luise-Platz,2019,2,11,7,3,5,2,0,1,1,0,0,0,0,0,7947709525,582569285,1334356,5250152
192579,11,3,3030406,Alt-Karow,2019,2,9,7,3,5,3,0,0,1,0,0,0,0,0,80287158,5838289263,1347403,5260998
192580,11,5,5010103,Amorbacher Weg,2019,2,16,7,3,0,7,0,0,1,0,0,0,0,0,7839161066,5831341346,1318891,5255792
192581,11,12,12214424,Scharnweberstra·e,2019,2,20,2,3,1,5,2,0,1,0,0,0,0,0,7928994214,5832941954,1332246,5256751
192582,11,4,4030931,Breitscheidplatz,2019,2,15,7,3,6,4,0,0,1,1,0,0,0,0,7938496545,5826060351,1333035,5250531
192583,11,8,8010214,Glasower Stra·e,2019,2,14,7,3,5,2,0,1,1,0,0,0,0,0,8017526013,5822051211,1344281,5246506
192584,11,2,2020204,Urbanstra·e,2019,2,14,7,3,2,6,0,0,1,0,0,0,0,0,7986549344,5825144836,1340012,5249449
192585,11,3,3051022,Hansastra·e,2019,2,7,4,3,5,2,0,1,1,0,0,0,0,0,8036692204,5832011797,1348002,5255327
192586,11,4,4051445,Eisenzahnstra·e,2019,2,13,7,2,6,7,0,0,1,1,0,0,0,0,792784501,5824307681,1331316,5249017
192587,11,7,7040401,Neu-Tempelhof,2019,2,13,7,3,6,4,0,0,1,1,0,0,0,0,7971988069,5823816873,1337755,5248339
192588,11,10,10010309,Springpfuhl,2019,2,19,2,3,6,7,2,0,1,1,0,0,0,0,8080986908,5830047871,1354333,5253319
192589,11,7,7060604,Marienfelde SÅd,2019,2,13,7,3,2,6,0,0,1,0,0,0,0,0,7977509478,5815406764,1337816,524077
192590,11,1,1011202,Unter den Linden Nord,2019,2,20,6,2,5,3,2,1,1,0,0,0,0,0,7972653955,582780635,1338209,5251911
192591,11,5,5010314,Carl-Schurz-Stra·e,2019,2,19,6,3,2,6,2,0,1,0,0,0,0,0,7851884003,5829363049,1320592,5253952
192592,11,12,12231101,Hermsdorf,2019,2,7,2,3,1,5,0,1,1,0,0,0,0,0,7914539255,5838714338,1330627,5262004
192593,11,3,3061227,Humannplatz,2019,2,21,6,3,6,4,2,1,0,1,0,0,0,0,7996703627,5831248488,1342053,5254865
192594,11,5,5010310,Eckschanze,2019,2,10,5,2,1,7,0,0,1,0,0,0,1,0,7846170655,5830861365,1319881,5255325
192595,11,4,5030833,Motardstra·e,2019,2,20,6,3,2,6,2,0,1,0,1,0,0,0,790377456,5829034106,1328193,5253383
192596,11,12,12302110,Dannenwalder Weg,2019,2,18,6,3,2,6,2,0,1,0,0,0,0,0,7946639434,5836274149,1335138,5259643
192597,11,10,10030725,Buckower Ring,2019,2,21,2,2,9,1,2,0,0,0,1,0,0,0,8100001456,5828363534,135697,5251701
192598,11,9,9041301,Kietzer Feld/Nachtheide,2019,2,8,6,3,5,3,0,0,1,0,0,0,1,0,8121812353,5819098725,1359307,5243275
192599,11,4,4030931,Breitscheidplatz,2019,2,8,6,3,1,5,0,0,1,0,1,0,0,0,7945262843,5825937611,1334018,5250385
192600,11,8,8010406,Treptower Stra·e Nord,2019,2,8,6,3,6,4,0,0,1,1,0,0,0,0,8019189907,5824159585,1344716,5248387
192601,11,4,4051653,Prager Platz,2019,2,7,6,3,5,2,0,1,1,0,0,0,0,0,794002846,5824280562,1333103,5248927
192602,11,7,7030302,CeciliengÑrten,2019,2,7,2,3,0,1,0,0,0,0,1,0,0,0,7943763676,5821956869,1333446,5246824
192603,11,1,1022106,Elberfelder Stra·e,2019,2,15,6,2,6,2,0,0,1,1,0,0,0,0,794116098,5827763257,1333577,5252043
192604,11,12,12103218,Teichstra·e,2019,2,15,6,3,2,6,0,0,1,0,0,0,0,0,7940385671,5835339144,1334134,5258839
192605,11,3,3020209,Niederschînhausen,2019,2,8,2,3,5,3,0,1,1,0,0,0,0,0,7978875049,5834640666,1339736,5258003
192606,11,1,1011105,Nîrdlicher Landwehrkanal,2019,2,15,6,3,1,5,0,1,1,0,0,0,0,0,7967640452,5826927977,1337394,5251151
192607,11,9,9010101,Elsenstra·e,2019,2,16,6,2,2,7,0,1,1,0,0,0,0,0,8025331257,5824562412,1345654,5248714
192608,11,1,1044203,Leopoldplatz,2019,2,7,6,2,2,7,0,1,0,0,0,0,0,0,7955969601,583175105,1336108,5255538
192609,11,4,4010102,Plîtzensee,2019,2,16,1,3,2,6,0,0,1,0,0,0,0,0,7933426551,5829711539,1332612,5253831
192610,11,10,10020622,Kaulsdorf Nord I,2019,2,7,6,3,3,6,0,0,1,0,0,1,0,0,8111535774,5829036825,1358727,5252239
192611,11,11,11020513,Orankesee,2019,2,18,5,3,2,6,1,0,1,0,0,0,0,0,8033128464,5830109326,1347304,5253642
192612,11,8,8010301,Reuterkiez,2019,2,7,6,3,6,2,0,0,1,1,0,0,0,0,8009754154,5824764866,1343385,5248981
192613,11,7,7050503,Eisenacher Stra·e,2019,2,7,6,3,5,3,1,1,1,0,0,0,0,0,7982417677,5820503243,133899,5245311
192614,11,7,7070701,Kettinger Stra·e/Schillerstra·e,2019,2,16,1,3,0,7,0,0,0,1,0,0,1,0,7987298477,5816017473,1339305,5241264
192615,11,1,1011201,Wilhelmstra·e,2019,2,6,6,3,2,6,0,0,1,0,0,0,0,0,7969773891,5827004171,1337714,5251208
192616,11,2,2020203,Viktoriapark,2019,2,5,6,2,5,2,2,1,1,0,0,0,0,0,7971009444,582449131,1337671,5248948
192617,11,9,9020702,Adlershof Ost,2019,2,16,1,3,2,6,0,0,1,0,0,0,0,0,8092249548,5819572653,1355016,5243867
192618,11,9,9020501,Oberschîneweide West,2019,2,5,6,2,3,6,2,0,1,0,0,1,0,0,8068824751,5823240453,1351918,5247286
192619,11,3,3050919,Gustav-Adolf-Stra·e,2019,2,16,6,3,6,4,0,0,1,1,0,0,0,0,8017567568,5832405253,1345226,5255786
192620,11,8,8040933,Vogelviertel SÅd,2019,2,16,1,3,1,5,0,0,1,0,0,0,1,0,802789772,5818791091,1345507,5243527
192621,11,3,3040818,Pankow SÅd,2019,2,16,6,2,2,6,1,0,1,0,0,0,0,0,7993302489,5833455289,1341752,5256862
192622,11,8,8020727,Buckow Mitte,2019,2,17,6,3,1,1,1,0,1,0,0,0,1,0,800335143,5816688479,1341719,5241777
192623,11,2,2020202,Rathaus Yorckstra·e,2019,2,8,6,3,2,3,0,1,1,0,0,0,0,0,797913354,5825279649,1338935,5249611
192624,11,1,1011303,Alexanderplatzviertel,2019,2,16,1,3,5,7,0,0,1,0,0,0,0,0,7994985635,5828143631,1341521,5252091
192625,11,2,2020204,Urbanstra·e,2019,2,8,6,3,5,2,0,1,1,0,0,0,0,0,7984936885,5825222747,1339782,5249528
192626,11,3,3061227,Humannplatz,2019,2,14,4,3,3,6,0,0,1,0,0,0,0,0,7999581172,5831721628,1342519,5255273
192627,11,6,6030605,Botanischer Garten,2019,2,18,6,3,5,2,1,0,1,0,0,0,1,0,791532077,5819139009,1329025,524445
192628,11,3,3071536,Teutoburger Platz,2019,2,18,6,3,6,4,1,0,1,1,0,0,0,0,7991012854,582910676,1341023,5252976
192629,11,4,4051448,Schaperstra·e,2019,2,17,1,3,5,7,1,1,1,0,0,0,0,0,7935063035,582534713,1332468,524991
192630,11,9,9051901,Dammvorstadt,2019,2,9,6,3,3,6,0,1,0,0,0,0,0,0,8103176485,5821373528,1356786,5245419
192631,11,8,8020619,Buschkrugallee Nord,2019,2,18,6,3,5,3,2,0,1,0,0,0,0,0,8017742292,5821103644,1344227,5245656
192632,11,5,5030731,Gartenfelder Stra·e,2019,2,15,6,3,5,2,0,1,1,0,0,0,0,0,7869997561,582946036,1323264,5253944
192633,11,4,4010103,Paul-Hertz-Siedlung,2019,2,17,1,3,2,7,2,0,1,0,0,1,0,0,7911059432,5829127122,1329273,5253427
192634,11,11,11030721,RÅdigerstra·e,2019,2,10,6,3,5,3,0,0,1,0,0,0,0,0,804606541,5827495575,1348967,5251227
192635,11,4,4030620,Alt-Lietzow,2019,2,7,4,3,6,4,0,0,1,1,0,0,0,0,7928895905,5827360635,1331739,5251748
192636,11,2,2020203,Viktoriapark,2019,3,23,2,3,5,3,2,0,1,0,0,0,0,1,7978417014,5824926746,1338798,5249298
192637,11,9,9020802,Kîllnische Vorstadt,2019,3,17,5,3,6,2,0,0,1,1,0,0,0,1,8100510763,5819464271,1356217,5243723
192638,11,7,7020201,Bayerischer Platz,2019,3,8,2,3,5,2,0,0,1,0,0,0,0,1,7949492164,582455353,1334517,5249121
192639,11,12,12103115,Breitkopfbecken,2019,3,22,2,3,9,1,2,0,1,0,0,0,0,1,7958258299,583366151,1336615,5257238
192640,11,6,6040703,Nikolassee,2019,3,16,5,2,5,3,0,1,1,0,0,0,0,1,7858751493,5816579405,1320506,5242454
192641,11,4,4030931,Breitscheidplatz,2019,3,8,2,3,1,5,0,1,1,0,0,0,1,1,7940539392,5826126349,1333341,5250579
192642,11,3,3050925,Komponistenviertel Wei·ensee,2019,3,5,1,3,1,1,2,0,1,0,0,0,0,0,802434287,583106489,13461,5254547
192643,11,11,11020513,Orankesee,2019,3,5,1,3,2,6,2,0,1,0,0,0,0,0,8028664018,583126205,1346753,52547
192644,11,12,12304314,Ziekowstra·e/Freie Scholle,2019,3,16,5,3,5,3,1,1,1,0,0,0,0,1,7906461676,5835594309,1329163,525925