OBJECTID,LAND,BEZ,LOR,STRASSE,UJAHR,UMONAT,USTUNDE,UWOCHENTAG,UKATEGORIE,UART,UTYP1,ULICHTVERH,IstRad,IstPKW,IstFuss,IstKrad,IstGkfz,IstSonstige,USTRZUSTAND,LINREFX,LINREFY,XGCSWGS84,YGCSWGS84
192645,11,9,9010101,Elsenstra·e,2019,3,20,1,3,6,2,2,0,1,1,0,0,0,1,8021074699,5824764442,1345047,5248919
192646,11,2,2020203,Viktoriapark,2019,3,19,5,3,5,3,2,1,1,0,0,0,0,1,7978166067,5824933046,1338762,5249305
192647,11,7,7010102,Nollendorfplatz,2019,3,19,1,3,5,2,2,1,1,0,0,0,0,1,7949663903,5825195685,1334599,5249696
192648,11,2,2050803,Stralauer Kiez,2019,3,20,1,3,5,2,2,1,1,0,0,0,0,1,8024600924,5826326632,1345707,5250299
192649,11,11,11041128,Sewanstra·e,2019,3,18,1,3,6,2,1,0,1,1,0,0,0,1,8060585979,5825807539,1350944,5249633
192650,11,2,2020206,Graefekiez,2019,3,20,1,2,5,7,2,0,1,0,0,0,0,1,7995037971,5824531458,1341203,5248853
192651,11,12,12214424,Scharnweberstra·e,2019,3,19,1,3,5,3,2,0,1,0,0,0,0,1,793487717,5832414325,1333064,5256247
192652,11,10,10020413,Gut Hellersdorf,2019,3,18,1,2,6,2,2,0,1,1,0,0,0,1,8112851316,5831537923,1359155,5254473
192653,11,4,4030828,Savignyplatz,2019,3,18,1,3,6,2,2,0,1,1,0,0,0,1,7931495165,5826075352,1332008,5250582
192654,11,5,5010101,Hakenfelde Nord,2019,3,8,1,2,9,1,0,0,1,0,0,0,0,1,7847116023,5834642311,1320344,525871
192655,11,1,1011204,Leipziger Stra·e,2019,3,16,5,3,5,2,0,1,0,0,0,0,1,1,7985540785,5826816364,1340014,5250953
192656,11,8,8010404,Rixdorf,2019,3,17,1,3,2,6,1,0,1,0,0,0,0,1,8017252281,5823688836,1344389,5247976
192657,11,10,10030727,Biesdorf SÅd,2019,3,16,5,3,5,3,0,1,1,0,0,0,0,1,8091599242,5826175422,1355532,5249788
192658,11,1,1033202,Humboldthain SÅd,2019,3,14,1,3,0,1,0,0,0,0,1,0,0,1,7978771406,5829867498,1339292,5253725
192659,11,6,6020306,Lankwitz SÅd,2019,3,14,1,3,5,7,0,0,1,0,0,0,0,1,7963036068,5816846457,1335822,5242139
192660,11,7,7010102,Nollendorfplatz,2019,3,12,1,3,2,6,0,0,1,0,0,0,0,1,7949658111,5825667705,133464,5250119
192661,11,11,11030618,Fennpfuhl West,2019,3,15,5,3,5,2,0,1,1,0,0,0,0,1,803852076,5828739623,1347972,5252385
192662,11,1,1022206,LÅneburger Stra·e,2019,3,12,1,3,5,2,0,1,1,0,0,0,0,1,7957933069,5828242886,1336084,5252382
192663,11,1,1011102,Gro·er Tiergarten,2019,3,19,5,3,5,3,2,0,1,0,1,0,0,1,7950494878,5827190843,1334898,525148
192664,11,12,12103117,Letteplatz,2019,3,12,1,3,5,2,0,0,1,0,0,0,0,1,7957828035,5832578302,1336455,5256269
192665,11,8,8010213,Kîrnerpark,2019,3,20,7,3,5,3,2,1,1,0,0,0,0,1,8009543921,5822316853,1343133,5246788
192666,11,3,3020209,Niederschînhausen,2019,3,15,5,3,5,3,0,0,1,0,0,0,0,1,7981435047,5835472187,1340188,5258734
192667,11,3,3010101,Bucher Forst,2019,3,14,7,2,5,2,0,0,1,0,0,0,0,1,8030135737,5842058001,1347957,5264368
192668,11,5,5010314,Carl-Schurz-Stra·e,2019,3,15,7,3,0,6,0,0,1,0,1,0,0,1,7848348511,5829035443,1320045,5253677
192669,11,12,12214125,Waldidyll/Flughafensee,2019,3,20,5,3,6,4,2,0,0,1,1,0,0,1,7909953329,5833819701,1329521,525764
192670,11,5,5010339,Freiheit,2019,3,8,7,2,1,5,0,0,1,0,1,0,0,1,7869998211,5828155481,1323152,5252774
192671,11,8,8040933,Vogelviertel SÅd,2019,3,16,7,3,5,3,0,0,1,0,0,0,0,1,8031414988,5818819483,1346026,5243533
192672,11,12,12304314,Ziekowstra·e/Freie Scholle,2019,3,17,7,3,6,4,1,0,1,1,0,0,0,0,7909462909,5836197186,1329658,5259774
192673,11,4,4030726,Droysenstra·e,2019,3,20,5,3,5,2,2,1,1,0,0,0,0,1,7920909974,5825291993,1330384,5249937
192674,11,7,7060604,Marienfelde SÅd,2019,3,17,7,3,5,7,1,0,1,0,0,0,0,1,7972436867,5815444284,1337076,5240831
192675,11,5,5010313,Ackerstra·e,2019,3,20,5,2,5,7,2,0,1,0,0,0,0,1,7846637799,5829696547,131985,5254278
192676,11,12,12103115,Breitkopfbecken,2019,3,19,7,3,6,2,2,0,1,1,0,0,0,1,7954705129,5833409148,133607,5257031
192677,11,7,7040403,Manteuffelstra·e,2019,3,13,7,3,2,7,0,0,1,0,0,0,0,0,7977775055,5820776509,1338333,5245582
192678,11,4,4030726,Droysenstra·e,2019,3,22,5,3,6,2,2,0,1,1,0,0,0,1,7921159352,5825765934,1330462,525036
192679,11,12,12103219,SchÑfersee,2019,3,23,5,3,1,5,2,1,1,0,0,0,1,1,7956653551,5832967692,1336317,5256625
192680,11,4,4030726,Droysenstra·e,2019,3,12,7,3,3,6,0,0,1,0,0,0,0,0,7921853164,5825637215,1330553,5250241
192681,11,6,6030503,Zehlendorf Mitte,2019,3,9,7,3,5,3,0,0,1,0,0,0,0,1,789416056,5817999378,1325822,5243541
192682,11,12,12214424,Scharnweberstra·e,2019,3,16,5,3,2,6,0,0,1,0,0,0,0,1,793309279,5832660186,1332824,5256477
192683,11,12,12103219,SchÑfersee,2019,3,9,7,3,5,2,0,0,1,0,0,0,1,0,7950637313,5832467562,1335387,5256209
192684,11,10,10020412,Alte Hellersdorfer Stra·e,2019,3,15,7,3,6,4,0,1,0,1,0,0,0,1,8109699685,5832025658,1358737,5254928
192685,11,8,8010509,Schulenburgpark,2019,3,14,5,3,5,7,0,0,1,0,0,0,1,1,8036556953,5822278953,1347094,5246605
192686,11,2,2020203,Viktoriapark,2019,3,2,7,3,5,2,2,0,1,0,0,0,0,0,7977601827,5824597336,1338649,5249008
192687,11,2,2010102,Mehringplatz,2019,3,19,7,2,6,4,2,0,1,1,0,0,0,1,7982004807,5826386813,1339456,5250588
192688,11,9,9010302,SpÑthsfelde,2019,3,15,5,3,2,6,0,0,1,0,0,0,0,1,8040409437,5821221112,1347563,5245635
192689,11,6,6030610,Lichterfelde West,2019,3,19,7,2,5,2,2,1,1,0,0,0,0,1,7929268526,5817768256,1330951,5243147
192690,11,9,9030901,Dorf Altglienicke,2019,3,16,5,3,5,2,1,0,1,0,0,0,0,1,8080850312,5816924185,13531,5241558
192691,11,12,12302107,Schorfheidestra·e,2019,3,19,7,3,6,2,2,0,1,1,0,0,0,1,794397659,5836235063,1334742,5259622
192692,11,4,4041342,Schlangenbader Stra·e,2019,3,19,7,3,5,2,2,0,1,0,0,0,0,1,7925280593,5822918151,1330818,5247785
192693,11,4,4051653,Prager Platz,2019,3,23,5,2,9,1,2,0,1,0,0,0,0,1,7943834822,5824838069,1333711,5249407
192694,11,6,6010205,SÅdende,2019,3,19,7,3,6,2,2,0,1,1,0,0,0,1,7953148636,581998285,1334649,5245004
192695,11,8,8010118,Silbersteinstra·e,2019,3,20,7,3,5,3,2,1,1,0,0,0,0,1,8008194939,5822577093,1342959,5247029
192696,11,9,9020802,Kîllnische Vorstadt,2019,3,20,7,3,8,1,2,0,1,0,0,0,0,1,8100415726,5819507931,1356208,5243763
192697,11,8,8010118,Silbersteinstra·e,2019,3,18,5,3,6,2,1,0,1,1,0,0,0,0,8010761401,5821981898,1343282,5246481
192698,11,8,8020622,Parchimer Allee,2019,3,10,7,3,5,2,0,0,1,0,0,0,0,0,8012641407,5819820028,1343363,5244533
192699,11,9,9020701,Adlershof West,2019,3,20,7,3,5,3,2,0,1,0,0,0,0,1,8076574901,5819361404,1352698,5243766
192700,11,8,8020619,Buschkrugallee Nord,2019,3,21,7,2,6,4,2,0,1,1,0,0,0,1,8014318283,5821029718,1343718,5245608
192701,11,1,1033202,Humboldthain SÅd,2019,3,18,5,3,0,1,2,0,0,0,1,0,0,1,7977751219,5829747105,1339132,5253623
192702,11,4,4030931,Breitscheidplatz,2019,3,22,7,3,5,3,2,0,1,0,0,0,0,1,7939101546,5825533206,1333077,5250055
192703,11,8,8010213,Kîrnerpark,2019,3,23,7,3,5,3,2,0,1,0,0,0,0,1,8012307821,582246779,1343553,5246908
192704,11,8,8010404,Rixdorf,2019,3,11,6,3,5,3,0,0,1,0,0,0,0,1,8023491125,5822949948,1345238,5247279
192705,11,7,7070703,John-Locke-Stra·e,2019,3,13,5,3,5,3,0,1,1,0,0,0,0,0,7992872733,5813135314,1339865,523865
192706,11,1,1044201,Reinickendorfer Stra·e,2019,3,23,6,2,6,4,2,0,1,1,0,0,0,0,7966245779,5831625213,1337608,5255369
192707,11,9,9052001,Kîpenick Nord,2019,3,1,5,3,9,1,2,0,1,0,0,0,0,1,8115411437,5823057501,1358737,5246859
192708,11,3,3061131,Falkplatz,2019,3,23,6,3,6,4,2,0,1,1,0,0,0,0,7989442194,5831069029,1340969,5254744
192709,11,2,2010102,Mehringplatz,2019,3,17,6,3,2,6,0,1,1,0,0,0,0,0,797933465,5826387348,1339063,5250603
192710,11,3,3010102,Buch,2019,3,6,5,2,6,4,0,0,1,1,0,0,0,1,8048799504,5841522898,1350658,5263784
192711,11,9,9020501,Oberschîneweide West,2019,3,17,6,2,1,1,0,0,1,0,0,0,1,0,8063408616,582222492,135103,5246407
192712,11,3,3040614,Pankow Zentrum,2019,3,16,6,2,6,4,0,0,1,1,0,0,0,0,7984334126,5833809518,1340465,5257228
192713,11,3,3061227,Humannplatz,2019,3,14,6,3,5,3,0,0,1,0,0,0,0,1,8000862845,5831671075,1342703,5255221
192714,11,8,8010407,Gewerbegebiet Ederstra·e,2019,3,13,5,3,5,3,0,0,1,0,0,0,0,1,8022934431,5823884189,1345241,5248119
192715,11,2,2010103,Moritzplatz,2019,3,8,6,3,5,3,0,1,1,0,0,0,0,0,7993272419,5826236426,1341097,5250391
192716,11,9,9010301,Baumschulenstra·e,2019,3,19,5,3,3,6,2,1,0,0,0,0,0,1,804945741,5823041929,1349057,5247217
192717,11,4,4041137,Flinsberger Platz,2019,3,5,5,3,0,3,2,0,1,0,1,0,0,1,7915214526,5823559678,1329396,5248414
192718,11,1,1033102,Gesundbrunnen,2019,3,17,5,3,2,6,0,0,1,0,0,0,0,1,7972080509,5831915814,1338492,5255598
192719,11,4,4051448,Schaperstra·e,2019,3,6,5,2,5,2,0,1,1,0,0,0,0,1,7939174918,582495762,1333037,5249539
192720,11,9,9020501,Oberschîneweide West,2019,3,7,5,3,5,3,0,0,1,0,0,0,1,1,8057038924,5824052524,1350263,524808
192721,11,8,8041036,Zittauer Stra·e,2019,3,8,5,2,5,3,0,1,1,0,0,0,0,1,8046195426,5816128755,1347948,5241039
192722,11,6,6040810,Dahlem,2019,3,22,5,3,6,7,2,0,1,1,0,0,0,1,790489378,5819760269,1327549,5245063
192723,11,2,2010103,Moritzplatz,2019,3,23,5,3,5,3,2,1,1,0,0,0,0,0,7998140295,5825748785,1341768,5249927
192724,11,2,2030301,Oranienplatz,2019,3,20,5,3,1,5,2,1,1,0,0,0,0,1,7999475213,5825964133,1341984,5250113
192725,11,3,3030715,Heinersdorf,2019,3,13,5,3,5,3,0,0,1,0,0,0,1,1,8009396788,5833548042,1344128,5256856
192726,11,10,10020517,Adele-Sandrock-Stra·e,2019,3,20,5,3,5,3,2,0,1,0,0,0,0,0,8126061418,5830417718,1360991,5253393
192727,11,8,8010117,Schillerpromenade,2019,3,19,5,3,2,5,2,1,1,0,0,0,0,0,8004746541,5823594652,1342544,524796
192728,11,9,9052001,Kîpenick Nord,2019,3,8,5,3,5,3,0,1,1,0,0,0,0,1,8103569939,5823533221,1357044,5247352
192729,11,6,6020303,Lankwitz Kirche,2019,3,18,5,3,6,2,1,0,1,1,0,0,0,0,7955527451,5818313191,1334851,5243494
192730,11,2,2020203,Viktoriapark,2019,3,18,5,3,5,2,2,1,1,0,0,0,0,1,7977702322,5824017098,1338612,5248487
192731,11,2,2030301,Oranienplatz,2019,3,18,5,3,2,6,0,1,1,0,0,0,0,1,7997228725,5826056093,1341662,5250208
192732,11,6,6030610,Lichterfelde West,2019,3,8,5,3,1,5,0,1,1,0,0,0,0,1,7910928696,5817818492,1328266,524329
192733,11,12,12214424,Scharnweberstra·e,2019,3,17,5,3,3,6,0,0,1,0,0,0,1,1,7932149994,5832615173,1332681,5256441
192734,11,2,2030302,Lausitzer Platz,2019,3,17,5,3,5,3,1,0,1,0,1,0,0,1,8007337773,5826517177,1343189,5250565
192735,11,4,4030827,Karl-August-Platz,2019,3,17,5,3,2,6,0,0,1,0,0,0,0,0,7922729023,5826111752,1330723,5250662
192736,11,2,2030301,Oranienplatz,2019,3,17,5,3,6,4,0,1,0,1,0,0,0,1,7999865556,5825731476,134202,5249902
192737,11,1,1044202,Sparrplatz,2019,3,12,5,3,5,2,0,0,1,0,0,0,0,1,7946190775,5829877865,1334504,5253912
192738,11,9,9051901,Dammvorstadt,2019,3,17,5,3,2,1,0,0,1,0,0,0,0,0,8106205082,5820336336,1357133,5244473
192739,11,3,3010102,Buch,2019,3,16,5,3,0,3,0,0,1,0,1,0,0,1,8048137833,5841410604,135055,5263687
192740,11,1,1022104,Emdener Stra·e,2019,3,12,5,3,2,6,0,0,1,0,0,0,0,1,7939366751,5828480523,1333377,5252696
192741,11,1,1011401,Invalidenstra·e,2019,3,16,5,3,2,7,0,1,1,0,0,0,0,1,7977698712,5829051373,1339062,5253
192742,11,1,1022204,Thomasiusstra·e,2019,3,16,5,3,2,2,0,0,1,0,1,0,0,1,7951178852,5828257641,1335093,5252432
192743,11,8,8020727,Buckow Mitte,2019,3,15,5,3,2,1,0,0,1,0,0,0,0,0,8015938463,5817456038,1343633,5242396
192744,11,10,10040828,Kaulsdorf Nord,2019,3,10,5,3,5,3,0,0,1,0,0,0,0,1,8118480433,5829318869,1359774,5252452
192745,11,2,2030302,Lausitzer Platz,2019,3,7,5,3,5,2,0,1,1,0,0,0,0,1,8006714714,5825819593,1343034,5249944
192746,11,12,12214424,Scharnweberstra·e,2019,3,8,5,2,5,3,0,0,1,0,0,1,0,0,7926892488,5833256902,1331964,5257045
192747,11,1,1011402,Arkonaplatz,2019,3,8,5,3,2,6,0,0,1,0,1,0,0,1,7980970905,5829959453,1339624,5253796
192748,11,10,10030724,Oberfeldstra·e,2019,3,10,5,3,5,7,0,0,1,0,0,0,0,1,8086212132,5829492795,1355049,5252792
192749,11,11,11020514,Gro·e-Leege-Stra·e,2019,3,10,5,3,5,2,0,1,1,0,0,0,0,0,8044581245,5830929256,1349063,5254313
192750,11,10,10010308,Marzahner Chaussee,2019,3,9,5,3,2,6,0,0,1,0,0,0,0,1,8065811436,5829152931,135202,5252602
192751,11,4,4051654,Wilhelmsaue,2019,3,12,5,3,5,2,0,1,1,0,0,0,0,0,7934361219,5823922293,1332239,5248637
192752,11,9,9051702,Bîlschestra·e,2019,3,12,5,3,1,5,0,1,1,0,0,0,0,0,814372092,582121233,1362718,5245043
192753,11,1,1033201,Brunnenstra·e,2019,3,9,5,3,5,5,0,1,1,0,0,0,0,1,7978572657,5830383978,1339309,5254189
192754,11,9,9052001,Kîpenick Nord,2019,3,12,5,3,2,2,0,0,1,0,0,0,0,0,8103689041,5823529692,1357061,5247349
192755,11,3,3040614,Pankow Zentrum,2019,3,14,5,3,3,6,0,1,1,0,0,0,0,0,798894903,5834982494,1341249,5258254
192756,11,4,4041134,Bismarckallee,2019,3,6,4,2,5,3,0,1,1,0,0,0,0,1,7908553244,5823646832,1328425,5248528
192757,11,4,4051653,Prager Platz,2019,3,14,5,3,6,7,0,0,1,1,0,0,0,0,7943571071,582452262,1333645,5249125
192758,11,3,3061227,Humannplatz,2019,3,7,5,3,6,4,0,1,0,1,0,0,0,1,7999551874,5831077059,1342456,5254695
192759,11,7,7040403,Manteuffelstra·e,2019,3,13,4,2,6,4,0,1,0,1,0,0,0,1,7973485944,5821909513,1337805,5246621
192760,11,11,11051331,Karlshorst Nord,2019,3,5,5,3,5,3,2,1,0,0,0,0,1,1,8073277241,5824796493,1352715,5248656
192761,11,9,9052001,Kîpenick Nord,2019,3,9,4,3,2,2,0,0,1,0,0,0,0,0,8092201593,5823019721,1355328,5246957
192762,11,3,3020203,Blankenfelde,2019,3,9,5,3,2,6,0,0,1,0,0,1,0,0,798702313,5837415118,1341185,5260445
192763,11,4,4020314,MessegelÑnde,2019,3,8,5,3,5,2,0,0,1,0,0,0,0,0,7903871065,5825672243,1327914,5250368
192764,11,3,3020209,Niederschînhausen,2019,3,15,4,3,0,3,0,1,1,0,0,0,0,1,797573352,5835074101,1339313,5258409
192765,11,7,7010101,Wittenbergplatz/Viktoria-Luise-Platz,2019,3,9,5,2,5,3,0,1,1,0,0,0,0,1,7944844116,5824915594,1333866,5249471
192766,11,1,1011401,Invalidenstra·e,2019,3,20,4,2,6,4,2,0,1,1,0,0,0,1,7984363438,5829161565,1340051,5253062
192767,11,11,11010205,Falkenberg West,2019,3,0,5,2,6,4,2,0,1,1,0,0,0,0,8058545687,5833606015,1351362,5256634
192768,11,8,8020620,Tempelhofer Weg,2019,3,14,4,3,3,6,0,0,1,0,0,1,0,0,8006308551,5820549874,1342499,5245222
192769,11,4,4030931,Breitscheidplatz,2019,3,23,4,3,6,2,2,0,1,1,0,0,0,1,7944871926,5825868287,1333955,5250324
192770,11,4,4051448,Schaperstra·e,2019,3,10,4,3,5,2,0,0,1,0,0,0,0,0,7942310646,5825420257,1333539,5249937
192771,11,5,5010209,An der Kappe,2019,3,16,4,3,5,2,0,0,1,0,0,0,0,0,781905797,5829565512,1315782,5254304
192772,11,9,9020702,Adlershof Ost,2019,3,5,4,3,2,6,2,1,0,0,0,0,1,0,8095200078,5819769871,1355467,5244027
192773,11,12,12302107,Schorfheidestra·e,2019,3,5,4,3,5,3,2,0,1,0,0,0,0,1,7938447105,5836157975,1333921,5259583
192774,11,10,10040933,Mahlsdorf SÅd,2019,3,11,4,2,5,3,0,1,1,0,0,0,0,0,8130939946,5826504899,136134,5249859
192775,11,3,3030711,Blankenburg,2019,3,12,6,3,5,3,0,1,1,0,0,0,0,1,8015266469,5836125721,1345226,5259134
192776,11,2,2050601,Hausburgviertel,2019,3,20,4,2,6,2,2,0,1,1,0,0,0,0,8018802092,5828990558,1345097,5252719
192777,11,4,4051448,Schaperstra·e,2019,3,20,4,3,5,2,2,1,1,0,0,0,0,0,7941682083,5825307041,1333437,5249839
192778,11,6,6010210,Bismarckstra·e,2019,3,5,4,3,6,2,2,0,1,1,0,0,0,1,7947867479,5821586457,1334016,524647
192779,11,5,5010206,GÅtersloher Weg,2019,3,20,4,2,6,2,2,0,1,1,0,0,0,0,7819543838,5830607801,1315942,5255236
192780,11,12,12214125,Waldidyll/Flughafensee,2019,3,19,4,3,5,2,2,0,1,0,0,0,0,0,790690321,5834316046,1329116,5258101
192781,11,1,1011306,Heine-Viertel Ost,2019,3,6,4,3,5,5,2,0,1,0,1,0,0,1,8000636754,5826898652,1342239,5250944
192782,11,2,2030401,Reichenberger Stra·e,2019,3,19,4,3,4,5,2,0,1,0,0,0,1,0,8006254603,5825255542,1342916,5249441
192783,11,12,12231101,Hermsdorf,2019,3,18,4,3,5,3,1,0,1,0,0,0,0,1,7914184625,5838758261,1330579,5262045
192784,11,2,2020202,Rathaus Yorckstra·e,2019,3,16,4,3,2,2,0,0,1,0,0,0,0,0,7979432318,5825259116,1338977,5249591
192785,11,8,8010404,Rixdorf,2019,3,16,4,2,3,6,0,0,1,0,1,0,1,0,8015209887,5823833879,1344102,5248117
192786,11,11,11010309,Zingster Stra·e West,2019,3,6,4,3,4,7,2,0,1,0,0,0,0,0,804225406,5833409672,1348948,5256549
192787,11,3,3071537,Kollwitzplatz,2019,3,15,4,3,5,3,0,0,1,0,0,0,0,0,7995278546,5829746882,1341708,5253527
192788,11,9,9041402,Siedlung KÑmmereiheide,2019,3,7,4,3,5,2,0,1,0,0,0,0,1,0,8124627442,5820103141,1359813,5244159
192789,11,10,10040932,Alt-Mahlsdorf,2019,3,15,4,3,6,4,0,0,0,1,0,0,1,0,8129239996,5827950735,1361226,5251165
192790,11,4,4030519,Kaiserin-Augusta-Allee,2019,3,7,4,3,1,5,0,1,1,0,0,0,0,0,7926615112,5828245455,1331482,5252554
192791,11,4,4030415,Schlo·garten,2019,3,13,4,3,5,2,0,1,1,0,0,0,0,0,7913793619,5827491813,1329531,5251947
192792,11,11,11030721,RÅdigerstra·e,2019,3,19,5,3,6,2,2,0,1,1,0,0,0,1,8046329437,5827766871,134903,5251469
192793,11,4,4030931,Breitscheidplatz,2019,3,12,4,3,1,5,0,1,1,0,0,0,0,0,7943430171,582594022,1333749,5250397
192794,11,1,1022202,Heidestra·e,2019,3,13,4,3,5,2,0,0,1,0,0,0,0,0,795664665,5829738324,1336028,525373
192795,11,6,6020409,Kînigsberger Stra·e,2019,3,11,4,3,5,7,0,1,1,0,0,0,0,0,7940611949,5818772899,1332703,5243987
192796,11,7,7030301,Friedenau,2019,3,13,4,3,1,7,0,0,1,0,0,0,1,0,7936454629,5822419666,1332414,5247278
192797,11,1,1011101,StÅlerstra·e,2019,3,11,4,3,5,3,0,1,1,0,0,0,0,0,7953068497,5826271315,1335195,5250641
192798,11,1,1011201,Wilhelmstra·e,2019,3,11,4,2,5,2,0,1,1,0,0,0,0,0,7969611086,582669989,1337663,5250936
192799,11,1,1022202,Heidestra·e,2019,3,13,4,3,5,2,0,1,1,0,0,0,0,0,7956689129,5829732336,1336034,5253724
192800,11,7,7070703,John-Locke-Stra·e,2019,3,11,4,3,5,2,0,0,1,0,1,0,0,0,7990198548,5814282127,1339576,5239692
192801,11,4,4030621,Spreestadt,2019,3,9,4,3,6,4,0,1,0,1,0,0,0,0,7937608617,5827072999,1332994,5251444
192802,11,9,9051901,Dammvorstadt,2019,3,8,4,3,3,6,0,0,0,0,1,0,1,0,8107268885,5820929841,1357345,5244998
192803,11,7,7020203,Kaiser-Wilhelm-Platz,2019,3,15,4,2,6,4,0,0,1,1,0,0,0,0,7953560127,5823479369,1335019,5248136
192804,11,1,1033203,Humboldthain Nordwest,2019,3,7,4,3,5,2,0,0,1,0,0,0,0,0,7968529193,5830641047,1337856,5254475
192805,11,4,4030621,Spreestadt,2019,3,15,4,3,2,6,0,0,1,0,0,0,1,0,7932944273,5827818962,1332374,5252137
192806,11,3,3030715,Heinersdorf,2019,3,7,4,3,5,2,0,1,1,0,0,0,0,0,8008831644,5833381892,134403,525671
192807,11,10,10040931,Mahlsdorf Nord,2019,3,6,4,3,6,4,1,0,1,1,0,0,0,0,8132785266,5829057579,1361851,5252136
192808,11,5,5010314,Carl-Schurz-Stra·e,2019,3,15,4,3,0,2,0,0,1,0,0,0,1,0,7848465804,5829228539,1320078,5253849
192809,11,3,3040614,Pankow Zentrum,2019,3,15,3,3,5,3,0,1,1,0,0,0,0,0,7977740077,5832965555,1339419,5256508
192810,11,4,4030726,Droysenstra·e,2019,3,19,5,3,5,3,2,1,1,0,0,0,0,1,7920909226,5825310163,1330386,5249953
192811,11,6,6010101,Fichtenberg,2019,3,8,3,3,5,3,0,1,0,0,0,0,1,0,7927150329,5821673533,1330983,5246659
192812,11,4,4051445,Eisenzahnstra·e,2019,3,21,3,3,6,2,2,1,0,1,0,0,0,0,792337216,582407431,1330639,5248832
192813,11,2,2050802,Boxhagener Platz,2019,3,19,3,3,5,3,2,0,1,0,0,0,1,1,8025242252,5827271208,1345887,5251142
192814,11,11,11030619,Fennpfuhl Ost,2019,3,16,4,2,5,7,0,0,1,0,1,0,0,0,8041464714,5829812456,1348503,525333
192815,11,4,4041134,Bismarckallee,2019,3,19,3,3,2,6,2,0,1,0,0,0,0,1,7908612747,5824620665,1328519,52494
192816,11,2,2010103,Moritzplatz,2019,3,19,3,3,5,2,2,1,1,0,0,0,0,0,7991183786,5826276424,1340794,5250438
192817,11,4,4030620,Alt-Lietzow,2019,3,16,4,3,2,7,0,1,1,0,0,0,0,0,792611259,5827365268,1331331,5251767
192818,11,7,7020203,Kaiser-Wilhelm-Platz,2019,3,18,3,3,6,2,2,0,1,1,0,0,0,1,7961163313,5824097043,133619,5248649
192819,11,1,1011105,Nîrdlicher Landwehrkanal,2019,3,18,3,3,5,3,2,1,1,0,0,0,0,1,7958487077,5826675736,1336027,5250975
192820,11,8,8010406,Treptower Stra·e Nord,2019,3,19,3,3,5,2,2,1,1,0,0,0,0,1,8020257381,5824298294,1344885,5248505
192821,11,5,5010312,Kurstra·e,2019,3,16,4,2,5,7,0,0,1,0,0,0,0,0,7848268174,5830252302,1320137,5254768
192822,11,7,7040405,Rathaus Tempelhof,2019,3,17,3,3,5,3,2,0,1,0,0,0,0,1,7990700521,5821704455,1340313,5246343
192823,11,7,7070705,Franziusweg/Rohrbachstra·e,2019,3,18,4,3,5,2,1,1,1,0,0,0,0,0,79838865,5813699983,1338599,5239205
192824,11,1,1022206,LÅneburger Stra·e,2019,3,17,3,2,6,4,1,0,1,1,0,0,0,1,7962038335,5828205897,1336684,5252327
192825,11,8,8010404,Rixdorf,2019,3,16,3,2,6,7,0,0,1,1,0,0,0,0,8017130865,5823697488,1344372,5247984
192826,11,2,2020204,Urbanstra·e,2019,3,20,4,3,0,1,2,1,1,0,0,0,0,0,7984586781,5824735743,1339687,5249094
192827,11,9,9051701,Hirschgarten,2019,3,15,3,3,5,3,2,1,1,0,0,0,0,0,8133489456,5821562382,136125,5245416
192828,11,1,1011101,StÅlerstra·e,2019,3,15,3,3,3,6,0,0,1,0,1,0,0,1,7944795559,5826092151,1333963,5250526
192829,11,6,6020302,Komponistenviertel Lankwitz,2019,3,23,4,3,6,7,2,0,1,1,0,0,0,1,7946842267,5819217976,1333657,5244352
192830,11,4,4020310,Park Ruhwald,2019,3,10,3,3,6,3,0,0,1,1,0,0,0,1,79034757,5827464472,1328012,5251977
192831,11,10,10020413,Gut Hellersdorf,2019,3,12,3,2,0,3,0,0,1,0,1,0,0,1,8114618337,5830676287,1359334,5253691
192832,11,6,6040810,Dahlem,2019,3,12,3,2,5,2,0,0,1,0,0,1,0,0,7912265729,5820636548,1328708,5245809
192833,11,4,4030931,Breitscheidplatz,2019,3,16,3,3,2,6,0,0,1,0,0,0,1,0,794095212,5826439412,1333429,5250858
192834,11,11,11020515,Landsberger Allee,2019,3,6,3,3,6,4,1,0,0,1,1,0,0,0,8036004629,5830227555,1347738,5253732
192835,11,1,1011402,Arkonaplatz,2019,3,6,3,3,5,2,0,1,1,0,0,0,0,0,7987981988,5829172914,1340584,5253052
192836,11,2,2010102,Mehringplatz,2019,3,9,3,2,1,5,0,1,1,0,0,0,0,0,7980373036,5826555497,1339231,5250748
192837,11,12,12302212,Rollbergesiedlung,2019,3,6,3,3,0,3,0,0,1,0,1,0,0,1,7927911302,5837479513,1332487,5260825
192838,11,7,7030301,Friedenau,2019,3,19,3,3,0,2,2,0,1,0,0,0,1,0,7942419163,582203698,1333256,5246903
192839,11,1,1011203,Unter den Linden SÅd,2019,3,6,3,3,5,3,0,0,1,0,0,0,0,0,7977829293,5827352193,1338929,5251476
192840,11,1,1022103,Westhafen,2019,3,7,3,3,3,6,0,1,0,0,0,1,0,0,7956498481,5829746648,1336007,5253738
192841,11,3,3040513,Schînholz,2019,3,19,3,2,5,3,2,1,1,0,0,0,0,0,7974123571,5833971488,1338977,5257429
192842,11,3,3061332,Helmholtzplatz,2019,3,8,3,3,2,2,0,1,1,0,0,0,0,0,7999273735,5830736112,1342385,5254391