OBJECTID,LAND,BEZ,LOR,STRASSE,UJAHR,UMONAT,USTUNDE,UWOCHENTAG,UKATEGORIE,UART,UTYP1,ULICHTVERH,IstRad,IstPKW,IstFuss,IstKrad,IstGkfz,IstSonstige,USTRZUSTAND,LINREFX,LINREFY,XGCSWGS84,YGCSWGS84
192843,11,2,2020204,Urbanstra·e,2019,3,8,3,3,5,3,0,1,1,0,0,0,0,0,799102428,582520714,1340675,5249481
192844,11,6,6020409,Kînigsberger Stra·e,2019,3,17,3,3,0,2,0,1,1,0,0,0,0,1,7931229027,5817654353,1331229,5243034
192845,11,3,3050920,Wei·er See,2019,3,19,3,3,5,3,2,0,1,0,0,0,0,0,8021852157,5832421244,1345857,5255777
192846,11,1,1033202,Humboldthain SÅd,2019,3,9,3,3,6,4,0,0,1,1,0,0,0,0,7977448473,582971143,1339084,5253593
192847,11,1,1044203,Leopoldplatz,2019,3,5,5,3,0,6,2,0,1,0,1,0,0,1,7950852848,5831211714,1335308,5255082
192848,11,1,1011305,Heine-Viertel West,2019,3,9,3,3,5,2,0,1,1,0,0,0,0,0,7996486808,5827039581,1341642,5251093
192849,11,4,4020310,Park Ruhwald,2019,3,17,3,3,5,2,1,1,1,0,0,0,0,0,7903738651,5827299193,1328037,5251828
192850,11,6,6030610,Lichterfelde West,2019,3,10,3,3,5,3,0,0,1,0,0,0,0,0,7929335835,5817745462,1330959,5243126
192851,11,4,4030620,Alt-Lietzow,2019,3,11,3,3,5,3,0,0,1,0,0,0,0,0,7919920613,582750099,1330432,5251922
192852,11,5,5030730,Zitadellenweg,2019,3,16,3,3,5,3,0,1,1,0,0,0,0,0,7864530434,583110042,1322602,5255443
192853,11,4,4051653,Prager Platz,2019,3,11,3,3,5,2,0,1,1,0,0,0,0,0,7940402623,5824716526,1333197,5249316
192854,11,4,4030417,Schlo·stra·e,2019,3,18,3,3,5,3,2,1,1,0,0,0,0,1,7914932201,5827210917,1329674,5251689
192855,11,1,1011204,Leipziger Stra·e,2019,3,16,3,3,5,7,0,0,1,0,0,0,0,0,7985259738,5826770855,1339968,5250914
192856,11,2,2050802,Boxhagener Platz,2019,3,16,3,3,1,5,0,1,1,0,0,0,0,1,8023043386,5827104549,1345549,5251005
192857,11,11,11030618,Fennpfuhl West,2019,3,17,3,3,5,3,0,0,1,0,0,0,0,0,8029499153,5829190773,1346687,5252839
192858,11,2,2020202,Rathaus Yorckstra·e,2019,3,16,3,2,6,4,0,0,1,1,0,0,0,0,797867016,5825068566,1338848,5249424
192859,11,7,7040403,Manteuffelstra·e,2019,3,16,3,3,5,3,0,1,1,0,0,0,0,0,797389141,5821873231,1337861,5246586
192860,11,1,1011105,Nîrdlicher Landwehrkanal,2019,3,9,2,3,1,5,0,1,1,0,0,0,0,0,7967361946,5826827547,1337344,5251063
192861,11,1,1011401,Invalidenstra·e,2019,3,17,3,3,5,3,0,1,0,0,0,1,0,0,7978434225,5829077815,1339172,5253019
192862,11,2,2020206,Graefekiez,2019,3,18,2,3,2,2,2,0,1,0,0,0,0,1,7996851834,5824504007,1341467,5248819
192863,11,8,8010406,Treptower Stra·e Nord,2019,3,18,5,3,5,3,2,1,1,0,0,0,0,1,8023815512,5824040972,1345384,5248255
192864,11,4,4051446,Preu·enpark,2019,3,16,2,3,6,4,0,0,1,1,0,0,0,0,7928278656,5824351434,1331384,5249054
192865,11,4,4051653,Prager Platz,2019,3,16,2,3,2,6,1,0,1,0,0,0,0,1,7939936301,5824427361,1333103,5249059
192866,11,2,2020206,Graefekiez,2019,3,16,2,3,5,3,0,1,1,0,0,0,0,0,7996112848,5824523634,134136,524884
192867,11,6,6010102,Schlo·stra·e,2019,3,15,2,3,2,6,0,0,1,0,0,0,0,0,7936194948,5820552137,1332212,5245606
192868,11,1,1022101,Huttenkiez,2019,3,14,2,3,5,7,0,0,1,0,1,0,0,0,7932719817,5828544641,1332405,5252789
192869,11,5,5030730,Zitadellenweg,2019,3,14,3,3,2,6,0,0,1,0,0,0,0,0,786448556,5830945616,1322582,5255305
192870,11,10,10010310,Alt-Marzahn,2019,3,14,2,3,5,3,0,0,1,0,0,0,0,0,8078070029,5830769237,1353971,5253982
192871,11,6,6020410,Oberhofer Platz,2019,3,12,2,3,3,6,0,1,1,0,0,0,0,1,7942426885,5817028558,1332816,5242413
192872,11,3,3061332,Helmholtzplatz,2019,3,11,3,3,5,7,0,1,0,0,0,0,1,0,7997359922,5830870747,1342115,5254523
192873,11,7,7060604,Marienfelde SÅd,2019,3,13,2,3,5,2,0,0,1,0,0,0,1,1,7958086524,5816024528,1335024,5241429
192874,11,6,6020408,Lichterfelde SÅd,2019,3,13,2,3,1,5,0,0,1,0,1,0,0,1,792834508,5816448972,13307,5241969
192875,11,8,8010211,Flughafenstra·e,2019,3,10,3,3,5,3,0,1,0,0,0,0,1,1,8004401271,5823728065,1342506,5248082
192876,11,7,7040401,Neu-Tempelhof,2019,3,12,2,3,5,3,0,0,1,0,0,0,0,1,79710554,5823462511,1337586,5248026
192877,11,4,4030518,Tegeler Weg,2019,3,12,2,3,5,3,0,0,1,0,0,0,0,1,7914796966,5828283765,1329748,5252651
192878,11,1,1033102,Gesundbrunnen,2019,3,11,2,3,1,5,0,0,1,0,1,0,0,0,7975714507,5831290818,1338971,5255018
192879,11,4,4051653,Prager Platz,2019,3,10,3,3,6,4,0,1,0,1,0,0,0,0,794137395,582470594,1333338,5249301
192880,11,4,4020313,Kînigin-Elisabeth-Stra·e,2019,3,9,2,3,2,6,0,0,1,0,0,0,0,1,790214796,5826660659,1327747,5251264
192881,11,8,8010404,Rixdorf,2019,3,17,5,3,2,6,2,0,1,0,0,0,0,1,802603269,5823076336,1345622,5247378
192882,11,4,4030623,Ernst-Reuter-Platz,2019,3,6,2,3,3,6,0,0,1,0,0,0,0,1,7929998361,5826960768,1331866,5251384
192883,11,4,4030930,George-Grosz-Platz,2019,3,18,2,3,5,2,1,0,1,0,1,0,0,1,7929611267,5825687952,1331697,5250245
192884,11,4,4051448,Schaperstra·e,2019,3,9,3,3,5,2,0,0,1,0,1,0,0,0,7941721556,582531713,1333443,5249847
192885,11,1,1011204,Leipziger Stra·e,2019,3,19,2,3,5,3,2,1,1,0,0,0,0,1,7980206032,5826589865,133921,5250779
192886,11,9,9020701,Adlershof West,2019,3,19,2,3,5,3,2,1,1,0,0,0,0,1,8078747835,5818129657,1352903,524265
192887,11,2,2020202,Rathaus Yorckstra·e,2019,3,8,3,2,6,2,0,0,0,1,0,1,0,0,7979451393,5825258906,133898,5249591
192888,11,2,2020206,Graefekiez,2019,3,20,2,2,5,3,2,1,1,0,0,0,0,1,7995618065,5824891292,1341321,5249173
192889,11,1,1022202,Heidestra·e,2019,3,22,2,2,5,2,2,0,1,0,0,0,0,1,79566574,5829739276,133603,5253731
192890,11,9,9010101,Elsenstra·e,2019,3,8,3,3,5,3,0,1,1,0,0,0,0,1,8021213644,5825068427,1345095,524919
192891,11,1,1011301,CharitÇviertel,2019,3,23,2,2,6,4,2,0,1,1,0,0,0,0,796859435,5828863782,1337707,5252881
192892,11,1,1011201,Wilhelmstra·e,2019,3,8,3,3,5,3,0,1,1,0,0,0,0,1,7976468075,5826896191,1338688,5251074
192893,11,5,5010314,Carl-Schurz-Stra·e,2019,3,17,2,2,6,4,1,0,1,1,0,0,0,1,7846160214,5828841983,1319706,5253515
192894,11,9,9020702,Adlershof Ost,2019,3,8,2,3,5,3,0,0,1,0,0,0,0,0,8094686383,5819066285,1355326,52434
192895,11,2,2020203,Viktoriapark,2019,3,0,3,3,5,3,2,0,1,0,0,0,0,1,797809833,5824908594,133875,5249284
192896,11,11,11030721,RÅdigerstra·e,2019,3,17,2,2,0,1,0,1,0,0,0,0,0,1,8052097064,5828125408,134991,5251758
192897,11,5,5010314,Carl-Schurz-Stra·e,2019,3,6,3,3,0,6,0,0,0,0,1,0,1,1,7849693741,5829415118,1320275,525401
192898,11,10,10040933,Mahlsdorf SÅd,2019,3,4,2,3,0,6,2,0,1,0,0,0,1,1,8131490614,5826930516,1361461,5250237
192899,11,1,1044103,Westliche MÅllerstra·e,2019,3,13,2,3,0,1,0,0,0,0,1,0,0,1,7951863645,5831034125,133544,5254917
192900,11,6,6030502,Zehlendorf SÅd,2019,3,7,3,3,5,2,0,1,1,0,0,0,0,0,7902332817,5814957489,1326757,5240771
192901,11,12,12302110,Dannenwalder Weg,2019,3,18,1,3,5,2,1,1,1,0,0,0,0,0,7949907913,5836323183,1335623,5259669
192902,11,8,8020619,Buschkrugallee Nord,2019,3,13,1,3,5,2,0,0,1,0,0,0,0,1,801856445,5821906435,134442,5246371
192903,11,4,4030827,Karl-August-Platz,2019,3,7,3,3,3,6,0,0,1,0,1,0,0,0,7923447515,5826120703,133083,5250666
192904,11,9,9030901,Dorf Altglienicke,2019,3,0,1,2,1,5,2,0,1,0,0,0,0,0,808008877,5816742563,1352972,5241399
192905,11,4,4020310,Park Ruhwald,2019,3,22,1,3,4,1,2,0,1,0,0,0,1,1,7902231405,582815783,132789,5252606
192906,11,1,1033203,Humboldthain Nordwest,2019,3,16,3,3,2,6,0,0,1,0,0,0,0,0,7969573703,5831433892,133808,525518
192907,11,3,3061131,Falkplatz,2019,3,18,1,3,0,6,2,0,1,0,1,0,0,1,7991800805,5830843803,1341296,5254529
192908,11,3,3030715,Heinersdorf,2019,3,8,3,3,5,2,0,1,1,0,0,0,0,1,8001316555,5833862363,1342968,5257182
192909,11,1,1011304,Karl-Marx-Allee,2019,3,17,1,3,5,2,1,1,1,0,0,0,0,1,800051239,5828091307,1342328,5252014
192910,11,5,5020625,Borkumer Stra·e,2019,3,16,1,3,2,1,0,0,1,0,1,0,0,1,7837436279,5828681991,131841,5253417
192911,11,5,5020626,Adamstra·e,2019,3,16,3,3,6,4,0,0,1,1,0,0,0,0,7847017652,5827687064,1319733,5252475
192912,11,2,2010104,Wassertorplatz,2019,3,15,1,3,3,6,0,0,1,0,1,0,0,1,7998604213,5825697363,1341832,5249879
192913,11,4,4020208,Kranzallee,2019,3,15,1,3,5,3,0,0,1,0,0,0,0,1,7888050654,5825931392,1325612,5250685
192914,11,12,12214422,Klixstra·e,2019,3,10,1,3,5,3,0,0,1,0,0,0,0,1,7920913586,5832945375,1331057,5256798
192915,11,3,3040614,Pankow Zentrum,2019,3,8,3,3,1,5,0,1,1,0,0,0,0,1,7987377957,5833132832,1340851,5256605
192916,11,6,6030504,Teltower Damm,2019,3,4,1,2,6,4,2,0,0,1,0,0,1,1,7889606713,5816411527,1325017,5242142
192917,11,2,2020206,Graefekiez,2019,3,23,1,3,2,2,2,0,1,0,0,0,0,1,8001252433,5824422947,1342106,5248722
192918,11,6,6020411,SchÅtte-Lanz-Stra·e,2019,3,10,1,3,2,6,0,0,1,0,0,0,0,1,7933873496,5816216625,1331491,5241731
192919,11,3,3040614,Pankow Zentrum,2019,3,16,3,3,2,6,0,1,1,0,0,0,0,0,7993461554,5834261743,1341848,5257583
192920,11,1,1044202,Sparrplatz,2019,3,10,1,3,5,3,0,0,1,0,0,0,0,0,795409961,5830258652,13357,525421
192921,11,1,1044201,Reinickendorfer Stra·e,2019,3,23,1,3,9,1,2,0,1,0,0,0,0,1,7971079674,5831922887,1338346,525561
192922,11,7,7010102,Nollendorfplatz,2019,3,13,7,3,2,6,0,0,1,0,0,0,0,0,7949644202,5825398172,1334614,5249877
192923,11,7,7040404,Marienhîhe,2019,3,16,3,3,2,6,0,0,1,0,0,1,0,0,7963697041,5819726733,1336174,5244717
192924,11,1,1011303,Alexanderplatzviertel,2019,3,17,7,3,6,4,1,0,1,1,0,0,0,0,7989613042,5828525637,1340765,5252463
192925,11,3,3050920,Wei·er See,2019,3,16,3,3,3,6,0,0,1,0,0,0,1,0,8027633012,5832374953,1346703,5255703
192926,11,4,4030620,Alt-Lietzow,2019,3,18,7,3,5,2,2,1,1,0,0,0,0,0,7921741124,5827293184,1330682,5251726
192927,11,5,5020524,Weinmeisterhornweg,2019,3,14,7,3,5,3,0,0,1,0,0,0,0,0,7831397998,5826434053,1317331,5251432
192928,11,4,4030416,Klausenerplatz,2019,3,14,3,3,1,5,0,0,1,0,1,0,0,0,7908797646,5827050138,1328758,5251578
192929,11,11,11020513,Orankesee,2019,3,13,7,3,5,2,0,0,1,0,0,0,0,0,80288373,5831201591,1346773,5254645
192930,11,4,4030621,Spreestadt,2019,3,12,7,3,3,1,0,1,0,0,0,0,1,0,7932458398,5827801771,1332302,5252125
192931,11,3,3051017,Rennbahnstra·e,2019,3,18,7,3,5,3,2,0,1,0,0,0,0,0,8024944189,5832696476,1346337,5256007
192932,11,4,4010101,Jungfernheide,2019,3,14,3,2,5,2,0,0,1,0,1,0,0,0,791216058,582973096,1329487,5253963
192933,11,7,7020203,Kaiser-Wilhelm-Platz,2019,3,12,7,3,6,4,0,1,0,1,0,0,0,0,795726978,5824016603,1335612,5248598
192934,11,9,9020702,Adlershof Ost,2019,3,18,5,2,6,2,2,0,1,1,0,0,0,1,809668744,581905076,1355618,5243374
192935,11,2,2040502,Friedenstra·e,2019,3,12,7,3,5,7,0,0,1,0,0,0,0,0,8007783025,5828423489,1343426,5252272
192936,11,1,1022201,Stephankiez,2019,3,6,7,3,2,6,2,0,1,0,0,0,1,1,7952188942,5829333622,1335337,5253391
192937,11,1,1011201,Wilhelmstra·e,2019,3,19,7,3,2,2,2,0,1,0,0,0,0,0,7971809336,5827188066,1338029,5251361
192938,11,12,12103218,Teichstra·e,2019,3,14,3,3,5,3,0,0,1,0,0,0,0,0,7948314543,5833499647,1335138,5257147
192939,11,8,8041037,Alt-Rudow,2019,3,19,7,2,6,7,2,1,0,1,0,0,0,0,8057779561,5817112593,1349736,5241856
192940,11,1,1033202,Humboldthain SÅd,2019,3,18,5,3,5,2,1,1,1,0,0,0,0,1,7969639548,5830140609,1337974,525402
192941,11,5,5020523,Maulbeerallee,2019,3,18,7,2,1,1,2,0,1,0,0,0,0,0,7823308149,5827312483,1316216,5252262
192942,11,3,3071537,Kollwitzplatz,2019,3,1,7,3,5,5,2,0,1,0,0,0,0,0,7993429889,5829458284,134141,5253278
192943,11,4,4051446,Preu·enpark,2019,3,18,2,3,6,2,1,0,1,1,0,0,0,0,7929142762,5824363081,1331512,524906
192944,11,11,11051332,Karlshorst SÅd,2019,3,1,7,3,0,1,2,1,0,0,0,0,0,0,8069805867,5823416997,1352078,5247439
192945,11,2,2050802,Boxhagener Platz,2019,3,15,6,2,5,2,0,1,1,0,0,0,0,0,8021100106,5827355439,1345286,5251241
192946,11,3,3040818,Pankow SÅd,2019,3,14,2,3,2,6,0,0,1,0,0,0,0,1,7996632174,5833724552,1342266,5257085
192947,11,1,1011201,Wilhelmstra·e,2019,3,17,6,3,2,2,1,0,1,0,0,0,0,0,7969744818,5826706322,1337683,5250941
192948,11,8,8020622,Parchimer Allee,2019,3,17,6,3,6,4,0,1,0,1,0,0,0,0,8022380143,5819101448,1344726,5243835
192949,11,2,2010104,Wassertorplatz,2019,3,16,6,3,2,3,0,1,0,0,0,0,1,0,7995748006,5825635107,1341407,5249839
192950,11,2,2020204,Urbanstra·e,2019,3,19,2,3,6,2,2,0,1,1,0,0,0,1,798707835,5824709015,134005,5249056
192951,11,3,3040614,Pankow Zentrum,2019,3,13,6,3,6,3,0,0,1,1,0,0,0,0,7989719462,5835025925,1341366,5258289
192952,11,4,4020311,Reichsstra·e,2019,3,12,2,3,6,2,0,0,1,1,0,0,0,0,7897271188,5826409311,1327009,5251064
192953,11,4,4030931,Breitscheidplatz,2019,3,14,6,3,2,2,0,0,0,0,0,0,1,0,7939818524,5826162257,1333238,5250615
192954,11,5,5020626,Adamstra·e,2019,3,14,6,2,5,3,0,1,0,0,1,0,0,0,7845177478,5827998304,1319489,5252763
192955,11,6,6010207,Mittelstra·e,2019,3,12,2,3,5,7,0,0,1,0,1,0,0,1,7934786011,5820180581,1331973,524528
192956,11,4,4031032,Halensee,2019,3,12,6,3,5,3,0,0,1,0,0,0,0,0,7916420997,5824519555,1329657,5249268
192957,11,9,9020701,Adlershof West,2019,3,13,6,3,5,2,0,1,1,0,0,0,0,0,8083257457,5818864446,1353632,5243283
192958,11,6,6040809,Thielallee,2019,3,14,6,3,0,7,0,0,1,0,0,0,0,0,791693611,581935298,1329281,5244634
192959,11,1,1011303,Alexanderplatzviertel,2019,3,8,6,3,5,7,0,0,1,0,1,0,0,0,7988714315,5827929594,134058,5251934
192960,11,5,5030731,Gartenfelder Stra·e,2019,3,7,2,3,0,5,0,0,1,0,0,0,0,0,7869892124,5830133217,1323307,5254548
192961,11,10,10030727,Biesdorf SÅd,2019,3,8,6,2,0,6,0,0,1,0,0,0,1,0,8095461065,5827038484,135618,525054
192962,11,3,3020209,Niederschînhausen,2019,3,14,6,3,5,3,0,1,1,0,0,0,0,0,7979652071,5835015982,1339884,5258335
192963,11,9,9051701,Hirschgarten,2019,3,8,2,3,5,3,0,1,1,0,0,0,0,1,8135908992,5821668966,1361615,5245497
192964,11,1,1011402,Arkonaplatz,2019,3,1,6,3,3,6,2,0,1,0,0,0,0,0,79817589,5829815102,1339727,5253662
192965,11,8,8010213,Kîrnerpark,2019,3,19,6,3,5,3,2,0,1,0,0,0,0,0,8012309766,5822467843,1343553,5246908
192966,11,3,3061441,Eldenaer Stra·e,2019,3,18,6,2,4,2,2,0,1,0,1,0,0,0,8028815991,5828633541,1346536,5252343
192967,11,8,8010301,Reuterkiez,2019,3,10,2,3,2,6,0,0,0,0,0,0,1,0,8011326868,5824109906,1343557,5248386
192968,11,1,1022207,Hansaviertel,2019,3,18,6,3,2,6,2,0,1,0,0,0,0,0,7943800342,5827618864,1333952,52519
192969,11,4,4051446,Preu·enpark,2019,3,11,2,3,5,3,0,1,1,0,0,0,0,1,7927307974,5824454424,133125,5249151
192970,11,5,5010206,GÅtersloher Weg,2019,3,18,6,3,0,2,2,0,1,0,1,0,0,0,7824471142,5831049668,1316705,5255607
192971,11,10,10040830,Kaulsdorf SÅd,2019,2,13,5,3,3,6,0,1,0,0,0,0,1,0,8109262181,5826866863,1358191,5250308
192972,11,10,10030727,Biesdorf SÅd,2019,3,13,2,3,6,4,0,0,1,1,0,0,0,1,8097191147,5826252779,1356361,5249826
192973,11,8,8010301,Reuterkiez,2019,2,16,5,3,5,3,0,0,1,0,1,0,0,0,8006678905,582509672,1342964,5249296
192974,11,4,4020311,Reichsstra·e,2019,2,10,5,3,5,3,0,0,1,0,0,0,0,0,789992273,5826317665,132739,5250968
192975,11,8,8020620,Tempelhofer Weg,2019,3,15,2,3,5,3,0,0,1,0,0,0,0,1,8008661553,5820935969,1342879,5245555
192976,11,5,5030833,Motardstra·e,2019,2,12,5,3,5,2,0,0,1,0,1,0,0,0,789197438,5829295488,1326481,525368
192977,11,8,8040933,Vogelviertel SÅd,2019,2,8,5,3,5,2,0,0,1,0,1,0,0,0,8028230839,5818895289,1345566,5243618
192978,11,12,12304314,Ziekowstra·e/Freie Scholle,2019,3,15,2,3,2,6,0,0,1,0,0,0,0,0,7902034545,583586446,1328535,5259516
192979,11,7,7040401,Neu-Tempelhof,2019,2,8,5,3,5,7,0,0,1,0,1,0,0,0,7975898291,5823875455,1338334,524837
192980,11,12,12214424,Scharnweberstra·e,2019,2,15,5,3,5,3,0,0,1,0,0,0,0,0,7928238576,5832743854,1332117,5256578
192981,11,8,8040933,Vogelviertel SÅd,2019,2,15,5,2,5,2,0,0,1,0,0,0,0,0,8035735748,5818648137,1346644,5243355
192982,11,11,11030618,Fennpfuhl West,2019,3,16,2,3,2,6,0,0,1,0,0,0,0,1,8031956948,5829601537,1347086,5253194
192983,11,1,1022204,Thomasiusstra·e,2019,2,16,5,2,6,4,0,0,1,1,0,0,0,0,7952047096,5828254259,133522,5252425
192984,11,11,11030619,Fennpfuhl Ost,2019,3,19,2,3,6,4,2,0,1,1,0,0,0,1,8039579886,5829072214,1348158,5252677
192985,11,1,2040501,Barnimkiez,2019,2,16,5,2,3,6,1,1,0,0,0,0,0,0,8002525202,5828426328,1342654,5252303
192986,11,4,4030620,Alt-Lietzow,2019,2,16,5,3,5,2,0,1,1,0,0,0,0,0,7921454044,5827329869,1330643,5251761
192987,11,8,8030829,Gropiusstadt Nord,2019,3,21,2,2,6,4,2,0,1,1,0,0,0,1,8031262791,5818428076,1345968,5243183
192988,11,1,1011203,Unter den Linden SÅd,2019,2,17,5,3,6,7,1,0,1,1,0,0,0,0,7977968685,5827223848,1338938,525136
192989,11,12,12214527,Alt-Tegel,2019,2,11,5,3,6,7,0,0,1,1,0,0,0,0,7899904553,5835207498,1328164,5258938
192990,11,11,11030720,Herzbergstra·e,2019,2,11,5,2,5,2,0,0,1,0,1,0,0,0,805177535,582964098,1350002,5253118
192991,11,2,2020205,Chamissokiez,2019,3,22,2,3,2,6,2,1,0,0,0,1,0,1,7979554158,5824572391,1338933,5248975
192992,11,3,3040614,Pankow Zentrum,2019,2,11,5,2,6,4,0,0,1,1,0,0,0,0,7982389904,5833057411,1340111,5256565
192993,11,5,5010206,GÅtersloher Weg,2019,3,5,5,2,6,4,2,0,1,1,0,0,0,1,7823624141,5830484834,1316532,5255105
192994,11,8,8010117,Schillerpromenade,2019,3,8,2,3,3,6,0,0,0,0,0,0,1,1,8004718821,5823605295,1342541,524797
192995,11,2,2020206,Graefekiez,2019,3,19,5,3,5,2,2,0,1,0,1,0,0,1,7999669681,5824448336,1341876,5248753
192996,11,10,10010309,Springpfuhl,2019,3,12,2,3,0,1,0,0,0,0,1,0,0,1,8078507033,5829081968,1353879,5252467
192997,11,1,1011302,Oranienburger Stra·e,2019,3,10,1,3,5,2,0,1,1,0,0,0,0,0,7990603904,5829007106,1340954,5252889
192998,11,2,2050802,Boxhagener Platz,2019,3,15,5,3,5,3,0,1,1,0,0,0,0,1,8024789704,582704891,13458,5250946
192999,11,7,7010104,Dennewitzplatz,2019,3,20,1,2,0,1,2,0,0,0,1,0,0,0,796001183,5825140227,1336114,524959
193000,11,9,9041402,Siedlung KÑmmereiheide,2019,3,14,1,2,3,6,0,1,0,0,0,0,0,0,8124796566,582010584,1359838,524416
193001,11,1,1022104,Emdener Stra·e,2019,3,22,5,3,6,2,2,0,1,1,0,0,0,1,7945597557,5828452036,133429,5252637
193002,11,9,9051801,Rahnsdorf/Hessenwinkel,2019,3,14,1,3,5,3,0,1,1,0,0,0,0,0,8188853831,5820468318,1369266,5244115
193003,11,5,5010312,Kurstra·e,2019,3,16,5,3,1,5,0,1,1,0,0,0,0,1,7851834255,5829463044,1320594,5254042
193004,11,11,11020516,Wei·e Taube,2019,3,13,1,3,3,6,0,1,1,0,0,0,0,0,8060952598,5830640962,1351443,5253963
193005,11,8,8020625,Handwerker-Siedlung,2019,3,16,5,2,5,3,0,0,1,0,0,0,0,1,8014880742,5817852985,1343514,5242758
193006,11,7,7030301,Friedenau,2019,3,12,1,3,2,6,0,0,1,0,0,0,0,0,7943011414,5822143203,1333352,5246995
193007,11,1,1011301,CharitÇviertel,2019,3,11,1,3,6,4,0,0,1,1,0,0,0,0,7969984923,5828875872,1337912,5252884
193008,11,1,3071537,Kollwitzplatz,2019,3,11,1,3,2,7,0,1,1,0,0,0,0,0,7995024453,5828872739,1341592,5252745
193009,11,7,7040401,Neu-Tempelhof,2019,3,10,1,3,5,3,0,0,1,0,0,0,0,0,7970181071,5823302089,1337444,5247887
193010,11,6,6040810,Dahlem,2019,3,10,1,3,5,3,0,0,1,0,0,0,0,0,7904049748,5820902902,1327525,5246092
193011,11,8,8041036,Zittauer Stra·e,2019,3,14,6,3,5,3,0,0,1,0,0,0,0,0,8046213515,5816384309,1347974,5241268
193012,11,4,4030931,Breitscheidplatz,2019,3,0,1,3,5,2,2,1,1,0,0,0,0,0,7939154291,5825885462,1333116,5250371
193013,11,12,12103218,Teichstra·e,2019,3,13,1,1,6,4,0,0,0,1,1,0,0,0,7946214118,5832991569,1334783,5256703
193014,11,4,4030620,Alt-Lietzow,2019,3,8,5,3,5,2,0,1,1,0,0,0,0,1,7926921291,5827061108,1331423,525149
193015,11,10,10020622,Kaulsdorf Nord I,2019,3,9,7,3,6,2,0,0,1,1,0,0,0,0,8108771569,5828857907,1358304,5252095
193016,11,5,5010101,Hakenfelde Nord,2019,3,16,5,3,2,6,0,0,1,0,0,0,1,1,7815681217,5835391191,131578,5259545
193017,11,1,1044101,Rehberge,2019,3,13,7,3,2,6,0,0,1,0,0,0,0,0,7943153942,5830510949,1334113,5254496
193018,11,10,10020412,Alte Hellersdorfer Stra·e,2019,3,16,5,3,6,4,0,0,1,1,0,0,0,1,8113137933,5831717287,1359214,5254632
193019,11,2,2050803,Stralauer Kiez,2019,3,5,7,3,4,1,2,0,1,0,0,0,0,1,8031332794,5826334007,1346696,5250268
193020,11,6,6030610,Lichterfelde West,2019,3,9,7,3,2,6,0,0,1,0,0,0,0,0,7925253884,5817835801,1330369,5243229
193021,11,1,1022203,LÅbecker Stra·e,2019,3,0,5,3,5,3,2,0,1,0,0,0,0,1,7951475102,5828498712,1335158,5252647
193022,11,5,5030730,Zitadellenweg,2019,3,14,7,3,2,6,0,0,1,0,0,0,0,0,7869228194,5829322538,1323139,5253824
193023,11,8,8020622,Parchimer Allee,2019,3,16,5,3,3,6,0,0,1,0,0,0,0,1,8012841379,581966938,1343379,5244397
193024,11,5,5020629,Bîrnicker Stra·e,2019,3,14,7,3,6,7,0,0,1,1,0,0,0,0,7841743098,5825613128,1318781,5250643
193025,11,7,7010102,Nollendorfplatz,2019,3,16,5,3,6,4,0,0,1,1,0,0,0,1,7949497937,5825396285,1334592,5249876
193026,11,5,5010209,An der Kappe,2019,3,12,7,3,5,2,0,0,1,0,1,0,0,0,7819059733,5829570797,1315783,5254309
193027,11,8,8040933,Vogelviertel SÅd,2019,3,10,7,3,5,3,0,0,1,0,1,0,0,0,8032897408,5818541007,1346218,5243275
193028,11,5,5010314,Carl-Schurz-Stra·e,2019,3,17,5,3,5,2,0,0,1,0,0,0,0,1,7836009053,5829153288,131824,5253847
193029,11,5,5020524,Weinmeisterhornweg,2019,3,11,7,3,5,2,0,0,1,0,0,0,1,0,7828884102,5826890829,1317,5251855
193030,11,5,5020625,Borkumer Stra·e,2019,3,12,7,3,0,6,0,0,0,0,1,0,1,0,784616556,5828359544,1319666,5253082
193031,11,7,7040403,Manteuffelstra·e,2019,3,22,6,3,5,3,2,0,1,0,0,0,0,0,7978524643,5822041709,1338556,5246712
193032,11,11,11020514,Gro·e-Leege-Stra·e,2019,3,15,5,3,0,1,0,1,0,0,0,0,0,1,8045574365,5831025362,1349218,5254394
193033,11,2,2010103,Moritzplatz,2019,3,14,7,3,1,5,0,1,1,0,0,0,0,0,7993848473,582617577,1341176,5250334
193034,11,6,6020302,Komponistenviertel Lankwitz,2019,3,14,7,2,0,6,0,0,0,0,0,0,1,0,795055636,5819037914,1334186,5244171
193035,11,4,4051446,Preu·enpark,2019,3,12,5,3,2,6,0,0,1,0,0,0,0,0,7923569457,5825264208,1330772,5249897
193036,11,1,1011402,Arkonaplatz,2019,3,14,7,3,1,5,0,1,1,0,0,0,0,0,7985506965,5829201427,1340223,5253091
193037,11,2,2020206,Graefekiez,2019,3,18,5,3,0,5,1,0,1,0,1,0,0,1,79928283,5824682958,1340893,5249001
193038,11,5,5040934,Alt-Gatow,2019,3,14,7,3,5,3,0,1,1,0,0,0,0,0,7837897698,5824251092,13181,5249441
193039,11,5,5010101,Hakenfelde Nord,2019,3,12,5,2,9,1,0,0,1,0,0,0,0,1,7827197042,5834603061,1317409,5258779
193040,11,8,8020620,Tempelhofer Weg,2019,3,15,7,3,1,5,0,1,1,0,0,0,0,0,8012141233,5821546789,1343445,5246084