OBJECTID,LAND,BEZ,LOR,STRASSE,UJAHR,UMONAT,USTUNDE,UWOCHENTAG,UKATEGORIE,UART,UTYP1,ULICHTVERH,IstRad,IstPKW,IstFuss,IstKrad,IstGkfz,IstSonstige,USTRZUSTAND,LINREFX,LINREFY,XGCSWGS84,YGCSWGS84
193041,11,4,4031032,Halensee,2019,3,15,7,3,6,7,0,0,1,1,0,0,0,0,7914416298,5825070642,1329411,5249773
193042,11,1,1011103,LÅtzowstra·e,2019,3,18,5,3,5,3,0,1,1,0,0,0,0,0,7952859032,5826173714,1335155,5250555
193043,11,1,1011301,CharitÇviertel,2019,3,13,5,3,8,1,0,0,0,0,1,0,0,0,7970909346,5828040521,1337973,525213
193044,11,4,4030930,George-Grosz-Platz,2019,3,15,7,3,1,5,0,1,1,0,0,0,0,0,7930701472,5825592106,1331849,5250153
193045,11,1,1022206,LÅneburger Stra·e,2019,3,6,7,3,5,3,0,0,1,0,0,0,0,0,7954611193,5827768515,1335554,5251975
193046,11,6,6010209,Feuerbachstra·e,2019,3,17,5,3,0,6,0,0,1,0,1,0,0,1,7941799602,5820926976,1333067,5245911
193047,11,4,4030519,Kaiserin-Augusta-Allee,2019,3,9,7,3,2,6,0,0,1,0,0,0,0,0,7912489289,582896697,1329469,5253276
193048,11,4,4051655,Babelsberger Stra·e,2019,3,15,7,3,1,5,0,1,1,0,0,0,0,0,7944492884,5823603233,1333699,5248296
193049,11,9,9020502,Oberschîneweide Ost,2019,3,17,6,3,5,3,0,0,1,0,1,0,0,0,8093397628,582149107,1355362,524558
193050,11,4,4030827,Karl-August-Platz,2019,3,9,4,3,5,7,0,0,1,0,0,0,0,0,7927241132,5826039033,133138,5250572
193051,11,11,11030721,RÅdigerstra·e,2019,3,10,7,3,5,3,0,0,1,0,0,0,0,0,8046236403,5827978002,1349036,5251659
193052,11,1,1011303,Alexanderplatzviertel,2019,3,19,5,3,1,5,2,1,1,0,0,0,0,0,7987555721,5828242701,1340438,5252221
193053,11,12,12224230,Heiligensee,2019,3,19,7,3,0,3,2,0,1,0,1,0,0,0,7854915434,5837376698,1321728,5261121
193054,11,10,10040931,Mahlsdorf Nord,2019,3,10,4,3,5,3,0,1,1,0,0,0,0,0,8147543077,5829905675,1364099,5252811
193055,11,3,3020210,Herthaplatz,2019,3,10,7,3,5,2,0,0,1,0,1,0,0,0,800094112,5835991995,1343105,5259093
193056,11,1,1011203,Unter den Linden SÅd,2019,3,7,4,3,5,2,0,1,1,0,0,0,0,0,7975495433,5827085636,1338562,525125
193057,11,2,2040703,Wriezener Bahnhof/Entwicklungsgebiet,2019,3,2,7,3,2,4,2,0,1,1,0,0,0,0,8017636067,5826246909,1344677,5250266
193058,11,2,2030302,Lausitzer Platz,2019,3,9,7,2,8,1,0,0,1,0,0,0,0,0,8016278386,5826030546,1344458,525008
193059,11,2,2030302,Lausitzer Platz,2019,3,6,4,3,2,2,0,1,1,0,0,0,0,0,8014396575,58260572,1344184,5250114
193060,11,2,2030301,Oranienplatz,2019,3,2,7,2,0,1,2,1,0,0,0,0,0,0,8000474633,5825751906,1342112,5249917
193061,11,5,5030730,Zitadellenweg,2019,3,17,6,3,6,2,0,0,0,1,0,0,1,0,7867472058,5829294453,1322879,5253809
193062,11,10,10040932,Alt-Mahlsdorf,2019,3,14,6,2,0,1,0,0,0,0,1,0,0,0,8130324675,5827883611,1361379,5251098
193063,11,8,8010301,Reuterkiez,2019,3,23,6,3,5,3,2,1,1,0,0,0,0,0,8015529109,5824351517,1344196,5248579
193064,11,1,1011202,Unter den Linden Nord,2019,3,22,4,2,5,3,2,0,1,0,0,0,1,1,797865717,5827613017,1339074,5251705
193065,11,6,6030610,Lichterfelde West,2019,3,8,6,3,0,2,0,0,0,0,0,0,1,0,7929484029,5817754421,1330982,5243133
193066,11,2,2020204,Urbanstra·e,2019,3,17,6,2,5,7,0,1,1,0,0,0,0,0,7980255823,5825342518,1339105,5249661
193067,11,12,12231101,Hermsdorf,2019,3,0,6,3,0,7,2,0,1,0,1,0,0,1,7905383571,5837154185,1329141,5260654
193068,11,9,9030901,Dorf Altglienicke,2019,3,16,6,3,5,3,0,1,1,0,0,0,0,0,807991637,5816687863,1352942,5241351
193069,11,10,10040830,Kaulsdorf SÅd,2019,3,16,4,3,2,2,0,0,1,0,0,0,1,0,8108594388,5826903751,1358096,5250344
193070,11,9,9051901,Dammvorstadt,2019,3,9,6,2,6,4,0,0,1,1,0,0,0,0,8109078648,5821515285,1357665,5245513
193071,11,9,9030901,Dorf Altglienicke,2019,3,11,6,3,5,3,0,1,1,0,0,0,0,0,8075655992,5815410053,13522,524023
193072,11,1,1011203,Unter den Linden SÅd,2019,3,8,6,3,1,5,0,1,1,0,0,0,1,0,7978101696,5827137744,133895,5251282
193073,11,6,6040810,Dahlem,2019,3,15,4,3,2,2,0,1,1,0,0,0,0,0,7901513647,5819783666,1327056,5245102
193074,11,1,1044201,Reinickendorfer Stra·e,2019,3,8,6,3,0,2,0,0,1,0,0,0,1,0,7965398546,5831962343,1337514,5255676
193075,11,7,7040405,Rathaus Tempelhof,2019,3,14,4,3,5,3,0,0,1,0,0,0,0,0,7991568234,5821308714,1340405,5245983
193076,11,4,4031032,Halensee,2019,3,7,6,3,3,6,0,1,1,0,0,0,0,0,7913172076,582495168,1329218,5249673
193077,11,2,2050801,Traveplatz,2019,3,7,6,3,0,7,0,0,1,0,1,0,0,0,8031477296,5827439316,1346818,5251258
193078,11,9,9010301,Baumschulenstra·e,2019,3,13,4,3,5,2,0,0,1,0,0,1,0,0,8043967358,5821745863,1348133,5246086
193079,11,6,6010205,SÅdende,2019,3,14,6,2,3,6,0,0,1,0,1,0,0,0,795786126,5819907344,1335334,5244911
193080,11,2,2010102,Mehringplatz,2019,3,15,6,2,1,5,0,0,1,0,0,0,1,0,7984309446,5826498983,1339804,5250676
193081,11,6,6010207,Mittelstra·e,2019,3,16,5,3,0,6,0,0,1,0,0,0,1,0,7939816447,5820427284,1332732,5245474
193082,11,1,1022106,Elberfelder Stra·e,2019,3,18,6,2,5,2,1,0,0,0,1,0,1,0,7941598639,5828284226,1333687,5252508
193083,11,4,4030518,Tegeler Weg,2019,3,17,4,3,5,2,0,0,1,0,0,0,0,0,7913862485,582859034,1329638,5252931
193084,11,9,9052001,Kîpenick Nord,2019,3,14,6,3,2,6,0,0,1,0,0,0,0,0,8098174574,5821919777,1356103,5245937
193085,11,5,5030833,Motardstra·e,2019,3,11,4,3,5,3,0,1,1,0,0,0,0,0,7889121202,5829321946,1326064,5253719
193086,11,5,5010101,Hakenfelde Nord,2019,3,19,6,3,5,3,2,1,1,0,0,0,0,0,7853552009,5833384233,1321184,5257548
193087,11,8,8010301,Reuterkiez,2019,3,12,6,3,5,3,0,0,1,0,0,0,0,0,8008742131,5824919304,1343251,5249125
193088,11,12,12103116,Hausotterplatz,2019,3,19,6,2,5,3,2,0,1,0,0,0,0,0,7962873136,5833234867,1337256,525683
193089,11,1,1011103,LÅtzowstra·e,2019,3,21,4,3,5,3,2,1,1,0,0,0,0,1,7953349885,5826147263,1335225,5250529
193090,11,1,1022206,LÅneburger Stra·e,2019,3,8,5,3,5,2,0,1,1,0,0,0,0,0,7954495697,5827682869,133553,5251899
193091,11,8,8010404,Rixdorf,2019,3,22,4,3,5,3,2,0,1,0,0,0,0,1,8020026296,5823299732,1344761,5247611
193092,11,12,12214424,Scharnweberstra·e,2019,3,23,5,3,5,2,2,0,1,0,0,0,0,0,792900675,5832166526,1332179,5256056
193093,11,1,1011103,LÅtzowstra·e,2019,3,21,5,3,2,6,2,0,1,0,0,0,0,0,7952058633,5825889551,1335012,5250305
193094,11,2,2010104,Wassertorplatz,2019,3,23,4,3,2,2,2,0,1,0,0,0,0,1,7998603321,5825690245,1341831,5249872
193095,11,9,9051702,Bîlschestra·e,2019,3,20,5,3,6,4,2,0,1,1,0,0,0,0,8142095263,5821910835,1362545,5245678
193096,11,1,1022203,LÅbecker Stra·e,2019,3,19,5,3,0,7,2,1,0,0,0,0,1,0,7946157497,5828439607,1334371,5252623
193097,11,6,6020302,Komponistenviertel Lankwitz,2019,3,11,6,3,1,5,0,1,1,0,0,0,0,0,795326828,5819328259,1334609,5244416
193098,11,5,5040938,Kafkastra·e,2019,3,10,4,3,5,3,0,0,1,0,0,0,1,0,7811042648,5819158907,1313725,5245014
193099,11,12,12231101,Hermsdorf,2019,3,19,5,3,5,3,2,1,1,0,0,0,0,0,7925643013,5839437383,1332327,5262592
193100,11,4,4030620,Alt-Lietzow,2019,3,16,5,3,0,3,0,1,1,0,0,0,0,0,7918648235,5827458923,1330242,5251891
193101,11,3,3061332,Helmholtzplatz,2019,3,7,5,3,1,5,0,1,1,0,0,0,0,1,79923441,5831106031,1341399,5254761
193102,11,12,12214422,Klixstra·e,2019,3,16,5,3,6,4,0,0,1,1,0,0,0,0,7922262061,5833342338,1331291,5257146
193103,11,6,6040806,Fischtal,2019,3,9,4,3,5,2,0,0,1,0,1,0,0,0,788836872,5819602632,1325111,5245009
193104,11,5,5020629,Bîrnicker Stra·e,2019,3,16,5,2,2,6,0,0,1,0,0,0,0,0,7860232587,5826043251,1321535,5250932
193105,11,6,6020303,Lankwitz Kirche,2019,3,9,4,3,5,2,0,0,1,0,1,0,0,0,7956722911,5818238429,1335019,5243421
193106,11,4,4051448,Schaperstra·e,2019,3,15,5,3,2,6,0,0,1,0,0,0,0,0,7938430561,5824905764,1332924,5249496
193107,11,1,1044201,Reinickendorfer Stra·e,2019,3,15,5,3,2,2,0,1,1,0,0,0,0,0,796462016,5831926719,1337396,5255648
193108,11,1,1011302,Oranienburger Stra·e,2019,3,21,4,3,2,6,2,0,1,0,1,0,0,1,7977099934,5828784538,133895,5252764
193109,11,3,3061126,Arnimplatz,2019,3,15,5,3,6,4,0,0,1,1,0,0,0,0,7988280772,5831718691,1340857,5255333
193110,11,5,5020625,Borkumer Stra·e,2019,3,15,5,3,5,3,0,0,1,0,0,0,0,0,784730906,5828597857,1319854,525329
193111,11,2,2050802,Boxhagener Platz,2019,3,17,6,3,0,3,0,1,1,0,0,0,0,0,8021118073,5827355078,1345289,525124
193112,11,3,3040512,Wilhelmsruh,2019,3,8,4,3,0,1,0,1,0,0,0,0,0,0,79684983,5835817989,1338315,5259115
193113,11,4,4030931,Breitscheidplatz,2019,3,15,5,3,3,6,0,1,0,0,0,0,1,0,7943651131,5826076566,1333794,5250518
193114,11,12,12214527,Alt-Tegel,2019,3,13,5,2,5,3,0,0,1,0,0,1,0,0,7899857716,5834781572,132812,5258556
193115,11,4,4051654,Wilhelmsaue,2019,3,12,5,3,5,3,0,1,1,0,0,0,0,1,793800579,5823985206,133278,5248673
193116,11,4,4051448,Schaperstra·e,2019,3,13,5,3,2,7,0,1,1,0,0,0,0,0,7935107364,5825408356,133248,5249965
193117,11,7,7050503,Eisenacher Stra·e,2019,3,12,6,3,2,6,0,0,1,0,0,0,0,0,7989439801,5819534615,1339934,5244405
193118,11,6,6010209,Feuerbachstra·e,2019,3,21,4,3,6,2,2,0,1,1,0,0,0,1,7947524149,5821232981,1333935,5246155
193119,11,7,7060604,Marienfelde SÅd,2019,3,13,5,3,2,6,0,0,1,0,1,0,0,0,7960741811,5815946284,1335406,5241344
193120,11,3,3040614,Pankow Zentrum,2019,3,11,5,3,5,3,0,0,1,0,0,0,0,0,7987419117,5834923985,1341019,525821
193121,11,8,8010301,Reuterkiez,2019,3,9,5,3,6,4,0,0,0,1,1,0,0,0,8009847939,5824783452,1343401,5248998
193122,11,5,5030731,Gartenfelder Stra·e,2019,3,14,5,3,0,1,0,0,1,0,0,0,1,0,78737813,5829830497,1323853,5254256
193123,11,5,5030731,Gartenfelder Stra·e,2019,3,8,4,3,5,2,0,0,1,0,0,0,0,0,7880325992,5829370155,1324775,5253809
193124,11,9,9010401,Johannisthal West,2019,3,14,5,3,0,3,0,0,1,0,1,0,0,0,805816133,5819649282,1350024,5244128
193125,11,9,9051901,Dammvorstadt,2019,3,18,4,3,3,6,2,0,1,0,1,0,0,0,8096471694,5821484074,1355812,5245556
193126,11,5,5020521,Dîberitzer Weg,2019,3,14,5,3,5,3,0,1,0,0,0,0,1,0,7803117375,5827868741,1313295,5252865
193127,11,4,4030415,Schlo·garten,2019,3,13,5,3,1,5,0,1,0,0,0,0,1,0,7908715992,5827395189,1328777,5251887
193128,11,9,9031101,GrÅnau,2019,3,17,4,3,0,5,0,1,1,0,0,0,0,0,8110073658,5817935386,1357477,5242299
193129,11,4,4030724,Lietzensee,2019,3,13,5,2,2,6,0,1,0,0,0,1,0,0,7907003246,5825995321,1328403,5250641
193130,11,6,6030608,Schweizer Viertel,2019,3,9,5,3,5,3,0,0,1,0,0,0,0,0,791192479,5816013718,1328255,5241667
193131,11,4,4010101,Jungfernheide,2019,3,17,6,3,5,3,0,0,1,0,0,0,0,0,7901795454,5829491523,1327942,5253804
193132,11,11,11051229,Rummelsburg,2019,3,6,4,3,2,6,0,1,1,0,0,0,0,0,8046666981,5825590576,1348881,5249517
193133,11,1,1011204,Leipziger Stra·e,2019,3,8,5,3,5,3,0,1,1,0,0,0,0,0,798685129,582709338,1340231,5251194
193134,11,7,7010102,Nollendorfplatz,2019,3,14,5,3,5,3,0,0,1,0,1,0,0,0,795419204,582575449,1335314,5250172
193135,11,2,2010103,Moritzplatz,2019,3,8,5,3,2,6,0,0,1,0,0,0,0,0,7989936005,582632937,1340616,5250493
193136,11,1,1011105,Nîrdlicher Landwehrkanal,2019,3,17,4,3,5,2,0,1,1,0,0,0,0,0,796569367,5826870404,1337103,525111
193137,11,7,7050503,Eisenacher Stra·e,2019,3,7,5,3,5,3,0,1,1,0,0,0,0,0,7983416706,5820498241,1339136,5245301
193138,11,4,4051551,Brabanter Platz,2019,3,17,4,3,2,6,0,0,1,0,0,0,0,0,792804928,5823237491,1331252,5248057
193139,11,10,10040933,Mahlsdorf SÅd,2019,3,7,5,2,5,3,0,0,1,0,1,0,0,0,811982494,5826843854,1359739,5250227
193140,11,3,3061126,Arnimplatz,2019,3,7,5,3,5,2,0,1,1,0,0,0,0,0,7992088302,583177433,1341422,5255361
193141,11,8,8010116,Wissmannstra·e,2019,3,5,4,3,6,2,0,0,1,1,0,0,0,0,8001649277,5823775588,1342106,5248139
193142,11,3,3020307,Buchholz,2019,3,6,5,3,5,3,1,0,1,0,0,0,0,0,7995012353,5837472646,1342367,5260453
193143,11,1,1011203,Unter den Linden SÅd,2019,3,4,4,3,6,2,2,0,1,1,0,0,0,0,7978285425,5827059634,133897,5251211
193144,11,1,1022104,Emdener Stra·e,2019,3,6,5,3,0,1,0,1,0,0,0,0,0,0,7945717245,5828744055,1334334,5252898
193145,11,9,9031001,Bohnsdorf,2019,3,14,4,2,0,3,0,1,0,0,0,0,1,0,8110572588,5815827283,1357355,5240407
193146,11,12,12214422,Klixstra·e,2019,3,16,4,3,0,6,0,0,1,0,1,0,0,1,792114307,5832942979,1331091,5256794
193147,11,1,1011201,Wilhelmstra·e,2019,3,21,4,3,0,6,2,0,1,0,1,0,0,0,7972185488,5827069214,1338074,5251253
193148,11,1,1033203,Humboldthain Nordwest,2019,3,8,4,3,1,5,0,1,0,0,0,0,1,0,7966221417,5830363486,1337492,5254238
193149,11,6,6020302,Komponistenviertel Lankwitz,2019,3,14,6,3,2,6,0,0,1,0,0,0,0,0,7942886621,5819314413,1333085,524446
193150,11,12,12214125,Waldidyll/Flughafensee,2019,3,21,4,3,5,3,2,0,1,0,0,0,0,0,7896697034,5833670082,1327558,5257577
193151,11,2,2050601,Hausburgviertel,2019,3,10,3,3,6,4,0,1,0,1,0,0,0,0,8019094191,5828907083,1345132,5252643
193152,11,8,8010117,Schillerpromenade,2019,3,18,4,3,2,6,1,0,1,0,0,0,0,0,8006480247,5823047451,134275,524746
193153,11,2,2050802,Boxhagener Platz,2019,3,12,3,3,5,2,0,1,0,0,0,0,1,1,802065394,582716095,1345203,5251069
193154,11,9,9041601,MÅggelheim,2019,3,18,4,3,5,3,1,1,1,0,0,0,0,0,8167803239,5817295627,1365878,5241395
193155,11,3,3061126,Arnimplatz,2019,3,18,4,3,5,3,1,1,1,0,0,0,0,0,7992459774,5831804282,1341479,5255386
193156,11,5,5020625,Borkumer Stra·e,2019,3,7,3,3,5,2,0,1,1,0,0,0,0,0,7845616761,5828220439,1319573,525296
193157,11,10,10040933,Mahlsdorf SÅd,2019,3,17,4,3,2,1,1,0,1,0,0,0,0,0,8127046337,5825483593,1360672,5248966
193158,11,1,1044102,Schillerpark,2019,3,17,4,3,5,2,0,1,1,0,0,0,0,0,7945953551,5831872834,1334646,5255701
193159,11,4,4020311,Reichsstra·e,2019,3,8,3,3,2,6,0,0,1,0,0,0,0,0,7901582239,5826636388,1327662,5251245
193160,11,11,11030721,RÅdigerstra·e,2019,3,16,4,3,2,2,0,0,1,0,0,0,0,0,8039170038,5827989485,1347999,5251709
193161,11,11,11010205,Falkenberg West,2019,3,16,4,3,2,2,2,0,1,0,0,0,0,0,8068693619,5832664563,1352768,5255733
193162,11,8,8020727,Buckow Mitte,2019,3,16,5,2,2,6,0,0,1,0,0,0,0,1,8014900561,5817329643,134347,5242289
193163,11,2,2040703,Wriezener Bahnhof/Entwicklungsgebiet,2019,3,16,4,3,3,6,0,1,0,0,0,1,0,0,8017137421,5826170011,1344597,52502
193164,11,1,1011303,Alexanderplatzviertel,2019,3,9,4,3,5,2,0,1,1,0,0,0,0,0,7986518553,5828140245,1340276,5252135
193165,11,12,12214424,Scharnweberstra·e,2019,3,20,3,2,0,7,2,0,0,0,1,0,0,1,7933709363,5832511043,1332901,5256339
193166,11,12,12103115,Breitkopfbecken,2019,3,22,4,2,5,2,2,0,1,0,0,0,0,0,7955017733,5833431344,1336118,5257049
193167,11,1,1033202,Humboldthain SÅd,2019,3,18,4,3,9,1,2,0,0,0,0,0,1,0,7969824088,583015508,1338003,5254032
193168,11,1,1011402,Arkonaplatz,2019,3,10,5,3,0,7,0,1,0,0,0,0,0,1,7986944,5830098308,1340515,5253887
193169,11,6,6020302,Komponistenviertel Lankwitz,2019,3,16,4,3,2,6,0,0,1,0,0,0,0,0,7943722551,5819070692,1333186,5244237
193170,11,10,10010207,Marzahner Promenade,2019,3,19,3,3,5,3,2,1,1,0,0,0,0,0,8087587083,5831399875,1355428,5254493
193171,11,1,1044101,Rehberge,2019,3,16,4,3,5,3,0,0,1,0,0,0,0,0,7937755002,5831867548,1333439,5255741
193172,11,2,2010102,Mehringplatz,2019,3,18,3,3,1,5,1,1,0,0,0,0,1,0,7985071582,5826513011,1339917,5250684
193173,11,2,2030302,Lausitzer Platz,2019,3,15,4,3,1,5,0,1,1,0,0,0,0,0,8013003939,5826160041,1343989,5250214
193174,11,12,12224230,Heiligensee,2019,3,15,4,3,0,7,0,0,1,0,0,0,0,0,7869929715,5838296368,1324019,5261866
193175,11,3,3061227,Humannplatz,2019,3,15,4,2,5,3,0,0,1,0,1,0,1,0,8001113335,5831695241,1342742,5255241
193176,11,1,1022102,Beusselkiez,2019,3,16,3,3,5,2,0,0,1,0,0,0,0,0,7935548319,5828921377,1332854,5253112
193177,11,2,2050601,Hausburgviertel,2019,3,12,4,3,3,6,0,1,0,0,0,0,0,0,8019196916,5829035002,1345159,5252757
193178,11,12,12214424,Scharnweberstra·e,2019,3,12,4,3,6,4,0,1,0,1,0,0,0,0,7932386885,5832498917,1332706,5256336
193179,11,1,1011203,Unter den Linden SÅd,2019,3,9,6,3,0,5,0,0,1,0,0,0,0,0,7980305709,5827091658,1339269,5251229
193180,11,5,5030832,Rohrdamm,2019,3,15,3,3,2,6,0,0,1,0,0,0,0,1,7895594733,5829282656,1327013,5253649
193181,11,12,12214422,Klixstra·e,2019,3,11,4,3,2,6,0,0,1,0,0,0,0,0,7920600283,5832941959,1331011,5256796
193182,11,12,12231102,Frohnau,2019,3,6,4,3,5,3,0,1,1,0,0,0,0,0,7901035147,5839983093,1328749,5263213
193183,11,8,8020727,Buckow Mitte,2019,3,8,5,3,5,3,0,0,1,0,0,0,0,1,8015180238,5817348931,1343512,5242304
193184,11,11,11010207,Wartenberg Nord,2019,3,6,4,3,6,4,0,0,0,1,0,0,1,0,8053389265,5834597975,1350695,5257552
193185,11,10,10020416,Bîhlener Stra·e,2019,3,15,3,3,6,4,0,0,0,1,0,0,1,1,8131945509,5831267146,1361936,5254121
193186,11,4,4051551,Brabanter Platz,2019,3,6,4,3,6,2,0,0,0,1,0,0,1,0,7933548764,5823070891,1332045,5247878
193187,11,8,8010301,Reuterkiez,2019,3,18,3,3,0,6,0,0,1,0,0,0,1,0,8006169104,5824414871,1342827,5248687
193188,11,3,3030405,Karow Nord,2019,3,7,4,3,5,3,0,1,1,0,0,0,0,0,8041860689,5838961078,13494,5261527
193189,11,10,10020413,Gut Hellersdorf,2019,3,7,4,3,5,3,0,0,1,0,0,0,1,0,8113199516,5831189873,1359173,5254159
193190,11,10,10010309,Springpfuhl,2019,3,17,3,2,5,3,0,0,1,0,0,0,0,1,807840074,5829077276,1353863,5252463
193191,11,10,10010309,Springpfuhl,2019,3,7,4,3,0,7,0,0,1,0,0,0,1,0,8085791165,5830116792,1355045,5253353
193192,11,7,7040403,Manteuffelstra·e,2019,3,19,3,3,2,2,2,0,1,0,0,0,1,0,7972582891,5820960583,1337588,5245775
193193,11,3,3061227,Humannplatz,2019,3,8,4,3,2,7,0,0,1,0,0,0,0,0,7999724039,583108745,1342483,5254704
193194,11,1,1011201,Wilhelmstra·e,2019,3,8,4,2,5,2,0,1,0,0,0,1,0,0,7974729448,5826794385,1338423,5250993
193195,11,4,4010103,Paul-Hertz-Siedlung,2019,3,10,4,3,3,6,0,0,1,0,0,1,0,0,7911450297,5829114831,1329329,5253414
193196,11,12,12301204,Wittenau Nord,2019,3,15,3,3,5,3,0,1,1,0,0,0,0,0,791666943,5835558051,1330663,5259163
193197,11,4,4030726,Droysenstra·e,2019,3,11,4,2,5,3,0,1,1,0,0,0,0,0,7922845515,5825376637,1330676,5250002
193198,11,8,8041036,Zittauer Stra·e,2019,3,7,4,3,5,3,0,1,1,0,0,0,0,0,8043933872,5815998004,1347605,5240934
193199,11,1,1033203,Humboldthain Nordwest,2019,3,23,6,3,0,1,2,1,0,0,0,0,0,0,796753567,5830731242,1337718,5254561
193200,11,1,1011202,Unter den Linden Nord,2019,3,15,3,3,0,4,0,1,0,1,0,0,0,1,7976739225,5827911272,1338819,5251983
193201,11,4,4030620,Alt-Lietzow,2019,3,11,4,2,0,7,0,1,0,0,0,0,0,0,7919729208,5827382286,1330394,5251817
193202,11,1,1033203,Humboldthain Nordwest,2019,3,19,4,1,6,4,1,0,1,1,0,0,1,0,7965697024,5829846653,1337369,5253778
193203,11,9,9020701,Adlershof West,2019,3,11,5,3,5,2,0,1,0,0,0,1,0,0,8084700813,5819062358,1353862,5243453
193204,11,4,4030726,Droysenstra·e,2019,3,13,3,3,1,5,0,1,1,0,0,0,1,0,79206601,5825835733,1330395,5250425
193205,11,5,5020626,Adamstra·e,2019,3,15,3,3,6,4,0,0,1,1,0,0,0,1,7847433609,582744628,1319774,5252257
193206,11,6,6010209,Feuerbachstra·e,2019,3,9,3,3,5,3,0,0,1,0,1,0,0,0,7944585651,5821330194,1333512,5246258
193207,11,6,6020303,Lankwitz Kirche,2019,3,15,3,2,1,5,0,0,1,0,1,0,0,1,7952718455,5818360548,1334443,5243552
193208,11,8,8010510,Gewerbegebiet Kîllnische Heide,2019,3,8,3,2,5,3,0,0,1,0,0,0,0,0,8036510589,582188203,1347051,5246249
193209,11,3,3030711,Blankenburg,2019,3,7,3,3,5,2,0,1,1,0,0,0,0,0,801915263,5836369608,134582,5259331
193210,11,8,8010509,Schulenburgpark,2019,3,15,3,3,5,3,0,1,1,0,0,0,0,1,8040534221,5821923049,1347646,5246264
193211,11,6,6040701,Wannsee,2019,3,18,3,2,1,5,1,1,1,0,0,0,0,0,7845080861,5816918154,131853,5242829
193212,11,1,1011301,CharitÇviertel,2019,3,19,3,3,3,6,2,0,1,0,0,0,0,0,7967691493,5828812499,1337569,525284
193213,11,3,3061228,Erich-Weinert-Stra·e,2019,3,16,6,3,2,6,0,0,1,0,1,0,0,0,8003375384,583157058,1343063,5255117
193214,11,8,8010117,Schillerpromenade,2019,3,15,3,3,6,4,0,0,1,1,0,0,0,1,8005118271,5823453694,1342586,5247832
193215,11,8,8020622,Parchimer Allee,2019,3,15,3,3,6,4,0,0,1,1,0,0,0,1,8014347689,5820279604,1343655,5244936
193216,11,5,5010103,Amorbacher Weg,2019,3,19,3,3,5,3,2,0,1,0,0,0,0,0,7845849932,5831089472,1319853,5255531
193217,11,11,11020513,Orankesee,2019,3,23,3,3,5,2,2,0,1,0,0,0,1,0,8028969356,5831227324,1346795,5254667
193218,11,7,7010102,Nollendorfplatz,2019,3,16,6,3,0,2,0,0,1,0,1,0,0,0,7952065449,5825600281,1334988,5250045
193219,11,1,1011102,Gro·er Tiergarten,2019,3,15,3,3,5,3,0,0,1,0,0,0,0,1,795188661,5827210532,1335104,525149
193220,11,7,7050503,Eisenacher Stra·e,2019,3,17,3,2,0,1,0,1,0,0,0,0,0,0,7986986943,5819666822,1339586,5244537
193221,11,8,8010301,Reuterkiez,2019,3,20,5,3,1,5,2,1,1,0,0,0,0,1,8007135673,5824367012,1342965,5248639
193222,11,1,1044102,Schillerpark,2019,3,11,3,3,1,5,0,0,1,0,0,1,0,0,7947794101,5831849454,1334914,525567
193223,11,2,2040502,Friedenstra·e,2019,3,15,3,3,2,6,0,0,1,0,0,0,0,1,8004638662,5828447579,1342967,5252311
193224,11,4,4030929,Hindemithplatz,2019,3,11,3,2,0,5,0,0,1,0,1,0,0,0,7927206639,5825934638,1331365,5250479
193225,11,12,12302109,Treuenbrietzener Stra·e,2019,3,15,3,3,5,3,0,0,1,0,0,0,0,1,7957336904,5837042609,1336781,5260274
193226,11,7,7050503,Eisenacher Stra·e,2019,3,11,3,2,3,6,0,0,0,0,1,0,1,0,7992044594,5820009838,1340358,5244817
193227,11,2,2020204,Urbanstra·e,2019,3,9,3,3,0,2,0,1,0,0,0,0,1,0,7982947225,5824811482,1339453,524917
193228,11,1,1011302,Oranienburger Stra·e,2019,3,15,3,3,3,6,0,1,0,0,0,0,1,1,7989732369,5828493056,134078,5252433
193229,11,1,1044101,Rehberge,2019,3,9,3,3,6,4,0,0,1,1,0,0,0,0,7938893927,5830065901,1333447,525412
193230,11,5,5020627,Tiefwerder,2019,3,7,3,3,6,2,0,0,0,1,0,1,0,0,7859335814,5827990236,132157,5252682
193231,11,7,7010102,Nollendorfplatz,2019,3,14,6,3,5,2,0,0,1,0,0,0,0,0,7949516046,5825651056,1334618,5250105
193232,11,6,6010209,Feuerbachstra·e,2019,3,7,3,3,1,5,0,1,1,0,0,0,0,1,7944853376,5821467248,1333563,5246379
193233,11,6,6020409,Kînigsberger Stra·e,2019,3,9,3,3,0,5,0,0,1,0,0,0,1,0,7939698681,5817489275,1332457,5242841
193234,11,2,2050803,Stralauer Kiez,2019,3,17,3,3,3,2,0,0,1,0,1,0,0,0,8030613159,5825880527,134655,5249866
193235,11,1,1011303,Alexanderplatzviertel,2019,3,19,3,3,6,4,2,1,0,1,0,0,0,0,799103004,5828954842,1341012,525284
193236,11,2,2030302,Lausitzer Platz,2019,3,17,3,2,6,4,1,0,1,1,0,0,0,0,8003574339,5826061977,1342595,5250178
193237,11,8,8010301,Reuterkiez,2019,3,16,3,3,5,2,0,0,1,0,0,0,0,0,8007593071,5824342291,134303,5248615
193238,11,5,5020626,Adamstra·e,2019,3,15,3,3,0,4,0,0,0,1,0,0,1,0,7847637764,582718085,1319781,5252017