OBJECTID,LAND,BEZ,LOR,STRASSE,UJAHR,UMONAT,USTUNDE,UWOCHENTAG,UKATEGORIE,UART,UTYP1,ULICHTVERH,IstRad,IstPKW,IstFuss,IstKrad,IstGkfz,IstSonstige,USTRZUSTAND,LINREFX,LINREFY,XGCSWGS84,YGCSWGS84
193239,11,7,7040401,Neu-Tempelhof,2019,3,13,3,3,1,7,0,1,0,0,0,0,1,0,7976316798,5823907627,1338399,5248396
193240,11,3,3020209,Niederschînhausen,2019,3,14,3,3,5,2,0,1,0,0,0,0,0,0,7980416415,5834786003,1339976,5258125
193241,11,5,5010313,Ackerstra·e,2019,3,13,3,3,6,4,0,0,1,1,0,0,0,0,7845785718,5830320116,1319778,5254842
193242,11,2,2050801,Traveplatz,2019,3,21,3,3,5,2,2,1,1,0,0,0,0,0,8035525218,5827193532,1347391,5251016
193243,11,8,8010303,Donaustra·e,2019,3,13,3,3,6,2,0,0,1,1,0,0,0,0,80102935,5823875612,1343384,5248181
193244,11,4,4010101,Jungfernheide,2019,3,23,3,3,3,6,2,0,1,0,0,0,1,1,791288723,5830682824,1329678,5254812
193245,11,1,1011303,Alexanderplatzviertel,2019,3,15,3,3,2,6,0,0,1,0,0,0,0,1,7991718904,5828976076,1341115,5252855
193246,11,8,8010118,Silbersteinstra·e,2019,3,12,3,3,3,6,0,0,1,0,1,0,1,1,8007643403,5822750985,1342894,5247188
193247,11,10,10010206,Ringkolonnaden,2019,3,15,2,3,2,6,0,0,1,0,0,0,0,1,8085196937,583244141,1355174,525544
193248,11,4,4030415,Schlo·garten,2019,3,21,5,3,6,2,2,0,1,1,0,0,0,1,7908046093,5827384504,1328677,5251881
193249,11,1,1011401,Invalidenstra·e,2019,3,15,2,3,1,5,0,1,1,0,0,0,0,1,7971768422,5829570542,1338236,5253497
193250,11,2,2010101,Askanischer Platz,2019,3,6,3,3,5,2,0,1,1,0,0,0,0,0,7977442439,582609369,1338759,525035
193251,11,8,8020625,Handwerker-Siedlung,2019,3,14,2,3,2,6,0,0,1,0,0,0,0,1,8014935084,5819225629,1343646,5243988
193252,11,9,9030903,Kîlner Viertel,2019,3,7,3,3,5,3,0,1,1,0,0,0,0,0,8085956418,5815755434,1353741,5240482
193253,11,7,7050502,Fritz-Werner-Stra·e,2019,3,15,2,3,2,6,0,0,1,0,0,0,0,0,7978641275,581882281,1338286,5243826
193254,11,7,7020204,Schîneberger Insel,2019,3,15,2,3,0,2,0,0,1,0,1,0,0,1,7960484184,5823345958,1336024,5247979
193255,11,2,2020203,Viktoriapark,2019,3,15,2,3,5,2,0,1,1,0,0,0,0,0,797502641,5824015216,1338219,52485
193256,11,5,5030731,Gartenfelder Stra·e,2019,3,16,2,3,2,1,0,0,1,0,0,0,0,0,7871129255,582937847,1323424,5253865
193257,11,1,1011302,Oranienburger Stra·e,2019,3,17,2,2,5,3,1,1,0,0,0,0,0,1,7979132258,5828331135,1339208,5252346
193258,11,8,8010301,Reuterkiez,2019,3,13,6,3,2,2,0,1,1,0,0,0,0,0,801716173,5824254348,1344427,5248483
193259,11,1,1011303,Alexanderplatzviertel,2019,3,8,3,3,5,3,0,0,1,0,1,0,0,0,799169881,5827795653,1341006,5251797
193260,11,1,1022204,Thomasiusstra·e,2019,3,18,2,3,5,7,1,0,1,0,0,0,0,1,7948395041,5828303352,1334688,5252488
193261,11,7,7030303,Grazer Platz,2019,3,18,2,3,6,2,1,0,1,1,0,0,0,1,7952295159,5822263592,1334726,5247053
193262,11,3,3050923,Wei·enseer Spitze,2019,3,8,3,3,5,3,0,1,1,0,0,0,0,0,8004204385,5832299261,1343251,5255765
193263,11,2,2030302,Lausitzer Platz,2019,3,18,2,3,6,4,1,0,0,1,1,0,0,1,8004478684,5825898905,1342713,5250027
193264,11,11,11040925,Victoriastadt,2019,3,18,2,3,5,3,1,1,0,0,0,0,1,1,803619017,5826582501,1347433,5250464
193265,11,12,12224229,Konradshîhe/Tegelort,2019,3,9,3,3,1,5,0,1,1,0,0,0,0,0,7861697596,5834304579,1322462,5258331
193266,11,5,5010310,Eckschanze,2019,3,18,2,2,6,4,1,0,1,1,0,0,0,1,7847760394,5830375875,1320073,5254882
193267,11,7,7060604,Marienfelde SÅd,2019,3,20,2,3,5,2,2,1,1,0,0,0,0,1,7965663081,5815869989,1336121,5241249
193268,11,6,6040807,Zehlendorf Eiche,2019,3,12,5,2,1,5,0,0,1,0,0,0,1,1,789706856,58184134,1326284,5243897
193269,11,2,2020206,Graefekiez,2019,3,20,2,3,5,7,2,0,1,0,0,0,0,1,8001551275,5825054002,1342207,5249286
193270,11,2,2030402,Wrangelkiez,2019,3,9,3,3,5,3,0,1,1,0,0,0,0,0,8018958754,5825670013,1344819,5249742
193271,11,9,9051901,Dammvorstadt,2019,3,20,2,3,6,4,2,0,1,1,0,0,0,1,8113956628,5821164189,1358347,524517
193272,11,9,9020702,Adlershof Ost,2019,3,14,3,3,5,2,0,1,1,0,0,0,0,0,8095163314,58187746,1355369,5243136
193273,11,1,1033102,Gesundbrunnen,2019,3,22,2,3,5,2,2,1,1,0,0,0,0,1,7971616073,5831879126,1338421,5255568
193274,11,6,6040810,Dahlem,2019,3,9,2,3,0,6,0,1,1,0,0,0,0,0,7919963412,5821478858,1329911,5246523
193275,11,6,6030504,Teltower Damm,2019,3,14,3,3,5,2,0,1,1,0,0,0,0,1,7905984663,5815205987,1327314,5240974
193276,11,3,3010101,Bucher Forst,2019,3,15,2,3,5,3,0,0,1,0,0,0,0,1,8033438236,5842648203,1348498,5264879
193277,11,12,12302107,Schorfheidestra·e,2019,3,15,2,3,0,1,0,0,0,0,1,0,0,1,7937347127,5836145283,1333758,5259578
193278,11,5,5020626,Adamstra·e,2019,3,22,6,2,6,2,2,0,1,1,0,0,0,0,7845482518,5828157089,1319548,5252904
193279,11,2,2040701,Andreasviertel,2019,3,9,3,3,2,6,0,0,1,0,0,0,0,1,8002062487,5827467181,1342499,5251446
193280,11,8,8010214,Glasower Stra·e,2019,3,14,2,3,0,3,0,1,1,0,0,0,0,1,8018042647,58219576,1344348,5246419
193281,11,4,4030518,Tegeler Weg,2019,3,14,5,2,6,4,0,0,1,1,0,0,0,1,7915688464,5828014577,1329856,5252405
193282,11,8,8041037,Alt-Rudow,2019,3,14,2,3,2,6,0,0,1,0,0,0,0,1,8055517745,5818558138,1349536,5243164
193283,11,11,11030720,Herzbergstra·e,2019,3,10,3,3,5,3,0,0,1,0,0,0,0,0,804678321,5828701204,1349182,5252304
193284,11,1,1011306,Heine-Viertel Ost,2019,3,13,2,3,6,2,0,0,0,1,0,0,1,0,7999857015,5826927415,1342127,5250974
193285,11,7,7010101,Wittenbergplatz/Viktoria-Luise-Platz,2019,3,10,3,3,6,7,0,0,1,1,0,0,0,0,7949150567,5825407358,1334542,5249888
193286,11,10,10030724,Oberfeldstra·e,2019,3,12,2,3,2,6,0,0,1,0,0,0,0,0,8096358784,5829710297,135656,5252929
193287,11,8,8020622,Parchimer Allee,2019,3,9,5,2,1,5,0,0,1,0,1,0,0,1,8014958468,5820441985,1343759,5245078
193288,11,4,4030623,Ernst-Reuter-Platz,2019,3,12,2,3,6,2,0,0,1,1,0,0,0,0,7935032255,5826470505,1332562,5250917
193289,11,2,2020206,Graefekiez,2019,3,14,3,3,2,2,0,0,1,0,0,0,0,1,7990794598,5824615105,1340588,5248951
193290,11,3,3030715,Heinersdorf,2019,3,11,2,3,5,2,0,0,1,0,0,0,0,0,8001227423,5833866284,1342955,5257186
193291,11,9,9052001,Kîpenick Nord,2019,3,10,3,3,6,4,0,0,1,1,0,0,0,0,8113423639,5822448626,1358389,5246324
193292,11,10,10040932,Alt-Mahlsdorf,2019,3,11,2,3,5,3,0,1,1,0,0,0,0,0,8134394104,5828065705,1361994,5251238
193293,11,2,2020202,Rathaus Yorckstra·e,2019,3,7,2,3,3,6,0,0,1,0,0,1,0,0,7978819313,5825062514,1338869,5249418
193294,11,1,1022104,Emdener Stra·e,2019,3,10,3,2,2,7,0,0,1,0,0,0,0,0,7943031318,582848301,1333916,5252678
193295,11,7,7070704,Nahariyastra·e,2019,3,7,2,2,6,4,0,0,1,1,0,0,0,0,8008861873,5814178714,1342301,5239498
193296,11,11,11051330,Karlshorst West,2019,3,8,2,3,1,5,0,1,1,0,0,0,0,0,8066109331,5825145705,1351695,5249009
193297,11,2,2030402,Wrangelkiez,2019,3,13,6,2,5,3,0,1,1,0,0,0,0,0,8018747765,5825713125,1344792,5249782
193298,11,1,1011104,Kîrnerstra·e,2019,3,14,3,3,6,4,0,0,1,1,0,0,0,1,7963529474,5826134047,1336719,5250462
193299,11,6,6030503,Zehlendorf Mitte,2019,3,9,2,2,5,3,0,0,1,0,0,0,1,0,7883629946,5817767573,1324257,5243389
193300,11,3,3061126,Arnimplatz,2019,3,15,5,3,6,4,0,0,1,1,0,0,0,1,7990846752,5832199511,1341278,5255749
193301,11,6,6020304,Kaiser-Wilhelm-Stra·e,2019,3,10,2,3,0,1,0,1,0,0,0,0,0,0,7948595309,5817943433,1333801,52432
193302,11,12,12214125,Waldidyll/Flughafensee,2019,3,13,3,3,1,5,0,0,1,0,0,0,0,1,7913426392,5833160638,1329975,5257031
193303,11,2,2020206,Graefekiez,2019,3,8,2,3,0,1,0,0,0,0,0,0,1,1,7990675283,5824625215,1340571,5248961
193304,11,12,12103218,Teichstra·e,2019,3,10,3,3,2,6,0,0,1,0,0,0,0,1,794846623,5833748013,1335182,5257369
193305,11,2,2040502,Friedenstra·e,2019,3,19,1,3,5,7,2,0,1,0,0,0,0,0,80072489,5827968454,1343307,5251867
193306,11,8,8010301,Reuterkiez,2019,3,19,1,3,2,6,2,0,1,0,0,0,0,1,8011377538,5824126159,1343566,52484
193307,11,9,9010401,Johannisthal West,2019,3,12,3,3,0,4,0,0,1,1,0,0,0,0,8057920064,582033451,1350051,5244743
193308,11,6,6010209,Feuerbachstra·e,2019,3,18,1,3,5,3,2,0,1,0,0,0,0,1,7946420769,5821087913,133376,5246031
193309,11,12,12103116,Hausotterplatz,2019,3,15,1,2,5,3,0,0,1,0,1,0,0,0,7962815022,5833224058,1337246,5256821
193310,11,12,12214422,Klixstra·e,2019,3,11,1,3,2,6,0,0,1,0,0,0,0,0,7921166905,5833097534,1331108,5256933
193311,11,12,12304313,Borsigwalde,2019,3,13,3,3,5,3,0,0,1,0,0,0,0,1,7914405252,5834734935,1330257,5258437
193312,11,11,11040926,Weitlingstra·e,2019,3,10,1,3,1,1,0,0,1,0,0,0,1,0,8052329283,582638006,1349784,5250193
193313,11,1,1011302,Oranienburger Stra·e,2019,3,11,1,3,2,6,0,0,1,0,0,0,0,0,798857927,5829030984,1340659,5252922
193314,11,4,4020312,Branitzer Platz,2019,3,14,6,3,0,4,0,1,0,1,0,0,0,0,789071798,5827015865,1326099,5251643
193315,11,2,2010103,Moritzplatz,2019,3,12,1,3,5,3,0,0,1,0,0,0,0,0,799602155,5825833764,1341465,5250015
193316,11,1,1033203,Humboldthain Nordwest,2019,3,13,3,3,0,7,0,0,0,0,1,0,0,1,7958806404,5830598592,1336423,5254489
193317,11,5,5010206,GÅtersloher Weg,2019,3,14,1,3,5,2,0,0,1,0,0,0,0,1,782364715,5830494274,1316536,5255113
193318,11,1,1044202,Sparrplatz,2019,3,14,1,3,5,7,0,0,1,0,0,0,0,1,7951085656,5830354026,1335266,5254312
193319,11,3,3020209,Niederschînhausen,2019,3,17,1,3,9,1,1,0,1,0,0,0,0,1,7972798919,5835397354,133891,5258715
193320,11,4,4030930,George-Grosz-Platz,2019,3,12,3,3,2,6,0,0,1,0,0,0,0,1,7929374194,5825532386,1331649,5250107
193321,11,9,9051901,Dammvorstadt,2019,3,19,1,3,2,6,2,0,1,0,0,0,0,1,810755659,5821230344,1357415,5245266
193322,11,11,11040926,Weitlingstra·e,2019,3,12,2,3,0,3,0,0,0,0,0,0,1,0,8047861684,5826286232,134912,5250134
193323,11,10,10010310,Alt-Marzahn,2019,3,20,1,2,5,2,2,1,1,0,0,0,0,1,809635794,5830391691,1356624,525354
193324,11,1,1011301,CharitÇviertel,2019,3,21,1,3,2,6,2,0,1,0,0,0,0,1,7976153557,5828329399,133877,5252361
193325,11,12,12301203,Wittenau SÅd,2019,3,7,2,2,6,4,0,0,1,1,0,0,0,1,7935579123,583543504,1333435,5258951
193326,11,3,3061227,Humannplatz,2019,3,10,1,3,1,5,0,0,1,0,0,0,0,0,7999493521,5831431666,134248,5255014
193327,11,3,3061227,Humannplatz,2019,3,9,1,3,5,3,0,0,1,0,0,0,1,0,7998429095,5831532503,1342332,525511
193328,11,1,1011204,Leipziger Stra·e,2019,3,21,5,3,5,3,2,0,1,0,0,0,0,1,7988621052,5826770913,1340462,5250896
193329,11,11,11020514,Gro·e-Leege-Stra·e,2019,3,8,1,3,5,3,0,0,1,0,1,0,0,0,8046826026,5830739678,1349376,5254131
193330,11,5,5020417,Staakener Stra·e,2019,3,6,2,3,5,3,0,0,1,0,0,1,0,1,7824600271,5828519059,1316509,5253337
193331,11,11,11020515,Landsberger Allee,2019,3,17,7,3,5,3,2,0,1,0,1,0,0,1,8050413408,5830416583,1349873,5253821
193332,11,2,2050801,Traveplatz,2019,3,4,2,2,0,1,2,1,0,0,0,0,0,0,8031083288,5827107481,134673,5250963
193333,11,1,1011301,CharitÇviertel,2019,3,18,7,2,1,5,2,1,1,0,0,0,0,1,7976105583,5828361173,1338766,525239
193334,11,7,7070705,Franziusweg/Rohrbachstra·e,2019,3,12,7,2,1,5,0,1,1,0,0,0,0,1,7986564172,5813639883,1338986,5239137
193335,11,11,11041128,Sewanstra·e,2019,3,16,5,3,2,6,0,0,1,0,0,0,0,1,8059052116,5825953036,1350733,5249772
193336,11,7,7020201,Bayerischer Platz,2019,3,13,7,3,1,5,0,0,1,0,0,0,0,1,7945634851,5824262954,1333925,5248881
193337,11,6,6010208,Bergstra·e,2019,3,0,2,2,5,7,2,0,1,0,0,0,0,0,7943395453,582057187,133327,5245584
193338,11,7,7010102,Nollendorfplatz,2019,3,14,7,3,2,6,0,0,1,0,0,0,0,1,7958970686,5824963269,1335945,5249437
193339,11,2,2030302,Lausitzer Platz,2019,3,16,2,3,2,6,0,1,0,0,0,0,0,0,8016465713,5826073509,1344489,5250117
193340,11,1,1011204,Leipziger Stra·e,2019,3,15,7,3,2,6,0,0,1,0,0,0,0,1,7988833482,5827365878,1340547,5251428
193341,11,7,2020205,Chamissokiez,2019,3,18,7,3,2,6,1,0,1,0,0,0,0,1,7983361916,5823980052,133944,5248423
193342,11,6,6040807,Zehlendorf Eiche,2019,3,17,2,3,6,4,0,0,1,1,0,0,0,0,7901731358,5818917086,1327012,5244324
193343,11,8,8010404,Rixdorf,2019,3,18,7,3,6,4,1,0,1,1,0,0,0,1,8025714662,5823064479,1345574,5247369
193344,11,6,6020303,Lankwitz Kirche,2019,3,18,7,3,6,2,1,0,1,1,0,0,0,1,795909969,5818720015,1335411,524384
193345,11,4,4030931,Breitscheidplatz,2019,3,9,6,3,1,5,0,1,1,0,0,0,0,0,7943845795,5825699322,1333789,5250179
193346,11,9,9030902,Wohngebiet II,2019,3,9,2,3,5,3,0,0,1,0,0,0,1,1,8081723789,5815763921,1353122,5240513
193347,11,7,7010102,Nollendorfplatz,2019,3,18,7,3,6,2,1,0,1,1,0,0,0,1,7949791224,5825230728,1334621,5249726
193348,11,1,1011201,Wilhelmstra·e,2019,3,18,7,3,0,3,1,0,1,0,0,0,1,1,796945022,5826780999,1337647,5251009
193349,11,11,11030721,RÅdigerstra·e,2019,3,7,5,3,6,4,0,0,1,1,0,0,0,1,805207726,5828190635,1349913,5251817
193350,11,7,7020204,Schîneberger Insel,2019,3,19,7,3,6,4,1,0,1,1,0,0,0,1,7963458317,582296364,1336427,524762
193351,11,7,7060604,Marienfelde SÅd,2019,3,11,2,3,5,2,0,0,1,0,0,0,0,0,7976014622,5815557194,133761,5240913
193352,11,10,10010102,Havemannstra·e,2019,3,19,7,3,6,2,2,0,1,1,0,0,0,1,8097835604,5834072849,1357184,525683
193353,11,1,1022206,LÅneburger Stra·e,2019,3,11,2,3,2,6,0,0,1,0,0,0,0,1,7965271046,5828671573,1337201,5252727
193354,11,1,1044103,Westliche MÅllerstra·e,2019,3,20,7,3,2,6,2,0,1,0,0,0,0,1,7948855195,5831065063,1335001,5254961
193355,11,11,11010205,Falkenberg West,2019,3,20,7,3,5,2,2,0,1,0,0,0,0,1,8059646703,5833685583,1351532,5256699
193356,11,11,11020515,Landsberger Allee,2019,3,12,2,3,0,6,0,0,1,0,1,0,0,1,8033997437,5830004106,1347423,5253543
193357,11,1,1033101,Soldiner Stra·e,2019,3,20,7,2,1,5,2,0,1,0,0,1,0,1,7972728649,5833186517,1338701,5256733
193358,11,7,7040401,Neu-Tempelhof,2019,3,21,7,3,6,7,2,1,0,1,0,0,0,1,7987037066,5823950383,1339976,5248376
193359,11,4,4030929,Hindemithplatz,2019,3,17,6,3,2,6,2,0,1,0,0,0,0,0,7927156143,5825785787,1331345,5250346
193360,11,1,1033202,Humboldthain SÅd,2019,3,21,7,3,6,4,2,0,1,1,0,0,0,1,7977388871,582970441,1339075,5253587
193361,11,4,4041342,Schlangenbader Stra·e,2019,3,10,7,3,5,2,0,0,1,0,0,0,0,0,792526692,5822912069,1330815,524778
193362,11,1,1011301,CharitÇviertel,2019,3,12,2,3,1,5,0,1,1,0,0,0,0,0,797598454,5828437201,1338755,5252458
193363,11,11,11051229,Rummelsburg,2019,3,10,7,2,6,4,0,0,1,1,0,0,0,0,8038106689,5826178406,1347677,5250091
193364,11,7,7020204,Schîneberger Insel,2019,3,6,7,2,1,1,1,0,1,0,0,0,1,0,7960972418,5823928615,1336147,5248499
193365,11,8,8010118,Silbersteinstra·e,2019,3,18,6,3,5,3,0,0,1,0,0,0,0,0,8011149198,5821902753,1343332,5246408
193366,11,1,1033203,Humboldthain Nordwest,2019,3,13,2,3,1,5,0,0,1,0,0,0,0,1,7964788546,583010806,1337258,5254017
193367,11,3,3040818,Pankow SÅd,2019,3,17,6,3,6,4,1,0,1,1,0,0,0,1,7995253578,5833155082,1342012,5256582
193368,11,1,1011306,Heine-Viertel Ost,2019,3,9,6,3,1,5,0,1,1,0,0,0,0,1,8000652522,5826647181,1342218,5250719
193369,11,2,2040701,Andreasviertel,2019,3,10,5,3,5,2,0,1,1,0,0,0,0,1,8007180131,5827873272,1343288,5251782
193370,11,11,11020515,Landsberger Allee,2019,3,21,6,2,0,7,2,1,0,0,0,0,0,1,8033421793,5830064206,1347343,52536
193371,11,5,5010101,Hakenfelde Nord,2019,3,15,2,3,6,2,0,0,1,1,0,0,0,0,7852429911,5832253088,1320921,525654
193372,11,7,7030303,Grazer Platz,2019,3,18,6,3,5,2,1,1,1,0,0,0,0,1,7949855787,5822319453,1334373,5247116
193373,11,9,9020801,Spindlersfeld,2019,3,15,2,3,2,6,0,0,1,0,0,0,0,1,8097289225,5820798599,1355869,5244937
193374,11,4,4030725,Amtsgerichtsplatz,2019,3,23,6,3,2,6,2,0,1,0,0,0,0,0,7912991141,5826072998,1329289,5250679
193375,11,1,1011203,Unter den Linden SÅd,2019,3,20,6,2,6,2,2,0,1,1,0,0,0,1,7979129562,5827374924,1339122,5251489
193376,11,8,8030829,Gropiusstadt Nord,2019,3,16,2,3,0,6,0,0,1,0,1,0,0,1,8027020267,5818355836,1345339,5243142
193377,11,2,2030302,Lausitzer Platz,2019,3,21,6,3,5,3,2,1,1,0,0,0,0,0,8004048964,5825792815,134264,5249934
193378,11,11,11051331,Karlshorst Nord,2019,3,18,6,3,5,7,1,0,1,0,0,0,1,1,8073642702,5825164526,1352802,5248984
193379,11,7,7070703,John-Locke-Stra·e,2019,3,16,6,3,0,3,0,1,0,0,0,0,1,0,7999803808,5813236745,134089,5238703
193380,11,11,11020412,Hauptstra·e,2019,3,16,2,3,2,6,0,0,1,0,0,0,0,0,8050205262,5831474584,134994,525477
193381,11,3,3050923,Wei·enseer Spitze,2019,3,16,6,3,2,6,1,0,1,0,1,0,0,1,8007357457,5831799798,1343669,52553
193382,11,8,8010302,BouchÇstra·e,2019,3,15,6,3,5,3,0,1,1,0,0,0,0,1,8017435588,582429378,1344471,5248517
193383,11,12,12224230,Heiligensee,2019,3,17,2,3,6,7,0,0,1,1,0,0,0,0,7864077139,5837735591,1323109,5261394
193384,11,12,12214423,Mellerbogen,2019,3,15,6,3,2,6,0,0,1,0,0,0,0,1,7924619549,5833301191,1331634,5257097
193385,11,2,2010103,Moritzplatz,2019,3,15,6,3,1,5,0,1,1,0,0,0,0,1,7996627346,5825809464,1341552,524999
193386,11,7,7010104,Dennewitzplatz,2019,3,20,5,3,2,6,2,0,1,0,0,0,0,1,7962739481,5824924293,1336495,5249382
193387,11,1,1011301,CharitÇviertel,2019,3,16,6,3,0,1,0,0,0,0,1,0,0,1,7973140443,5829013434,1338388,525299
193388,11,2,2020204,Urbanstra·e,2019,3,17,2,2,5,2,0,1,1,0,0,0,0,0,798706946,5824706785,1340049,5249054
193389,11,4,4020310,Park Ruhwald,2019,3,1,6,2,9,1,2,0,1,0,0,0,0,1,7902233292,5828157307,132789,5252605
193390,11,3,3061430,Volkspark Prenzlauer Berg,2019,3,16,2,3,2,6,0,0,1,0,0,0,0,0,8025421969,5829336977,1346101,5252993
193391,11,1,1011303,Alexanderplatzviertel,2019,3,1,6,2,5,2,2,1,1,0,0,0,0,1,7992358031,5828467756,1341164,5252396
193392,11,9,9020702,Adlershof Ost,2019,3,6,6,2,5,3,1,1,1,0,0,0,0,1,8094666848,5819054922,1355323,524339
193393,11,12,12214527,Alt-Tegel,2019,3,13,2,2,0,4,0,0,0,1,0,0,1,1,790066563,5835340156,1328288,5259053
193394,11,3,3010102,Buch,2019,3,9,6,3,0,1,0,0,0,0,1,0,0,1,8051965748,5841110637,1351086,5263397
193395,11,4,4030623,Ernst-Reuter-Platz,2019,3,9,6,3,5,2,0,1,1,0,0,0,0,0,792918575,582676919,133173,5251217
193396,11,4,4030623,Ernst-Reuter-Platz,2019,3,14,6,3,3,6,0,0,1,0,0,0,1,0,793664889,5826369838,1332791,5250818
193397,11,1,1011303,Alexanderplatzviertel,2019,3,15,6,2,0,1,0,0,0,0,1,0,0,1,7996227204,5827581517,1341652,5251581
193398,11,5,5020628,Graetschelsteig,2019,3,11,2,3,5,2,0,0,1,0,0,0,0,1,7839935385,5826853358,1318621,5251764
193399,11,11,11020412,Hauptstra·e,2019,3,14,6,3,5,2,0,1,1,0,0,0,0,0,8057246992,5831360256,1350964,5254629
193400,11,2,2030301,Oranienplatz,2019,4,15,5,3,6,4,0,0,1,1,0,0,0,0,7998635622,5825853946,1341851,5250019
193401,11,4,4010102,Plîtzensee,2019,4,20,4,3,2,6,2,0,1,0,0,0,0,0,7931852145,5830141776,1332419,5254226
193402,11,8,8010509,Schulenburgpark,2019,4,7,5,3,5,3,0,0,1,0,1,0,0,0,803752474,5822184216,1347228,5246515
193403,11,6,6030504,Teltower Damm,2019,4,18,4,3,2,7,0,0,1,0,0,0,0,0,7899895948,5817262075,1326599,524285
193404,11,2,2050801,Traveplatz,2019,4,0,7,3,2,2,2,1,1,0,0,0,0,0,8033292148,5826743578,1347022,5250625
193405,11,6,6020409,Kînigsberger Stra·e,2019,4,17,4,3,2,6,0,0,1,0,0,0,0,0,7934136161,5817718102,1331661,5243076
193406,11,8,8010404,Rixdorf,2019,4,17,4,3,5,3,0,0,1,0,1,0,0,0,8023696522,5823221455,1345293,5247521
193407,11,1,1033201,Brunnenstra·e,2019,4,8,6,2,5,2,0,0,1,0,1,0,0,0,798079604,5829993131,1339601,5253827
193408,11,10,10030727,Biesdorf SÅd,2019,4,16,4,3,2,7,0,1,1,0,0,0,0,0,8097049283,582604981,1356321,5249645
193409,11,2,2040502,Friedenstra·e,2019,4,15,5,3,2,6,0,0,1,0,0,0,0,0,8006982016,5828469571,1343313,5252317
193410,11,11,11030824,Frankfurter Allee SÅd,2019,4,12,1,3,6,4,0,0,1,1,0,0,0,0,8041048014,5827321149,1348214,5251099
193411,11,2,2050602,Samariterviertel,2019,4,16,4,3,6,4,0,0,1,1,0,0,0,0,8023017411,5827816566,134561,5251643
193412,11,4,4030519,Kaiserin-Augusta-Allee,2019,4,13,7,3,5,2,0,0,1,0,0,0,0,0,7923262752,5828246852,1330989,5252573
193413,11,1,1033102,Gesundbrunnen,2019,4,15,4,3,6,2,0,1,0,1,0,0,0,0,797150028,5831400811,1338361,5255139
193414,11,8,8041038,Wa·mannsdorfer Chaussee,2019,4,15,4,3,5,3,0,0,1,0,0,0,1,0,8057957042,5816197599,1349678,5241035
193415,11,4,4030931,Breitscheidplatz,2019,4,2,6,2,1,5,2,1,1,0,0,0,0,0,7936703461,5825858154,1332754,5250359
193416,11,3,3061227,Humannplatz,2019,4,14,4,2,5,3,0,1,0,0,0,0,0,0,7997984518,5831176502,1342235,5254793
193417,11,9,9041601,MÅggelheim,2019,4,15,7,2,2,2,0,0,1,0,1,0,0,0,8174773764,5816709176,1366844,5240829
193418,11,9,9041501,Altstadt Kietz,2019,4,14,4,2,0,5,0,1,0,0,0,0,1,0,8109803395,5819984217,1357628,5244137
193419,11,12,12103218,Teichstra·e,2019,4,16,4,2,5,2,0,0,1,0,0,0,0,0,7948397292,5833068212,1335111,525676
193420,11,2,2040703,Wriezener Bahnhof/Entwicklungsgebiet,2019,4,19,6,2,0,2,1,0,0,1,1,0,0,0,80176778,5826253667,1344684,5250272
193421,11,9,9020502,Oberschîneweide Ost,2019,4,12,4,3,5,7,0,0,1,0,0,0,1,0,8094045691,5821504534,1355458,5245588
193422,11,9,9010402,Johannisthal Ost,2019,4,14,5,3,0,1,0,1,0,0,0,0,0,0,8066216109,5820450557,1351279,5244801
193423,11,8,8010510,Gewerbegebiet Kîllnische Heide,2019,4,12,4,3,0,7,0,1,0,0,0,0,1,1,8024872081,5822551781,1345404,5246914
193424,11,11,11010205,Falkenberg West,2019,4,14,1,3,2,2,0,0,1,0,0,0,0,0,8063051362,5833901131,1352052,5256873
193425,11,4,4030623,Ernst-Reuter-Platz,2019,4,12,4,3,5,2,0,1,1,0,0,0,0,0,7928955909,5826797735,1331698,5251243
193426,11,4,4041136,Hagenplatz,2019,4,10,4,2,5,2,0,1,1,0,0,0,0,0,7896173298,5823355274,1326582,5248332
193427,11,8,8010213,Kîrnerpark,2019,4,15,7,3,5,3,0,0,0,0,0,0,1,0,8012317274,5822468048,1343554,5246909
193428,11,1,1011305,Heine-Viertel West,2019,4,9,4,2,1,5,0,1,1,0,0,0,1,0,7990574228,5827190194,1340787,5251261
193429,11,1,1011302,Oranienburger Stra·e,2019,4,8,4,3,1,5,0,1,1,0,0,0,1,0,798331188,5828924511,1339875,5252855
193430,11,1,1022201,Stephankiez,2019,4,1,5,3,2,6,2,1,0,0,0,0,1,0,7955494703,5829244956,1335815,5253294
193431,11,8,8010303,Donaustra·e,2019,4,7,4,3,6,2,0,0,0,1,0,0,1,0,8011461549,5823779681,1343547,5248089
193432,11,4,4030828,Savignyplatz,2019,4,10,5,3,5,2,0,1,1,0,0,0,0,0,7929772669,5826182288,1331764,5250687
193433,11,3,3061332,Helmholtzplatz,2019,4,7,4,3,1,5,0,0,1,0,1,0,0,0,799377923,583107709,1341608,5254727
193434,11,1,1044202,Sparrplatz,2019,4,7,4,3,5,3,0,1,1,0,0,0,0,0,7953434296,5830390818,1335614,5254332
193435,11,8,8010301,Reuterkiez,2019,4,17,5,3,0,4,0,1,0,1,0,0,0,0,8007855182,582439297,1343073,5248659