OBJECTID,LAND,BEZ,LOR,STRASSE,UJAHR,UMONAT,USTUNDE,UWOCHENTAG,UKATEGORIE,UART,UTYP1,ULICHTVERH,IstRad,IstPKW,IstFuss,IstKrad,IstGkfz,IstSonstige,USTRZUSTAND,LINREFX,LINREFY,XGCSWGS84,YGCSWGS84
193436,11,9,9020701,Adlershof West,2019,4,7,4,3,0,1,0,1,0,0,0,0,0,0,8083302849,5819200762,135367,5243584
193437,11,12,12304313,Borsigwalde,2019,4,16,1,3,5,2,0,0,1,0,0,0,0,0,7923541331,5834072136,1331543,5257794
193438,11,3,3061131,Falkplatz,2019,4,7,4,3,6,6,0,1,0,1,0,0,0,0,7989159664,5830386162,1340866,5254133
193439,11,3,3040512,Wilhelmsruh,2019,4,5,4,3,2,6,2,0,1,0,0,0,0,0,7969873057,5835832827,1338518,5259121
193440,11,1,1022206,LÅneburger Stra·e,2019,4,17,6,3,6,4,0,0,1,1,0,0,0,0,7959392649,5828328295,1336307,5252451
193441,11,7,7050502,Fritz-Werner-Stra·e,2019,4,1,4,3,5,3,2,0,1,0,0,0,0,0,7978978565,5818354261,1338294,5243404
193442,11,11,11030721,RÅdigerstra·e,2019,4,16,3,3,6,7,0,0,1,1,0,0,0,0,805431545,5827935793,1350219,5251576
193443,11,5,5010314,Carl-Schurz-Stra·e,2019,4,11,5,3,0,7,0,0,1,0,0,0,1,0,7839453015,5828947354,1318729,5253644
193444,11,1,1044101,Rehberge,2019,4,14,3,3,0,5,0,1,1,0,0,0,0,0,7937379481,5832005137,1333396,5255866
193445,11,2,2040502,Friedenstra·e,2019,4,9,5,2,3,6,0,0,1,0,1,0,0,0,8005345364,582847465,1343073,5252331
193446,11,8,8010303,Donaustra·e,2019,4,16,3,3,2,6,0,0,1,0,0,0,0,0,8006681426,5824292276,1342891,5248575
193447,11,1,1044101,Rehberge,2019,4,19,7,3,5,2,0,0,1,0,0,0,1,0,7945366214,583157043,1334533,5255433
193448,11,8,8010214,Glasower Stra·e,2019,4,7,3,3,6,7,0,1,0,1,0,0,0,0,8011062886,5822184106,1343344,5246661
193449,11,10,10030725,Buckower Ring,2019,4,16,3,3,5,3,0,1,1,0,0,0,0,0,8096442053,5828927397,13565,5252227
193450,11,4,4051653,Prager Platz,2019,4,9,6,3,5,3,0,1,0,0,0,0,0,0,7941400088,5824322366,1333308,5248957
193451,11,4,4010101,Jungfernheide,2019,4,15,7,3,7,7,0,0,0,0,1,0,0,0,7895391073,583052548,1327091,5254765
193452,11,4,4041344,RÅdesheimer Platz,2019,4,16,3,3,5,3,0,0,1,0,0,0,0,0,7933791756,582196022,1331983,5246881
193453,11,12,12301205,Waidmannslust,2019,4,16,3,3,2,2,0,0,1,0,0,0,1,0,7924648551,5837326894,1331993,5260705
193454,11,4,4030518,Tegeler Weg,2019,4,14,6,3,5,2,0,0,1,0,1,0,0,0,7913884928,5828585036,132964,5252926
193455,11,6,6030610,Lichterfelde West,2019,4,16,3,3,6,4,0,0,1,1,0,0,0,0,7918785162,5818982031,132952,5244291
193456,11,6,6010205,SÅdende,2019,4,15,5,3,2,6,0,0,1,0,0,0,0,0,7951002279,5819675569,1334307,524474
193457,11,8,8010405,Hertzbergplatz,2019,4,16,3,3,1,1,0,0,1,0,0,0,0,0,8017687801,5823786264,1344462,5248061
193458,11,1,1044201,Reinickendorfer Stra·e,2019,4,16,2,3,2,6,0,0,1,0,0,0,0,0,7966782998,583165358,133769,5255392
193459,11,8,8030831,Gropiusstadt Ost,2019,4,17,5,3,5,3,0,1,1,0,0,0,0,0,8041178197,5817627958,1347349,5242411
193460,11,1,3071537,Kollwitzplatz,2019,4,18,3,3,2,6,0,0,1,0,0,0,0,0,7995192538,5828857611,1341615,525273
193461,11,3,3020209,Niederschînhausen,2019,4,16,7,3,0,3,0,1,1,0,0,0,0,0,798124485,5835605449,1340172,5258855
193462,11,12,12214424,Scharnweberstra·e,2019,4,16,3,3,5,2,0,0,1,0,0,0,1,0,7929021472,5832166951,1332181,5256056
193463,11,6,6030610,Lichterfelde West,2019,4,18,3,3,0,6,0,1,0,0,0,0,1,0,7921891758,5818718978,1329953,5244039
193464,11,8,8010404,Rixdorf,2019,4,7,6,3,4,5,0,1,1,0,0,0,0,0,8019764173,5822892549,1344686,5247248
193465,11,2,2010102,Mehringplatz,2019,4,18,3,3,5,2,0,0,1,0,1,0,0,0,7983341937,5825557154,1339578,5249837
193466,11,1,1011304,Karl-Marx-Allee,2019,4,15,5,2,3,6,0,1,0,0,0,0,0,0,7997377325,5827692193,1341831,5251673
193467,11,2,2020203,Viktoriapark,2019,4,18,3,3,5,2,0,1,1,0,0,0,0,0,79784344,5824926336,1338801,5249298
193468,11,5,5020419,Magistratsweg,2019,4,11,1,3,1,5,0,1,1,0,0,0,0,0,7820058276,5828367369,1315828,5253225
193469,11,4,4030415,Schlo·garten,2019,4,17,3,2,6,7,0,0,1,1,0,0,0,0,7916620347,582761302,1329957,525204
193470,11,1,1011201,Wilhelmstra·e,2019,4,16,5,3,2,2,0,1,1,0,0,0,0,0,797143959,5826449027,1337909,5250701
193471,11,11,11030720,Herzbergstra·e,2019,4,11,3,2,2,6,0,0,1,0,1,0,0,0,8046176802,5829927184,1349206,5253406
193472,11,4,4030827,Karl-August-Platz,2019,4,15,1,3,1,5,0,1,1,0,0,0,0,0,792105056,5825991547,1330466,5250563
193473,11,1,1011303,Alexanderplatzviertel,2019,4,17,3,2,5,2,0,0,1,0,1,0,0,0,7991864977,5828678081,134111,5252587
193474,11,10,10010310,Alt-Marzahn,2019,4,8,3,3,3,6,0,0,1,0,0,1,0,0,8077861483,5830791461,1353942,5254003
193475,11,10,10010308,Marzahner Chaussee,2019,4,9,7,3,2,2,0,0,1,0,1,0,0,0,806580621,5828344093,1351945,5251877
193476,11,8,8020619,Buschkrugallee Nord,2019,4,23,3,2,5,2,2,0,0,0,1,0,1,0,8015443045,582064699,1343848,5245259
193477,11,1,1011302,Oranienburger Stra·e,2019,4,22,3,3,1,5,2,0,1,0,0,0,0,0,7984220738,5828768836,1339995,5252711
193478,11,8,8020727,Buckow Mitte,2019,4,20,6,2,5,3,2,1,1,0,0,0,0,0,8017307488,5817139199,1343805,5242105
193479,11,7,7010101,Wittenbergplatz/Viktoria-Luise-Platz,2019,4,21,3,3,6,4,2,0,1,1,0,0,0,0,7947621287,5825692966,1334343,5250152
193480,11,7,7030301,Friedenau,2019,4,18,5,3,6,4,0,1,0,1,0,0,0,0,7939035752,5822951543,133284,5247741
193481,11,7,7070704,Nahariyastra·e,2019,4,21,3,3,5,2,2,0,1,0,0,0,1,0,8008911616,5814179572,1342308,5239498
193482,11,1,1022101,Huttenkiez,2019,4,22,1,3,5,3,2,0,1,0,0,0,0,0,7927391497,5828287577,13316,5252587
193483,11,2,2010104,Wassertorplatz,2019,4,13,3,3,5,2,0,0,0,0,0,0,1,0,799064611,582561345,1340656,5249847
193484,11,1,1033102,Gesundbrunnen,2019,4,12,3,3,2,6,0,0,1,0,0,0,0,0,7973357412,5831216626,1338617,5254964
193485,11,12,12214424,Scharnweberstra·e,2019,4,13,6,3,2,6,0,0,1,0,0,0,0,0,7931793439,5832282316,1332599,5256145
193486,11,3,3061227,Humannplatz,2019,4,12,3,3,2,6,0,0,1,0,0,0,0,0,7993879352,5831788462,1341686,5255364
193487,11,2,2030401,Reichenberger Stra·e,2019,4,12,3,3,0,2,0,0,0,0,0,0,1,0,8004768876,5825763251,1342743,5249904
193488,11,9,9052001,Kîpenick Nord,2019,4,14,3,3,4,6,0,0,1,0,0,0,0,0,8096069805,5822254985,1355825,5246249
193489,11,8,8030831,Gropiusstadt Ost,2019,4,13,7,3,2,6,0,0,1,0,0,0,0,0,8037438605,5818003903,1346835,5242768
193490,11,1,1044103,Westliche MÅllerstra·e,2019,4,11,3,3,2,6,0,0,1,0,0,0,0,0,7947983165,5830933256,1334861,5254848
193491,11,9,9010401,Johannisthal West,2019,4,15,3,3,2,6,0,0,1,0,0,1,0,0,8062814444,5820971522,1350828,5245287
193492,11,1,1011301,CharitÇviertel,2019,4,17,6,3,2,6,1,0,1,0,0,0,0,0,7976479212,5828135129,13388,5252185
193493,11,5,5020625,Borkumer Stra·e,2019,4,11,3,3,1,1,0,0,1,0,1,0,0,0,7841499174,5828026068,1318951,5252807
193494,11,5,5010314,Carl-Schurz-Stra·e,2019,4,16,5,3,5,3,0,0,1,0,0,0,0,0,7840063018,58290492,1318827,5253732
193495,11,12,12214422,Klixstra·e,2019,4,15,3,3,5,3,0,1,0,0,1,0,0,0,7919304078,583338926,1330859,5257204
193496,11,5,5010314,Carl-Schurz-Stra·e,2019,4,19,1,3,5,3,0,0,1,0,0,0,1,0,7844956925,5828871961,1319532,5253548
193497,11,1,1011302,Oranienburger Stra·e,2019,4,11,3,3,3,6,0,0,1,0,1,0,1,0,7978821463,5828529245,133918,5252525
193498,11,2,2040703,Wriezener Bahnhof/Entwicklungsgebiet,2019,4,15,3,2,3,6,0,1,1,0,0,0,0,0,8017459908,5826253908,1344652,5250274
193499,11,1,1033201,Brunnenstra·e,2019,4,15,6,3,5,2,0,1,1,0,0,0,0,0,7980810077,5830001847,1339604,5253835
193500,11,4,4030518,Tegeler Weg,2019,4,16,3,2,5,2,0,0,1,0,1,0,0,0,7914695071,5828283532,1329733,5252652
193501,11,4,4030417,Schlo·stra·e,2019,4,10,3,2,6,7,0,0,0,1,0,0,1,0,7917696853,5827104258,1330071,5251578
193502,11,5,5030730,Zitadellenweg,2019,4,11,5,3,5,7,0,0,1,0,0,0,0,0,7865577718,5830558698,1322709,5254952
193503,11,1,1044202,Sparrplatz,2019,4,10,3,2,5,2,0,0,1,0,1,0,0,0,7955346992,5830743844,1335927,5254638
193504,11,1,1022206,LÅneburger Stra·e,2019,4,11,3,3,1,5,0,1,0,0,0,0,1,0,7964821622,5828645599,1337133,5252706
193505,11,11,11051332,Karlshorst SÅd,2019,4,8,5,3,5,2,0,1,1,0,0,0,0,0,807202831,5823906186,1352449,5247865
193506,11,2,2050801,Traveplatz,2019,4,10,3,3,0,4,0,1,1,0,0,0,1,0,8033310701,5827421354,1347086,5251232
193507,11,6,6010102,Schlo·stra·e,2019,4,10,5,3,3,6,0,0,1,0,1,0,0,0,793684159,5820596387,1332311,5245642
193508,11,1,1011306,Heine-Viertel Ost,2019,4,9,3,3,1,5,0,1,0,0,0,0,1,0,8000303172,5826464125,1342151,5250557
193509,11,3,3061435,Conrad-Blenkle-Stra·e,2019,4,20,7,3,2,7,2,1,1,0,0,0,0,0,8016981731,5829409153,1344868,5253104
193510,11,1,1011302,Oranienburger Stra·e,2019,4,1,3,3,1,5,2,1,1,0,0,0,0,0,7982004742,5828743789,1339667,52527
193511,11,5,5020625,Borkumer Stra·e,2019,4,5,3,3,5,3,2,0,1,0,0,0,0,0,78463272,5828423984,1319695,5253139
193512,11,9,9041501,Altstadt Kietz,2019,4,12,6,3,5,7,0,0,1,0,0,0,1,0,8113521644,5819987768,1358174,5244119
193513,11,9,9020501,Oberschîneweide West,2019,4,7,3,3,5,3,0,0,1,0,1,0,0,0,8062528127,5822194216,1350898,5246384
193514,11,5,5030832,Rohrdamm,2019,4,14,5,3,6,3,0,0,1,1,0,0,0,0,7888029017,5830206501,1325981,5254518
193515,11,11,11040926,Weitlingstra·e,2019,4,7,3,3,2,1,0,0,1,0,0,0,0,0,8057557017,5827182064,1350626,5250882
193516,11,12,12214422,Klixstra·e,2019,4,17,1,3,2,6,0,0,1,0,0,0,0,0,7920679483,5832942159,1331022,5256796
193517,11,5,5020625,Borkumer Stra·e,2019,4,5,5,3,2,6,2,0,1,0,1,0,0,0,7847185759,582857116,1319834,5253266
193518,11,4,4030417,Schlo·stra·e,2019,4,7,3,3,6,7,0,0,1,1,0,0,0,0,7911624385,5826636186,1329138,5251191
193519,11,3,3050923,Wei·enseer Spitze,2019,4,16,7,3,5,3,0,0,1,0,0,0,0,0,8004219557,5832305752,1343254,5255771
193520,11,1,1044103,Westliche MÅllerstra·e,2019,4,8,3,3,5,3,0,0,1,0,0,0,0,0,7948144132,5830667198,1334861,5254609
193521,11,1,1011105,Nîrdlicher Landwehrkanal,2019,4,8,5,3,5,3,0,1,1,0,0,0,0,0,796123173,5826294134,1336396,5250618
193522,11,6,6040703,Nikolassee,2019,4,8,3,2,0,6,0,0,1,0,0,0,0,0,7853486552,5818639927,131991,5244329
193523,11,12,12304314,Ziekowstra·e/Freie Scholle,2019,4,18,7,3,2,6,0,0,1,0,0,0,0,0,790720279,583538921,1329254,5259062
193524,11,10,10010207,Marzahner Promenade,2019,4,8,3,3,5,2,0,0,1,0,0,0,0,0,808839241,5831800438,1355584,5254847
193525,11,4,4020311,Reichsstra·e,2019,4,9,3,2,6,2,0,0,1,1,0,0,0,0,7894453532,5826652797,1326616,5251298
193526,11,5,5020625,Borkumer Stra·e,2019,4,11,6,2,6,4,0,0,1,1,0,0,0,0,7839611083,5828707677,1318732,5253428
193527,11,2,2020204,Urbanstra·e,2019,4,18,2,3,3,6,1,1,0,0,0,0,0,0,7980403466,5824836506,1339082,5249207
193528,11,8,8041037,Alt-Rudow,2019,4,16,5,3,6,6,0,0,1,1,0,0,0,0,8055385917,5817148562,1349388,5241902
193529,11,1,1011302,Oranienburger Stra·e,2019,4,9,2,3,4,6,0,1,0,0,0,0,0,0,7987911645,5829066087,1340564,5252957
193530,11,8,8030830,Gropiusstadt SÅd,2019,4,13,1,3,5,2,0,0,1,0,1,0,0,0,8022928379,5817834577,1344692,5242697
193531,11,9,9052001,Kîpenick Nord,2019,4,19,2,3,5,2,0,1,1,0,0,0,0,0,8110814557,5821962811,1357961,5245904
193532,11,11,11051229,Rummelsburg,2019,4,12,2,3,3,6,0,0,1,0,0,1,0,0,8038722183,5826138796,1347764,5250052
193533,11,4,4020314,MessegelÑnde,2019,4,12,7,3,5,2,0,1,1,0,0,0,0,0,7900257165,5825236173,1327345,5249997
193534,11,7,7040403,Manteuffelstra·e,2019,4,12,2,3,5,2,0,1,1,0,0,0,0,0,7978707518,5821888092,1338569,5246573
193535,11,8,8010303,Donaustra·e,2019,4,16,2,3,1,5,0,1,1,0,0,0,0,0,8010393387,5823941757,1343405,524824
193536,11,1,1011203,Unter den Linden SÅd,2019,4,9,6,3,2,6,0,0,1,0,1,0,0,0,7974536655,5827394685,1338449,5251532
193537,11,12,12214125,Waldidyll/Flughafensee,2019,4,16,2,2,2,6,0,0,1,0,0,0,0,0,7883335598,5832029059,1325449,5256177
193538,11,10,10020622,Kaulsdorf Nord I,2019,4,17,5,3,5,3,0,1,1,0,0,0,0,0,8110347713,5829168046,1358565,5252364
193539,11,9,9020701,Adlershof West,2019,4,16,2,3,5,3,0,1,1,0,0,0,0,0,8088104515,5819001109,1354355,5243378
193540,11,8,8041036,Zittauer Stra·e,2019,4,7,6,3,3,6,0,1,1,0,0,0,0,0,8043438247,5817008628,1347624,5241843
193541,11,8,8010213,Kîrnerpark,2019,4,15,2,3,5,3,0,1,0,0,0,0,1,0,8012096008,5822594389,1343533,5247023
193542,11,3,3040614,Pankow Zentrum,2019,4,12,5,3,5,2,0,0,0,0,0,1,1,0,8000239726,5834669569,1342882,5257912
193543,11,1,1011303,Alexanderplatzviertel,2019,4,15,2,3,2,4,0,1,1,1,0,0,0,0,7990780739,5828652848,1340949,5252571
193544,11,5,5020523,Maulbeerallee,2019,4,14,1,3,5,2,0,0,1,0,0,0,0,0,7823595205,5827215934,131625,5252174
193545,11,1,1011303,Alexanderplatzviertel,2019,4,15,2,3,5,3,0,1,0,0,0,0,0,0,799492623,5828155222,1341513,5252102
193546,11,1,1022204,Thomasiusstra·e,2019,4,15,2,3,5,2,0,1,1,0,0,0,0,0,7948004801,5828308971,1334631,5252495
193547,11,5,5020521,Dîberitzer Weg,2019,4,15,7,3,5,2,0,0,1,0,0,0,0,0,78067253,5827518676,1313796,5252533
193548,11,5,5020417,Staakener Stra·e,2019,4,13,2,3,0,3,0,1,0,0,0,0,1,0,7830687404,582860232,1317411,525338
193549,11,10,10010308,Marzahner Chaussee,2019,4,14,2,3,5,3,0,1,0,0,0,0,1,0,8064664796,5830188432,1351947,5253537
193550,11,2,2010102,Mehringplatz,2019,4,7,5,3,3,6,0,1,0,0,0,0,0,0,7981911307,5825520901,1339364,5249812
193551,11,5,5020626,Adamstra·e,2019,4,14,2,3,5,3,0,0,1,0,1,0,0,0,7845864914,582797626,1319589,525274
193552,11,10,10020620,Kaulsdorf Nord II,2019,4,16,5,3,2,6,0,0,1,0,0,0,0,0,8112811546,5829681427,1358975,525281
193553,11,6,6010210,Bismarckstra·e,2019,4,16,2,2,6,4,0,1,0,1,0,0,0,0,7947648602,5821573567,1333983,524646
193554,11,3,3061227,Humannplatz,2019,4,13,7,3,5,3,0,1,1,0,0,0,0,0,7997488568,5831750897,1342214,5255311
193555,11,4,4030931,Breitscheidplatz,2019,4,18,2,3,1,5,0,0,1,0,0,0,0,0,7940944952,5825723652,1333365,5250216
193556,11,10,10040931,Mahlsdorf Nord,2019,4,13,2,3,5,3,0,1,1,0,0,0,0,0,8138058283,5829744574,136269,5252721
193557,11,2,2020206,Graefekiez,2019,4,16,2,3,2,6,0,0,1,0,0,0,0,0,7990705913,5824634581,1340577,5248969
193558,11,3,3061434,Anton-Saefkow-Park,2019,4,19,1,3,2,6,0,0,1,0,0,0,0,0,8013475457,5829653981,1344374,5253343
193559,11,4,4041136,Hagenplatz,2019,4,12,2,3,1,5,0,1,1,0,0,0,0,0,7900808315,5822967803,1327229,524796
193560,11,5,5030731,Gartenfelder Stra·e,2019,4,14,2,3,0,7,0,0,0,0,1,0,0,1,7869834231,5829578553,1323251,5254051
193561,11,4,4030828,Savignyplatz,2019,4,19,4,3,5,3,1,1,1,0,0,0,0,0,7934676212,5826331507,1332498,5250795
193562,11,2,2010104,Wassertorplatz,2019,4,18,6,3,5,3,0,0,1,0,0,0,0,0,7990606754,5825597059,1340648,5249833
193563,11,1,1044201,Reinickendorfer Stra·e,2019,4,17,2,3,5,5,0,1,1,0,0,0,0,0,796940248,5831531897,1338064,5255268
193564,11,1,1011402,Arkonaplatz,2019,4,18,4,3,2,6,0,0,1,0,0,0,0,0,798244714,5829612779,133981,5253477
193565,11,5,5020625,Borkumer Stra·e,2019,4,12,2,3,2,6,0,0,1,0,0,0,0,0,7847225527,5828624191,1319844,5253314
193566,11,1,1011303,Alexanderplatzviertel,2019,4,18,4,3,3,6,0,1,1,0,0,0,0,0,7990424544,5828828203,1340912,525273
193567,11,6,6040806,Fischtal,2019,4,14,5,3,5,2,0,0,1,0,1,0,0,0,7890483194,581904253,1325373,5244496
193568,11,6,6020303,Lankwitz Kirche,2019,4,16,2,3,5,3,0,1,1,0,0,0,0,0,7957780994,5818439984,1335192,5243596
193569,11,8,8010213,Kîrnerpark,2019,4,18,4,3,2,7,0,1,0,0,0,0,1,0,8015350133,5822636633,1344015,5247043
193570,11,3,3040818,Pankow SÅd,2019,4,17,4,3,1,1,0,0,0,0,1,1,0,0,79998002,5832363256,1342609,5255847
193571,11,4,4030623,Ernst-Reuter-Platz,2019,4,9,5,3,5,7,0,0,1,0,0,0,0,0,7938177887,5826703716,1333045,5251109
193572,11,1,1011402,Arkonaplatz,2019,4,13,2,3,0,3,0,1,1,0,0,0,0,0,7986725649,5829459717,1340425,5253316
193573,11,9,9020802,Kîllnische Vorstadt,2019,4,17,4,3,2,7,0,0,1,0,0,0,0,0,8099949568,5820358307,1356218,5244528
193574,11,4,4010102,Plîtzensee,2019,4,18,7,3,6,4,1,0,0,1,1,0,0,0,7927104184,5830652843,1331766,5254709
193575,11,7,7010102,Nollendorfplatz,2019,4,17,4,3,0,6,0,0,1,0,0,0,1,0,7950806897,5825808097,1334821,5250238
193576,11,1,1044103,Westliche MÅllerstra·e,2019,4,13,2,3,1,5,0,0,1,0,0,0,1,0,7949313672,5831040758,1335066,5254937
193577,11,4,4020311,Reichsstra·e,2019,4,17,4,3,5,3,0,0,1,0,1,0,0,0,789992273,5826317665,132739,5250968
193578,11,5,5030731,Gartenfelder Stra·e,2019,4,18,2,3,5,2,0,1,1,0,0,0,0,0,7869834223,5829577424,132325,525405
193579,11,2,2050601,Hausburgviertel,2019,4,17,4,3,5,3,0,1,1,0,0,0,0,0,8019666974,5829025696,1345227,5252746
193580,11,7,7050501,Rathausstra·e,2019,4,10,6,3,3,6,0,0,1,0,1,0,0,0,7974832632,5820263559,1337856,5245138
193581,11,7,7020201,Bayerischer Platz,2019,4,11,2,3,2,6,0,0,1,0,0,0,0,0,7949444721,5824454423,1334501,5249032
193582,11,7,7040403,Manteuffelstra·e,2019,4,16,4,3,2,6,0,0,1,0,0,0,0,0,7969111076,5820709162,1337056,5245568
193583,11,2,2020204,Urbanstra·e,2019,4,16,4,3,5,2,0,1,1,0,0,0,0,0,7983113687,5825328012,1339524,5249632
193584,11,6,6030610,Lichterfelde West,2019,4,15,5,3,3,2,0,0,1,0,0,0,0,0,7929379071,5817752317,1330966,5243132
193585,11,6,6040701,Wannsee,2019,4,16,4,3,4,6,0,1,1,0,0,0,0,0,7814745127,5813277035,1313774,5239721
193586,11,7,7050502,Fritz-Werner-Stra·e,2019,4,14,6,3,5,3,0,0,1,0,0,0,0,0,7978552601,5817824508,1338184,5242931
193587,11,12,12301203,Wittenau SÅd,2019,4,15,4,3,6,6,0,1,0,1,0,0,0,0,7935578211,5835435522,1333435,5258951
193588,11,4,4020311,Reichsstra·e,2019,4,15,4,3,5,3,0,0,1,0,0,0,0,0,7888064094,5827270419,1325731,5251885
193589,11,6,6010205,SÅdende,2019,4,15,4,3,5,7,0,0,1,0,1,0,0,0,7948060715,5820061012,133391,5245101
193590,11,1,1011302,Oranienburger Stra·e,2019,4,14,5,3,5,7,0,0,1,0,1,0,0,0,7982179588,5828412841,1339663,5252403
193591,11,7,7020204,Schîneberger Insel,2019,4,18,2,3,5,2,0,1,1,0,0,0,0,0,7962534522,5822956133,133629,5247618
193592,11,7,7040405,Rathaus Tempelhof,2019,4,14,4,3,5,3,0,0,1,0,0,0,0,0,7988861128,5820527231,1339938,5245298
193593,11,4,4051652,Nikolsburger Platz,2019,4,16,2,3,6,4,0,0,1,1,0,0,0,0,7938184343,5824654804,1332865,5249273
193594,11,1,1011204,Leipziger Stra·e,2019,4,14,4,3,5,3,0,0,1,0,1,0,0,0,798854387,582675748,134045,5250884
193595,11,7,7040402,Lindenhofsiedlung,2019,4,7,5,3,0,7,0,0,0,1,1,0,0,0,7964871793,5821140488,1336472,5245978
193596,11,1,1011301,CharitÇviertel,2019,4,10,2,3,6,2,0,0,1,1,0,0,0,0,7970299306,5828455926,1337921,5252506
193597,11,10,10010309,Springpfuhl,2019,4,17,4,3,0,1,0,0,0,0,1,0,0,0,8078793028,5829198878,1353932,525257
193598,11,1,1033201,Brunnenstra·e,2019,4,17,7,3,6,7,0,1,0,1,0,0,0,0,7975506104,5830944853,1338909,5254709
193599,11,7,7040405,Rathaus Tempelhof,2019,4,8,4,3,5,3,0,0,1,0,0,0,0,0,7984801511,5821774481,1339453,5246438
193600,11,10,10040830,Kaulsdorf SÅd,2019,4,17,2,2,5,2,0,0,1,0,1,0,0,0,8112039997,582471367,1358397,5248362
193601,11,7,7010104,Dennewitzplatz,2019,4,8,4,3,5,2,0,1,1,0,0,0,0,0,7964225798,582486598,1336709,5249321
193602,11,1,1044101,Rehberge,2019,4,18,2,3,6,4,0,0,1,1,0,0,0,0,7937173837,5831833798,1333351,5255714
193603,11,2,2030402,Wrangelkiez,2019,4,9,3,3,2,6,0,1,0,0,0,0,0,0,8019572184,5825641863,1344906,5249713
193604,11,4,4041344,RÅdesheimer Platz,2019,4,8,6,3,2,6,0,0,1,0,0,0,1,0,7930479266,5822017008,1331502,5246949
193605,11,3,3020307,Buchholz,2019,4,19,2,3,2,6,0,0,1,0,1,0,0,0,7992272149,5837622208,1341977,5260602
193606,11,1,1011202,Unter den Linden Nord,2019,4,18,3,3,5,2,0,0,1,0,0,0,0,0,7977391048,5827587546,1338885,5251689
193607,11,1,1011101,StÅlerstra·e,2019,4,9,3,3,2,6,0,0,1,0,0,0,0,0,794558619,5826085973,1334079,5250516
193608,11,4,4041134,Bismarckallee,2019,4,16,5,3,2,6,0,0,1,0,0,0,0,0,7908572986,582436242,1328491,5249169
193609,11,3,3040512,Wilhelmsruh,2019,4,12,3,3,5,2,0,1,1,0,0,0,0,0,795821949,5835221284,1336748,5258636
193610,11,8,8020619,Buschkrugallee Nord,2019,4,17,3,3,6,3,0,0,1,1,0,0,0,0,8026154797,5820927092,1345445,5245451
193611,11,9,9051702,Bîlschestra·e,2019,4,11,1,3,2,6,0,0,1,0,0,0,0,0,8137357581,5821732686,1361833,5245546
193612,11,1,1022104,Emdener Stra·e,2019,4,17,3,3,6,4,0,1,0,1,0,0,0,0,7945953594,5828452249,1334342,5252635
193613,11,11,11051331,Karlshorst Nord,2019,4,20,2,2,6,4,2,0,1,1,0,0,0,0,8073161062,5824786772,1352697,5248648
193614,11,7,7070701,Kettinger Stra·e/Schillerstra·e,2019,4,10,2,3,5,2,0,1,0,0,0,1,0,0,7992547145,581624893,1340096,5241443
193615,11,2,2020204,Urbanstra·e,2019,4,17,3,3,2,6,0,1,1,0,0,0,0,0,797886542,5824886242,133886,524926
193616,11,4,4020311,Reichsstra·e,2019,4,13,7,2,5,3,0,0,1,0,1,0,0,0,7890106208,5827026172,1326009,5251655
193617,11,7,7040403,Manteuffelstra·e,2019,4,12,3,3,5,3,0,0,1,0,0,0,0,0,7974253103,5820942286,1337831,5245749
193618,11,1,1011302,Oranienburger Stra·e,2019,4,9,2,3,5,3,0,1,1,0,0,0,0,0,7985900176,582888668,1340252,5252807
193619,11,1,1033203,Humboldthain Nordwest,2019,4,18,3,3,2,6,0,1,1,0,0,0,0,0,7964515614,582995954,1337205,5253885
193620,11,4,4061757,Forst Grunewald,2019,4,1,1,2,9,1,2,0,0,0,1,0,0,0,7857746802,5825068402,1321086,5250071
193621,11,6,6040809,Thielallee,2019,4,12,3,3,5,3,0,0,1,0,1,0,0,0,7912081286,5819689592,1328598,5244961
193622,11,3,3061429,Greifswalder Stra·e,2019,4,14,4,3,2,2,0,0,1,0,0,0,0,0,8017046792,5830097633,134494,5253721
193623,11,10,10020413,Gut Hellersdorf,2019,4,9,2,3,5,3,0,1,1,0,0,0,0,0,811375439,5831553765,1359289,5254482
193624,11,8,8010404,Rixdorf,2019,4,11,3,3,6,4,0,0,1,1,0,0,0,0,8025678446,5823054332,1345568,524736
193625,11,8,8010118,Silbersteinstra·e,2019,4,1,7,3,1,6,2,1,1,0,0,0,0,0,8007732547,5822727992,1342905,5247167
193626,11,6,6020409,Kînigsberger Stra·e,2019,4,11,3,3,5,3,0,0,1,0,0,0,0,0,7940049187,5818143132,1332566,5243425
193627,11,5,5030730,Zitadellenweg,2019,4,8,2,3,1,5,0,0,1,0,0,0,1,0,7860494063,5829179258,1321843,5253742
193628,11,4,4020311,Reichsstra·e,2019,4,10,3,3,5,3,0,0,1,0,0,0,0,0,7893191483,5826829795,1326446,5251463
193629,11,7,7010102,Nollendorfplatz,2019,4,8,2,3,2,6,0,0,0,0,1,0,1,0,79595315,5825369649,1336064,5249798
193630,11,1,1011303,Alexanderplatzviertel,2019,4,18,3,2,5,2,1,1,1,0,0,0,0,0,7991118672,5828465953,1340981,5252401
193631,11,6,6010207,Mittelstra·e,2019,4,11,6,3,1,5,0,1,1,0,0,0,1,0,7939457622,5819587701,1332606,5244723
193632,11,1,1022102,Beusselkiez,2019,4,8,2,2,6,4,0,0,1,1,0,0,0,0,7934525371,5828523661,1332669,5252761