OBJECTID,LAND,BEZ,LOR,STRASSE,UJAHR,UMONAT,USTUNDE,UWOCHENTAG,UKATEGORIE,UART,UTYP1,ULICHTVERH,IstRad,IstPKW,IstFuss,IstKrad,IstGkfz,IstSonstige,USTRZUSTAND,LINREFX,LINREFY,XGCSWGS84,YGCSWGS84
193633,11,11,11030721,RÅdigerstra·e,2019,4,20,3,3,5,3,2,1,1,0,0,0,0,0,8056949833,5827907782,1350603,5251536
193634,11,4,4051652,Nikolsburger Platz,2019,4,10,3,3,2,7,0,1,0,0,0,0,1,0,7934481251,5824304447,1332291,5248979
193635,11,12,12214125,Waldidyll/Flughafensee,2019,4,20,5,3,5,3,2,0,1,0,0,0,0,0,7911320912,5833989038,1329737,5257785
193636,11,2,2050803,Stralauer Kiez,2019,4,8,2,3,2,6,0,1,0,0,0,0,0,0,8025144155,5826557014,1345808,5250503
193637,11,12,12103115,Breitkopfbecken,2019,4,21,3,3,5,2,2,0,1,0,0,0,0,0,7954804557,5833415283,1336085,5257036
193638,11,1,1011401,Invalidenstra·e,2019,4,12,1,3,0,1,0,1,0,0,0,0,0,0,7982116395,5829356587,1339738,5253249
193639,11,4,4030726,Droysenstra·e,2019,4,10,3,3,3,6,0,1,1,0,0,0,0,0,7920361492,5825773688,1330346,5250371
193640,11,9,9010402,Johannisthal Ost,2019,4,11,2,2,0,1,0,0,0,0,1,0,0,0,806379367,5819836918,1350867,5244264
193641,11,12,12214424,Scharnweberstra·e,2019,4,17,2,3,2,6,0,0,1,0,0,0,1,0,7926396501,5832795717,1331851,5256634
193642,11,12,12224230,Heiligensee,2019,4,9,3,3,3,6,0,0,1,0,0,0,0,0,7869689414,5838319123,1323986,5261888
193643,11,1,1011306,Heine-Viertel Ost,2019,4,19,6,3,2,6,0,1,1,0,0,0,0,0,8002114265,5826843577,1342451,5250887
193644,11,9,9010302,SpÑthsfelde,2019,3,18,1,3,5,3,0,0,1,0,0,0,0,0,803094187,5820940736,1346149,5245437
193645,11,7,7010104,Dennewitzplatz,2019,4,21,3,3,5,2,2,1,1,0,0,0,0,0,7963775754,5825236689,1336675,5249656
193646,11,1,1044101,Rehberge,2019,3,18,1,3,3,6,0,0,1,0,1,0,0,0,7936870594,5832191615,1333338,5256036
193647,11,5,5030832,Rohrdamm,2019,4,13,3,3,2,6,0,0,1,0,0,0,0,0,7894734467,5829287152,1326886,5253658
193648,11,1,1011302,Oranienburger Stra·e,2019,4,11,5,3,3,6,0,1,0,0,0,1,0,0,798845456,5828565208,1340599,5252505
193649,11,12,12301206,LÅbars,2019,3,17,1,3,5,2,0,1,0,0,0,0,0,0,7942072626,5838507077,1334664,5261669
193650,11,2,2050802,Boxhagener Platz,2019,4,22,3,3,5,7,2,1,1,0,0,0,0,0,802221186,5827333061,1345448,5251214
193651,11,12,12214125,Waldidyll/Flughafensee,2019,3,17,1,3,2,2,0,0,1,0,0,0,0,0,7911915785,5830904403,1329554,5255016
193652,11,1,1022206,LÅneburger Stra·e,2019,4,7,3,3,5,3,0,1,0,0,1,0,0,0,7961196284,5828435868,1336581,5252538
193653,11,9,9020502,Oberschîneweide Ost,2019,3,15,1,3,6,4,0,0,0,1,0,0,1,0,8071364147,5821887061,1352166,5246059
193654,11,7,7050503,Eisenacher Stra·e,2019,4,6,3,3,3,6,0,1,1,0,0,0,0,0,797966447,582045383,1338582,5245282
193655,11,12,12214527,Alt-Tegel,2019,4,14,6,3,2,7,0,0,1,0,1,0,0,0,790181307,5835149479,132844,5258876
193656,11,1,1011401,Invalidenstra·e,2019,3,13,1,3,5,2,0,1,1,0,0,0,0,0,7981144359,5829346758,1339595,5253246
193657,11,12,12214424,Scharnweberstra·e,2019,4,13,3,3,0,6,0,0,1,0,0,0,1,0,7933499062,5832401187,1332861,5256242
193658,11,3,3040818,Pankow SÅd,2019,4,17,3,2,5,3,0,0,1,0,0,0,0,0,8001885901,5834842371,134314,5258058
193659,11,10,10020415,Hellersdorfer Promenade,2019,4,17,5,3,6,4,0,0,1,1,0,0,0,0,8121666672,5831031303,1360403,5253969
193660,11,12,12214422,Klixstra·e,2019,3,16,1,3,3,6,0,0,1,0,0,0,0,0,7922178923,583372952,1331312,5257494
193661,11,6,6030501,Berlepschstra·e,2019,4,11,3,2,6,4,0,0,1,1,0,0,0,0,7877093991,5816953529,1323228,5242693
193662,11,1,1011203,Unter den Linden SÅd,2019,4,16,1,3,2,1,0,0,1,0,1,0,0,0,7981052862,582740696,1339407,5251507
193663,11,6,6010206,Stadtpark,2019,4,22,3,2,6,2,2,0,1,1,0,0,0,0,7947153906,5820068772,1333777,5245113
193664,11,4,4030931,Breitscheidplatz,2019,3,16,1,2,2,6,0,0,1,0,0,0,0,0,7940245071,5825930494,1333281,5250405
193665,11,3,3050923,Wei·enseer Spitze,2019,3,1,1,3,6,4,2,0,1,1,0,0,0,0,800294149,5832201773,1343056,5255685
193666,11,4,4051652,Nikolsburger Platz,2019,4,9,3,3,1,5,0,1,1,0,0,0,1,0,7934423269,5824131256,1332267,5248824
193667,11,5,5030832,Rohrdamm,2019,4,18,6,3,5,2,1,1,1,0,0,0,0,0,7899162313,582922382,1327532,5253578
193668,11,8,8010117,Schillerpromenade,2019,3,0,1,3,3,6,2,0,1,0,0,0,0,0,8005606233,5823299078,1342644,524769
193669,11,4,4041343,Binger Stra·e,2019,4,17,3,3,1,5,0,1,1,0,0,0,0,0,7927285228,5822835,1331105,52477
193670,11,5,5020419,Magistratsweg,2019,3,9,1,3,2,6,0,0,1,0,0,0,0,0,7819767862,5828460462,1315793,525331
193671,11,5,5020625,Borkumer Stra·e,2019,4,20,3,3,0,1,2,1,0,0,0,0,0,0,7846158185,5828385928,1319667,5253106
193672,11,8,8010509,Schulenburgpark,2019,4,15,5,3,6,4,0,0,1,1,0,0,0,0,8039266462,5822015214,1347468,5246353
193673,11,5,5020524,Weinmeisterhornweg,2019,3,11,1,3,5,3,0,1,1,0,0,0,0,0,782858378,5826852043,1316952,5251822
193674,11,1,1011202,Unter den Linden Nord,2019,4,17,3,3,0,1,0,1,0,0,0,0,0,0,7977299195,5828158655,1338923,5252202
193675,11,2,2050801,Traveplatz,2019,4,18,3,3,0,1,0,1,0,0,0,0,0,0,8021671524,582754299,1345387,5251406
193676,11,10,10010308,Marzahner Chaussee,2019,4,9,5,3,5,2,0,1,1,0,0,0,0,0,80668015,5829147225,1352165,5252592
193677,11,4,4030518,Tegeler Weg,2019,3,12,1,3,5,2,0,0,1,0,0,0,0,0,7913874637,5828587468,1329639,5252929
193678,11,3,3030406,Alt-Karow,2019,4,7,3,2,5,3,0,1,1,0,0,0,0,0,8032245867,5838598208,1347951,5261255
193679,11,7,7050503,Eisenacher Stra·e,2019,4,18,7,2,5,3,0,1,1,0,0,0,0,0,7994811328,5820508321,1340809,5245248
193680,11,7,7010104,Dennewitzplatz,2019,4,16,3,3,1,5,0,1,1,0,0,0,0,0,7963316984,5825121098,1336598,5249555
193681,11,1,1011102,Gro·er Tiergarten,2019,4,16,3,3,5,2,0,0,1,0,1,0,0,0,7965107689,5827614387,1337083,525178
193682,11,1,1011202,Unter den Linden Nord,2019,4,10,5,3,6,4,0,0,0,1,0,0,1,0,79769495,5827848279,1338844,5251925
193683,11,5,5020625,Borkumer Stra·e,2019,3,13,7,3,5,3,0,0,1,0,0,0,0,0,7845181025,5828638325,1319545,5253337
193684,11,9,9020701,Adlershof West,2019,4,16,3,3,5,2,0,1,1,0,0,0,0,0,8082537967,5818811915,1353522,524324
193685,11,1,1011302,Oranienburger Stra·e,2019,4,23,7,3,5,7,2,0,1,0,0,0,1,0,7990652353,5828982261,1340959,5252867
193686,11,7,7060601,Marienfelder Allee Nordwest,2019,4,16,3,3,0,6,0,0,1,0,0,0,1,0,7964210704,5816580246,1335971,5241894
193687,11,3,3020203,Blankenfelde,2019,3,15,7,3,5,3,0,1,1,0,0,0,0,0,7964940495,5839974964,1338163,5262861
193688,11,7,7040405,Rathaus Tempelhof,2019,4,15,3,3,5,2,0,1,1,0,0,0,0,0,7995873403,5820836566,1340994,5245537
193689,11,12,12103218,Teichstra·e,2019,3,15,7,3,1,1,0,0,1,0,0,1,0,0,7942769379,5832920202,133427,5256657
193690,11,11,11030721,RÅdigerstra·e,2019,4,15,3,2,6,4,0,0,1,1,0,0,0,0,8036708997,5828632259,1347696,5252298
193691,11,1,1011301,CharitÇviertel,2019,4,13,6,3,3,6,0,0,1,0,1,0,0,0,7968731741,5828871512,1337728,5252887
193692,11,4,4030518,Tegeler Weg,2019,4,14,3,2,6,4,0,0,1,1,0,0,0,0,7916160798,582795922,132992,5252353
193693,11,4,4030415,Schlo·garten,2019,4,14,3,3,2,6,0,0,1,0,1,0,0,0,7906653948,5827366854,1328471,5251873
193694,11,3,3061126,Arnimplatz,2019,3,14,7,3,5,3,0,1,0,0,0,0,0,0,7991832068,5831331857,1341344,5254966
193695,11,8,8010509,Schulenburgpark,2019,4,14,3,3,2,6,0,0,1,0,0,0,0,0,8036459863,5822288279,1347081,5246614
193696,11,7,7050503,Eisenacher Stra·e,2019,4,16,5,3,5,2,0,0,1,0,1,0,0,0,7981062261,5820487974,133879,5245305
193697,11,7,7040401,Neu-Tempelhof,2019,3,14,7,3,5,2,0,0,1,0,1,0,0,0,7971631618,5823809165,1337702,5248334
193698,11,12,12103219,SchÑfersee,2019,4,14,3,3,5,2,0,0,1,0,0,0,1,0,7956449498,5833009388,1336291,5256663
193699,11,11,11030721,RÅdigerstra·e,2019,4,17,1,2,5,7,0,0,1,0,1,0,0,0,8034493891,582861857,1347369,5252298
193700,11,1,1011303,Alexanderplatzviertel,2019,4,14,3,3,5,2,0,1,1,0,0,0,0,0,7991087869,582846604,1340977,5252402
193701,11,2,2040501,Barnimkiez,2019,4,7,5,3,6,4,0,0,1,1,0,0,0,0,8004948358,5828606774,1343026,5252452
193702,11,3,3020210,Herthaplatz,2019,3,14,7,3,2,2,0,0,1,0,0,0,0,0,7993155294,5835982128,1341958,5259127
193703,11,2,2020203,Viktoriapark,2019,4,13,3,3,0,1,0,1,0,0,0,0,1,0,7971466935,5824492513,1337739,5248947
193704,11,4,4051652,Nikolsburger Platz,2019,4,16,7,3,1,5,0,1,1,0,0,0,0,0,7934520574,5824383,1332303,5249049
193705,11,12,12214527,Alt-Tegel,2019,4,13,3,3,5,2,0,0,1,0,0,0,0,0,7899062212,5835692762,1328083,5259378
193706,11,7,7070705,Franziusweg/Rohrbachstra·e,2019,3,14,7,2,5,2,0,1,1,0,0,0,0,0,7985405011,5814419384,1338885,5239842
193707,11,3,3040614,Pankow Zentrum,2019,4,13,3,3,5,2,0,0,0,0,1,0,1,0,7994568781,5833930499,1341981,525728
193708,11,6,6020305,Gemeindepark Lankwitz,2019,3,13,7,2,0,5,0,0,0,0,1,0,1,0,7959946379,5817763885,133545,5242978
193709,11,7,7020203,Kaiser-Wilhelm-Platz,2019,4,13,3,3,1,5,0,1,1,0,0,0,0,0,7956596885,5824475521,1335553,5249013
193710,11,2,2010103,Moritzplatz,2019,4,7,6,3,0,2,0,1,1,0,0,0,0,0,7992293584,5825987368,1340931,5250173
193711,11,11,11030618,Fennpfuhl West,2019,3,13,7,3,1,5,0,0,1,0,0,0,0,0,8038246896,582897506,1347953,5252597
193712,11,11,11030720,Herzbergstra·e,2019,4,15,2,3,0,1,0,1,0,0,0,0,0,0,8044383892,5829083873,1348865,525266
193713,11,3,3071536,Teutoburger Platz,2019,4,23,2,3,5,2,2,1,0,0,0,0,0,0,7991484138,5829204802,1341102,5253062
193714,11,8,8030829,Gropiusstadt Nord,2019,3,13,7,3,2,6,0,0,1,0,0,0,0,0,8028537298,5818684186,1345592,5243427
193715,11,3,3010104,Lietzengraben,2019,4,15,2,3,2,6,0,0,1,0,0,0,0,0,8008370166,5838746425,1344449,5261521
193716,11,12,12214125,Waldidyll/Flughafensee,2019,3,13,7,2,5,3,0,1,1,0,0,0,0,0,7919081241,5831508141,1330661,5255519
193717,11,3,3040614,Pankow Zentrum,2019,4,15,2,3,6,2,0,0,1,1,0,0,0,0,7989157475,5833763205,134117,525716
193718,11,10,10020414,Helle Mitte,2019,4,16,6,2,6,4,0,0,1,1,0,0,0,0,8122078375,5830677245,136043,5253649
193719,11,10,10010102,Havemannstra·e,2019,3,12,7,3,6,4,0,0,1,1,0,0,0,0,8102034735,5833403617,1357739,5256207
193720,11,5,5010101,Hakenfelde Nord,2019,4,17,2,3,5,3,0,1,1,0,0,0,0,0,7852646124,5831584788,1320895,525594
193721,11,7,7040401,Neu-Tempelhof,2019,4,14,2,3,6,4,0,0,1,1,0,0,0,0,7972830273,5823252853,1337828,5247828
193722,11,12,12103115,Breitkopfbecken,2019,4,14,5,3,1,5,0,0,1,0,1,0,0,0,7953671514,5833921721,1335963,5257496
193723,11,2,2020203,Viktoriapark,2019,3,8,7,2,5,2,0,0,1,0,0,0,0,0,797122075,5823997437,1337658,5248505
193724,11,1,1022205,Zillesiedlung,2019,4,15,2,3,2,7,0,0,1,0,0,0,0,0,7955194884,5828343361,1335691,5252487
193725,11,3,3040614,Pankow Zentrum,2019,4,15,1,3,0,2,0,1,1,0,0,0,0,0,7999827569,5835096756,134286,5258297
193726,11,8,8010301,Reuterkiez,2019,4,8,2,3,5,3,0,1,1,0,0,0,0,0,800518654,5824464318,1342687,5248737
193727,11,12,12302108,MÑrkisches Zentrum,2019,3,8,7,3,1,1,0,0,1,0,0,0,0,0,7939966908,5836677648,1334191,5260041
193728,11,7,7040405,Rathaus Tempelhof,2019,3,7,7,2,6,2,0,0,0,1,0,0,1,0,7988951843,5821221509,1340013,524592
193729,11,4,4010101,Jungfernheide,2019,4,22,2,3,5,2,2,0,1,0,0,0,0,0,7912873535,5830682786,1329676,5254812
193730,11,6,6040701,Wannsee,2019,4,11,7,2,5,2,0,1,1,0,0,0,0,0,7794298994,5815040975,1310924,5241408
193731,11,3,3050925,Komponistenviertel Wei·ensee,2019,4,21,2,3,3,6,2,1,1,0,0,0,0,0,802268288,5831574409,1345902,5255013
193732,11,3,3061131,Falkplatz,2019,3,8,7,3,0,1,0,1,0,0,0,0,0,0,7988065504,583127655,1340785,5254937
193733,11,8,8020622,Parchimer Allee,2019,4,20,2,3,6,7,2,0,1,1,0,0,0,0,802005955,5820022601,1344469,5244674
193734,11,5,5020626,Adamstra·e,2019,3,13,7,3,0,1,0,0,0,0,1,0,0,0,7847685903,5827092844,1319781,5251938
193735,11,2,2010103,Moritzplatz,2019,4,20,2,3,6,2,2,0,1,1,0,0,0,0,7998432973,5825766272,1341813,5249941
193736,11,4,4051448,Schaperstra·e,2019,4,19,6,3,4,5,1,1,0,0,0,0,0,0,7942686378,5825046108,1333561,5249599
193737,11,7,7010102,Nollendorfplatz,2019,3,0,7,3,5,3,2,0,1,0,0,0,0,0,794957801,5825654373,1334627,5250107
193738,11,2,2010102,Mehringplatz,2019,4,20,2,3,2,6,2,0,1,0,1,0,0,0,7983659502,5825560792,1339625,5249838
193739,11,8,8010405,Hertzbergplatz,2019,4,19,2,3,2,7,1,0,1,0,1,0,0,0,8018052113,5823989635,1344534,5248241
193740,11,5,5010311,Eiswerder,2019,4,17,5,3,2,6,0,0,1,0,0,0,0,0,7862276428,5830462948,1322215,5254883
193741,11,2,2030302,Lausitzer Platz,2019,3,15,7,3,0,4,0,1,0,1,0,0,0,0,8007452632,5825821399,1343143,5249941
193742,11,1,1022206,LÅneburger Stra·e,2019,4,18,2,3,5,2,0,0,1,0,1,0,0,0,7961220213,5828428873,1336584,5252531
193743,11,4,4051655,Babelsberger Stra·e,2019,4,19,1,3,6,2,2,0,1,1,0,0,0,0,7940007785,5824043812,1333079,5248715
193744,11,11,11020514,Gro·e-Leege-Stra·e,2019,4,18,2,3,5,2,0,1,1,0,0,0,0,0,8045507888,5830582598,1349167,5253997
193745,11,11,11030619,Fennpfuhl Ost,2019,3,15,7,3,2,2,0,0,1,0,0,0,0,0,8035462607,5829751574,1347615,5253309
193746,11,9,9020802,Kîllnische Vorstadt,2019,4,17,2,3,2,6,0,0,1,0,0,1,0,0,8100401358,5819480675,1356203,5243739
193747,11,12,12304314,Ziekowstra·e/Freie Scholle,2019,4,12,5,3,5,2,0,0,1,0,0,0,1,0,7906839355,583538335,13292,5259059
193748,11,4,4030725,Amtsgerichtsplatz,2019,4,16,2,3,2,6,0,0,1,0,0,0,0,0,7913737673,5826081664,13294,5250683
193749,11,9,9041501,Altstadt Kietz,2019,3,15,7,3,5,3,0,1,1,0,0,0,0,0,8107946985,5820328302,1357388,5244455
193750,11,2,2020206,Graefekiez,2019,4,8,2,3,3,6,0,0,1,0,0,0,0,0,8000107501,5824455637,1341941,5248757
193751,11,3,3061332,Helmholtzplatz,2019,4,12,1,3,2,6,0,1,1,0,0,0,0,0,7993942247,5830824059,1341609,52545
193752,11,1,1011105,Nîrdlicher Landwehrkanal,2019,4,8,2,3,5,3,0,1,1,0,0,0,0,0,7966408219,582664978,1337188,5250908
193753,11,10,10020412,Alte Hellersdorfer Stra·e,2019,3,15,7,3,5,2,0,0,1,0,0,0,0,0,8113510449,5831955948,1359291,5254844
193754,11,2,2020206,Graefekiez,2019,3,16,7,3,5,7,0,0,1,0,0,0,0,0,8002839088,5824377608,1342335,5248672
193755,11,4,4030931,Breitscheidplatz,2019,4,8,2,3,5,2,0,1,0,0,1,0,0,0,7944650626,5825854221,1333921,5250313
193756,11,2,2050602,Samariterviertel,2019,4,14,7,3,0,3,0,0,1,0,1,0,0,0,8030015844,5828275934,134668,5252016
193757,11,3,3061228,Erich-Weinert-Stra·e,2019,4,8,2,3,2,6,0,0,1,0,0,0,0,0,8004640055,583078181,1343178,5254403
193758,11,9,9020601,Schnellerstra·e,2019,3,16,7,3,2,6,0,0,1,0,0,0,1,0,8059360095,5821845412,1350401,5246089
193759,11,9,9051801,Rahnsdorf/Hessenwinkel,2019,4,7,2,3,2,6,0,0,1,0,0,0,0,0,8191846136,5819992012,1369659,5243671
193760,11,1,1044202,Sparrplatz,2019,3,20,7,3,6,2,2,0,1,1,0,0,0,0,7948943661,5830254571,1334942,5254234
193761,11,2,2050802,Boxhagener Platz,2019,4,7,2,3,6,7,0,1,0,1,0,0,0,0,8021903607,5826878584,1345361,5250809
193762,11,11,11030618,Fennpfuhl West,2019,4,14,6,3,0,7,0,0,1,0,0,0,0,0,8026423177,5829357635,134625,5253006
193763,11,12,12302108,MÑrkisches Zentrum,2019,3,21,7,3,5,3,2,0,1,0,0,0,0,0,7944809087,5837096108,1334941,526039
193764,11,1,1011202,Unter den Linden Nord,2019,4,8,2,3,2,6,0,1,1,0,0,0,0,0,7972059045,5827497087,1338094,5251637
193765,11,3,3061227,Humannplatz,2019,4,9,2,3,5,3,0,0,1,0,0,0,0,0,8001127011,5831694542,1342744,525524
193766,11,7,7060602,Kirchstra·e,2019,4,17,5,2,0,7,0,1,0,0,0,0,0,0,7973251638,5817266872,1337357,524246
193767,11,1,1044103,Westliche MÅllerstra·e,2019,3,21,7,3,1,5,2,1,1,0,0,0,0,0,7947714841,5830388014,1334773,5254361
193768,11,2,2040701,Andreasviertel,2019,4,10,2,3,5,3,0,0,1,0,0,0,0,0,8005857312,582702555,1343017,5251029
193769,11,6,6020411,SchÅtte-Lanz-Stra·e,2019,4,18,7,3,6,4,0,0,1,1,0,0,0,0,793720043,5816402912,1331995,524188
193770,11,1,1011301,CharitÇviertel,2019,4,10,2,3,5,3,0,0,1,0,0,0,0,0,7969649112,582885581,1337861,5252868
193771,11,9,9010101,Elsenstra·e,2019,3,14,7,3,2,6,0,1,1,0,1,0,0,0,8024304446,5824668286,1345513,5248814
193772,11,2,2050801,Traveplatz,2019,3,21,7,3,0,7,2,1,0,0,0,0,0,0,8032076682,5826818079,134685,5250698
193773,11,4,4020311,Reichsstra·e,2019,4,10,2,3,5,3,0,0,1,0,0,0,0,0,7894900713,5826785036,1326693,5251414
193774,11,2,2010104,Wassertorplatz,2019,4,14,6,3,5,2,0,0,1,0,0,0,0,0,7990713187,5825609358,1340665,5249843
193775,11,10,10010308,Marzahner Chaussee,2019,4,11,2,3,2,6,0,0,1,0,0,0,0,0,8065248745,5829350305,1351955,5252782
193776,11,3,3061332,Helmholtzplatz,2019,3,20,7,3,0,1,2,1,0,0,0,0,0,0,7992589079,5830528125,1341383,5254242
193777,11,1,1022202,Heidestra·e,2019,4,12,2,3,2,6,0,0,1,0,1,0,0,0,795676849,5829721148,1336045,5253714
193778,11,4,4041137,Flinsberger Platz,2019,4,22,6,2,2,6,2,0,1,0,0,0,0,0,7918950435,5823949254,1329979,5248743
193779,11,8,8010213,Kîrnerpark,2019,4,13,2,3,6,7,0,0,1,1,0,0,0,0,8010488665,5822344462,1343275,5246808
193780,11,7,7020203,Kaiser-Wilhelm-Platz,2019,3,11,7,3,5,3,0,0,1,0,0,0,1,0,7959708943,5824531299,1336015,5249046
193781,11,5,5020625,Borkumer Stra·e,2019,4,12,2,3,5,3,0,0,1,0,0,0,0,0,7838149115,5828690411,1318515,525342
193782,11,2,2040703,Wriezener Bahnhof/Entwicklungsgebiet,2019,3,23,6,3,5,7,2,1,1,0,0,0,0,0,8017054775,5826158034,1344583,525019
193783,11,8,8010301,Reuterkiez,2019,4,12,2,3,2,2,0,0,1,0,0,0,1,0,8006668535,5824389872,1342898,5248662
193784,11,6,6010101,Fichtenberg,2019,4,11,5,3,5,2,0,0,1,0,0,0,0,0,793315148,5820744511,1331782,5245794
193785,11,2,2020206,Graefekiez,2019,3,9,6,3,1,7,0,0,1,0,0,0,0,0,7997267438,5824717269,1341547,5249007
193786,11,10,10030724,Oberfeldstra·e,2019,4,15,2,3,5,3,0,1,1,0,0,0,0,0,8085783683,5829002418,1354941,5252355
193787,11,3,3061332,Helmholtzplatz,2019,4,15,2,3,1,5,0,1,1,0,0,0,0,0,8000269729,5830790292,1342536,5254434
193788,11,2,2030402,Wrangelkiez,2019,4,10,5,3,2,6,0,0,1,0,1,0,0,0,8017922393,5825783079,1344677,5249849
193789,11,4,4041241,Breite Stra·e,2019,3,13,6,3,5,2,0,1,0,0,0,0,1,0,7912783815,5822043146,1328906,5247067
193790,11,11,11010204,Falkenberg Ost,2019,4,15,2,3,5,3,0,1,1,0,0,0,0,0,8069239717,5834059826,1352977,525698
193791,11,1,1022103,Westhafen,2019,4,19,7,3,5,3,1,0,1,0,0,0,0,0,7944226183,5829391563,1334172,5253486
193792,11,4,4041241,Breite Stra·e,2019,4,15,2,3,1,5,0,1,1,0,0,0,0,0,7915787929,5822623524,1329398,5247572
193793,11,7,7060604,Marienfelde SÅd,2019,3,12,6,3,2,2,0,0,1,0,0,0,0,0,7975980063,5815556343,1337605,5240912
193794,11,8,8010213,Kîrnerpark,2019,4,16,2,3,1,5,0,1,1,0,0,0,0,0,8009166356,5822459579,1343091,5246918
193795,11,7,7030301,Friedenau,2019,3,12,6,3,5,3,0,1,1,0,0,0,0,0,7942468671,5822018816,1333262,5246887
193796,11,8,8010301,Reuterkiez,2019,4,11,6,3,5,3,0,0,1,0,0,0,1,0,8005599954,5825043006,13428,5249254
193797,11,4,4020310,Park Ruhwald,2019,4,18,4,3,6,4,0,1,0,1,0,0,0,0,7903265635,5827297479,1327967,5251829
193798,11,2,2010104,Wassertorplatz,2019,4,15,5,3,5,2,0,0,1,0,0,0,0,0,7990675829,5825599892,1340659,5249835
193799,11,1,1033102,Gesundbrunnen,2019,4,13,1,3,6,4,0,0,1,1,0,0,0,0,7977092849,5831761627,1339215,5255432
193800,11,5,5040936,JÑgerallee,2019,4,15,4,2,0,2,0,0,0,0,0,0,1,0,7815582863,5819636169,1314432,5245419
193801,11,10,10040933,Mahlsdorf SÅd,2019,4,19,4,3,5,2,0,1,1,0,0,0,0,0,8124864973,5824890536,1360296,5248447
193802,11,4,4030827,Karl-August-Platz,2019,4,9,4,3,3,6,0,1,1,0,0,0,0,0,7926585954,5826096791,1331289,5250628
193803,11,1,1011401,Invalidenstra·e,2019,4,10,7,2,0,1,0,1,0,0,0,0,0,0,7982319458,5829359295,1339768,525325
193804,11,5,5010208,Germersheimer Platz,2019,4,17,6,3,5,2,0,1,0,0,0,0,1,0,7839813829,5830108287,1318881,5254683
193805,11,2,2050802,Boxhagener Platz,2019,4,15,6,3,6,7,0,1,0,1,0,0,0,0,8019749288,5826927588,1345049,5250865
193806,11,8,8010212,Rollberg,2019,4,16,6,3,2,6,0,0,1,0,0,0,0,0,8011575405,5823536887,1343542,5247871
193807,11,9,9041501,Altstadt Kietz,2019,4,13,6,3,0,7,0,1,0,0,0,0,0,0,8110542938,5820256887,1357762,5244377
193808,11,4,4030415,Schlo·garten,2019,4,14,6,3,2,6,0,0,1,0,0,0,0,0,7908082101,5827385079,1328683,5251882
193809,11,5,5010206,GÅtersloher Weg,2019,4,11,6,3,5,3,0,1,1,0,0,0,0,0,7821339344,582992189,1316148,5254612
193810,11,9,9051701,Hirschgarten,2019,4,10,6,2,0,6,0,0,1,0,1,0,0,0,8121927213,582135976,1359535,52453
193811,11,7,7040404,Marienhîhe,2019,4,8,6,3,9,1,0,0,1,0,0,0,0,0,7969176733,5820257804,1337025,5245163
193812,11,4,4030620,Alt-Lietzow,2019,4,9,6,3,5,7,0,0,1,0,0,0,0,0,7917831876,5827471407,1330123,5251907
193813,11,4,4030623,Ernst-Reuter-Platz,2019,4,12,6,3,3,6,0,0,1,0,1,0,0,0,7932616879,5826955057,133225,5251365
193814,11,5,5030731,Gartenfelder Stra·e,2019,4,14,6,3,2,2,0,0,1,0,0,0,0,0,787003184,5829462042,132327,5253945
193815,11,4,4041344,RÅdesheimer Platz,2019,4,14,6,3,0,1,0,1,0,0,0,0,0,0,792711171,5821801363,1330989,5246774
193816,11,4,4020204,OlympiagelÑnde,2019,4,11,6,3,0,1,0,0,0,0,1,0,0,0,7871122678,5826167416,1323145,5250986
193817,11,1,1011303,Alexanderplatzviertel,2019,4,16,6,3,6,2,0,1,0,1,0,0,0,0,7989563708,5827843358,1340697,5251852
193818,11,4,4020310,Park Ruhwald,2019,4,16,6,2,5,3,0,0,1,0,0,0,0,0,7898503949,5827403754,1327277,5251949
193819,11,7,7040401,Neu-Tempelhof,2019,4,14,4,2,5,3,0,1,1,0,0,0,0,0,797838339,5822536493,133858,5247156
193820,11,7,7030303,Grazer Platz,2019,4,17,6,3,3,2,0,1,0,0,0,0,1,0,7958920688,5820833479,1335572,5245735
193821,11,3,3061429,Greifswalder Stra·e,2019,4,17,6,2,1,5,0,1,1,0,0,0,0,0,8018739557,5830359741,1345212,5253947
193822,11,12,12214125,Waldidyll/Flughafensee,2019,4,18,6,3,2,6,0,0,1,0,0,0,0,0,7912059618,5830828227,1329569,5254947
193823,11,4,4030931,Breitscheidplatz,2019,4,20,6,3,2,6,2,0,1,0,0,0,0,0,7943994293,5825883582,1333827,5250343
193824,11,8,8010301,Reuterkiez,2019,4,17,6,3,5,7,0,0,1,0,0,0,0,0,8014590406,5823878483,1344015,524816
193825,11,4,4020313,Kînigin-Elisabeth-Stra·e,2019,4,18,6,3,0,1,0,1,0,0,0,0,0,0,790414909,5825962641,132798,5250627
193826,11,12,12214527,Alt-Tegel,2019,4,15,5,3,0,1,0,1,0,0,0,0,0,0,7904603261,583473495,1328814,5258489
193827,11,8,8010117,Schillerpromenade,2019,4,19,5,3,6,4,0,1,0,1,0,0,0,0,8006426455,5823060643,1342743,5247472
193828,11,1,1011101,StÅlerstra·e,2019,4,16,5,3,0,2,0,1,1,0,0,0,0,0,795258056,5826615301,1335153,5250952
193829,11,2,2010104,Wassertorplatz,2019,4,20,5,3,6,4,2,0,0,1,1,0,0,0,7997828324,582571602,134172,52499