OBJECTID,LAND,BEZ,LOR,STRASSE,UJAHR,UMONAT,USTUNDE,UWOCHENTAG,UKATEGORIE,UART,UTYP1,ULICHTVERH,IstRad,IstPKW,IstFuss,IstKrad,IstGkfz,IstSonstige,USTRZUSTAND,LINREFX,LINREFY,XGCSWGS84,YGCSWGS84
193830,11,9,9041601,MÅggelheim,2019,4,14,5,3,2,2,0,1,0,0,0,0,1,0,816417845,5817579791,1365374,524167
193831,11,12,12301203,Wittenau SÅd,2019,4,20,5,3,1,5,1,0,1,0,1,0,0,0,79295342,5835394873,1332542,5258947
193832,11,11,11041128,Sewanstra·e,2019,4,20,5,3,1,5,1,0,1,0,1,0,0,0,8067248294,5825651509,1351908,5249456
193833,11,9,9051901,Dammvorstadt,2019,4,14,5,3,5,5,0,1,1,0,0,0,0,0,8101169392,5821605098,1356513,5245638
193834,11,10,10020416,Bîhlener Stra·e,2019,4,5,5,3,5,7,0,0,1,0,1,0,0,0,8134414219,5831116771,1362284,5253972
193835,11,4,4030931,Breitscheidplatz,2019,4,20,5,2,5,7,0,0,1,0,1,0,0,0,793932868,5826057131,1333157,5250524
193836,11,6,6010209,Feuerbachstra·e,2019,4,19,5,3,5,3,1,1,1,0,0,0,0,0,7945538098,582139932,1333658,5246315
193837,11,10,10010203,Gewerbegebiet Bitterfelder Stra·e,2019,4,12,5,3,5,2,0,0,1,0,0,0,0,0,8076053616,5832376671,1353823,5255434
193838,11,8,8020625,Handwerker-Siedlung,2019,4,12,5,3,6,4,0,0,1,1,0,0,0,0,8023759257,5818955988,1344915,5243697
193839,11,1,1033102,Gesundbrunnen,2019,4,11,5,3,6,7,0,0,0,1,0,0,1,0,797128322,583182611,1338367,5255522
193840,11,2,2030301,Oranienplatz,2019,4,19,5,3,5,3,0,1,1,0,0,0,0,0,8001184228,5825756993,1342216,5249918
193841,11,6,6020409,Kînigsberger Stra·e,2019,4,19,5,3,2,6,1,0,1,0,0,0,0,0,7930912876,5816614941,1331092,5242104
193842,11,2,2050601,Hausburgviertel,2019,4,18,5,3,6,2,0,0,1,1,0,0,0,0,8018892795,5828453941,1345062,5252238
193843,11,4,4051655,Babelsberger Stra·e,2019,4,18,5,3,5,3,0,1,1,0,0,0,0,0,7941853726,5823227397,1333278,5247973
193844,11,2,2050601,Hausburgviertel,2019,4,18,5,3,5,2,0,1,1,0,0,0,0,0,8018657288,5828983034,1345075,5252713
193845,11,1,1011302,Oranienburger Stra·e,2019,4,10,5,3,4,6,0,1,0,0,0,0,1,0,7983320689,5828366856,1339827,5252355
193846,11,12,12302110,Dannenwalder Weg,2019,4,8,5,3,5,2,0,1,1,0,0,0,0,0,794819992,5836297618,133537,5259656
193847,11,1,1022204,Thomasiusstra·e,2019,4,7,5,3,1,5,0,1,1,0,0,0,0,0,7950209757,5828260299,1334951,525244
193848,11,5,5010314,Carl-Schurz-Stra·e,2019,4,5,5,3,2,7,0,0,0,0,1,0,1,0,784866796,5829227986,1320108,5253848
193849,11,12,12103115,Breitkopfbecken,2019,4,12,5,3,5,2,0,0,1,0,0,0,0,0,7953382143,5833841185,1335914,5257425
193850,11,5,5030730,Zitadellenweg,2019,4,12,5,3,2,6,0,0,1,0,0,0,0,0,7866436379,582924132,1322722,5253766
193851,11,1,1011301,CharitÇviertel,2019,4,11,5,3,0,1,0,1,0,0,0,0,0,0,7972258584,582907062,1338264,5253047
193852,11,6,6030609,Augustaplatz,2019,4,4,5,3,1,1,2,1,1,0,0,0,0,0,7929930479,581967458,1331216,5244852
193853,11,3,3030715,Heinersdorf,2019,4,17,5,3,5,2,0,0,1,0,1,0,0,0,8011709737,5833190975,1344436,5256523
193854,11,1,1033102,Gesundbrunnen,2019,4,17,5,3,2,6,0,0,1,0,0,0,0,0,7970046179,5831478192,1338154,5255217
193855,11,1,1011103,LÅtzowstra·e,2019,4,16,5,3,0,6,0,0,1,0,0,0,1,0,7952900221,5826132728,1335158,5250518
193856,11,9,9010101,Elsenstra·e,2019,4,16,5,3,5,2,0,1,1,0,0,0,0,0,8023264527,5825310554,1345419,5249396
193857,11,1,1011201,Wilhelmstra·e,2019,4,15,5,3,5,3,0,1,1,0,0,0,0,0,7971577267,5826452482,133793,5250703
193858,11,4,4051448,Schaperstra·e,2019,4,15,5,3,2,2,0,0,1,0,0,0,1,0,7934735461,5824731684,1332366,524936
193859,11,5,5010311,Eiswerder,2019,4,15,5,3,2,6,0,0,1,0,0,0,0,0,7852170001,5831058045,132078,525547
193860,11,4,4051549,Rathaus Wilmersdorf,2019,4,15,5,3,5,7,0,0,1,0,0,0,0,0,7933160111,5823617992,1332036,524837
193861,11,5,5020523,Maulbeerallee,2019,4,14,5,3,5,3,0,0,1,0,0,0,0,0,7827970484,5827821202,1316945,5252694
193862,11,7,7040405,Rathaus Tempelhof,2019,4,14,5,3,5,2,0,0,1,0,0,0,0,0,79913116,582171284,1340403,5246347
193863,11,10,10030724,Oberfeldstra·e,2019,4,17,4,3,2,3,0,1,1,0,0,0,0,0,8096379877,5829697958,1356562,5252918
193864,11,6,6040810,Dahlem,2019,4,17,4,3,1,1,0,1,1,0,0,0,0,0,792132057,5821042948,1330072,5246125
193865,11,1,1044201,Reinickendorfer Stra·e,2019,4,9,4,3,3,6,0,0,1,0,0,1,0,0,796554672,5831927042,1337532,5255644
193866,11,1,1011302,Oranienburger Stra·e,2019,4,12,4,3,6,7,0,0,1,1,0,0,0,0,7983410118,5828577825,1339859,5252544
193867,11,1,1033102,Gesundbrunnen,2019,4,19,4,3,0,1,0,0,1,0,1,0,0,0,7976476274,5831884789,1339136,5255546
193868,11,1,1011401,Invalidenstra·e,2019,4,23,4,3,1,5,2,1,1,0,0,0,0,0,7977298446,5829250077,1339021,525318
193869,11,6,6020409,Kînigsberger Stra·e,2019,4,23,4,3,8,1,2,0,1,0,0,0,0,0,7932946211,5817692842,1331484,524306
193870,11,3,3040512,Wilhelmsruh,2019,4,22,4,3,5,3,2,0,1,0,0,0,0,0,7959690776,5835562637,1336995,5258934
193871,11,6,6040701,Wannsee,2019,4,22,4,3,0,1,2,1,0,0,0,0,0,0,7828298901,5817441992,1316113,5243386
193872,11,5,5020415,Isenburger Weg,2019,4,22,4,2,5,3,2,0,1,0,0,0,1,0,780036557,5829199348,1313002,5254072
193873,11,12,12302109,Treuenbrietzener Stra·e,2019,4,20,4,3,6,7,1,0,1,1,0,0,0,0,7949688251,5836428042,13356,5259764
193874,11,4,4020314,MessegelÑnde,2019,4,20,4,3,3,2,2,0,0,0,1,1,0,0,79038303,5825664354,1327908,5250362
193875,11,5,5010312,Kurstra·e,2019,4,18,4,3,2,6,0,0,1,0,0,0,0,0,7854333284,5829253368,1320943,5253841
193876,11,1,1044103,Westliche MÅllerstra·e,2019,4,11,4,3,1,7,0,1,1,0,0,0,0,0,7949737022,5831001123,1335125,5254899
193877,11,9,9020802,Kîllnische Vorstadt,2019,4,10,4,3,5,3,0,1,1,0,0,0,0,0,8102578182,5820349139,1356603,5244505
193878,11,7,7070701,Kettinger Stra·e/Schillerstra·e,2019,4,10,4,3,5,2,0,0,1,0,0,0,0,0,7992610663,5816265428,1340106,5241457
193879,11,3,3071638,Winsstra·e,2019,4,10,4,3,3,6,0,1,1,0,0,0,0,0,7996715188,5829003721,1341852,5252853
193880,11,4,4030931,Breitscheidplatz,2019,4,17,4,3,6,7,0,1,0,0,0,0,1,0,7940911486,5825975756,1333382,5250442
193881,11,5,5030833,Motardstra·e,2019,4,9,4,3,2,6,0,0,1,0,0,0,1,0,7880634283,5829187952,1324805,5253644
193882,11,9,9010301,Baumschulenstra·e,2019,4,9,4,3,5,3,0,1,1,0,0,0,0,0,8050915655,5822807704,134925,5246999
193883,11,2,2030301,Oranienplatz,2019,4,9,4,3,6,4,0,1,0,1,0,0,0,0,8000087156,5825473508,134203,524967
193884,11,2,2050801,Traveplatz,2019,4,9,4,3,3,6,0,1,0,0,1,0,0,0,8024480545,582741509,1345788,5251275
193885,11,5,5020625,Borkumer Stra·e,2019,4,8,4,3,2,6,0,0,1,0,0,0,0,0,7837053133,5828528589,131834,5253281
193886,11,3,3050920,Wei·er See,2019,4,8,4,3,5,3,0,0,1,0,0,0,1,0,8021855057,583242173,1345858,5255777
193887,11,5,5010101,Hakenfelde Nord,2019,4,16,4,3,6,7,0,0,1,1,0,0,0,0,7856627132,5831751841,1321495,5256069
193888,11,3,3020209,Niederschînhausen,2019,4,7,4,3,0,3,0,0,1,0,1,0,0,0,7978725035,5836024766,1339838,5259245
193889,11,1,1044201,Reinickendorfer Stra·e,2019,4,12,4,3,5,3,0,1,1,0,0,0,0,0,796218369,5831514633,1337001,5255292
193890,11,11,11030721,RÅdigerstra·e,2019,4,9,4,2,5,3,0,0,1,0,1,0,0,0,8048388951,5827755761,1349332,5251448
193891,11,3,3040512,Wilhelmsruh,2019,4,13,4,3,8,1,0,0,1,0,0,0,0,0,7970923363,5835720109,1338663,5259014
193892,11,1,1044103,Westliche MÅllerstra·e,2019,4,13,4,3,6,4,0,1,0,1,0,0,0,0,7948614129,5830994969,1334959,52549
193893,11,11,11010102,Dorf Wartenberg,2019,4,14,4,3,2,2,0,1,1,0,0,0,0,0,806143781,5834855405,1351903,5257737
193894,11,10,10040933,Mahlsdorf SÅd,2019,4,14,4,3,5,3,0,0,1,0,0,1,0,0,8116837195,5824681056,1359098,5248306
193895,11,9,9041601,MÅggelheim,2019,4,15,4,3,4,6,0,0,1,0,0,1,0,0,8187279335,5818694854,1368866,5242535
193896,11,7,7040401,Neu-Tempelhof,2019,4,15,4,3,2,6,0,0,1,0,0,0,0,0,797461589,5823763466,1338136,5248276
193897,11,4,4051445,Eisenzahnstra·e,2019,4,15,4,3,5,3,0,0,1,0,1,0,0,0,7923147918,5824573167,133065,524928
193898,11,1,1011302,Oranienburger Stra·e,2019,4,15,4,3,5,2,0,1,1,0,0,0,0,0,7979901738,5828910737,1339373,5252861
193899,11,5,5030731,Gartenfelder Stra·e,2019,4,15,4,3,1,5,0,0,1,0,1,0,0,0,7875543244,582943591,1324078,5253893
193900,11,5,5010206,GÅtersloher Weg,2019,4,16,4,2,2,1,0,0,1,0,1,0,0,0,7817838897,583063881,1315694,5255273
193901,11,2,2050803,Stralauer Kiez,2019,4,16,4,3,0,5,0,1,1,0,0,0,0,0,8032347822,5826322504,1346845,5250252
193902,11,3,3071536,Teutoburger Platz,2019,4,16,4,3,6,4,0,1,0,1,0,0,0,0,7989971663,5830065102,1340957,5253841
193903,11,9,9051901,Dammvorstadt,2019,4,16,4,3,2,6,0,0,0,0,1,0,1,0,811136233,582157568,1358005,5245554
193904,11,8,8020620,Tempelhofer Weg,2019,4,16,4,2,2,1,0,0,1,0,0,0,0,0,8012910629,5820456174,134346,5245102
193905,11,3,3050924,Behaimstra·e,2019,4,16,4,3,0,1,0,1,0,0,0,0,0,0,8012375179,5831577507,1344387,5255073
193906,11,5,5020628,Graetschelsteig,2019,4,11,4,2,0,7,0,0,1,0,0,0,0,0,7841309891,5827301091,1318861,5252158
193907,11,2,2010103,Moritzplatz,2019,4,16,3,3,0,5,0,0,1,0,1,0,0,0,7986055167,5825607377,1339981,5249867
193908,11,2,2050601,Hausburgviertel,2019,4,15,3,3,5,2,0,1,1,0,0,0,0,0,8018703225,5829009039,1345084,5252736
193909,11,2,2050801,Traveplatz,2019,4,18,3,3,5,3,0,0,1,0,0,0,0,0,8030570611,5827448395,1346686,5251271
193910,11,9,9041501,Altstadt Kietz,2019,4,11,3,3,5,3,0,1,0,0,0,0,1,0,8110553733,582031073,1357769,5244425
193911,11,2,2020203,Viktoriapark,2019,4,9,3,3,5,2,0,1,1,0,0,0,0,0,7978147878,5824933508,1338759,5249306
193912,11,2,2020206,Graefekiez,2019,4,10,3,3,2,6,0,1,1,0,0,0,0,0,799990001,5824728659,1341935,5249003
193913,11,1,1011301,CharitÇviertel,2019,4,9,3,3,5,2,0,1,1,0,0,0,0,0,7975505191,5828717526,1338709,5252712
193914,11,1,1033102,Gesundbrunnen,2019,4,8,3,3,6,6,0,1,0,1,0,0,0,0,7977199416,5831257736,1339186,525498
193915,11,1,1011202,Unter den Linden Nord,2019,4,17,3,3,0,7,0,0,0,0,1,0,0,0,7975294644,5827886581,1338604,5251969
193916,11,12,12214424,Scharnweberstra·e,2019,4,20,3,3,2,6,2,0,1,0,0,0,0,0,7929178099,5832171397,1332205,5256059
193917,11,11,11040926,Weitlingstra·e,2019,4,19,3,3,5,2,1,1,1,0,0,0,0,0,8066849851,5826907683,1351966,5250584
193918,11,2,2020206,Graefekiez,2019,4,10,3,3,6,4,0,1,0,1,0,0,0,0,8002768459,5824801021,1342363,5249052
193919,11,12,12214421,Reinickes Hof,2019,4,18,3,3,3,6,0,0,1,0,0,0,0,0,7935379091,5834125324,133329,5257778
193920,11,5,5010312,Kurstra·e,2019,4,7,3,3,2,6,0,0,1,0,0,0,0,0,7854315019,5829253576,1320941,5253841
193921,11,10,10020414,Helle Mitte,2019,4,18,3,3,4,5,0,0,1,0,1,0,0,0,8120381429,5830889431,1360201,5253849
193922,11,8,8010117,Schillerpromenade,2019,4,18,3,3,5,3,0,1,1,0,0,0,0,0,8003994711,5823335403,1342411,5247732
193923,11,2,2040503,Richard-Sorge-Viertel,2019,4,6,3,3,5,3,0,0,0,0,1,0,1,0,8017237065,582812918,1344789,5251956
193924,11,7,7030301,Friedenau,2019,4,18,3,3,2,6,0,0,1,0,0,0,0,0,79395205,5822236749,1332848,5247098
193925,11,7,7010101,Wittenbergplatz/Viktoria-Luise-Platz,2019,4,9,3,3,5,2,0,1,1,0,0,0,0,0,7947823337,5825696723,1334373,5250155
193926,11,2,2010101,Askanischer Platz,2019,4,8,3,3,2,6,0,0,1,0,0,0,0,0,7977700399,5826028043,1338791,525029
193927,11,3,3061430,Volkspark Prenzlauer Berg,2019,4,3,3,2,5,2,2,0,1,0,1,0,0,0,8021840535,5829413744,1345582,5253081
193928,11,12,12302110,Dannenwalder Weg,2019,4,9,3,3,0,2,0,0,1,0,0,0,1,0,794902641,5836310745,1335492,5259663
193929,11,2,2030401,Reichenberger Stra·e,2019,4,22,3,3,0,6,2,0,1,0,1,0,0,0,8001340131,5825397945,1342207,5249595
193930,11,8,8010117,Schillerpromenade,2019,4,21,3,3,5,2,2,1,1,0,0,0,0,0,8006227614,5823114628,1342719,5247522
193931,11,7,7030301,Friedenau,2019,4,17,3,3,1,5,0,1,1,0,0,0,0,0,7934819515,582213745,1332149,5247034
193932,11,9,9010401,Johannisthal West,2019,4,16,3,3,3,6,0,0,1,0,1,0,0,0,8063406309,5820990562,1350916,52453
193933,11,4,4051448,Schaperstra·e,2019,4,16,3,3,1,5,0,1,1,0,0,0,0,0,7942505038,5825274788,1333555,5249805
193934,11,7,7050505,Hundsteinweg,2019,4,15,3,2,4,6,0,0,1,0,0,0,0,0,7993733481,581904875,134052,5243946
193935,11,6,6010205,SÅdende,2019,4,14,3,3,3,6,0,0,1,0,0,1,0,0,7962419056,581964087,1335979,5244647
193936,11,9,9020802,Kîllnische Vorstadt,2019,4,11,3,3,6,2,0,0,1,1,0,0,0,0,8097894637,5820505079,135593,5244671
193937,11,5,5020626,Adamstra·e,2019,4,11,3,3,2,6,0,0,1,0,0,0,0,0,7833477053,5827675091,1317742,5252534
193938,11,2,2030401,Reichenberger Stra·e,2019,4,23,3,3,0,1,2,0,0,0,1,0,0,0,8014982912,5825260242,1344198,5249397
193939,11,8,8010301,Reuterkiez,2019,4,14,2,3,1,5,0,1,0,0,0,0,1,0,8004501554,5824498861,134259,5248772
193940,11,1,1022206,LÅneburger Stra·e,2019,4,13,4,2,6,4,0,0,1,1,0,0,0,0,796333491,5828573513,1336908,5252649
193941,11,4,4030623,Ernst-Reuter-Platz,2019,4,8,4,3,2,6,0,0,1,0,0,0,0,0,7933128539,5827204277,1332347,5251585
193942,11,11,11030618,Fennpfuhl West,2019,4,15,2,3,6,7,0,0,0,1,0,0,1,0,8038496385,582880557,1347974,5252444
193943,11,1,1011306,Heine-Viertel Ost,2019,4,6,2,3,5,3,0,1,1,0,0,0,0,0,7997784163,582656025,1341789,5250657
193944,11,10,10030727,Biesdorf SÅd,2019,4,5,2,3,5,3,1,1,1,0,0,0,0,0,8095899459,582505692,135606,5248761
193945,11,2,2020205,Chamissokiez,2019,4,17,2,3,1,5,0,1,0,0,0,0,1,0,7980452317,5824557288,1339064,5248956
193946,11,4,4051448,Schaperstra·e,2019,4,18,2,3,5,2,0,0,1,0,1,0,0,0,7942296395,582540859,1333536,5249926
193947,11,2,2020204,Urbanstra·e,2019,4,19,2,3,2,6,0,1,1,0,0,0,0,0,7983289671,5825315109,1339548,524962
193948,11,9,9010301,Baumschulenstra·e,2019,4,19,2,3,6,2,0,0,1,1,0,0,0,0,8050244499,5822715671,1349143,524692
193949,11,3,3040513,Schînholz,2019,4,18,2,3,5,3,0,1,1,0,0,0,0,0,7974129109,5833971188,1338978,5257429
193950,11,8,8020728,Buckow Ost,2019,4,18,2,2,6,4,0,0,1,1,0,0,0,0,8024787077,581700317,134489,5241941
193951,11,8,8020619,Buschkrugallee Nord,2019,4,16,2,3,5,2,0,1,1,0,0,0,0,0,8025378709,5820721881,1345313,5245271
193952,11,8,8010213,Kîrnerpark,2019,4,16,2,3,0,5,0,0,1,0,1,0,0,0,8009612436,5822392771,134315,5246856
193953,11,2,2030302,Lausitzer Platz,2019,4,9,4,3,3,6,0,1,0,0,0,1,0,0,8014458618,5826052327,1344193,5250109
193954,11,8,8020625,Handwerker-Siedlung,2019,4,14,2,3,5,3,0,1,1,0,0,0,0,0,8014637502,5817983026,134349,5242876
193955,11,7,7030301,Friedenau,2019,4,16,2,3,5,3,0,0,1,0,0,0,0,0,7936410081,5822508667,1332416,5247358
193956,11,5,5010311,Eiswerder,2019,4,15,2,3,2,6,0,0,1,0,0,0,0,0,7861826423,5831235323,1322216,5255578
193957,11,1,1011204,Leipziger Stra·e,2019,4,15,2,3,5,2,0,0,1,0,1,0,0,0,7988707025,5827372333,1340529,5251434
193958,11,10,10010309,Springpfuhl,2019,4,15,2,2,6,4,0,0,0,1,0,0,1,0,8079513881,5829207716,1354038,5252574
193959,11,5,5020627,Tiefwerder,2019,4,14,2,3,2,6,0,0,1,0,0,0,0,0,7853826842,5828156014,1320775,5252859
193960,11,9,9041601,MÅggelheim,2019,4,13,2,3,5,3,0,0,1,0,0,0,0,0,8165036624,5816939756,1365439,5241092
193961,11,7,7050505,Hundsteinweg,2019,4,12,2,3,3,6,0,0,1,0,0,0,0,0,7993986105,5819046797,1340557,5243943
193962,11,9,9041501,Altstadt Kietz,2019,4,8,2,3,5,2,0,1,1,0,0,0,0,0,8113906154,582016135,1358247,5244272
193963,11,2,2010102,Mehringplatz,2019,4,9,2,3,5,3,0,1,1,0,0,0,0,0,7979129552,5826214131,1339018,5250449
193964,11,8,8041040,Waltersdorfer Chaussee Ost,2019,4,9,2,3,2,6,0,0,1,0,0,0,0,0,8063745614,5817145481,1350614,5241852
193965,11,9,9051901,Dammvorstadt,2019,4,11,2,3,5,3,0,1,1,0,0,0,0,0,8108045122,5820796285,1357446,5244874
193966,11,8,8040933,Vogelviertel SÅd,2019,4,10,2,3,5,3,0,1,1,0,0,0,0,0,8030046459,5819357755,1345874,5244023
193967,11,7,7040401,Neu-Tempelhof,2019,4,10,2,3,5,2,0,1,1,0,0,0,0,0,797194799,582367427,1337736,5248211
193968,11,2,2020205,Chamissokiez,2019,4,11,2,3,1,5,0,0,1,0,1,0,0,0,7982668975,5824589197,1339392,5248973
193969,11,2,2030401,Reichenberger Stra·e,2019,4,11,2,3,0,3,0,0,1,0,0,0,1,0,8010340495,5825237639,1343514,5249402
193970,11,9,9030901,Dorf Altglienicke,2019,4,12,2,3,2,6,0,0,1,0,0,0,0,0,8076972892,5817812568,1352614,5242376
193971,11,1,1011401,Invalidenstra·e,2019,4,12,2,3,0,1,0,1,0,0,0,0,0,0,7983055458,582937333,1339878,5253259
193972,11,7,7010104,Dennewitzplatz,2019,4,12,1,3,2,7,0,0,1,0,0,0,0,1,7960005592,5825140378,1336113,524959
193973,11,6,6030504,Teltower Damm,2019,4,11,1,3,5,3,0,0,1,0,0,0,0,1,7903874248,5817150766,1327173,5242729
193974,11,4,4041136,Hagenplatz,2019,4,11,1,3,5,3,0,0,1,0,0,0,0,1,7902791244,5823331291,1327552,5248276
193975,11,3,3030406,Alt-Karow,2019,4,11,1,3,5,3,0,0,1,0,0,0,0,1,8028689469,5838271633,1347397,5260983
193976,11,9,9010101,Elsenstra·e,2019,4,9,1,3,5,3,0,0,1,0,0,0,0,1,8023200702,5825532617,1345429,5249595
193977,11,10,10020412,Alte Hellersdorfer Stra·e,2019,4,5,1,3,1,5,1,0,1,0,0,0,1,1,811299889,5831631523,1359185,5254556
193978,11,9,9041301,Kietzer Feld/Nachtheide,2019,4,16,1,2,5,2,0,0,1,0,0,0,0,0,8123922855,5819585744,1359662,5243699
193979,11,4,4030725,Amtsgerichtsplatz,2019,4,16,1,2,5,2,0,0,1,0,1,0,0,0,7919877406,5825969797,1330292,525055
193980,11,5,5010103,Amorbacher Weg,2019,4,20,1,3,1,5,2,1,1,0,0,0,0,0,7845792585,5831845193,131991,5256209
193981,11,6,6040804,Krumme Lanke,2019,4,22,1,3,5,3,2,0,1,0,1,0,0,0,7874779025,5817705235,1322953,524338
193982,11,6,6030610,Lichterfelde West,2019,4,10,7,3,3,6,0,0,1,0,0,0,0,0,792949596,5817756808,1330984,5243135
193983,11,8,8010301,Reuterkiez,2019,4,15,7,3,3,6,0,0,1,0,0,0,0,0,8005871654,58244298,1342785,5248702
193984,11,4,4030931,Breitscheidplatz,2019,4,18,7,3,1,5,0,1,1,0,0,0,0,0,7943514311,5825641876,1333735,5250129
193985,11,1,1022204,Thomasiusstra·e,2019,4,22,7,2,5,2,2,1,1,0,0,0,0,0,794803999,5828308464,1334636,5252495
193986,11,1,1011302,Oranienburger Stra·e,2019,4,19,7,3,5,2,0,1,1,0,0,0,0,0,798964405,5828777155,1340793,5252688
193987,11,3,3071633,ThÑlmannpark,2019,4,18,7,3,5,3,0,0,1,0,0,0,0,0,8001226702,5830636664,1342663,5254291
193988,11,8,8010118,Silbersteinstra·e,2019,4,18,7,3,5,3,0,0,1,0,0,0,0,0,8011238548,5821899348,1343344,5246405
193989,11,7,7030301,Friedenau,2019,4,16,7,3,6,4,0,0,1,1,0,0,0,0,7947063405,582278853,1334004,5247552
193990,11,6,6010206,Stadtpark,2019,4,14,7,3,1,5,0,1,1,0,0,0,0,0,7946378698,5820070402,1333664,5245119
193991,11,11,11030720,Herzbergstra·e,2019,4,13,7,3,2,6,0,0,1,0,0,0,0,0,8061377213,5830159968,1351461,525353
193992,11,4,4030931,Breitscheidplatz,2019,4,12,7,2,6,4,0,0,1,1,0,0,0,0,7944056665,5825735866,1333823,525021
193993,11,10,10020414,Helle Mitte,2019,4,12,7,3,2,4,0,0,1,1,0,0,0,0,8121857041,5830937899,1360422,5253884
193994,11,3,3010102,Buch,2019,4,11,7,3,5,3,0,1,1,0,0,0,0,0,8042131719,5841142405,1349641,526348
193995,11,1,1022206,LÅneburger Stra·e,2019,4,10,7,2,6,4,0,0,1,1,0,0,0,0,7964145701,5828590914,1337028,5252661
193996,11,1,1022201,Stephankiez,2019,4,0,7,3,4,6,2,0,1,0,0,0,0,0,7959524124,5828785827,1336367,5252861
193997,11,7,7030301,Friedenau,2019,4,10,6,3,6,4,0,0,1,1,0,0,0,0,7937735122,5822833089,1332639,5247642
193998,11,7,7040404,Marienhîhe,2019,4,14,6,3,5,5,0,0,1,0,0,0,0,0,7974103941,5820424514,1337763,5245286
193999,11,4,4010101,Jungfernheide,2019,4,14,6,3,5,2,0,0,1,0,1,0,0,0,7912486015,5829731165,1329535,5253961
194000,11,5,5010314,Carl-Schurz-Stra·e,2019,4,11,4,3,0,2,0,0,1,0,0,0,1,0,7848377182,5829252791,1320067,5253871
194001,11,12,12304313,Borsigwalde,2019,4,14,6,2,5,3,0,0,1,0,1,0,0,0,7916583056,5834488165,1330556,5258204
194002,11,12,12214424,Scharnweberstra·e,2019,4,13,6,3,1,5,0,0,1,0,0,0,1,0,793550331,5832378687,1333153,5256211
194003,11,8,8020625,Handwerker-Siedlung,2019,4,11,6,3,5,3,0,1,1,0,0,0,0,0,8014138011,5819158711,1343523,5243932
194004,11,1,1033102,Gesundbrunnen,2019,4,11,6,3,5,3,0,1,1,0,0,0,0,0,7971409446,5831804109,1338383,5255501
194005,11,11,11030721,RÅdigerstra·e,2019,4,10,6,3,5,2,0,1,1,0,0,0,0,0,8037917288,5827706607,1347789,5251462
194006,11,4,4020313,Kînigin-Elisabeth-Stra·e,2019,4,9,6,3,3,6,0,0,1,0,0,0,1,0,7902279336,5826074817,1327715,5250738
194007,11,3,3040818,Pankow SÅd,2019,4,8,6,3,1,5,0,1,1,0,0,0,0,0,7996995862,583253657,1342212,5256018
194008,11,1,1011203,Unter den Linden SÅd,2019,4,8,6,3,3,6,0,1,0,0,0,1,0,0,7975656405,5827415109,1338615,5251544
194009,11,1,1011103,LÅtzowstra·e,2019,4,12,6,3,2,1,0,0,1,0,1,0,0,0,7959266537,5825636435,1336049,5250039
194010,11,8,8041038,Wa·mannsdorfer Chaussee,2019,4,7,6,3,5,3,0,1,1,0,0,0,0,0,805654693,5816444725,1349494,5241265
194011,11,2,2020204,Urbanstra·e,2019,4,13,6,3,2,6,0,0,1,0,0,0,1,0,7979344475,5824873718,133893,5249246
194012,11,12,12301203,Wittenau SÅd,2019,4,10,6,3,5,2,0,0,1,0,0,0,1,0,7934992482,5836110987,1333409,525956
194013,11,1,1011203,Unter den Linden SÅd,2019,4,8,6,3,5,3,0,1,1,0,0,0,0,0,7977619341,5827442915,1338906,5251558
194014,11,9,9041501,Altstadt Kietz,2019,4,8,6,2,6,4,0,0,1,1,0,0,0,0,8113443951,5820154942,1358178,5244269
194015,11,9,9030901,Dorf Altglienicke,2019,4,23,6,3,1,5,2,0,1,0,0,0,0,0,8088354073,5817207828,1354226,524177
194016,11,8,8030830,Gropiusstadt SÅd,2019,4,21,6,3,5,3,2,0,1,0,0,0,0,0,8023820508,5817886025,1344828,5242738
194017,11,2,2020206,Graefekiez,2019,4,19,6,3,5,7,1,0,1,0,0,0,0,0,7999822198,5824731738,1341924,5249006
194018,11,5,5010314,Carl-Schurz-Stra·e,2019,4,17,6,2,6,4,0,0,1,1,0,0,0,0,784746502,5828819331,1319896,5253487
194019,11,1,1011101,StÅlerstra·e,2019,4,17,6,3,0,1,0,0,1,0,0,0,0,0,7952954461,5826425618,1335191,525078
194020,11,6,6030501,Berlepschstra·e,2019,4,17,6,3,5,3,0,1,1,0,0,0,0,0,7885690306,5816884689,1324483,5242586
194021,11,3,3051017,Rennbahnstra·e,2019,4,6,6,3,5,3,0,0,1,0,0,0,0,0,8023274945,5832978503,1346117,5256269
194022,11,5,5040937,Kladower Damm,2019,4,3,6,2,8,1,2,0,1,0,0,0,1,0,7815905578,5819719268,1314486,5245492
194023,11,9,9010202,Kîpenicker Landstra·e,2019,4,9,5,3,5,3,0,1,1,0,0,0,0,0,804134236,5822928372,1347856,524716
194024,11,4,4051445,Eisenzahnstra·e,2019,4,9,5,3,6,2,0,0,1,1,0,0,0,0,7921994594,5825009536,1330519,5249678
194025,11,1,1044202,Sparrplatz,2019,4,19,5,2,6,4,1,0,1,1,0,0,0,0,7954614993,5830149391,1335766,5254109
194026,11,4,4020310,Park Ruhwald,2019,4,14,5,3,2,6,0,0,1,0,0,1,0,0,790260104,5827966443,1327928,5252432
194027,11,2,2030302,Lausitzer Platz,2019,4,19,5,3,5,2,0,1,1,0,0,0,0,0,8011623723,5825951462,1343767,5250035