OBJECTID,LAND,BEZ,LOR,STRASSE,UJAHR,UMONAT,USTUNDE,UWOCHENTAG,UKATEGORIE,UART,UTYP1,ULICHTVERH,IstRad,IstPKW,IstFuss,IstKrad,IstGkfz,IstSonstige,USTRZUSTAND,LINREFX,LINREFY,XGCSWGS84,YGCSWGS84
194028,11,6,6040807,Zehlendorf Eiche,2019,4,14,5,3,5,2,0,1,0,0,1,0,0,0,7898412436,5818778755,1326513,5244217
194029,11,6,6020410,Oberhofer Platz,2019,4,14,5,3,5,3,0,1,1,0,0,0,0,0,7946987338,5816312673,1333422,5241747
194030,11,1,1022106,Elberfelder Stra·e,2019,4,17,5,3,0,1,1,1,0,0,0,0,0,0,7937687328,5828135743,1333099,5252396
194031,11,1,1011305,Heine-Viertel West,2019,4,13,5,3,5,3,0,1,1,0,0,0,0,0,79929946,5827228221,1341146,5251282
194032,11,6,6010206,Stadtpark,2019,4,17,5,3,5,3,0,0,1,0,1,0,1,0,7948041812,5819837286,1333887,5244901
194033,11,12,12304313,Borsigwalde,2019,4,12,5,3,5,2,0,0,1,0,0,0,1,0,792353143,5834071128,1331542,5257793
194034,11,9,9041301,Kietzer Feld/Nachtheide,2019,4,12,5,3,5,2,0,1,1,0,0,0,0,0,8116832967,5819982022,1358659,5244095
194035,11,10,10010308,Marzahner Chaussee,2019,4,11,5,3,2,6,0,0,1,0,0,0,0,0,8063630428,5830200092,1351796,5253553
194036,11,1,1033102,Gesundbrunnen,2019,4,10,5,3,5,2,0,1,1,0,0,0,0,0,7971576449,58319195,1338418,5255604
194037,11,7,7040403,Manteuffelstra·e,2019,4,17,5,3,0,2,0,0,1,0,0,0,1,0,7972673646,5821069606,1337611,5245872
194038,11,1,1033202,Humboldthain SÅd,2019,4,10,5,3,6,4,0,0,1,1,0,0,0,0,7972487368,5829765919,133836,5253669
194039,11,12,12214527,Alt-Tegel,2019,4,9,5,3,6,4,0,0,1,1,0,0,0,0,7905240577,5834504168,1328888,5258279
194040,11,1,1011302,Oranienburger Stra·e,2019,4,9,5,3,3,6,0,1,1,0,0,0,0,0,7985265133,5828981867,1340167,5252896
194041,11,6,6020305,Gemeindepark Lankwitz,2019,4,8,5,3,5,2,0,1,1,0,0,0,0,0,795748442,5817560295,1335071,5242809
194042,11,3,3061228,Erich-Weinert-Stra·e,2019,4,8,5,3,2,6,0,0,1,0,0,0,1,0,8004513811,5830768969,1343158,5254392
194043,11,1,1022205,Zillesiedlung,2019,4,7,5,3,5,3,0,1,1,0,0,0,0,0,7955627539,5828294414,133575,5252441
194044,11,4,4041137,Flinsberger Platz,2019,4,7,5,3,5,3,0,0,0,0,1,1,0,0,791266479,5823337794,1329002,5248229
194045,11,1,1011302,Oranienburger Stra·e,2019,4,7,5,2,0,1,0,0,0,0,1,0,0,1,7984984585,5829055309,1340133,5252963
194046,11,7,7040403,Manteuffelstra·e,2019,4,20,4,3,5,2,2,1,1,0,0,0,0,0,7978512935,5821927694,1338544,524661
194047,11,1,1011201,Wilhelmstra·e,2019,4,9,4,2,1,5,0,1,1,0,0,0,0,0,7969992932,582686298,1337734,525108
194048,11,7,7050505,Hundsteinweg,2019,4,9,5,3,0,1,0,0,0,0,1,0,0,0,7997437803,5819019583,1341061,5243899
194049,11,1,1011303,Alexanderplatzviertel,2019,4,16,5,2,6,4,0,0,1,1,0,0,0,0,7995789795,5828250676,1341648,5252183
194050,11,7,7070703,John-Locke-Stra·e,2019,4,16,5,3,2,6,0,0,1,0,0,0,0,0,7991728788,5814186641,1339791,5239598
194051,11,11,11020513,Orankesee,2019,4,15,5,3,5,2,0,0,1,0,0,0,1,0,8029209847,5831082347,1346817,5254536
194052,11,2,2020203,Viktoriapark,2019,4,18,5,3,5,3,0,0,1,0,0,0,1,0,7971010209,5824489488,1337671,5248947
194053,11,9,9020501,Oberschîneweide West,2019,4,16,4,3,5,2,0,1,1,0,0,0,0,0,8062367725,5823200356,1350967,5247287
194054,11,12,12224230,Heiligensee,2019,4,16,4,3,5,2,0,1,1,0,0,0,0,0,7872781054,5837913642,1324406,5261508
194055,11,9,9051702,Bîlschestra·e,2019,4,17,4,3,5,3,0,1,1,0,0,0,0,0,8137522951,5821739998,1361858,5245552
194056,11,7,7070704,Nahariyastra·e,2019,4,18,4,3,5,2,1,1,1,0,0,0,0,0,8009418632,5813922307,134236,5239265
194057,11,9,9010402,Johannisthal Ost,2019,4,13,4,3,1,5,0,0,1,0,0,0,0,0,8060300093,5819128674,135029,5243649
194058,11,11,11030824,Frankfurter Allee SÅd,2019,4,13,4,3,6,4,0,0,1,1,0,0,0,0,8036911843,58274875,1347621,5251271
194059,11,4,4030519,Kaiserin-Augusta-Allee,2019,4,12,4,3,5,2,0,1,0,0,0,0,1,0,7920841045,5828582497,1330663,5252887
194060,11,2,2040503,Richard-Sorge-Viertel,2019,4,12,4,3,2,6,0,0,1,0,0,0,0,0,8015654359,5828843638,1344621,5252605
194061,11,6,6010205,SÅdende,2019,4,11,4,3,6,4,0,0,0,1,0,0,1,0,7950784624,5819648181,1334273,5244717
194062,11,3,3071536,Teutoburger Platz,2019,4,20,4,3,0,6,2,1,1,0,0,0,0,0,7990266608,5830118612,1341005,5253887
194063,11,8,8010214,Glasower Stra·e,2019,4,9,4,3,2,7,0,0,0,0,1,0,1,0,8011733817,5822201529,1343444,5246673
194064,11,9,9052001,Kîpenick Nord,2019,4,9,3,3,6,7,0,0,1,1,0,0,0,0,8109863215,5822007526,1357826,5245949
194065,11,3,3061228,Erich-Weinert-Stra·e,2019,4,9,3,3,6,2,0,0,1,1,0,0,0,0,8008835057,5831067436,134382,5254636
194066,11,4,4030623,Ernst-Reuter-Platz,2019,4,14,3,3,0,3,0,1,0,0,1,0,0,0,7932460758,5826749937,1332209,5251182
194067,11,1,1044101,Rehberge,2019,4,9,3,3,2,6,0,0,1,0,0,0,1,0,7938826011,583008962,133344,5254141
194068,11,5,5030730,Zitadellenweg,2019,4,6,3,2,5,2,0,1,0,0,0,0,1,0,786580051,5829222898,1322627,5253753
194069,11,4,4051656,Hildegardstra·e,2019,4,14,2,3,6,4,0,1,0,1,0,0,0,0,7937345452,5823218344,1332615,5247989
194070,11,1,1011105,Nîrdlicher Landwehrkanal,2019,4,8,3,2,5,3,0,1,1,0,0,0,0,0,7967411578,5826914659,1337359,525114
194071,11,6,6040810,Dahlem,2019,4,8,3,3,5,3,0,1,1,0,0,0,0,0,7923558168,5820952826,1330393,5246032
194072,11,4,4051549,Rathaus Wilmersdorf,2019,4,8,3,3,0,2,0,1,1,0,0,0,0,0,7928517623,5824009402,1331389,5248746
194073,11,6,6030605,Botanischer Garten,2019,4,8,3,3,5,3,0,1,1,0,0,0,0,0,7917821307,5819084061,1329387,5244388
194074,11,1,1011301,CharitÇviertel,2019,4,8,3,3,5,3,0,1,1,0,0,0,0,0,797046915,582818134,1337921,5252259
194075,11,3,3020307,Buchholz,2019,4,7,3,3,2,6,0,0,1,0,0,1,0,0,7998467788,5837916233,1342915,5260832
194076,11,11,11030721,RÅdigerstra·e,2019,4,7,3,3,5,7,0,1,1,0,0,0,0,0,8052066327,5828573617,1349947,525216
194077,11,7,7040403,Manteuffelstra·e,2019,4,16,3,2,5,2,0,1,1,0,0,0,0,0,7970271304,582070617,1337226,5245559
194078,11,9,9020501,Oberschîneweide West,2019,4,16,3,2,5,3,0,1,1,0,0,0,0,0,8061276899,5822108873,1350706,5246315
194079,11,1,1033102,Gesundbrunnen,2019,4,17,3,3,5,3,0,1,1,0,0,0,0,0,7973416807,5831211579,1338626,5254959
194080,11,10,10030724,Oberfeldstra·e,2019,4,17,3,3,2,2,0,1,1,0,0,0,0,0,8095520767,5828021983,135628,5251421
194081,11,7,7060604,Marienfelde SÅd,2019,4,17,3,3,2,6,0,0,1,0,0,0,0,0,7963692682,5815914954,1335836,52413
194082,11,2,2040502,Friedenstra·e,2019,4,18,3,2,5,2,0,1,0,0,0,0,1,0,8012475829,5827816857,1344061,5251702
194083,11,2,2040502,Friedenstra·e,2019,4,18,3,3,5,2,0,1,0,0,0,0,1,0,8011276921,582857618,1343954,5252389
194084,11,6,6020301,Alt-Lankwitz,2019,4,18,3,3,5,2,0,0,1,0,1,0,0,0,7960586487,5818209417,1335584,5243374
194085,11,1,1022106,Elberfelder Stra·e,2019,4,19,3,3,6,4,0,0,1,1,0,0,0,0,7944268579,5828359763,1334087,5252561
194086,11,5,5010311,Eiswerder,2019,4,7,3,3,2,6,0,0,1,0,0,0,0,0,7853043314,583002456,132082,5254539
194087,11,12,12301204,Wittenau Nord,2019,4,7,3,3,5,3,0,1,1,0,0,0,0,0,792653947,5835839398,133214,5259362
194088,11,4,4041134,Bismarckallee,2019,4,19,3,2,5,3,1,1,1,0,0,0,0,0,7908548921,5823647131,1328425,5248528
194089,11,7,7040401,Neu-Tempelhof,2019,4,19,3,3,5,3,1,0,1,0,1,0,0,0,7973876484,582261566,1337925,5247252
194090,11,2,2020202,Rathaus Yorckstra·e,2019,4,19,3,3,5,2,0,1,1,0,0,0,0,0,7979412205,5825259338,1338974,5249591
194091,11,2,2020204,Urbanstra·e,2019,4,12,3,3,0,1,0,0,0,0,1,0,0,0,7986950322,5824676757,1340029,5249028
194092,11,5,5020625,Borkumer Stra·e,2019,4,15,3,3,2,6,0,0,1,0,0,0,0,0,7846285093,5828388014,1319686,5253107
194093,11,1,1011302,Oranienburger Stra·e,2019,4,17,3,3,2,6,0,1,0,0,0,0,0,0,7982661178,5828848826,1339773,5252791
194094,11,6,6010205,SÅdende,2019,4,15,2,3,3,2,0,0,1,0,0,0,0,0,7958941504,5819892084,1335491,5244891
194095,11,6,6030502,Zehlendorf SÅd,2019,4,6,2,3,0,2,0,1,1,0,0,0,0,1,7890724493,5815763303,1325125,5241554
194096,11,3,3061429,Greifswalder Stra·e,2019,4,21,2,3,5,3,2,1,0,0,0,0,1,0,8013850702,5830290724,1344487,5253912
194097,11,10,10010311,Landsberger Tor,2019,4,20,2,2,6,4,2,0,1,1,0,0,0,0,810312786,5831793858,1357749,5254758
194098,11,4,4030415,Schlo·garten,2019,4,8,2,3,2,6,0,0,1,0,0,0,0,1,791241468,5827470591,1329327,5251935
194099,11,2,2010104,Wassertorplatz,2019,4,18,2,2,6,4,0,0,1,1,0,0,0,0,7986116392,5825579671,1339987,5249842
194100,11,9,9031202,Schmîckwitz/Rauchfangswerder,2019,4,18,2,2,5,3,0,1,1,0,0,0,0,0,816911788,5812168967,1365586,5236793
194101,11,3,3040512,Wilhelmsruh,2019,4,17,2,3,5,7,0,1,1,0,0,0,0,0,795543809,583506862,1336325,5258515
194102,11,11,11040925,Victoriastadt,2019,4,17,2,3,5,2,0,1,1,0,0,0,0,0,803865438,5826828232,1347817,5250671
194103,11,9,9010302,SpÑthsfelde,2019,4,16,2,3,0,4,0,0,0,1,0,0,1,0,8049552088,5820711685,1348858,5245128
194104,11,3,3050925,Komponistenviertel Wei·ensee,2019,4,16,2,3,1,5,0,1,1,0,0,0,0,0,8023992005,5831140467,1346055,5254617
194105,11,5,5010314,Carl-Schurz-Stra·e,2019,4,16,2,3,3,6,0,0,1,0,0,1,0,0,7849340731,582938815,1320221,5253988
194106,11,1,7010102,Nollendorfplatz,2019,4,6,2,3,2,6,1,0,1,0,0,0,0,1,7951928587,5825865055,1334991,5250283
194107,11,8,8010510,Gewerbegebiet Kîllnische Heide,2019,4,7,2,3,5,3,0,0,1,0,0,0,0,1,8038034324,5821739508,1347262,5246113
194108,11,7,7030301,Friedenau,2019,4,7,2,3,0,7,0,0,1,0,1,0,0,1,7934339737,5822274186,1332091,5247159
194109,11,3,3050919,Gustav-Adolf-Stra·e,2019,4,8,2,3,6,4,0,0,1,1,0,0,0,1,8011702197,5832336586,1344357,5255757
194110,11,4,4010102,Plîtzensee,2019,4,8,2,3,5,2,0,1,1,0,0,0,0,1,7933283693,5829772175,1332597,5253887
194111,11,8,8010301,Reuterkiez,2019,4,9,2,3,4,6,0,0,1,0,0,0,0,1,801457418,5823887892,1344014,5248169
194112,11,4,4020314,MessegelÑnde,2019,4,9,2,3,2,6,0,0,1,0,0,0,0,1,7905634161,582541556,1328151,5250129
194113,11,2,2040503,Richard-Sorge-Viertel,2019,4,9,2,3,6,4,0,0,1,1,0,0,0,1,8014911364,5828800463,1344508,525257
194114,11,6,6030607,Goerzwerke,2019,4,10,2,3,2,6,0,0,1,0,0,0,1,1,7921920885,5816617198,1329773,5242154
194115,11,12,12103218,Teichstra·e,2019,4,10,2,3,2,1,0,0,1,0,0,0,0,1,7949903825,5833130763,1335339,5256808
194116,11,12,12304313,Borsigwalde,2019,4,10,2,2,5,2,0,0,1,0,0,0,0,1,7923536654,583407166,1331542,5257793
194117,11,5,5020523,Maulbeerallee,2019,4,10,2,3,6,2,0,0,1,1,0,0,0,1,7823901614,5827029101,1316279,5252005
194118,11,1,1011301,CharitÇviertel,2019,4,11,2,3,2,7,0,1,1,0,0,0,0,0,7968550637,5828221086,1337643,5252305
194119,11,2,2010104,Wassertorplatz,2019,4,13,2,3,5,3,0,1,1,0,0,0,0,1,798823744,5825589569,13403,5249839
194120,11,10,10020414,Helle Mitte,2019,4,13,2,3,0,4,0,0,1,1,0,0,0,0,8122253459,5830925058,1360479,525387
194121,11,5,5020523,Maulbeerallee,2019,4,15,2,2,5,3,0,1,1,0,0,0,0,0,7826985198,5827487572,1316772,52524
194122,11,10,10010102,Havemannstra·e,2019,4,15,2,2,6,7,0,0,1,1,0,0,0,0,8101819572,5833898088,1357754,5256651
194123,11,4,4020204,OlympiagelÑnde,2019,4,15,2,3,2,2,0,1,0,0,0,0,1,0,7882917877,5826880581,132494,5251563
194124,11,9,9051801,Rahnsdorf/Hessenwinkel,2019,4,16,2,3,5,7,0,0,1,0,0,0,0,0,8207377143,5819169114,1371857,5242843
194125,11,4,4030623,Ernst-Reuter-Platz,2019,4,16,2,3,1,5,0,1,1,0,0,0,0,0,7935418764,5826333133,1332607,5250792
194126,11,1,1033203,Humboldthain Nordwest,2019,4,8,2,3,1,5,0,1,0,0,0,1,0,1,7968598799,5831342505,1337929,5255103
194127,11,6,6040808,HÅttenweg,2019,4,7,2,3,0,3,0,0,1,0,1,0,0,1,7900509157,5819428511,1326877,5244789
194128,11,12,12103117,Letteplatz,2019,4,6,2,3,2,2,1,0,1,0,1,0,0,1,7957812846,5832577624,1336453,5256269
194129,11,4,4030725,Amtsgerichtsplatz,2019,4,9,2,2,8,1,0,1,0,0,0,0,0,1,7914419611,582603231,1329495,5250635
194130,11,2,2040501,Barnimkiez,2019,4,8,2,3,0,1,0,0,0,0,1,0,0,1,8012815199,5828753661,1344196,525254
194131,11,4,4051448,Schaperstra·e,2019,4,6,2,3,0,1,0,0,0,0,1,0,0,1,794229978,5825418116,1333537,5249935
194132,11,1,1011402,Arkonaplatz,2019,4,17,1,3,0,1,0,1,0,0,0,0,0,0,7983511314,5829393416,1339947,5253274
194133,11,1,1044201,Reinickendorfer Stra·e,2019,4,21,1,3,0,7,2,0,0,0,0,1,1,0,7955882816,5830805847,1336011,5254691
194134,11,1,1022106,Elberfelder Stra·e,2019,4,23,1,3,5,2,2,1,1,0,0,0,0,0,794568984,582833174,1334293,5252528
194135,11,11,11041128,Sewanstra·e,2019,4,18,1,3,1,5,0,1,1,0,0,0,0,0,8055582177,5825985845,1350226,5249821
194136,11,11,11010205,Falkenberg West,2019,4,17,1,3,4,6,0,0,1,0,0,0,0,0,8068746864,5832658617,1352775,5255728
194137,11,2,2020206,Graefekiez,2019,4,16,1,3,5,3,0,0,1,0,0,0,0,0,799552814,5824898452,1341308,5249179
194138,11,8,8010510,Gewerbegebiet Kîllnische Heide,2019,4,14,1,3,0,6,0,0,1,0,1,0,0,0,8029655705,5822502309,1346102,5246843
194139,11,11,11020412,Hauptstra·e,2019,4,13,1,3,5,2,0,1,0,0,0,0,1,0,8051547897,5831640191,1350152,5254911
194140,11,2,2020206,Graefekiez,2019,4,8,1,3,1,5,0,1,1,0,0,0,0,1,800002594,5825388233,1342013,5249594
194141,11,2,2010103,Moritzplatz,2019,4,11,1,3,5,2,0,0,1,0,0,0,0,0,7992203084,5825991083,1340918,5250177
194142,11,11,11030721,RÅdigerstra·e,2019,4,13,1,3,0,1,0,0,0,0,1,0,0,0,8039107516,5828363453,1348024,5252044
194143,11,2,2030401,Reichenberger Stra·e,2019,4,17,7,3,5,7,0,1,1,0,0,0,0,0,8011087954,5825448782,1343643,5249587
194144,11,8,8010303,Donaustra·e,2019,4,0,7,3,6,2,2,0,1,1,0,0,0,1,8013080781,5823824726,1343789,524812
194145,11,7,7050502,Fritz-Werner-Stra·e,2019,4,21,7,3,2,6,2,0,1,0,0,0,0,0,7981760185,581895146,1338755,5243924
194146,11,6,6030502,Zehlendorf SÅd,2019,4,15,7,3,0,7,0,1,0,0,0,0,0,0,7891050675,5815565294,1325155,5241375
194147,11,1,1011302,Oranienburger Stra·e,2019,4,0,7,3,5,3,2,1,1,0,0,0,0,1,7990637938,5828982661,1340957,5252867
194148,11,4,4030930,George-Grosz-Platz,2019,4,16,7,3,3,6,0,1,1,0,0,0,0,0,7929200836,5825526827,1331623,5250103
194149,11,1,1044202,Sparrplatz,2019,4,15,7,3,5,3,0,1,0,0,0,0,0,0,7950468451,5829939971,1335138,5253944
194150,11,4,4030622,Richard-Wagner-Stra·e,2019,4,14,7,3,5,2,0,1,1,0,0,0,0,0,7920813667,5826801406,1330502,525129
194151,11,9,9041501,Altstadt Kietz,2019,4,14,7,3,4,6,0,1,0,0,0,0,0,0,8108644215,5820305408,1357488,5244431
194152,11,5,5030731,Gartenfelder Stra·e,2019,4,13,7,3,2,6,0,0,1,0,0,0,0,0,7875009366,582989206,1324039,5254305
194153,11,3,3061126,Arnimplatz,2019,4,13,7,3,5,2,0,1,0,0,0,0,1,0,7992127943,5831806193,134143,525539
194154,11,7,7040401,Neu-Tempelhof,2019,4,13,7,3,5,2,0,1,0,0,1,0,0,0,7978970474,5823993004,1338796,5248458
194155,11,1,1044101,Rehberge,2019,4,12,7,3,6,4,0,0,0,1,0,1,0,0,7946654198,5831462944,1334712,525533
194156,11,8,8010301,Reuterkiez,2019,4,11,7,3,0,2,0,1,1,0,0,0,0,0,8006573573,5824525239,1342897,5248784
194157,11,11,11030721,RÅdigerstra·e,2019,4,10,7,3,6,2,0,0,1,1,0,0,0,0,8051819179,5827914561,134985,5251571
194158,11,12,12231102,Frohnau,2019,4,8,7,2,3,6,0,1,0,0,0,0,0,0,7895818513,5839728279,1327958,5263013
194159,11,3,3050925,Komponistenviertel Wei·ensee,2019,4,3,7,3,0,1,2,0,1,0,0,0,0,1,8027207701,5831745098,1346583,5255141
194160,11,11,11030619,Fennpfuhl Ost,2019,4,23,7,3,0,1,2,1,0,0,0,0,0,0,8042125482,5829057891,1348531,525265
194161,11,3,3061131,Falkplatz,2019,4,9,6,3,5,2,0,1,1,0,0,0,0,0,7991786146,5831110502,1341318,5254768
194162,11,9,9010301,Baumschulenstra·e,2019,4,17,6,3,5,3,0,1,1,0,0,0,0,0,8047456067,5822303526,1348696,5246566
194163,11,1,1011401,Invalidenstra·e,2019,4,23,6,3,5,2,2,1,0,0,1,0,0,0,7976881972,5829240419,1338958,5253173
194164,11,2,2030301,Oranienplatz,2019,4,20,6,3,5,2,1,1,1,0,0,0,0,0,7999901634,5826204586,1342068,5250326
194165,11,3,3040513,Schînholz,2019,4,20,6,3,5,3,0,1,1,0,0,0,0,0,797413379,5833970934,1338978,5257429
194166,11,8,8020622,Parchimer Allee,2019,4,19,6,3,2,6,1,0,1,0,0,0,0,0,8012845059,5819668198,1343379,5244396
194167,11,3,3020210,Herthaplatz,2019,4,18,6,3,5,3,0,1,1,0,0,0,0,0,7995505591,5835429366,1342254,5258619
194168,11,6,6040810,Dahlem,2019,4,18,6,3,5,5,0,1,1,0,0,0,0,0,792374891,5820852956,1330412,5245942
194169,11,12,12301205,Waidmannslust,2019,4,22,6,3,1,5,2,0,1,0,0,0,0,0,7923249462,5837248083,133178,5260642
194170,11,8,8020619,Buschkrugallee Nord,2019,4,20,6,2,5,2,0,0,1,0,0,0,0,0,8024791545,5820699096,1345225,5245254
194171,11,4,4051446,Preu·enpark,2019,4,9,6,3,5,3,0,1,1,0,0,0,0,0,7924008931,5825062973,1330819,5249715
194172,11,7,7040403,Manteuffelstra·e,2019,4,8,6,3,0,7,0,0,1,0,0,0,1,0,7974518596,5820558382,1337836,5245404
194173,11,3,3071638,Winsstra·e,2019,4,7,6,3,1,5,0,1,0,0,0,0,1,0,8004444647,5829725867,1343054,5253457
194174,11,1,1011105,Nîrdlicher Landwehrkanal,2019,4,7,6,3,1,5,0,1,1,0,0,0,0,0,7968506254,5826159049,1337452,5250457
194175,11,7,7010104,Dennewitzplatz,2019,4,9,6,3,1,5,0,1,1,0,0,0,0,0,7964004461,582475077,1336666,5249219
194176,11,1,1044101,Rehberge,2019,4,10,6,3,3,6,0,0,1,0,0,1,0,0,7939480185,5830111574,1333538,5254157
194177,11,4,4030417,Schlo·stra·e,2019,4,12,6,3,5,3,0,1,0,0,1,0,0,0,791185055,5826502927,1329159,5251071
194178,11,2,2050801,Traveplatz,2019,4,12,6,3,5,2,0,1,1,0,0,0,0,0,8035789822,5827251877,1347435,5251066
194179,11,1,1011203,Unter den Linden SÅd,2019,4,14,6,3,5,3,0,0,1,0,0,1,0,0,7979598412,5827080318,1339164,5251222
194180,11,5,5030730,Zitadellenweg,2019,4,14,6,3,2,6,0,0,1,0,0,0,0,0,7864393415,5831084346,132258,5255429
194181,11,4,4020311,Reichsstra·e,2019,4,14,6,3,3,6,0,1,1,0,0,0,0,0,7898044801,5826344368,1327117,5251002
194182,11,4,4030827,Karl-August-Platz,2019,4,14,6,3,3,6,0,1,1,0,0,0,0,0,792146214,5826474891,1330569,5250994
194183,11,10,11030720,Herzbergstra·e,2019,4,15,6,3,2,6,0,0,1,0,0,0,0,0,8062897591,5830171449,1351686,5253531
194184,11,1,1022104,Emdener Stra·e,2019,4,17,6,3,1,5,0,1,1,0,0,0,0,0,7942605912,5828452536,133385,5252653
194185,11,9,9031001,Bohnsdorf,2019,4,16,6,3,2,6,0,0,1,0,0,0,1,0,8100153674,5816020722,1355846,5240639
194186,11,3,3061332,Helmholtzplatz,2019,4,16,6,3,6,4,0,0,1,1,0,0,0,0,7998997069,5830608422,1342332,5254278
194187,11,6,6030504,Teltower Damm,2019,4,16,6,3,5,3,0,1,1,0,0,0,0,0,7908399497,5817584754,1327875,5243094
194188,11,8,8010301,Reuterkiez,2019,4,16,6,3,2,6,0,0,1,0,0,0,0,0,8006849757,5824989945,1342979,5249199
194189,11,6,6030609,Augustaplatz,2019,4,17,6,3,2,6,0,0,1,0,1,0,0,0,7932991418,5818922562,1331599,5244162
194190,11,8,8010301,Reuterkiez,2019,4,17,6,3,5,2,0,0,1,0,0,0,0,0,8006638472,5824386211,1342894,5248659
194191,11,7,7030301,Friedenau,2019,4,13,6,3,1,5,0,0,1,0,0,0,0,0,794540318,5822679555,1333751,5247463
194192,11,10,10040933,Mahlsdorf SÅd,2019,4,11,5,3,5,3,0,1,1,0,0,0,0,0,8134720452,5824893868,1361743,5248394
194193,11,10,10020414,Helle Mitte,2019,4,20,5,3,0,2,1,0,1,0,0,0,1,0,8122376057,5830686518,1360475,5253655
194194,11,7,7010104,Dennewitzplatz,2019,4,12,5,3,5,3,0,1,1,0,0,0,0,0,7965766901,5824829316,1336932,524928
194195,11,4,4020311,Reichsstra·e,2019,4,16,5,3,6,2,0,0,1,1,0,0,0,0,7897265398,5826409797,1327008,5251065
194196,11,4,4020314,MessegelÑnde,2019,4,18,5,3,3,6,0,0,1,0,0,1,0,0,7904110545,5825795998,132796,5250478
194197,11,7,7040402,Lindenhofsiedlung,2019,4,18,5,3,2,2,0,0,1,0,0,0,0,0,7961442381,5820776295,1335937,524567
194198,11,8,8020727,Buckow Mitte,2019,4,17,5,3,2,6,0,0,1,0,1,0,0,0,8016021252,5817444888,1343644,5242386
194199,11,7,7010104,Dennewitzplatz,2019,4,7,5,3,6,4,0,0,1,1,0,0,0,0,7960152328,582513769,1336134,5249587
194200,11,7,7050503,Eisenacher Stra·e,2019,4,6,5,3,3,6,0,0,1,0,0,0,0,0,7986495398,582050838,1339589,5245294
194201,11,3,3071537,Kollwitzplatz,2019,4,17,5,3,1,5,0,1,1,0,0,0,0,0,7993270936,5830077249,1341443,5253834
194202,11,7,7040404,Marienhîhe,2019,4,16,5,3,0,3,0,0,1,0,1,0,0,0,7968203246,5820139648,1336872,5245063
194203,11,5,5020629,Bîrnicker Stra·e,2019,4,16,5,3,0,3,0,0,1,0,0,0,1,0,7855633451,5826155458,1320868,5251056
194204,11,2,2040703,Wriezener Bahnhof/Entwicklungsgebiet,2019,4,16,5,3,5,1,0,0,1,0,1,0,0,0,801458406,5827274313,1344322,5251204
194205,11,9,9051901,Dammvorstadt,2019,4,16,5,2,5,3,0,1,1,0,0,0,0,0,8096563168,5821501986,1355827,5245572
194206,11,4,4041134,Bismarckallee,2019,4,16,5,3,0,4,0,1,0,1,0,0,0,0,7907881732,5824798841,1328427,5249564
194207,11,3,3020307,Buchholz,2019,4,15,5,2,5,3,0,1,1,0,0,0,0,0,8005166052,5836163158,1343743,5259223
194208,11,4,4051448,Schaperstra·e,2019,4,16,5,3,2,6,0,0,1,0,0,0,0,0,793930953,5825041733,1333065,5249613
194209,11,6,6040804,Krumme Lanke,2019,4,15,5,3,5,2,0,1,1,0,0,0,0,0,788224898,5818882666,1324151,5244396
194210,11,9,9020802,Kîllnische Vorstadt,2019,4,15,5,3,3,6,0,0,1,0,1,0,0,0,8105306137,5820315245,1357,5244459
194211,11,2,2050601,Hausburgviertel,2019,4,5,5,2,2,6,0,1,1,0,0,0,0,0,8018303115,5828987959,1345023,5252719
194212,11,1,1011303,Alexanderplatzviertel,2019,4,15,5,3,2,2,0,1,1,0,0,0,0,0,799248351,5828469191,1341182,5252397
194213,11,11,11040925,Victoriastadt,2019,4,13,5,3,5,5,0,1,1,0,0,0,1,0,8035135106,5826456442,1347266,5250357
194214,11,9,9041501,Altstadt Kietz,2019,4,12,5,2,5,3,0,1,1,0,0,0,0,0,8116362127,5820017711,1358593,5244129
194215,11,3,3030711,Blankenburg,2019,4,12,5,3,5,3,0,1,0,0,0,0,1,0,8015793545,5836356045,1345324,5259337
194216,11,9,9041301,Kietzer Feld/Nachtheide,2019,4,12,5,3,0,3,0,1,1,0,0,0,0,0,8116396673,581861011,1358467,5242868
194217,11,5,5020415,Isenburger Weg,2019,4,12,5,3,5,3,0,0,1,0,1,0,0,0,7808858714,5829128976,1314246,5253965
194218,11,2,2050601,Hausburgviertel,2019,4,12,5,3,5,2,0,0,1,0,1,0,0,0,801864804,582898256,1345074,5252713
194219,11,7,7010101,Wittenbergplatz/Viktoria-Luise-Platz,2019,4,11,5,3,5,3,0,1,1,0,0,0,0,0,794736482,5825538538,1334292,5250015
194220,11,3,3050923,Wei·enseer Spitze,2019,4,10,5,3,3,6,0,1,1,0,0,0,0,0,8012699545,5831848101,1344459,5255314
194221,11,9,9030901,Dorf Altglienicke,2019,4,9,5,3,5,2,0,1,0,0,0,1,0,0,8076866878,5817735954,1352591,5242308
194222,11,8,8010302,BouchÇstra·e,2019,4,9,5,3,1,5,0,1,1,0,0,0,0,0,8014980457,582469206,1344146,5248887
194223,11,12,12301203,Wittenau SÅd,2019,4,9,5,3,0,6,0,0,0,0,0,0,1,0,7934653911,5836104558,1333358,5259556
194224,11,3,3050919,Gustav-Adolf-Stra·e,2019,4,9,5,3,5,2,0,1,1,0,0,0,0,0,8018557578,5832900487,1345416,5256225