OBJECTID,LAND,BEZ,LOR,STRASSE,UJAHR,UMONAT,USTUNDE,UWOCHENTAG,UKATEGORIE,UART,UTYP1,ULICHTVERH,IstRad,IstPKW,IstFuss,IstKrad,IstGkfz,IstSonstige,USTRZUSTAND,LINREFX,LINREFY,XGCSWGS84,YGCSWGS84
194225,11,7,7030303,Grazer Platz,2019,4,8,5,3,5,3,0,1,1,0,0,0,0,0,7953958201,5821210634,1334877,52461
194226,11,1,1011402,Arkonaplatz,2019,4,8,5,3,5,3,0,1,1,0,0,0,0,0,798589419,582951415,1340308,525337
194227,11,2,2030401,Reichenberger Stra·e,2019,4,13,5,3,1,7,0,0,1,0,0,0,0,0,8010016775,5825499645,134349,5249639
194228,11,3,3061429,Greifswalder Stra·e,2019,4,16,5,3,5,7,0,1,1,0,0,0,0,0,801841191,5830733662,1345198,5254283
194229,11,5,5030730,Zitadellenweg,2019,4,20,4,3,1,1,2,0,1,0,0,0,0,0,7866527915,5830453765,132284,5254853
194230,11,5,5010209,An der Kappe,2019,4,20,4,2,5,3,2,0,1,0,1,0,0,0,7828187088,5830395794,1317196,5255001
194231,11,9,9051801,Rahnsdorf/Hessenwinkel,2019,4,16,4,3,0,3,0,1,1,0,0,0,0,0,8202006077,5819629404,1371114,5243287
194232,11,2,2010103,Moritzplatz,2019,4,22,4,3,6,2,2,0,1,1,0,0,0,0,7995992407,5825844639,1341462,5250025
194233,11,9,9052001,Kîpenick Nord,2019,4,11,4,3,0,3,0,0,1,0,0,0,0,0,8092164716,5823033017,1355324,5246969
194234,11,1,1022206,LÅneburger Stra·e,2019,4,11,4,3,2,6,0,0,1,0,1,0,0,0,7962220713,5828479488,1336736,5252571
194235,11,1,1044101,Rehberge,2019,4,20,4,3,5,3,2,0,1,0,0,0,1,0,7936865861,5832251554,1333343,525609
194236,11,4,4051446,Preu·enpark,2019,4,5,4,3,6,2,1,1,0,1,0,0,0,0,7928759004,5824340117,1331453,5249041
194237,11,2,2020205,Chamissokiez,2019,4,20,4,3,5,3,1,1,0,0,0,0,0,0,7979562256,5824572259,1338935,5248974
194238,11,7,7020204,Schîneberger Insel,2019,4,22,4,3,3,6,2,0,1,0,0,0,0,0,7958599075,5823156402,133573,5247819
194239,11,1,1011101,StÅlerstra·e,2019,4,21,4,3,5,7,2,0,1,0,1,0,0,0,7947374757,5826038095,1334337,5250463
194240,11,4,4030930,George-Grosz-Platz,2019,4,20,4,3,5,3,1,1,1,0,0,0,0,0,7929568541,5825541968,1331678,5250114
194241,11,6,6040809,Thielallee,2019,4,18,4,3,3,6,0,1,1,0,0,0,0,0,791446323,5819340096,1328917,5244635
194242,11,7,7030303,Grazer Platz,2019,4,18,4,3,0,6,0,1,0,0,0,0,1,0,7958517939,5822567074,1335666,5247291
194243,11,5,5010313,Ackerstra·e,2019,4,17,4,3,6,7,0,0,1,1,0,0,0,0,7848599298,5829533696,1320124,5254122
194244,11,6,6030503,Zehlendorf Mitte,2019,4,20,4,3,1,1,1,0,1,0,0,0,0,0,7904765668,5817557308,1327339,5243089
194245,11,1,1011103,LÅtzowstra·e,2019,4,13,4,3,0,1,0,1,0,0,0,0,0,0,795945711,5825827545,1336094,5250209
194246,11,3,3020307,Buchholz,2019,4,17,4,3,1,1,0,0,1,0,1,0,0,0,8004832138,5836390306,1343714,5259429
194247,11,7,7040405,Rathaus Tempelhof,2019,4,17,4,3,2,6,0,0,1,0,0,0,0,0,7988937152,5821134063,1340003,5245841
194248,11,10,10020414,Helle Mitte,2019,4,12,4,3,2,6,0,0,1,0,1,0,0,0,8121979682,5830919895,1360438,5253867
194249,11,2,2040502,Friedenstra·e,2019,4,12,4,3,2,7,0,0,1,0,0,0,1,0,8009843166,5828251911,1343714,5252106
194250,11,11,11030720,Herzbergstra·e,2019,4,16,4,3,6,4,0,0,1,1,0,0,0,0,8045780699,5829087519,134907,5252656
194251,11,1,1011401,Invalidenstra·e,2019,4,13,4,3,1,5,0,1,1,0,0,0,0,0,798437707,5829159231,1340053,525306
194252,11,2,2040703,Wriezener Bahnhof/Entwicklungsgebiet,2019,4,13,4,3,5,2,0,1,1,0,0,0,0,0,8017650173,5826249193,1344679,5250268
194253,11,5,5010313,Ackerstra·e,2019,4,13,4,3,5,2,0,0,1,0,0,0,0,0,7846626664,5829704043,1319849,5254285
194254,11,1,1011402,Arkonaplatz,2019,4,15,4,3,5,3,0,1,1,0,0,0,0,0,7985821308,5829513656,1340297,525337
194255,11,1,1044101,Rehberge,2019,4,15,4,3,5,2,0,1,1,0,0,0,0,0,7939528586,5830171198,133355,5254211
194256,11,1,1033201,Brunnenstra·e,2019,4,10,4,3,5,2,0,0,1,0,0,0,1,0,798079604,5829993131,1339601,5253827
194257,11,11,11051229,Rummelsburg,2019,4,10,4,3,2,2,0,1,0,0,0,0,1,0,8033348062,5826303637,134699,525023
194258,11,1,1011301,CharitÇviertel,2019,4,10,4,3,6,2,0,1,0,1,0,0,0,0,7970797622,5828184997,133797,5252261
194259,11,5,5010314,Carl-Schurz-Stra·e,2019,4,9,4,3,2,6,0,0,1,0,0,0,0,0,7845866278,5829180428,1319692,525382
194260,11,10,10030724,Oberfeldstra·e,2019,4,8,4,3,5,2,0,1,1,0,0,0,0,0,8091178859,5829716913,13558,5252964
194261,11,3,3040614,Pankow Zentrum,2019,4,6,4,3,2,2,0,0,1,0,0,0,0,0,7993879321,5835264099,1342,525848
194262,11,8,8010117,Schillerpromenade,2019,4,17,4,3,1,2,0,0,1,1,0,0,1,0,8004799787,5823616033,1342554,5247979
194263,11,7,7040405,Rathaus Tempelhof,2019,4,14,3,3,5,2,0,1,1,0,0,0,0,0,798730812,582186915,133983,5246509
194264,11,3,3061228,Erich-Weinert-Stra·e,2019,4,21,3,3,6,4,2,1,1,1,0,0,0,0,8009148682,5830713172,1343834,5254316
194265,11,12,12304314,Ziekowstra·e/Freie Scholle,2019,4,21,3,3,2,2,2,0,1,0,0,0,0,0,7907310245,5835265945,1329259,5258951
194266,11,1,1033202,Humboldthain SÅd,2019,4,21,3,3,0,7,2,0,0,0,1,0,0,0,797927969,5829908712,1339371,5253759
194267,11,11,11010102,Dorf Wartenberg,2019,4,10,3,3,5,2,0,0,1,0,1,0,0,0,8060951541,5834571353,1351805,5257486
194268,11,4,4010102,Plîtzensee,2019,4,10,3,3,5,3,0,1,1,0,0,0,0,0,7916653445,583067934,1330231,5254789
194269,11,9,9020701,Adlershof West,2019,4,20,3,3,5,2,2,0,1,0,0,0,0,0,8089770649,5818113376,1354518,5242573
194270,11,12,12302211,LÅbarser Stra·e,2019,4,10,3,3,2,2,0,0,1,0,0,0,0,0,792927309,583708705,1332653,5260466
194271,11,5,5010314,Carl-Schurz-Stra·e,2019,4,12,3,3,2,6,0,0,1,0,0,0,0,0,7847890412,582883899,131996,5253503
194272,11,4,4041342,Schlangenbader Stra·e,2019,4,17,3,3,5,2,0,0,1,0,1,0,0,0,792055444,582245613,1330083,5247396
194273,11,5,5020417,Staakener Stra·e,2019,4,10,3,3,8,1,0,0,1,0,0,0,0,0,7821207773,5827991353,1315965,5252882
194274,11,1,1011201,Wilhelmstra·e,2019,4,9,3,3,5,3,0,1,1,0,0,0,0,0,7969574239,5826860907,1337672,525108
194275,11,7,7020203,Kaiser-Wilhelm-Platz,2019,4,9,3,3,0,2,0,0,1,0,0,0,1,0,795525365,5823858672,1335302,5248467
194276,11,4,4030621,Spreestadt,2019,4,9,3,2,5,2,0,1,1,0,0,0,0,0,794163004,5826986618,1333577,5251344
194277,11,3,3061228,Erich-Weinert-Stra·e,2019,4,8,3,3,5,2,0,0,1,0,0,0,0,0,8002217068,5831191252,1342858,5254783
194278,11,3,3061430,Volkspark Prenzlauer Berg,2019,4,9,3,3,2,6,0,0,0,0,1,0,1,0,8017414495,583005895,134499,5253684
194279,11,4,4051448,Schaperstra·e,2019,4,9,3,3,3,6,0,0,1,0,0,0,0,0,7941712948,5825334072,1333443,5249863
194280,11,3,3050919,Gustav-Adolf-Stra·e,2019,4,8,3,3,5,3,0,0,1,0,0,0,0,0,8019913283,5832821039,1345609,5256146
194281,11,5,5010205,An der TrÑnke,2019,4,8,3,2,5,2,0,0,1,0,1,0,0,0,7800819237,5830182741,1313152,5254952
194282,11,5,5010314,Carl-Schurz-Stra·e,2019,4,8,3,3,5,7,0,0,1,0,1,0,0,0,7854483156,5828608739,132091,5253262
194283,11,1,1033203,Humboldthain Nordwest,2019,4,8,3,2,5,3,0,1,1,0,0,0,0,0,7965413588,5829874363,1337329,5253804
194284,11,5,5020625,Borkumer Stra·e,2019,4,7,3,3,5,2,0,1,0,0,0,0,1,0,7847342423,5828588874,1319858,5253281
194285,11,9,9020501,Oberschîneweide West,2019,4,6,3,3,5,3,0,1,1,0,0,0,0,0,8057152015,582399511,1350274,5248028
194286,11,2,2020203,Viktoriapark,2019,4,11,3,2,2,6,0,0,1,0,1,0,0,0,7973732477,5824874809,1338105,5249277
194287,11,4,4041239,Stadion Wilmersdorf,2019,4,11,3,3,5,2,0,1,1,0,0,0,0,0,7926008069,5823072879,1330938,524792
194288,11,1,1022204,Thomasiusstra·e,2019,4,11,3,3,5,2,0,0,1,0,0,0,0,0,7949065318,5828293701,1334786,5252476
194289,11,5,5020417,Staakener Stra·e,2019,4,12,3,3,2,7,0,1,1,0,0,0,0,0,7817155641,5829145928,1315467,5253938
194290,11,8,8020620,Tempelhofer Weg,2019,4,12,3,3,0,7,0,0,1,0,0,0,0,0,8011815049,5820594769,1343311,5245232
194291,11,12,12214422,Klixstra·e,2019,4,12,3,3,2,6,0,0,1,0,0,0,0,0,792067133,5832942138,1331021,5256796
194292,11,9,9052001,Kîpenick Nord,2019,4,13,3,3,2,6,0,0,1,0,0,0,0,0,8093380593,5822682147,135547,5246648
194293,11,4,4051550,Leon-Jessel-Platz,2019,4,14,3,3,0,7,0,0,1,0,0,0,1,0,793331818,5824306102,133212,5248986
194294,11,7,7050503,Eisenacher Stra·e,2019,4,13,3,3,2,6,0,0,1,0,0,0,1,0,7990596851,5819743743,1340122,5244586
194295,11,4,4030622,Richard-Wagner-Stra·e,2019,4,14,3,3,1,5,0,1,1,0,0,0,0,0,792154185,5827256586,1330649,5251694
194296,11,8,8010404,Rixdorf,2019,4,14,3,3,0,6,0,0,1,0,1,0,0,0,8025200362,5823137956,1345506,5247438
194297,11,5,5040936,JÑgerallee,2019,4,15,3,3,2,6,0,0,1,0,0,0,0,0,7811268621,5820046881,1313833,5245809
194298,11,4,4051446,Preu·enpark,2019,4,15,3,3,6,4,0,0,1,1,0,0,0,0,7930541234,5825234726,1331794,5249834
194299,11,9,9051702,Bîlschestra·e,2019,4,16,3,2,5,2,0,1,1,0,0,0,0,0,8142099275,5821928129,1362547,5245694
194300,11,1,1011302,Oranienburger Stra·e,2019,4,16,3,3,5,3,0,1,1,0,0,0,0,0,7986588791,5828820445,1340348,5252744
194301,11,1,1022207,Hansaviertel,2019,4,16,3,3,5,2,0,0,1,0,1,0,0,0,794405322,5827596943,1333987,5251879
194302,11,1,1044101,Rehberge,2019,4,15,2,3,2,2,0,0,1,0,0,0,0,0,7940187826,5830174786,1333647,525421
194303,11,8,8030831,Gropiusstadt Ost,2019,4,14,2,3,5,2,0,1,1,0,0,0,0,0,8047028475,5817818272,1348224,5242549
194304,11,2,2010102,Mehringplatz,2019,4,15,2,3,2,6,0,0,1,0,0,0,0,0,7986264927,5826386806,1340081,5250564
194305,11,1,1044201,Reinickendorfer Stra·e,2019,4,22,2,3,1,5,2,0,1,0,1,0,0,0,7958718214,5831152289,1336459,5254986
194306,11,4,4020314,MessegelÑnde,2019,4,19,2,3,5,7,2,0,1,0,0,0,0,0,7903984917,5825655644,1327929,5250353
194307,11,1,1033203,Humboldthain Nordwest,2019,4,0,2,3,2,6,2,0,1,0,0,0,0,0,7966338928,5829795261,1337458,5253728
194308,11,11,11040926,Weitlingstra·e,2019,4,23,2,3,5,3,2,0,1,0,0,0,0,0,8054791079,5826709051,1350176,5250474
194309,11,12,12214527,Alt-Tegel,2019,4,18,2,3,6,4,0,0,1,1,0,0,0,0,7895868102,5834345239,1327495,5258186
194310,11,10,10010207,Marzahner Promenade,2019,4,18,2,3,5,2,0,0,1,0,0,0,0,0,8092886192,5831671631,1356232,5254706
194311,11,9,9041301,Kietzer Feld/Nachtheide,2019,4,18,2,2,0,1,0,0,0,0,1,0,0,0,8147780518,5818254595,1363034,5242369
194312,11,3,3061429,Greifswalder Stra·e,2019,4,16,2,2,2,6,0,1,0,0,0,0,0,0,8016550986,5830131325,134487,5253754
194313,11,9,9041501,Altstadt Kietz,2019,4,14,2,3,0,7,0,1,0,1,0,0,0,0,8112395968,5820234022,1358032,5244346
194314,11,10,10040931,Mahlsdorf Nord,2019,4,14,2,3,5,3,0,1,0,0,0,0,0,0,8143341088,5830073418,1363498,5252986
194315,11,9,9020701,Adlershof West,2019,4,14,2,2,4,1,0,0,1,0,0,0,0,0,8080123533,5819781715,1353257,5244123
194316,11,9,9031001,Bohnsdorf,2019,4,13,2,3,0,2,0,0,1,0,0,0,1,0,8113344335,5815644977,1357744,5240228
194317,11,8,8030830,Gropiusstadt SÅd,2019,4,13,2,3,2,6,0,1,1,0,0,0,0,0,8025110942,581795663,1345023,5242794
194318,11,9,9041601,MÅggelheim,2019,4,10,2,3,5,3,0,1,1,0,0,0,0,0,8169252586,5817159654,1366078,5241264
194319,11,2,2020202,Rathaus Yorckstra·e,2019,4,9,2,2,5,3,0,0,1,0,1,0,0,0,7976158904,5825532086,1338521,5249853
194320,11,9,9030901,Dorf Altglienicke,2019,4,10,1,2,5,3,0,0,1,0,0,0,1,0,8079412417,5816571334,1352857,524125
194321,11,4,4010101,Jungfernheide,2019,4,18,1,3,6,4,0,1,0,1,0,0,0,0,7912407003,5829696332,1329521,5253931
194322,11,7,7060604,Marienfelde SÅd,2019,4,16,1,3,5,3,0,1,1,0,0,0,0,0,7978583473,5815725804,1338002,524105
194323,11,8,8020726,Buckow West,2019,4,16,1,3,5,3,0,0,1,0,1,0,0,0,7998535367,5816513466,1340997,5241647
194324,11,9,9041301,Kietzer Feld/Nachtheide,2019,4,16,1,3,6,7,0,1,0,1,0,0,0,0,8121598944,5819710566,1359333,5243824
194325,11,2,2030302,Lausitzer Platz,2019,4,15,1,3,6,7,0,1,0,1,0,0,0,0,8005650628,5825807808,1342877,5249939
194326,11,3,3061126,Arnimplatz,2019,4,11,1,3,5,7,0,1,1,0,0,0,0,0,799219868,5831773706,1341438,525536
194327,11,10,10010204,Wuhletalstra·e,2019,4,17,1,2,1,5,0,1,1,0,0,0,0,0,8098277192,5832983341,1357147,5255851
194328,11,8,8010404,Rixdorf,2019,4,3,1,3,1,1,2,0,1,0,0,0,1,0,8017808785,5822803604,134439,5247179
194329,11,11,11010206,Wartenberg SÅd,2019,4,14,1,3,0,2,0,0,0,0,0,0,1,0,8062930676,5834079293,1352051,5257033
194330,11,3,3071536,Teutoburger Platz,2019,4,16,1,3,1,1,0,0,1,0,1,0,0,0,7991313766,5830269174,1341172,5254017
194331,11,11,11030619,Fennpfuhl Ost,2019,4,7,1,3,0,1,0,1,0,0,0,0,0,0,8038229132,5829137841,1347965,5252743
194332,11,1,1044201,Reinickendorfer Stra·e,2019,4,15,1,3,5,2,0,0,1,0,0,0,1,0,7964471721,5831945214,1337376,5255666
194333,11,1,1033201,Brunnenstra·e,2019,4,18,1,3,0,1,0,0,0,0,1,0,0,0,7978343294,5830450071,1339282,525425
194334,11,5,5010313,Ackerstra·e,2019,4,3,7,1,9,1,2,0,1,0,0,1,0,0,7843816805,5829957697,1319457,5254527
194335,11,3,3020203,Blankenfelde,2019,4,17,7,3,5,2,0,1,1,0,0,0,0,0,7965582255,5840101447,1338269,5262971
194336,11,9,9051702,Bîlschestra·e,2019,4,9,7,2,1,5,0,1,1,0,0,0,0,0,8146975324,5820825206,1363158,5244678
194337,11,7,7060604,Marienfelde SÅd,2019,4,14,7,3,1,5,0,1,1,0,0,0,0,0,7955388427,5815979416,1334624,5241403
194338,11,4,4030827,Karl-August-Platz,2019,4,20,7,3,1,5,1,1,1,0,0,0,0,0,7925865383,5826114097,1331184,5250647
194339,11,2,2010104,Wassertorplatz,2019,4,18,7,3,5,2,0,1,1,0,0,0,0,0,7990655907,5825613522,1340657,5249847
194340,11,8,8010404,Rixdorf,2019,4,15,7,3,3,6,0,1,1,0,0,0,0,0,8017015992,582257747,1344254,5246981
194341,11,9,9051702,Bîlschestra·e,2019,4,15,7,3,6,4,0,0,1,1,0,0,0,0,8142025887,5821321026,1362479,524515
194342,11,5,5010206,GÅtersloher Weg,2019,4,13,7,3,5,2,0,0,1,0,0,0,0,0,7823664659,5830501279,131654,5255119
194343,11,6,6030501,Berlepschstra·e,2019,4,13,7,3,0,7,0,1,0,0,0,0,0,0,7875349809,5817273121,1323,5242989
194344,11,2,2020203,Viktoriapark,2019,4,12,7,3,5,2,0,0,1,0,0,0,1,0,7977518312,5824596901,1338637,5249008
194345,11,8,8010301,Reuterkiez,2019,4,11,7,3,2,2,0,0,0,0,1,0,1,0,801302133,5823988251,1343795,5248267
194346,11,7,7070703,John-Locke-Stra·e,2019,4,1,7,3,0,3,2,0,1,0,0,0,1,0,7994282881,5813175173,1340075,5238678
194347,11,8,8041037,Alt-Rudow,2019,4,7,7,2,5,3,0,0,1,0,0,0,0,0,8055360028,5818566233,1349514,5243173
194348,11,12,12214424,Scharnweberstra·e,2019,4,8,7,3,5,2,0,1,1,0,0,0,0,0,7933907319,5832515873,1332931,5256343
194349,11,6,6010205,SÅdende,2019,4,9,7,3,5,3,0,1,1,0,0,0,0,0,7955320335,5819966641,1334967,5244978
194350,11,7,7070703,John-Locke-Stra·e,2019,4,10,7,3,2,6,0,0,1,0,0,0,0,0,7998185648,5813186494,1340648,5238667
194351,11,6,6030609,Augustaplatz,2019,4,10,7,2,6,2,0,0,1,1,0,0,0,0,7932754515,5819096086,1331579,5244319
194352,11,7,7050501,Rathausstra·e,2019,4,10,7,3,2,2,0,0,1,0,0,0,0,0,7980214115,5819648762,1338591,5244557
194353,11,2,2040701,Andreasviertel,2019,4,5,7,2,5,3,2,0,1,0,0,0,1,0,800718317,582787586,1343289,5251784
194354,11,11,11030721,RÅdigerstra·e,2019,5,14,5,3,5,7,0,1,1,0,0,0,0,1,804688929,5828427135,1349173,5252058
194355,11,1,1033102,Gesundbrunnen,2019,5,14,5,3,0,6,0,1,1,0,0,0,0,0,797433396,5831263498,1338765,5255001
194356,11,6,6010207,Mittelstra·e,2019,5,17,5,3,1,5,0,1,1,0,0,0,0,0,7939633532,5820437767,1332706,5245484
194357,11,9,9020701,Adlershof West,2019,5,12,5,3,5,3,0,1,1,0,0,0,0,0,8088094645,5819002117,1354354,5243379
194358,11,6,6020306,Lankwitz SÅd,2019,5,17,5,3,5,3,0,0,1,0,0,0,0,0,79651901,581731125,1336179,5242544
194359,11,9,9010302,SpÑthsfelde,2019,5,14,5,3,5,3,0,0,1,0,1,0,0,1,8049387156,5820712241,1348834,5245129
194360,11,4,4030828,Savignyplatz,2019,5,13,5,3,1,5,0,1,1,0,0,0,0,1,7930629351,5826099304,1331883,5250608
194361,11,2,2040503,Richard-Sorge-Viertel,2019,5,17,5,3,2,6,0,1,1,0,0,0,0,0,801492826,5827923972,1344431,5251784
194362,11,7,7010101,Wittenbergplatz/Viktoria-Luise-Platz,2019,5,14,5,3,5,2,0,1,1,0,0,0,0,0,7947709525,582569285,1334356,5250152
194363,11,11,11040926,Weitlingstra·e,2019,5,17,5,3,5,2,0,1,1,0,0,0,0,0,804587552,5826362866,1348835,5250213
194364,11,3,3020209,Niederschînhausen,2019,5,16,5,3,5,3,0,1,1,0,0,0,0,0,7981331058,5836522369,1340267,5259676
194365,11,2,2040701,Andreasviertel,2019,5,16,5,3,0,3,0,1,1,0,0,0,0,0,8003147511,582761816,1342673,5251575
194366,11,12,12103218,Teichstra·e,2019,5,16,5,3,2,6,0,0,1,0,0,1,0,0,7935908079,5832534444,1333227,5256349
194367,11,9,9031202,Schmîckwitz/Rauchfangswerder,2019,5,5,5,2,4,6,1,0,0,0,0,0,1,1,8168440268,5812910541,1365557,5237462
194368,11,9,9041501,Altstadt Kietz,2019,5,9,5,2,6,3,0,0,1,1,0,0,0,0,8109899744,5820319478,1357674,5244436
194369,11,4,4051652,Nikolsburger Platz,2019,5,8,5,3,3,6,0,1,1,0,0,0,0,0,7934445305,5823962165,1332255,5248672
194370,11,1,1011302,Oranienburger Stra·e,2019,5,9,5,3,5,3,0,1,0,0,0,0,1,0,7990604355,5829007208,1340954,5252889
194371,11,8,8010404,Rixdorf,2019,5,7,5,3,2,3,0,1,0,0,0,0,0,0,8021639174,5823362712,1345003,5247659
194372,11,2,2020201,Gleisdreieck/Entwicklungsgebiet,2019,5,7,5,3,5,2,0,1,1,0,0,0,0,1,7967686885,5826034571,1337321,525035
194373,11,10,10020622,Kaulsdorf Nord I,2019,5,7,5,3,5,3,0,1,1,0,0,0,0,0,8111535421,5828388181,1358667,5251658
194374,11,2,2050601,Hausburgviertel,2019,5,7,5,3,5,2,0,1,0,0,0,0,1,1,8018657288,5828983034,1345075,5252713
194375,11,12,12214422,Klixstra·e,2019,5,7,5,3,5,2,0,1,0,0,0,0,1,0,7923044734,5833990785,1331463,5257723
194376,11,10,10030724,Oberfeldstra·e,2019,5,14,5,3,5,2,0,0,0,0,1,0,1,1,8096295328,5828924246,1356478,5252225
194377,11,12,12103115,Breitkopfbecken,2019,5,13,5,3,5,3,0,1,1,0,0,0,0,1,7962332757,5833661649,1337214,5257216
194378,11,2,2050601,Hausburgviertel,2019,5,13,5,2,4,6,0,0,1,0,0,1,0,1,8021263503,5828462974,1345411,5252232
194379,11,5,5020523,Maulbeerallee,2019,5,13,5,2,5,2,0,0,1,0,0,0,0,0,7823799454,5827031936,1316265,5252008
194380,11,9,9052001,Kîpenick Nord,2019,5,12,5,3,5,2,0,1,0,0,0,0,0,0,8111827153,5822107388,1358123,5246028
194381,11,1,1011105,Nîrdlicher Landwehrkanal,2019,5,11,5,2,5,3,0,0,1,0,0,0,0,0,7964372104,582632414,133686,5250628
194382,11,4,4041137,Flinsberger Platz,2019,5,10,5,3,5,2,0,0,1,0,0,0,0,0,7912659289,5823330345,1329001,5248222
194383,11,4,4020208,Kranzallee,2019,5,10,5,3,6,2,0,0,1,1,0,0,0,0,7869244429,5825820218,132284,5250684
194384,11,10,10020414,Helle Mitte,2019,5,6,4,3,5,2,0,1,1,0,0,0,0,0,8122278769,5830702522,1360462,525367
194385,11,11,11041128,Sewanstra·e,2019,5,10,4,3,3,6,0,0,0,0,1,0,1,0,8070914065,5825784744,1352459,5249555
194386,11,3,3071537,Kollwitzplatz,2019,5,13,4,3,5,2,0,1,1,0,0,0,0,0,7995443764,5830089096,1341763,5253832
194387,11,5,5040934,Alt-Gatow,2019,5,10,4,3,2,6,0,0,1,0,0,0,0,0,783940223,5823367917,1318245,5248642
194388,11,7,7030303,Grazer Platz,2019,5,20,4,3,6,4,0,0,1,1,0,0,0,0,7954311577,5821687531,1334971,5246526
194389,11,5,5040936,JÑgerallee,2019,5,18,4,3,5,3,0,0,1,0,0,0,0,0,7800531994,5819443377,1312207,5245323
194390,11,2,2050802,Boxhagener Platz,2019,5,8,4,3,0,6,0,1,1,0,0,0,0,0,8028428777,58265874,1346293,5250512
194391,11,11,11041022,Rosenfelder Ring,2019,5,7,4,2,6,4,0,0,0,1,0,0,1,0,8066021766,5827734549,135192,525133
194392,11,5,5010101,Hakenfelde Nord,2019,5,21,4,3,5,3,2,1,1,0,0,0,0,0,7844212177,5831938433,1319685,5256301
194393,11,3,3061228,Erich-Weinert-Stra·e,2019,5,20,4,2,5,2,1,1,1,0,0,0,0,0,8001927513,5830931051,1342792,5254551
194394,11,10,10040933,Mahlsdorf SÅd,2019,5,16,4,3,5,3,0,1,1,0,0,0,0,0,8126403779,5825270994,1360558,524878
194395,11,7,7030303,Grazer Platz,2019,5,16,4,3,5,2,0,0,1,0,1,0,0,0,7953921195,5820977953,1334851,5245892
194396,11,8,8041036,Zittauer Stra·e,2019,5,15,4,3,5,3,0,1,1,0,0,0,0,0,8051901034,5816496393,1348818,5241337
194397,11,1,1011303,Alexanderplatzviertel,2019,5,15,4,3,2,2,0,1,1,0,0,0,0,0,7991095983,5828466017,1340978,5252402
194398,11,1,1022206,LÅneburger Stra·e,2019,5,17,4,3,2,6,0,0,1,0,0,0,0,0,7957518283,5828194682,1336019,5252341
194399,11,4,4020310,Park Ruhwald,2019,5,17,4,3,5,3,0,0,1,0,0,0,0,0,7903616202,5827321356,1328021,5251848
194400,11,1,1011303,Alexanderplatzviertel,2019,5,16,4,3,2,6,0,0,1,0,1,0,0,0,7995676423,5828743121,1341676,5252625
194401,11,4,4030930,George-Grosz-Platz,2019,5,16,4,3,2,6,0,0,1,0,0,0,0,0,7928398313,58255033,1331503,5250086
194402,11,6,6040805,FischerhÅttenstra·e,2019,5,16,4,3,0,1,0,1,0,0,0,0,0,0,7891828873,5818567649,1325529,5244063
194403,11,7,7030303,Grazer Platz,2019,5,15,4,3,2,6,0,0,1,0,0,0,0,0,7954376871,5821007018,133492,5245915
194404,11,7,7040403,Manteuffelstra·e,2019,5,14,4,3,3,6,0,0,1,0,1,0,0,0,7973235431,5821806776,1337759,524653
194405,11,5,5010101,Hakenfelde Nord,2019,5,7,4,2,5,3,0,1,1,0,0,0,0,0,7859332119,5831674059,1321887,5255985
194406,11,2,2010101,Askanischer Platz,2019,5,13,4,3,0,2,0,1,0,0,0,0,1,0,797034962,5825879766,1337698,5250197
194407,11,2,2050801,Traveplatz,2019,5,15,4,2,0,1,0,0,0,0,1,0,0,0,8033607658,5826703563,1347064,5250587
194408,11,4,4010101,Jungfernheide,2019,5,14,4,3,2,6,0,0,1,0,0,0,0,0,791220753,5830669205,1329577,5254804
194409,11,1,1044101,Rehberge,2019,5,13,4,2,5,2,0,0,1,0,1,0,0,0,7945246174,5831566174,1334514,525543
194410,11,9,9041301,Kietzer Feld/Nachtheide,2019,5,13,4,3,2,6,0,0,1,0,0,0,0,0,8121184446,5819731742,1359274,5243845
194411,11,6,6030503,Zehlendorf Mitte,2019,5,12,4,3,6,7,0,0,1,1,0,0,0,0,7899321301,5817661168,132655,5243211
194412,11,8,8041037,Alt-Rudow,2019,5,12,4,3,6,7,0,0,1,1,0,0,0,0,805724102,5816948163,1349642,5241712
194413,11,1,1011303,Alexanderplatzviertel,2019,5,11,4,3,2,6,0,0,1,0,0,0,0,0,799208301,5828464611,1341123,5252395
194414,11,8,8010213,Kîrnerpark,2019,5,11,4,3,5,2,0,1,1,0,0,0,0,0,8012423411,5822469041,134357,5246909
194415,11,1,1011204,Leipziger Stra·e,2019,5,9,4,3,5,2,0,0,1,0,1,0,0,0,7983119975,5826963785,1339671,5251099
194416,11,1,1033202,Humboldthain SÅd,2019,5,9,4,3,5,3,0,1,1,0,0,0,0,0,796971925,5830138085,1337986,5254017
194417,11,2,2030402,Wrangelkiez,2019,5,9,4,3,5,2,0,0,1,0,1,0,0,0,801945254,582565214,134489,5249723
194418,11,8,8010509,Schulenburgpark,2019,5,9,4,3,0,1,0,0,0,0,1,0,0,0,8038254356,5822133277,134733,5246465
194419,11,4,4041134,Bismarckallee,2019,5,9,4,2,2,6,0,0,1,0,0,0,0,0,7908569311,5824316495,1328486,5249128
194420,11,5,5020417,Staakener Stra·e,2019,5,9,4,3,5,3,0,0,1,0,0,0,0,0,7834122115,5828627715,1317918,5253385
194421,11,9,9020701,Adlershof West,2019,5,9,4,3,5,3,0,0,1,0,0,0,0,0,8074160147,5818311215,1352247,5242839