OBJECTID,LAND,BEZ,LOR,STRASSE,UJAHR,UMONAT,USTUNDE,UWOCHENTAG,UKATEGORIE,UART,UTYP1,ULICHTVERH,IstRad,IstPKW,IstFuss,IstKrad,IstGkfz,IstSonstige,USTRZUSTAND,LINREFX,LINREFY,XGCSWGS84,YGCSWGS84
194422,11,3,3040818,Pankow SÅd,2019,5,8,4,3,2,2,0,0,1,0,0,0,0,0,8002760341,5831757379,134299,5255288
194423,11,2,2040701,Andreasviertel,2019,5,8,4,3,5,2,0,1,1,0,0,0,0,0,8004267408,5827979713,134287,5251893
194424,11,11,11020513,Orankesee,2019,5,8,4,3,0,2,0,0,0,0,0,1,1,0,8029857456,5830861267,1346892,5254334
194425,11,4,4030828,Savignyplatz,2019,5,7,4,3,0,5,0,1,1,0,0,0,0,0,7935430094,582636836,1332612,5250824
194426,11,1,1022202,Heidestra·e,2019,5,6,4,3,5,2,0,0,1,0,1,0,0,0,79630505,5828920954,1336897,5252962
194427,11,4,4020311,Reichsstra·e,2019,5,8,3,3,0,6,0,0,1,0,0,0,0,0,7891482701,5826072509,1326129,5250793
194428,11,1,1011101,StÅlerstra·e,2019,5,19,3,3,0,3,0,0,1,0,1,0,0,0,7953146341,5826263095,1335205,5250634
194429,11,1,1011103,LÅtzowstra·e,2019,5,19,3,3,5,3,0,1,1,0,0,0,0,0,795384968,5826005478,1335286,5250399
194430,11,2,2040703,Wriezener Bahnhof/Entwicklungsgebiet,2019,5,19,3,3,1,5,0,1,1,0,0,0,0,0,8016678082,5826285162,134454,5250306
194431,11,2,2030301,Oranienplatz,2019,5,22,3,3,1,5,2,1,1,0,0,0,0,0,7996122945,5826218574,1341514,5250359
194432,11,3,3061429,Greifswalder Stra·e,2019,5,18,3,3,6,6,0,1,0,1,0,0,0,0,8011376586,5830739437,1344164,5254328
194433,11,12,12302107,Schorfheidestra·e,2019,5,18,3,3,5,2,0,0,1,0,1,0,0,0,7943388013,5835703626,1334608,5259149
194434,11,7,7050503,Eisenacher Stra·e,2019,5,18,3,3,0,1,0,0,1,0,0,0,0,0,799004597,5819644293,1340032,52445
194435,11,11,11020514,Gro·e-Leege-Stra·e,2019,5,13,3,3,2,6,0,0,1,0,0,0,0,0,8044982384,5830968062,1349125,5254346
194436,11,8,8010214,Glasower Stra·e,2019,5,17,3,3,5,2,0,0,1,0,1,0,0,0,8016798523,5822337213,13442,5246767
194437,11,9,9020702,Adlershof Ost,2019,5,17,3,2,0,1,0,1,1,0,0,0,0,0,8091430648,581951567,1354891,5243821
194438,11,3,3050924,Behaimstra·e,2019,5,17,3,3,4,5,0,0,1,0,0,0,1,0,8013877637,583190576,1344638,5255359
194439,11,5,5010314,Carl-Schurz-Stra·e,2019,5,16,3,3,2,6,0,0,1,0,0,0,0,0,7852794718,5829297366,1320721,5253888
194440,11,3,3061228,Erich-Weinert-Stra·e,2019,5,16,3,3,5,2,0,1,1,0,0,0,0,0,800938789,5831179531,1343912,5254733
194441,11,5,5010314,Carl-Schurz-Stra·e,2019,5,15,3,3,2,6,0,0,1,0,1,0,0,0,7846456254,5829284376,1319788,525391
194442,11,4,4030622,Richard-Wagner-Stra·e,2019,5,16,3,2,6,7,0,0,1,1,0,0,0,0,7920238119,5827237286,1330456,5251684
194443,11,2,2050801,Traveplatz,2019,5,15,3,2,3,6,0,1,1,0,0,0,0,0,8024839704,5827406978,134584,5251266
194444,11,2,2020203,Viktoriapark,2019,5,15,3,3,2,6,0,0,1,0,0,0,0,0,797826775,5824903963,1338774,5249279
194445,11,2,2050802,Boxhagener Platz,2019,5,12,3,3,1,5,0,1,1,0,0,0,0,0,80221433,5827126509,1345419,525103
194446,11,4,4030518,Tegeler Weg,2019,5,11,3,3,4,6,0,0,1,0,0,1,0,0,7920034164,5828567033,1330543,5252877
194447,11,1,1011401,Invalidenstra·e,2019,5,10,3,3,3,6,0,1,1,0,0,0,0,0,79736028,5829277149,133848,5253224
194448,11,4,4030929,Hindemithplatz,2019,5,9,3,3,5,3,0,1,1,0,0,0,0,0,7926257998,5825458587,1331184,5250057
194449,11,4,4030519,Kaiserin-Augusta-Allee,2019,5,8,3,3,5,3,0,0,1,0,1,0,0,0,7920669018,5828230815,1330607,5252573
194450,11,12,12302107,Schorfheidestra·e,2019,5,8,3,3,2,2,0,0,1,0,0,0,1,0,79438221,5836232761,1334719,5259621
194451,11,1,1011201,Wilhelmstra·e,2019,5,7,3,3,1,5,0,1,1,0,0,0,0,0,7973090304,582721091,133822,5251375
194452,11,12,12301205,Waidmannslust,2019,5,7,3,3,5,3,0,1,1,0,0,0,0,0,7917807795,5836929471,1330951,5260386
194453,11,1,1011303,Alexanderplatzviertel,2019,5,7,3,3,3,6,0,0,1,0,0,0,0,0,7995891844,582877755,1341711,5252654
194454,11,12,12214421,Reinickes Hof,2019,5,5,3,3,2,6,1,0,1,0,1,0,0,1,7934387793,5833416061,1333081,5257147
194455,11,3,3061126,Arnimplatz,2019,5,15,2,2,5,2,0,1,1,0,0,0,0,0,7989633807,5831449056,1341032,5255083
194456,11,6,6020409,Kînigsberger Stra·e,2019,5,10,2,3,1,5,0,0,1,0,0,0,0,0,7938931798,5817750323,1332367,5243079
194457,11,1,1011204,Leipziger Stra·e,2019,5,16,2,3,2,2,0,0,1,0,0,0,1,0,7986998408,5827083256,1340252,5251185
194458,11,1,1022104,Emdener Stra·e,2019,5,22,2,3,5,3,2,1,1,0,0,0,0,0,794558808,5828452024,1334289,5252637
194459,11,4,4030621,Spreestadt,2019,5,20,2,2,6,4,2,0,1,1,0,0,0,0,793201119,5827792842,1332235,5252119
194460,11,1,1011305,Heine-Viertel West,2019,5,19,2,2,5,3,0,1,1,0,0,0,0,0,7994574152,5827067357,1341363,5251129
194461,11,1,1011103,LÅtzowstra·e,2019,5,19,2,3,2,6,2,0,1,0,0,0,0,0,7957702352,5825717509,1335826,525012
194462,11,2,2020202,Rathaus Yorckstra·e,2019,5,18,2,3,0,2,0,1,1,0,0,0,0,0,797913354,5825279649,1338935,5249611
194463,11,6,6040808,HÅttenweg,2019,5,18,2,3,2,6,0,0,1,0,0,0,0,1,79016274,5819744332,1327069,5245066
194464,11,7,7040403,Manteuffelstra·e,2019,5,17,2,2,2,6,0,0,1,0,1,0,0,0,7972561102,5820930401,1337582,5245748
194465,11,7,7010103,Barbarossaplatz,2019,5,16,2,3,5,3,0,1,1,0,0,0,0,0,7956209184,5824477768,1335497,5249017
194466,11,11,11020412,Hauptstra·e,2019,5,17,2,3,5,3,0,0,1,0,0,0,0,0,806390923,5831399427,1351947,5254626
194467,11,6,6040701,Wannsee,2019,5,16,2,3,1,5,0,1,1,0,0,0,0,0,7844919874,581695932,131851,5242867
194468,11,6,6030610,Lichterfelde West,2019,5,16,2,3,2,6,0,0,1,0,0,0,0,0,7923820905,5818469596,1330214,5243805
194469,11,5,5010339,Freiheit,2019,5,17,2,3,1,5,0,0,1,0,0,0,1,0,7877378261,5828231447,1324243,5252803
194470,11,3,3061126,Arnimplatz,2019,5,16,2,3,5,2,0,1,1,0,0,0,0,0,7992150969,5831774087,1341431,5255361
194471,11,4,4030930,George-Grosz-Platz,2019,5,16,2,3,0,3,0,0,1,0,0,0,1,0,7931335202,5825589392,1331942,5250147
194472,11,8,8030831,Gropiusstadt Ost,2019,5,15,2,3,2,6,0,0,1,0,0,0,0,0,8039262493,5818240965,1347124,5242971
194473,11,1,1011203,Unter den Linden SÅd,2019,5,15,2,3,1,5,0,1,1,0,0,0,1,0,7981205502,5827409443,133943,5251509
194474,11,3,3010102,Buch,2019,5,14,2,3,1,5,0,1,1,0,0,0,0,0,8040853347,584022373,1349368,5262664
194475,11,6,6040809,Thielallee,2019,5,14,2,3,5,2,0,1,1,0,0,0,0,0,79162021,5820656732,1329287,5245806
194476,11,4,4030623,Ernst-Reuter-Platz,2019,5,13,2,3,0,5,0,0,1,0,0,0,0,0,7935422895,5826345978,1332609,5250804
194477,11,9,9041601,MÅggelheim,2019,5,13,2,3,5,3,0,1,1,0,0,0,0,0,8175188169,5818243225,1367051,5242201
194478,11,12,12103115,Breitkopfbecken,2019,5,16,2,3,5,3,0,1,1,0,0,0,0,0,7963100035,5833949513,1337353,525747
194479,11,7,7040404,Marienhîhe,2019,5,13,2,3,5,3,0,1,1,0,0,0,0,0,7970102559,582040242,1337174,5245288
194480,11,6,6030608,Schweizer Viertel,2019,5,12,2,3,1,5,0,0,1,0,0,0,0,0,7924948062,5817042861,1330254,524252
194481,11,7,7050502,Fritz-Werner-Stra·e,2019,5,11,2,2,3,6,0,1,0,0,0,1,0,0,7981569645,5819022544,1338734,5243989
194482,11,7,7070702,Alt-Lichtenrade/Tîpchiner Weg,2019,5,6,2,3,5,3,0,0,1,0,1,0,0,0,8006372129,5814907274,1342002,5240164
194483,11,10,10020517,Adele-Sandrock-Stra·e,2019,5,7,2,3,6,2,0,0,1,1,0,0,0,0,8124200484,5830374664,1360714,5253366
194484,11,4,4041241,Breite Stra·e,2019,5,12,2,3,5,2,0,1,1,0,0,0,0,0,7918776547,5822388264,1329816,5247345
194485,11,6,6040810,Dahlem,2019,5,7,2,3,6,4,0,1,0,1,0,0,0,0,7909519943,5820700806,132831,5245881
194486,11,8,8010509,Schulenburgpark,2019,5,6,2,3,5,3,0,0,1,0,1,0,0,0,8038636123,5821820379,1347358,5246182
194487,11,3,3020209,Niederschînhausen,2019,5,6,2,3,5,3,0,0,1,0,1,0,0,0,7978662487,5835308021,1339765,5258603
194488,11,6,6020304,Kaiser-Wilhelm-Stra·e,2019,5,7,2,3,5,7,0,1,1,0,0,0,0,0,7948486531,5817553856,1333751,5242852
194489,11,5,5010314,Carl-Schurz-Stra·e,2019,5,7,2,3,5,2,0,0,1,0,0,0,0,0,785604077,582857433,1321136,5253223
194490,11,12,12302110,Dannenwalder Weg,2019,5,7,2,3,6,4,0,0,1,1,0,0,0,0,794782184,5836291863,1335313,5259652
194491,11,7,7040401,Neu-Tempelhof,2019,5,8,2,2,5,3,0,0,1,0,0,0,0,0,7976886443,582349314,1338445,5248022
194492,11,6,6030607,Goerzwerke,2019,5,8,2,3,0,3,0,0,1,0,1,0,0,0,7913489019,5816108091,1328492,5241743
194493,11,11,11041022,Rosenfelder Ring,2019,5,8,2,2,6,4,0,0,1,1,0,0,0,0,8066064847,5827753215,1351928,5251346
194494,11,1,1011203,Unter den Linden SÅd,2019,5,9,2,3,3,6,0,1,0,0,0,0,0,0,7982777946,582747954,1339667,5251563
194495,11,9,9020701,Adlershof West,2019,5,9,2,3,3,6,0,0,1,0,0,0,1,0,8085375568,5819110451,1353965,5243492
194496,11,4,4051655,Babelsberger Stra·e,2019,5,9,2,3,6,4,0,0,1,1,0,0,0,0,7940443734,5823103788,133306,524787
194497,11,6,6040810,Dahlem,2019,5,10,2,3,5,2,0,0,1,0,0,0,0,0,790148897,5819770493,1327051,524509
194498,11,1,1011304,Karl-Marx-Allee,2019,5,10,2,3,5,3,0,1,0,0,0,0,1,0,7996878117,5827827087,134177,5251797
194499,11,4,4020310,Park Ruhwald,2019,5,10,2,2,2,6,0,0,1,0,0,0,0,0,7882612005,5827800388,1324975,5252389
194500,11,4,4030929,Hindemithplatz,2019,5,10,2,3,2,6,0,1,1,0,0,0,0,0,7927054296,5825893894,1331339,5250443
194501,11,4,4030827,Karl-August-Platz,2019,5,11,2,3,1,5,0,1,1,0,0,0,0,0,7922984509,5826012903,1330752,5250572
194502,11,9,9020601,Schnellerstra·e,2019,5,11,2,3,5,2,0,1,1,0,0,0,0,0,8059039782,582181979,1350352,5246068
194503,11,12,12103116,Hausotterplatz,2019,5,11,2,3,6,4,0,0,1,1,0,0,0,0,7967279007,5833305516,133791,525687
194504,11,5,5010312,Kurstra·e,2019,5,11,2,3,5,2,0,1,1,0,0,0,0,0,7850771717,5829876784,1320473,5254418
194505,11,9,9051702,Bîlschestra·e,2019,5,12,2,3,0,1,0,1,0,0,0,0,0,0,8142021963,5821284925,1362475,5245118
194506,11,5,5020417,Staakener Stra·e,2019,5,12,2,3,3,6,0,0,1,0,0,0,0,0,783024355,5828580341,1317344,5253363
194507,11,1,1033202,Humboldthain SÅd,2019,5,5,1,3,6,4,1,1,0,1,0,0,0,0,7974511788,5830054635,1338683,5253916
194508,11,1,1011201,Wilhelmstra·e,2019,5,15,1,3,5,2,0,1,1,0,0,0,0,0,7969608965,5826701878,1337663,5250938
194509,11,8,8010404,Rixdorf,2019,5,17,1,3,0,7,0,0,1,0,1,0,0,0,8020243567,5823487484,134481,5247779
194510,11,6,6020303,Lankwitz Kirche,2019,5,17,1,3,1,5,0,1,1,0,0,0,0,0,7952851301,5818576985,1334482,5243745
194511,11,8,8010118,Silbersteinstra·e,2019,5,14,1,3,5,2,0,1,1,0,0,0,0,0,8007732206,5822754829,1342907,5247191
194512,11,3,3071537,Kollwitzplatz,2019,5,14,1,3,6,4,0,1,0,1,0,0,0,0,7998543403,5829796666,1342192,5253553
194513,11,8,8010118,Silbersteinstra·e,2019,5,12,1,3,6,4,0,0,0,1,1,0,0,0,8008515144,582252981,1343002,5246985
194514,11,2,2020204,Urbanstra·e,2019,5,14,1,2,6,4,0,1,0,1,0,0,0,0,7987156214,5825011778,1340089,5249327
194515,11,10,10020621,Gelbes Viertel,2019,5,18,1,2,6,4,0,0,1,1,0,0,0,0,8114080764,5829835227,1359176,525294
194516,11,8,8041037,Alt-Rudow,2019,5,20,1,2,5,3,1,0,1,0,0,0,0,0,8053164929,5817686377,1349112,5242396
194517,11,2,2010104,Wassertorplatz,2019,5,11,1,2,6,4,0,0,1,1,0,0,0,0,7997019112,5825677409,1341597,5249869
194518,11,8,8020726,Buckow West,2019,5,9,1,3,5,3,0,0,1,0,1,0,0,0,7998529118,5816514875,1340996,5241648
194519,11,4,4030929,Hindemithplatz,2019,5,8,1,2,0,2,0,0,1,0,0,0,0,0,792707631,5825467903,1331305,5250061
194520,11,12,12301205,Waidmannslust,2019,5,3,1,2,1,5,2,0,1,0,0,0,0,0,7916259962,5836754338,1330708,5260237
194521,11,6,6010101,Fichtenberg,2019,5,13,1,3,2,6,0,0,1,0,0,0,1,0,7933966998,5820359578,1331868,5245445
194522,11,12,12214527,Alt-Tegel,2019,5,14,1,3,5,2,0,0,1,0,0,0,0,0,7899031543,5835694804,1328078,5259379
194523,11,7,7010101,Wittenbergplatz/Viktoria-Luise-Platz,2019,5,16,7,2,6,2,0,0,0,1,0,0,1,0,7949634986,5824889041,1334568,5249421
194524,11,4,4051655,Babelsberger Stra·e,2019,5,12,7,3,1,5,0,0,1,0,0,0,0,0,7942219305,5823923713,1333393,5248596
194525,11,3,3040614,Pankow Zentrum,2019,5,19,7,3,5,2,1,1,1,0,0,0,0,0,8000250322,583454294,1342872,5257798
194526,11,1,1011402,Arkonaplatz,2019,5,17,7,3,5,3,0,1,0,0,0,0,1,0,7987313362,5829568325,1340521,525341
194527,11,12,12302108,MÑrkisches Zentrum,2019,5,21,7,2,6,4,2,0,1,1,0,0,0,0,7938265854,5836350248,1333912,5259757
194528,11,12,12302108,MÑrkisches Zentrum,2019,5,21,7,3,6,6,2,0,1,1,0,0,0,0,79381742,5836446814,1333907,5259844
194529,11,1,1044101,Rehberge,2019,5,19,7,3,5,2,0,1,1,0,0,0,0,0,7945262011,5831579001,1334518,5255442
194530,11,9,9020802,Kîllnische Vorstadt,2019,5,19,7,3,5,3,0,0,1,0,0,0,0,0,8103062572,5819727921,1356616,5243945
194531,11,7,7050501,Rathausstra·e,2019,5,17,7,3,5,2,0,0,1,0,1,0,0,0,7972133135,5819550569,1337396,5244513
194532,11,9,9041501,Altstadt Kietz,2019,5,18,7,3,2,6,0,0,1,0,0,0,0,1,8112602851,5820195324,1358059,524431
194533,11,10,10040933,Mahlsdorf SÅd,2019,5,18,7,2,1,5,0,0,1,0,1,0,0,0,8139108792,5825561296,136245,5248967
194534,11,1,1044202,Sparrplatz,2019,5,18,7,3,2,6,0,0,1,0,0,0,0,0,795045571,5830316297,133517,5254282
194535,11,10,10020413,Gut Hellersdorf,2019,5,17,7,3,5,3,0,0,1,0,1,0,0,0,8120104312,5830589805,1360132,5253582
194536,11,1,1011306,Heine-Viertel Ost,2019,5,16,7,3,1,5,0,0,1,0,0,0,0,0,7999068773,5826955879,1342014,5251004
194537,11,2,2030401,Reichenberger Stra·e,2019,5,1,7,3,5,3,2,0,1,0,0,0,0,1,8008710992,5825304613,1343281,5249471
194538,11,5,5020523,Maulbeerallee,2019,5,14,7,2,0,6,0,0,1,0,0,0,1,0,7824349399,5827016673,1316344,5251991
194539,11,1,1044101,Rehberge,2019,5,14,7,3,6,4,0,0,1,1,0,0,0,1,7947904156,5831159972,1334869,5255052
194540,11,10,10020413,Gut Hellersdorf,2019,5,13,7,2,0,1,0,1,0,0,0,0,0,0,8109686965,5830834146,1358624,525386
194541,11,8,8041040,Waltersdorfer Chaussee Ost,2019,5,13,7,3,5,2,0,1,1,0,0,0,0,0,8058075909,5816836148,1349754,5241607
194542,11,12,12301206,LÅbars,2019,5,12,7,3,5,3,0,1,1,0,0,0,0,0,793791716,5838387289,1334041,5261584
194543,11,3,3030406,Alt-Karow,2019,5,11,7,3,5,3,0,0,1,0,0,0,0,0,8028717582,5838290452,1347403,5260999
194544,11,6,6040701,Wannsee,2019,5,10,7,3,0,1,0,0,1,0,0,0,0,0,7846087136,5816618354,1318652,5242555
194545,11,4,4051551,Brabanter Platz,2019,5,3,6,3,1,1,2,0,1,0,0,0,0,0,7932945183,5823078694,1331957,5247888
194546,11,10,10040933,Mahlsdorf SÅd,2019,5,8,6,3,5,2,0,1,1,0,0,0,0,0,8130893001,5827106998,1361389,5250399
194547,11,9,9051901,Dammvorstadt,2019,5,12,6,3,6,7,0,0,1,1,0,0,0,0,8110365617,5821843097,1357884,5245799
194548,11,5,5040936,JÑgerallee,2019,5,14,6,3,6,6,0,0,1,1,0,0,0,0,7810311745,581939218,1313638,5245227
194549,11,7,7030301,Friedenau,2019,5,22,6,3,2,2,2,0,1,0,0,0,0,0,7940835444,5821722798,1332996,524663
194550,11,7,7040403,Manteuffelstra·e,2019,5,6,6,3,3,6,0,0,1,0,0,0,1,0,797300836,5821360397,1337686,5246131
194551,11,2,2030402,Wrangelkiez,2019,5,21,6,3,6,4,2,1,0,1,0,0,0,0,8014759238,5825766403,1344211,5249852
194552,11,8,8010303,Donaustra·e,2019,5,19,6,3,1,5,0,1,1,0,0,0,1,0,8014226668,5823868016,1343961,5248153
194553,11,8,8010301,Reuterkiez,2019,5,7,6,3,5,3,0,0,1,0,0,0,0,0,8005666502,5825140195,1342819,524934
194554,11,12,12103219,SchÑfersee,2019,5,18,6,3,5,2,0,0,1,0,0,0,0,0,7950666558,5832467641,1335392,5256209
194555,11,7,7010104,Dennewitzplatz,2019,5,18,6,3,1,5,0,1,1,0,0,0,1,0,7964789357,5824878982,1336792,524933
194556,11,11,11020411,Malchower Weg,2019,5,7,6,3,1,1,0,0,1,0,0,1,0,0,8045911166,5832766386,1349427,5255952
194557,11,9,9020701,Adlershof West,2019,5,17,6,3,5,3,0,1,1,0,0,0,0,0,8074051348,5818330199,1352233,5242856
194558,11,1,1011302,Oranienburger Stra·e,2019,5,8,6,3,5,2,0,1,1,0,0,0,0,0,7990557572,582899662,1340947,525288
194559,11,1,1011201,Wilhelmstra·e,2019,5,8,6,3,1,5,0,1,1,0,0,0,0,0,7973209324,5827179819,1338234,5251346
194560,11,6,6040701,Wannsee,2019,5,0,6,3,1,5,2,1,0,0,0,1,1,0,7816364579,5814901696,1314148,524117
194561,11,1,1011301,CharitÇviertel,2019,5,8,6,3,2,6,0,0,1,0,1,0,0,0,7966894316,5828765441,1337448,5252802
194562,11,5,5020626,Adamstra·e,2019,5,9,6,2,6,4,0,0,1,1,0,0,0,0,7846377828,5827259952,1319603,5252095
194563,11,7,7060603,Marienfelde Nordost,2019,5,9,6,2,6,4,0,0,1,1,0,0,0,0,7980829263,5815826686,133834,5241128
194564,11,1,1011204,Leipziger Stra·e,2019,5,9,6,3,5,5,0,0,1,0,1,0,0,0,7979548117,5826681062,1339121,5250865
194565,11,1,1022106,Elberfelder Stra·e,2019,5,10,6,3,1,5,0,0,1,0,1,0,0,0,7938904918,5827657664,1333236,5251961
194566,11,6,6010209,Feuerbachstra·e,2019,5,11,6,3,2,6,0,0,1,0,0,0,0,0,7942043995,5821446042,1333149,5246375
194567,11,5,5020625,Borkumer Stra·e,2019,5,12,6,3,2,6,0,0,1,0,0,0,0,0,7847913084,582877072,1319958,5253442
194568,11,8,8010301,Reuterkiez,2019,5,12,6,3,5,2,0,1,0,0,0,0,1,0,8009752383,5824764517,1343385,5248981
194569,11,2,2020204,Urbanstra·e,2019,5,13,6,2,5,3,0,0,1,0,1,0,0,0,7984204282,5824745839,1339632,5249105
194570,11,6,6010101,Fichtenberg,2019,5,13,6,3,5,7,0,1,1,0,0,0,0,0,7930774855,5820686071,1331428,5245755
194571,11,3,3061332,Helmholtzplatz,2019,5,13,6,3,0,7,0,0,1,0,1,0,0,0,800033175,5830686507,1342536,5254341
194572,11,1,1033102,Gesundbrunnen,2019,5,14,6,3,2,6,0,0,1,0,1,0,0,0,7975717037,5831890308,1339025,5255555
194573,11,2,2020203,Viktoriapark,2019,5,15,6,3,5,7,0,0,1,0,1,0,0,0,7970329532,5824470717,133757,5248934
194574,11,12,12301203,Wittenau SÅd,2019,5,15,6,2,5,2,0,1,1,0,0,0,0,0,7935391536,583546404,133341,5258978
194575,11,1,1011204,Leipziger Stra·e,2019,5,16,5,3,1,5,0,1,1,0,0,0,1,0,7979917643,5826838456,133919,5251004
194576,11,3,3061429,Greifswalder Stra·e,2019,5,8,5,3,5,3,0,1,1,0,0,0,0,0,8014159424,5830909621,1344589,5254465
194577,11,8,8010510,Gewerbegebiet Kîllnische Heide,2019,5,6,5,2,2,7,0,0,1,0,1,0,0,0,803600451,5821923667,1346981,524629
194578,11,1,1011203,Unter den Linden SÅd,2019,5,11,5,3,6,2,0,0,1,1,0,0,0,0,7979133963,5827274605,1339113,5251399
194579,11,9,9020701,Adlershof West,2019,5,18,5,3,5,2,0,1,1,0,0,0,0,0,808974666,5818112353,1354514,5242573
194580,11,1,1011305,Heine-Viertel West,2019,5,18,5,3,0,3,0,1,1,0,0,0,0,0,7991261116,5827120575,1340881,5251195
194581,11,1,1011306,Heine-Viertel Ost,2019,5,8,5,3,5,3,0,1,1,0,0,0,0,0,7998989024,5826523844,1341963,5250617
194582,11,12,12214422,Klixstra·e,2019,5,16,5,3,5,2,0,1,1,0,0,0,0,0,7922172608,5833939835,133133,5257682
194583,11,4,4030621,Spreestadt,2019,5,15,5,3,1,5,0,0,1,0,1,0,0,0,7935036914,582789308,1332689,5252193
194584,11,2,2010103,Moritzplatz,2019,5,14,5,3,5,5,0,1,1,0,0,0,0,0,7995646194,5826307676,1341452,5250442
194585,11,8,8030830,Gropiusstadt SÅd,2019,5,15,5,2,5,2,0,0,1,0,0,0,0,0,8022949254,5817848234,1344697,5242709
194586,11,12,12301203,Wittenau SÅd,2019,5,15,5,3,2,6,0,0,1,0,0,0,0,0,79254831,5834467682,1331864,5258138
194587,11,3,3051022,Hansastra·e,2019,5,15,5,2,5,2,0,0,1,0,1,0,0,0,8033424377,583158071,1347482,5254959
194588,11,6,6010101,Fichtenberg,2019,5,9,5,2,5,3,0,1,1,0,0,0,0,0,792711912,5821670605,1330978,5246657
194589,11,5,5030730,Zitadellenweg,2019,5,12,5,3,5,3,0,0,0,0,1,0,1,0,7861067127,5829356904,1321942,5253898
194590,11,1,1022103,Westhafen,2019,5,12,5,3,5,2,0,1,0,0,0,1,0,0,7935009477,5829389725,1332817,5253534
194591,11,4,4030725,Amtsgerichtsplatz,2019,5,11,5,3,5,3,0,0,1,0,0,0,0,0,7912924732,5826060761,1329278,5250669
194592,11,6,6010102,Schlo·stra·e,2019,5,15,5,3,6,7,0,0,1,1,0,0,0,0,7935202365,5820658453,1332076,5245706
194593,11,9,9030903,Kîlner Viertel,2019,5,15,5,3,6,7,0,0,1,1,0,0,0,0,8087498299,5815317378,1353927,524008
194594,11,7,7010104,Dennewitzplatz,2019,5,10,5,3,5,3,0,1,1,0,0,0,0,0,7963645711,5825091324,1336643,5249526
194595,11,2,2050803,Stralauer Kiez,2019,5,10,5,3,5,2,0,0,1,0,0,0,1,0,8029502125,5826077699,1346404,5250049
194596,11,7,7030303,Grazer Platz,2019,5,8,5,3,2,6,0,0,1,0,0,0,1,0,7953326233,582155926,1334815,5246416
194597,11,1,1011303,Alexanderplatzviertel,2019,5,8,5,3,3,6,0,0,0,0,0,0,1,0,799113834,5828309341,134097,5252261
194598,11,2,2010102,Mehringplatz,2019,5,8,5,2,0,1,0,0,0,0,1,0,0,0,7984332438,5826505333,1339808,5250681
194599,11,2,2040701,Andreasviertel,2019,5,0,5,3,1,5,2,1,1,0,0,0,0,0,8006451725,5827393033,1343138,5251355
194600,11,7,7040403,Manteuffelstra·e,2019,5,8,5,3,0,1,0,1,0,0,0,0,0,0,7972840038,5821143507,1337642,5245938
194601,11,2,2040703,Wriezener Bahnhof/Entwicklungsgebiet,2019,5,16,4,3,6,2,0,1,0,1,0,0,0,0,800921742,5826861776,1343496,5250864
194602,11,6,6030610,Lichterfelde West,2019,5,19,4,3,5,2,0,0,1,0,0,0,0,0,7929387022,5817767983,1330969,5243146
194603,11,8,8010303,Donaustra·e,2019,5,19,4,2,3,6,0,0,1,0,0,0,0,0,801027423,5823894033,1343383,5248198
194604,11,2,2030401,Reichenberger Stra·e,2019,5,22,4,3,6,4,2,1,0,1,0,0,0,0,800480428,5825761597,1342748,5249902
194605,11,3,3030716,MÑrchenland,2019,5,12,4,3,5,2,0,1,1,0,0,0,0,0,8033661508,5833523539,1347695,5256699
194606,11,5,5020625,Borkumer Stra·e,2019,5,21,4,2,2,6,2,0,1,0,1,0,0,0,7843915608,5828680705,1319362,5253382
194607,11,12,12302107,Schorfheidestra·e,2019,5,19,4,3,5,2,0,0,1,0,1,0,0,0,794339284,5835706267,1334609,5259152
194608,11,2,2040701,Andreasviertel,2019,5,18,4,3,6,7,0,0,1,1,0,0,0,0,8010711201,5827121581,1343739,5251089
194609,11,9,9010101,Elsenstra·e,2019,5,18,4,3,6,2,0,0,1,1,0,0,0,0,8023099897,5825530661,1345414,5249594
194610,11,7,7040403,Manteuffelstra·e,2019,5,14,4,3,6,7,0,1,0,1,0,0,0,0,7978550421,582165203,1338525,5246362
194611,11,4,4031032,Halensee,2019,5,13,4,3,5,2,0,0,1,0,1,0,0,0,7915779677,5824878875,1329594,5249594
194612,11,6,6040809,Thielallee,2019,5,13,4,3,1,5,0,1,1,0,0,0,1,0,7922695007,5820610285,1330236,524573
194613,11,5,5030731,Gartenfelder Stra·e,2019,5,12,4,3,2,2,0,0,1,0,1,0,0,0,7876650754,5829975328,1324287,5254371
194614,11,4,4030620,Alt-Lietzow,2019,5,12,4,3,3,6,0,1,1,0,0,0,0,0,7926611466,5827139968,1331384,5251563
194615,11,2,2010103,Moritzplatz,2019,5,17,4,3,5,2,0,0,1,0,1,0,0,0,79871812,5825880516,1340171,5250105
194616,11,8,8020625,Handwerker-Siedlung,2019,5,12,4,3,5,3,0,0,1,0,0,0,0,0,80147855,5817971456,1343511,5242865
194617,11,12,12231102,Frohnau,2019,5,12,4,3,5,3,0,1,1,0,0,0,0,0,790579008,5839713713,1329426,5262946
194618,11,4,4051448,Schaperstra·e,2019,5,15,4,3,0,2,0,0,1,0,0,0,1,0,7935035733,5825309422,1332461,5249876
194619,11,4,4051549,Rathaus Wilmersdorf,2019,5,15,4,3,0,6,0,1,1,0,0,0,0,0,7933030783,582375417,1332029,5248493