OBJECTID,LAND,BEZ,LOR,STRASSE,UJAHR,UMONAT,USTUNDE,UWOCHENTAG,UKATEGORIE,UART,UTYP1,ULICHTVERH,IstRad,IstPKW,IstFuss,IstKrad,IstGkfz,IstSonstige,USTRZUSTAND,LINREFX,LINREFY,XGCSWGS84,YGCSWGS84
194620,11,10,10020622,Kaulsdorf Nord I,2019,5,16,4,3,2,1,0,0,1,0,0,0,0,0,8105123879,5827974251,1357686,5251323
194621,11,2,2010103,Moritzplatz,2019,5,10,4,3,0,1,0,0,0,0,1,0,0,1,799282541,5826219366,134103,5250378
194622,11,12,12304313,Borsigwalde,2019,4,17,3,3,5,3,0,1,1,0,0,0,0,0,7909671499,583452937,1329542,5258278
194623,11,7,7010104,Dennewitzplatz,2019,4,6,3,2,5,3,0,0,1,0,1,0,0,0,7963322021,5825092714,1336596,5249529
194624,11,1,1033102,Gesundbrunnen,2019,4,9,3,3,2,2,0,0,1,0,0,0,0,0,7971794009,5831917919,133845,5255601
194625,11,9,9020701,Adlershof West,2019,4,15,3,3,6,6,0,1,0,1,0,0,0,0,8085624573,5819104777,1354001,5243485
194626,11,2,2030301,Oranienplatz,2019,4,17,3,3,1,5,0,0,1,0,1,0,0,0,7998521146,5825823338,1341831,5249992
194627,11,1,1044101,Rehberge,2019,4,7,3,3,2,6,1,0,1,0,0,0,0,0,7938780004,5830231523,1333445,5254269
194628,11,9,9020701,Adlershof West,2019,4,23,3,3,5,3,2,0,1,0,1,0,0,0,8074170875,581831138,1352249,5242839
194629,11,1,1033203,Humboldthain Nordwest,2019,4,15,3,2,5,2,0,0,0,0,1,0,1,0,796634192,5829789723,1337458,5253723
194630,11,1,1044201,Reinickendorfer Stra·e,2019,4,15,3,3,3,6,0,1,1,0,0,0,0,0,7969199784,5831542388,1338035,5255279
194631,11,9,9010401,Johannisthal West,2019,4,15,3,3,5,3,0,1,1,0,0,0,0,0,8060154078,5820102357,1350358,5244523
194632,11,7,7040401,Neu-Tempelhof,2019,4,15,3,3,5,3,0,1,0,0,0,0,1,0,7971468825,5823822619,1337679,5248347
194633,11,7,7030301,Friedenau,2019,4,15,3,3,5,3,0,1,1,0,0,0,0,0,7937471463,5821713614,1332501,524664
194634,11,4,4020314,MessegelÑnde,2019,4,15,3,2,5,7,0,1,1,0,0,0,0,0,7904108026,5825382653,1327924,5250108
194635,11,2,2010102,Mehringplatz,2019,4,15,3,2,5,2,0,1,1,0,0,0,0,0,7986800182,5826445145,1340165,5250614
194636,11,1,1022201,Stephankiez,2019,4,15,3,2,5,7,0,0,1,0,1,0,0,0,7948546689,5828992144,1334771,5253105
194637,11,2,2010102,Mehringplatz,2019,4,14,3,3,5,3,0,1,1,0,0,0,0,0,7985148682,5826169425,1339898,5250376
194638,11,1,1022101,Huttenkiez,2019,4,14,3,3,5,2,0,1,0,0,0,1,0,0,7934082861,5829078436,1332653,525326
194639,11,10,10040933,Mahlsdorf SÅd,2019,4,14,3,3,3,6,0,1,0,0,0,0,1,0,8132129248,58253166,1361403,5248788
194640,11,4,4030724,Lietzensee,2019,4,15,3,3,1,5,0,0,1,0,0,0,0,0,7910516605,5826351101,132895,5250942
194641,11,7,7020203,Kaiser-Wilhelm-Platz,2019,4,13,3,3,5,7,0,1,1,0,0,0,0,0,7957072049,5824041262,1335585,5248621
194642,11,4,4051446,Preu·enpark,2019,4,11,3,3,5,2,0,1,1,0,0,0,0,0,7928916925,5824757108,1331513,5249414
194643,11,9,9020501,Oberschîneweide West,2019,4,6,3,3,5,7,0,0,1,0,0,1,0,0,806236026,5822494019,1350901,5246654
194644,11,3,3061228,Erich-Weinert-Stra·e,2019,5,18,5,3,2,6,0,0,1,0,0,0,0,0,8009256469,5831198171,1343894,525475
194645,11,10,10010203,Gewerbegebiet Bitterfelder Stra·e,2019,4,6,3,3,1,5,0,0,1,0,0,1,0,0,8074470093,5830728883,1353438,5253966
194646,11,5,5030731,Gartenfelder Stra·e,2019,4,6,3,3,5,3,0,0,1,0,0,0,0,0,7872692566,5830242612,1323728,5254631
194647,11,7,7050502,Fritz-Werner-Stra·e,2019,5,18,5,3,5,3,0,0,1,0,0,0,0,0,7979297911,5818556127,1338359,5243583
194648,11,3,3061126,Arnimplatz,2019,5,14,5,3,5,3,0,1,0,0,0,0,0,1,7988360454,5831456127,1340845,5255097
194649,11,1,1044201,Reinickendorfer Stra·e,2019,4,6,3,3,2,6,0,0,1,0,0,0,0,0,7965439255,5831927801,1337516,5255645
194650,11,10,10030724,Oberfeldstra·e,2019,5,14,5,2,2,6,0,0,1,0,0,0,0,1,80958809,5828534085,135638,5251878
194651,11,11,11040926,Weitlingstra·e,2019,5,14,5,3,5,3,0,1,1,0,0,0,0,1,8064494155,582686953,1351616,5250563
194652,11,6,6010102,Schlo·stra·e,2019,5,16,6,3,1,5,0,1,1,0,0,0,0,0,7935742415,5820963488,1332182,5245977
194653,11,11,11030618,Fennpfuhl West,2019,5,16,6,3,2,2,0,0,0,0,1,0,1,0,802427995,5828890968,1345893,5252599
194654,11,2,2040701,Andreasviertel,2019,5,16,6,3,2,6,0,0,1,0,1,0,0,0,800168844,5827328842,1342432,5251324
194655,11,12,12214125,Waldidyll/Flughafensee,2019,5,15,6,2,2,6,0,0,1,0,0,0,0,0,7911915785,5830904403,1329554,5255016
194656,11,1,1011301,CharitÇviertel,2019,5,15,6,3,1,5,0,1,1,0,0,0,0,0,7970400027,5828398904,1337931,5252455
194657,11,5,5040934,Alt-Gatow,2019,5,15,6,3,5,2,0,0,1,0,1,0,0,0,7835076076,5822041799,1317497,5247475
194658,11,2,2010102,Mehringplatz,2019,5,15,6,3,2,6,0,0,1,0,0,0,1,0,7980830715,5826489931,1339292,5250686
194659,11,11,11020513,Orankesee,2019,5,13,6,3,5,2,0,0,0,0,0,1,1,0,8030078226,583078444,1346918,5254264
194660,11,4,4051448,Schaperstra·e,2019,5,13,6,2,5,2,0,1,1,0,0,0,0,0,7936336498,5824865512,1332612,5249472
194661,11,1,1011302,Oranienburger Stra·e,2019,5,13,6,3,0,5,0,1,0,0,0,0,1,0,7977524679,5828802039,1339014,5252777
194662,11,2,2030301,Oranienplatz,2019,5,13,6,3,5,3,0,0,1,0,0,0,0,0,7997049067,5826006481,1341631,5250164
194663,11,11,2050803,Stralauer Kiez,2019,5,12,6,3,3,6,0,1,0,0,0,0,1,0,8032756778,5826146086,1346889,5250092
194664,11,9,9020701,Adlershof West,2019,5,11,6,3,0,3,0,0,1,0,0,0,1,0,8087402692,5818502998,1354206,5242936
194665,11,9,9010101,Elsenstra·e,2019,5,9,5,3,3,6,0,1,0,0,0,0,1,0,8016726423,5825161335,1344445,5249298
194666,11,6,6030609,Augustaplatz,2019,5,20,5,3,2,6,1,0,1,0,0,0,0,0,7931967893,5819819793,1331527,5244972
194667,11,5,5030832,Rohrdamm,2019,5,19,5,3,5,2,0,0,1,0,0,0,0,1,78967518,5829301072,1327184,525366
194668,11,1,1022201,Stephankiez,2019,5,19,5,3,5,3,0,1,1,0,0,0,0,1,795774917,5829084013,1336132,5253137
194669,11,1,1044203,Leopoldplatz,2019,5,19,5,3,2,6,0,0,1,0,0,0,0,1,7957708142,5831869086,1336374,5255634
194670,11,12,12214125,Waldidyll/Flughafensee,2019,5,23,5,3,0,1,2,0,0,0,1,0,0,1,791164151,5834024744,1329788,5257815
194671,11,6,6020408,Lichterfelde SÅd,2019,5,8,5,3,0,1,0,0,0,0,0,0,1,1,7927205039,5816241039,1330515,5241789
194672,11,5,5010312,Kurstra·e,2019,5,12,5,3,2,4,0,0,1,1,0,0,0,1,7848853067,5830156404,1320215,5254679
194673,11,4,4020314,MessegelÑnde,2019,5,12,5,3,2,6,0,0,1,0,0,1,0,1,7905638669,5825419472,1328152,5250132
194674,11,6,6020408,Lichterfelde SÅd,2019,5,12,5,3,6,2,0,0,0,1,0,0,1,1,7930527272,5816371776,1331014,5241888
194675,11,2,2020204,Urbanstra·e,2019,5,11,5,3,5,3,0,0,1,0,0,0,0,1,7985389619,5825340119,1339859,5249631
194676,11,10,10030724,Oberfeldstra·e,2019,5,10,5,3,6,2,0,0,1,1,0,0,0,1,8091902108,5830208994,1355952,5253401
194677,11,2,2050802,Boxhagener Platz,2019,5,10,5,3,0,2,0,0,1,0,0,0,1,1,8020394521,582716737,1345166,5251076
194678,11,2,2040701,Andreasviertel,2019,5,10,5,3,2,6,0,0,0,0,0,0,1,1,8008709334,5826856409,1343421,5250862
194679,11,2,2040703,Wriezener Bahnhof/Entwicklungsgebiet,2019,5,9,5,3,5,3,0,1,1,0,0,0,0,1,8011084021,582704387,1343787,5251017
194680,11,2,2030401,Reichenberger Stra·e,2019,5,9,5,3,5,3,0,0,1,0,1,0,0,1,8006251704,5825680819,1342954,5249822
194681,11,12,12103116,Hausotterplatz,2019,5,9,5,3,5,3,0,0,1,0,0,0,0,1,7967411278,5833529995,133795,525707
194682,11,2,2020204,Urbanstra·e,2019,5,8,5,3,2,6,0,0,1,0,0,0,0,1,798501383,5825362595,1339806,5249653
194683,11,1,1044201,Reinickendorfer Stra·e,2019,5,8,5,3,5,2,0,0,1,0,0,0,0,1,7966957454,5831632059,1337713,5255371
194684,11,2,2050602,Samariterviertel,2019,5,8,5,2,5,2,0,0,1,0,1,0,0,1,8027683787,5827684086,1346283,5251499
194685,11,3,3030715,Heinersdorf,2019,5,8,5,3,4,6,0,0,1,0,0,1,0,1,8009977698,5833690921,1344226,5256981
194686,11,7,7050501,Rathausstra·e,2019,5,6,5,3,6,2,0,0,1,1,0,0,0,1,7975062777,5819279941,1337802,5244255
194687,11,4,4030621,Spreestadt,2019,5,5,5,2,1,1,1,0,1,0,0,0,0,1,7935931639,5827840079,1332815,525214
194688,11,11,11030721,RÅdigerstra·e,2019,5,2,5,2,6,4,2,0,0,1,0,1,0,1,803909919,5828257616,1348013,5251949
194689,11,6,6020303,Lankwitz Kirche,2019,5,17,5,2,6,4,0,0,1,1,0,0,0,0,7952735393,5818159212,1334428,5243371
194690,11,3,3071537,Kollwitzplatz,2019,5,17,5,3,2,6,0,0,1,0,1,0,0,1,7995715765,582897239,1341703,525283
194691,11,5,5010314,Carl-Schurz-Stra·e,2019,5,13,5,3,1,5,0,1,1,0,0,0,0,1,7856423046,5828568896,1321192,5253216
194692,11,11,11041128,Sewanstra·e,2019,5,17,5,2,1,5,0,1,1,0,0,0,0,0,8059665069,5825290122,1350762,5249175
194693,11,2,2030402,Wrangelkiez,2019,5,17,5,3,1,5,0,1,1,0,0,0,0,0,8017788935,5825794152,1344658,524986
194694,11,2,2050602,Samariterviertel,2019,5,16,5,3,0,2,0,0,0,0,1,0,1,1,802768038,5827682907,1346283,5251498
194695,11,1,1044201,Reinickendorfer Stra·e,2019,5,16,5,3,6,4,0,0,1,1,0,0,0,1,7968364116,5831496938,1337908,5255243
194696,11,1,1011201,Wilhelmstra·e,2019,5,15,5,3,6,2,0,0,1,1,0,0,0,1,79725317,5827355928,1338151,5251508
194697,11,3,3040818,Pankow SÅd,2019,5,15,5,3,1,5,0,1,1,0,0,0,0,1,7996116666,5832084792,1342042,5255618
194698,11,4,4030623,Ernst-Reuter-Platz,2019,5,15,5,3,5,5,0,0,0,0,1,0,1,1,7934534467,5826556098,1332497,5250997
194699,11,12,12301203,Wittenau SÅd,2019,5,15,5,2,0,1,0,0,0,0,1,0,0,1,7931342464,5835277916,1332798,5258833
194700,11,7,7040403,Manteuffelstra·e,2019,5,14,5,3,2,6,0,0,1,0,0,0,0,1,7972443536,5820762254,133755,5245598
194701,11,1,1044201,Reinickendorfer Stra·e,2019,5,14,5,3,2,6,0,0,1,0,0,0,0,1,7970361036,5831894135,1338237,5255588
194702,11,10,10010310,Alt-Marzahn,2019,5,10,4,3,2,6,0,0,1,0,0,0,0,0,8099067119,5831576953,1357132,5254586
194703,11,4,4020311,Reichsstra·e,2019,5,10,4,2,5,3,0,0,1,0,1,0,0,0,789829513,5826308723,132715,5250969
194704,11,7,7040406,Germaniagarten,2019,5,11,4,3,5,2,0,1,1,0,0,0,0,0,800108112,5821434533,1341812,5246044
194705,11,1,1011303,Alexanderplatzviertel,2019,5,12,4,3,5,3,0,1,1,0,0,0,0,0,7991398896,5827828865,1340965,5251829
194706,11,3,3061131,Falkplatz,2019,5,14,4,3,2,6,0,0,0,0,0,1,1,0,799036172,5830376173,1341042,5254118
194707,11,9,9052001,Kîpenick Nord,2019,5,14,4,3,5,3,0,1,1,0,0,0,0,1,8111153389,5822357823,1358047,5246256
194708,11,5,5010206,GÅtersloher Weg,2019,5,15,4,3,1,5,0,1,1,0,0,0,0,0,782063847,5830186162,1316068,5254853
194709,11,5,5020626,Adamstra·e,2019,5,16,4,3,5,3,0,1,1,0,0,0,0,0,7845964003,5827970939,1319603,5252735
194710,11,4,4031032,Halensee,2019,5,16,4,3,2,6,0,0,1,0,0,0,0,0,7908959026,5824758164,1328582,5249522
194711,11,5,5020521,Dîberitzer Weg,2019,5,16,4,3,2,6,0,0,1,0,0,0,0,0,7795680472,5827837031,1312199,5252875
194712,11,1,1011305,Heine-Viertel West,2019,5,17,4,3,1,5,0,1,1,0,0,0,0,0,7988702126,582666016,1340464,5250796
194713,11,4,4030415,Schlo·garten,2019,5,17,4,3,2,6,0,0,1,0,0,0,0,0,7907476763,5827375957,1328593,5251877
194714,11,10,10020413,Gut Hellersdorf,2019,5,18,4,3,5,3,0,1,1,0,0,0,0,0,8120104005,5830589949,1360132,5253582
194715,11,10,10020517,Adele-Sandrock-Stra·e,2019,5,15,4,2,6,4,0,0,1,1,0,0,0,1,8132469276,5831036357,1361991,5253911
194716,11,5,5020420,Werkstra·e,2019,5,12,4,3,0,5,0,0,1,0,0,0,1,0,780159733,5828726952,1313144,5253642
194717,11,4,4030725,Amtsgerichtsplatz,2019,5,17,4,3,2,6,0,0,1,0,0,0,0,0,7919299608,5826205316,1330228,5250764
194718,11,1,1011101,StÅlerstra·e,2019,5,10,4,3,2,6,0,0,1,0,0,0,0,0,7947750114,5826232823,133441,5250636
194719,11,3,3061126,Arnimplatz,2019,5,10,4,3,2,2,0,0,0,0,1,0,0,0,7986568318,5831793983,1340612,5255409
194720,11,4,4030726,Droysenstra·e,2019,5,9,4,2,6,7,0,0,1,1,0,0,0,0,7919670817,5825240483,1330197,5249897
194721,11,1,1022204,Thomasiusstra·e,2019,5,9,4,3,5,3,0,1,1,0,0,0,0,0,7947972141,5828309441,1334626,5252496
194722,11,2,2020204,Urbanstra·e,2019,5,9,4,3,5,2,0,1,1,0,0,0,0,0,798797741,5824935578,1340203,5249254
194723,11,1,1011304,Karl-Marx-Allee,2019,5,9,4,3,2,6,0,1,0,0,0,0,0,0,8001380224,582737349,1342391,5251366
194724,11,4,4020313,Kînigin-Elisabeth-Stra·e,2019,5,9,4,3,3,6,0,0,1,0,0,0,0,0,7904926671,5826677484,1328157,5251264
194725,11,2,2020203,Viktoriapark,2019,5,9,4,3,2,2,0,0,1,0,0,0,0,0,7977815727,5824941956,1338711,5249315
194726,11,4,4030726,Droysenstra·e,2019,5,22,4,3,0,2,2,0,1,0,1,0,0,0,7919640814,5825257345,1330195,5249912
194727,11,1,1011203,Unter den Linden SÅd,2019,5,8,4,3,2,3,0,1,1,0,0,0,0,0,7977654326,5827448796,1338912,5251563
194728,11,2,2010103,Moritzplatz,2019,5,8,4,3,6,2,0,0,0,1,0,0,1,0,7995932433,5825828281,1341451,5250011
194729,11,12,12214125,Waldidyll/Flughafensee,2019,5,8,4,3,5,3,0,1,1,0,0,0,0,0,79137432,5833124802,1330018,5256997
194730,11,11,11030721,RÅdigerstra·e,2019,5,8,4,3,1,5,0,1,1,0,0,0,0,0,8038243205,5828349301,1347895,5252036
194731,11,7,7020202,Volkspark (Rudolf-Wilde-Park),2019,5,7,4,3,5,3,0,1,1,0,0,0,0,0,7947982513,5823734554,1334223,5248395
194732,11,9,9020701,Adlershof West,2019,5,7,4,3,6,4,0,0,1,1,0,0,0,0,8085529596,5819121429,1353989,5243501
194733,11,1,1033203,Humboldthain Nordwest,2019,5,21,4,3,8,1,2,0,1,0,0,0,0,1,7967440552,5830484306,1337682,525434
194734,11,8,8010404,Rixdorf,2019,5,7,4,3,6,4,0,0,1,1,0,0,0,0,801794426,5823034397,1344431,5247385
194735,11,9,9020802,Kîllnische Vorstadt,2019,5,7,4,3,5,3,0,0,1,0,1,0,0,0,8104737888,5820264069,1356912,5244416
194736,11,5,5010339,Freiheit,2019,5,7,4,2,5,2,0,1,1,0,0,0,0,0,7867195581,5828213484,1322745,5252841
194737,11,5,5030832,Rohrdamm,2019,5,6,4,3,2,6,0,0,1,0,0,0,0,0,7897736498,5829265461,1327326,5253622
194738,11,4,4051448,Schaperstra·e,2019,5,18,4,3,5,2,0,1,1,0,0,0,0,1,7934742577,5824732169,1332367,5249361
194739,11,9,9031101,GrÅnau,2019,5,7,3,3,4,6,0,1,0,0,0,0,0,0,8110485536,5816925014,1357444,5241391
194740,11,11,11020515,Landsberger Allee,2019,5,6,3,3,5,2,0,1,1,0,0,0,0,0,8033301831,583008283,1347328,5253617
194741,11,4,4051551,Brabanter Platz,2019,5,18,3,3,5,2,0,0,1,0,0,0,0,0,7933438697,5823071599,1332029,5247879
194742,11,9,9051901,Dammvorstadt,2019,5,17,3,3,6,4,0,0,1,1,0,0,0,0,8106574944,5821080043,1357257,5245137
194743,11,12,12214422,Klixstra·e,2019,5,16,3,3,6,2,0,0,1,1,0,0,0,0,7922845413,5833928505,1331428,5257669
194744,11,1,1033101,Soldiner Stra·e,2019,5,16,3,2,6,4,0,0,1,1,0,0,0,0,7964421858,5832092099,1337382,5255798
194745,11,5,5030730,Zitadellenweg,2019,5,5,3,3,5,2,0,1,1,0,0,0,0,0,7862521905,5829129244,1322137,5253686
194746,11,5,5010209,An der Kappe,2019,5,19,3,3,5,3,0,0,1,0,0,0,0,0,7828001153,5830384756,1317167,5254992
194747,11,5,5030731,Gartenfelder Stra·e,2019,5,16,3,2,5,7,0,0,1,0,0,1,0,0,7879998715,5830187348,1324798,5254543
194748,11,1,1011301,CharitÇviertel,2019,5,17,3,3,8,1,0,0,1,0,0,0,0,0,7975767802,582856924,1338735,5252578
194749,11,1,1033203,Humboldthain Nordwest,2019,5,13,3,3,5,2,0,0,1,0,0,0,0,0,796855324,5830644512,133786,5254478
194750,11,4,4031032,Halensee,2019,5,22,3,2,6,4,2,0,1,1,0,0,0,0,7911741439,5824964605,1329009,5249692
194751,11,7,7070705,Franziusweg/Rohrbachstra·e,2019,5,13,3,3,5,2,0,1,1,0,0,0,0,0,7988613012,5813649347,1339287,5239134
194752,11,12,12302108,MÑrkisches Zentrum,2019,5,13,3,3,5,3,0,1,1,0,0,0,0,0,7938269076,5836348108,1333912,5259755
194753,11,3,3061228,Erich-Weinert-Stra·e,2019,5,13,3,3,5,2,0,1,1,0,0,0,0,0,8001904756,5830932505,1342789,5254553
194754,11,7,7030301,Friedenau,2019,5,11,3,3,5,2,0,1,1,0,0,0,0,0,793989873,582154887,1332843,5246479
194755,11,7,7010102,Nollendorfplatz,2019,5,9,3,3,5,2,0,1,1,0,0,0,0,0,7949521199,5825645634,1334618,52501
194756,11,11,11051331,Karlshorst Nord,2019,5,9,3,3,0,7,0,1,0,0,0,0,0,0,807586926,5824501725,1353068,5248377
194757,11,9,9041501,Altstadt Kietz,2019,5,15,3,3,0,4,0,0,0,1,0,0,1,0,8112577372,5820224523,1358058,5244336
194758,11,7,7060603,Marienfelde Nordost,2019,5,9,3,2,5,7,0,0,1,0,0,0,0,0,798347557,5815900579,1338735,524118
194759,11,6,6040810,Dahlem,2019,5,9,3,3,2,6,0,0,1,0,0,0,0,0,7901613871,5819797243,1327071,5245113
194760,11,5,5020625,Borkumer Stra·e,2019,5,8,3,3,3,2,0,0,1,0,0,1,0,0,7847098552,5828610857,1319824,5253302
194761,11,3,3040614,Pankow Zentrum,2019,5,8,3,3,2,6,0,0,1,0,0,1,0,0,799540559,5833962642,1342107,5257305
194762,11,7,7050501,Rathausstra·e,2019,5,7,3,3,5,2,0,1,0,0,0,0,1,0,7972045773,581862352,1337301,5243683
194763,11,5,5010103,Amorbacher Weg,2019,5,7,3,3,5,7,0,0,1,0,1,0,0,0,7840775348,5831148963,1319112,5255611
194764,11,3,3040818,Pankow SÅd,2019,5,7,3,3,5,3,0,0,1,0,0,0,0,0,7997442674,5831841938,1342215,5255393
194765,11,9,9020701,Adlershof West,2019,5,16,3,3,2,6,0,0,1,0,0,0,1,0,808355907,5819446392,135373,5243803
194766,11,3,3061131,Falkplatz,2019,5,16,3,3,5,3,0,1,1,0,0,0,0,0,7991274215,5830556244,1341192,5254274
194767,11,3,3061227,Humannplatz,2019,5,16,3,3,5,3,0,1,1,0,0,0,0,0,800085705,5831671197,1342702,5255221
194768,11,8,8041037,Alt-Rudow,2019,5,15,3,3,2,6,0,0,1,0,0,0,0,0,8053009048,5818198645,1349136,5242856
194769,11,2,2030302,Lausitzer Platz,2019,5,15,3,3,1,5,0,1,1,0,0,0,0,0,8008915997,5826110274,1343384,5250192
194770,11,7,7040403,Manteuffelstra·e,2019,5,15,3,3,1,5,0,1,0,0,0,0,1,0,7972081037,5821393361,1337553,5246166
194771,11,1,1022204,Thomasiusstra·e,2019,5,11,3,3,5,3,0,1,0,0,1,0,0,0,7952110002,5828229304,1335227,5252402
194772,11,8,8010118,Silbersteinstra·e,2019,5,11,3,3,0,6,0,1,0,0,0,0,1,0,8009977986,582217636,1343184,524666
194773,11,10,10010206,Ringkolonnaden,2019,5,14,2,3,5,3,0,0,1,0,0,0,0,0,8100116813,5832304951,1357354,5255233
194774,11,2,2020204,Urbanstra·e,2019,5,16,2,3,6,7,0,1,0,1,0,0,0,0,7986294544,5825311279,1339989,52496
194775,11,3,3061441,Eldenaer Stra·e,2019,5,12,2,3,1,5,0,1,1,0,0,0,0,0,8028015972,5828576123,1346413,5252296
194776,11,7,7060604,Marienfelde SÅd,2019,5,9,2,2,0,5,0,0,1,0,0,0,1,0,7961170279,5815936531,1335468,5241333
194777,11,11,11040926,Weitlingstra·e,2019,5,15,2,3,5,3,0,1,1,0,0,0,0,0,8054919218,5827157094,1350236,5250875
194778,11,5,5020524,Weinmeisterhornweg,2019,5,11,2,2,0,1,0,0,1,0,1,0,0,0,7834479605,5826733803,1317809,5251685
194779,11,1,1011305,Heine-Viertel West,2019,5,9,2,3,3,6,0,1,0,0,0,0,0,0,7991079376,582714017,1340856,5251213
194780,11,2,2040701,Andreasviertel,2019,5,15,2,3,5,3,0,0,1,0,0,0,0,0,8005918972,5827048699,1343028,525105
194781,11,11,11010204,Falkenberg Ost,2019,5,15,2,3,6,7,0,0,0,1,1,0,0,0,8067916013,5833787367,1352757,5256744
194782,11,3,3061435,Conrad-Blenkle-Stra·e,2019,5,14,2,3,2,2,0,1,1,0,0,0,0,0,8017403856,5829170432,1344908,5252888
194783,11,11,11041128,Sewanstra·e,2019,5,14,2,3,5,2,0,1,1,0,0,0,0,0,8069969693,5825780863,135232,5249557
194784,11,11,11040926,Weitlingstra·e,2019,5,14,2,2,5,7,0,0,1,0,0,0,1,0,8067017124,5826903615,135199,525058
194785,11,5,5030832,Rohrdamm,2019,5,14,2,3,5,3,0,1,1,0,0,0,0,0,7889636388,5829790687,1326181,5254136
194786,11,8,8041035,Blumenviertel,2019,5,13,2,3,2,6,0,0,1,0,0,0,0,0,804076024,581925885,1347436,5243875
194787,11,2,2030402,Wrangelkiez,2019,5,11,2,3,5,2,0,0,1,0,1,0,0,0,8017016579,5825858233,1344551,5249921
194788,11,1,1033203,Humboldthain Nordwest,2019,5,10,2,3,2,2,0,1,1,0,0,0,0,0,7966362115,5829797861,1337462,5253731
194789,11,10,10010310,Alt-Marzahn,2019,5,9,2,3,2,6,0,0,1,0,0,0,0,0,809391801,5831416355,135636,5254472
194790,11,8,8010303,Donaustra·e,2019,5,10,2,3,0,1,0,0,0,0,1,0,0,0,8011056963,5824045046,1343512,5248329
194791,11,1,1011303,Alexanderplatzviertel,2019,5,9,2,2,5,2,0,1,0,0,0,1,0,0,7991087869,582846604,1340977,5252402
194792,11,11,11020514,Gro·e-Leege-Stra·e,2019,5,15,2,3,5,3,0,0,1,0,0,0,0,0,8046961207,5830719916,1349394,5254112
194793,11,9,9041301,Kietzer Feld/Nachtheide,2019,5,14,2,3,8,1,0,0,1,0,0,0,0,0,8118095241,5818140945,1358672,5242437
194794,11,2,2030401,Reichenberger Stra·e,2019,5,8,2,2,5,2,0,1,1,0,0,0,0,0,8009492019,5825524498,1343415,5249664
194795,11,1,1011204,Leipziger Stra·e,2019,5,8,2,3,1,5,0,1,1,0,0,0,1,0,7985388936,5826790929,1339989,5250931
194796,11,7,7010102,Nollendorfplatz,2019,5,8,2,2,6,4,0,0,0,1,1,0,0,0,7951995541,5825605528,1334978,525005
194797,11,6,6010210,Bismarckstra·e,2019,5,8,2,3,2,7,0,0,1,0,1,1,0,0,7949972999,5821377003,1334307,5246271
194798,11,9,9031101,GrÅnau,2019,5,8,2,3,5,2,0,1,0,0,0,1,0,0,8102774531,5818053555,1356418,5242446
194799,11,6,6040810,Dahlem,2019,5,7,2,3,0,1,0,0,0,0,1,0,0,0,7906822482,5821048534,1327945,5246208
194800,11,4,4041344,RÅdesheimer Platz,2019,5,7,2,3,5,3,0,0,1,0,1,0,0,0,793085124,5822780311,1331623,5247632
194801,11,7,7060604,Marienfelde SÅd,2019,5,12,2,3,5,3,0,1,1,0,0,0,0,0,7980714168,5814690199,1338222,524011
194802,11,2,2050801,Traveplatz,2019,5,20,2,3,5,3,0,0,1,0,0,0,1,0,8032015498,5827260878,1346881,5251095
194803,11,7,7050501,Rathausstra·e,2019,5,19,2,3,1,1,0,0,1,0,0,0,0,0,7977461973,5820398892,1338254,5245245
194804,11,12,12214424,Scharnweberstra·e,2019,5,18,2,3,2,6,0,0,1,0,0,0,0,0,7935116257,5832411789,1333099,5256243
194805,11,12,12214423,Mellerbogen,2019,5,18,2,2,6,4,1,0,1,1,0,0,0,0,792727349,5833871973,1332075,5257594
194806,11,4,4041343,Binger Stra·e,2019,5,18,2,3,6,7,0,0,1,1,0,0,0,0,7926958545,5823099215,133108,5247938
194807,11,10,10020412,Alte Hellersdorfer Stra·e,2019,5,17,2,3,5,3,0,1,1,0,0,0,0,0,8117706273,5831763074,1359889,5254647
194808,11,1,1011305,Heine-Viertel West,2019,5,17,2,3,1,5,0,1,0,0,0,0,1,0,7995286038,5826741844,1341439,5250833
194809,11,5,5020625,Borkumer Stra·e,2019,5,16,2,2,6,4,0,0,1,1,0,0,0,0,7845212249,5828650413,131955,5253348
194810,11,2,2050601,Hausburgviertel,2019,5,16,2,3,5,3,0,0,1,0,0,0,1,0,8017721931,5828665675,1344909,5252434
194811,11,9,9010101,Elsenstra·e,2019,5,15,2,3,5,2,0,1,0,0,0,0,1,0,8023275175,5825309564,134542,5249395
194812,11,1,1011305,Heine-Viertel West,2019,5,13,2,3,5,3,0,1,1,0,0,0,0,0,7996982284,5827210026,134173,5251243
194813,11,5,5010206,GÅtersloher Weg,2019,5,12,2,3,3,3,0,0,1,0,0,0,0,0,7825586477,5830463657,1316819,5255076
194814,11,8,8010508,Wei·e Siedlung,2019,5,20,1,3,0,7,1,1,1,0,0,0,0,0,8030140658,5823520194,1346266,5247753
194815,11,4,4031032,Halensee,2019,5,19,1,3,1,7,0,1,1,0,0,0,0,0,7918494621,5825196742,1330021,5249864
194816,11,6,6030609,Augustaplatz,2019,5,18,1,3,5,7,0,0,1,0,1,0,0,0,7930039873,5817867185,1331073,5243232
194817,11,7,7010102,Nollendorfplatz,2019,5,17,1,3,5,2,0,1,1,0,0,0,0,0,7954488276,5825344347,1335321,5249803