OBJECTID,LAND,BEZ,LOR,STRASSE,UJAHR,UMONAT,USTUNDE,UWOCHENTAG,UKATEGORIE,UART,UTYP1,ULICHTVERH,IstRad,IstPKW,IstFuss,IstKrad,IstGkfz,IstSonstige,USTRZUSTAND,LINREFX,LINREFY,XGCSWGS84,YGCSWGS84
194818,11,6,6020408,Lichterfelde SÅd,2019,5,17,1,3,1,5,0,1,1,0,0,0,0,0,7928601046,5815408961,1330647,5241035
194819,11,9,9051702,Bîlschestra·e,2019,5,16,1,3,6,7,0,0,0,1,1,0,0,0,8140800546,5821883941,1362352,5245662
194820,11,9,9051901,Dammvorstadt,2019,5,16,1,3,5,2,0,1,1,0,0,0,0,0,8106358732,5821048723,1357222,524511
194821,11,3,3061227,Humannplatz,2019,5,16,1,3,2,6,0,0,1,0,1,0,0,0,8002754868,5831605725,1342975,5255152
194822,11,6,6040804,Krumme Lanke,2019,5,16,1,3,5,3,0,0,1,0,0,0,0,0,7877385978,581826043,1323384,5243864
194823,11,6,6030609,Augustaplatz,2019,5,12,1,3,1,7,0,1,1,0,0,0,0,0,7930629022,5818173343,1331186,5243503
194824,11,10,10020517,Adele-Sandrock-Stra·e,2019,5,15,1,3,5,2,0,0,1,0,0,0,0,0,812579558,5830318931,1360943,5253306
194825,11,9,9052001,Kîpenick Nord,2019,5,14,1,3,3,6,0,0,1,0,0,0,0,0,8117208954,5823293614,1359023,524706
194826,11,3,3030711,Blankenburg,2019,5,12,1,3,0,3,0,1,1,0,0,0,0,0,8016275346,5836352235,1345395,5259331
194827,11,8,8010301,Reuterkiez,2019,5,16,1,3,3,6,0,1,1,0,0,0,0,0,8010540061,5824921287,1343515,5249117
194828,11,1,1022102,Beusselkiez,2019,5,11,1,2,5,7,0,0,1,0,1,0,0,0,7935410291,582906008,1332846,5253237
194829,11,2,2020203,Viktoriapark,2019,5,9,1,3,4,6,0,1,0,0,0,0,0,0,7976131853,5824984564,1338468,5249363
194830,11,4,4020314,MessegelÑnde,2019,5,10,1,2,5,2,0,0,1,0,0,0,0,0,7903876752,5825674979,1327915,5250371
194831,11,2,2020206,Graefekiez,2019,5,13,1,3,6,4,0,1,0,1,0,0,0,0,8002012074,582441183,1342217,5248708
194832,11,1,1011301,CharitÇviertel,2019,5,13,1,3,2,2,0,1,1,0,0,0,0,0,7975903553,5828353179,1338735,5252384
194833,11,9,9020502,Oberschîneweide Ost,2019,5,10,1,3,5,2,0,0,1,0,0,0,1,0,80939189,5821482711,1355438,524557
194834,11,8,8010303,Donaustra·e,2019,5,4,1,3,5,7,1,0,1,0,0,0,0,1,800675026,5824113057,1342885,5248414
194835,11,9,9010101,Elsenstra·e,2019,5,20,1,3,0,7,0,0,1,0,0,0,0,0,8026572975,5824431568,1345825,524859
194836,11,12,12302109,Treuenbrietzener Stra·e,2019,5,19,1,2,5,3,0,0,1,0,0,0,0,0,7952598949,5836637935,1336048,5259937
194837,11,7,7020202,Volkspark (Rudolf-Wilde-Park),2019,5,12,7,3,5,3,0,1,0,0,0,0,1,0,7950007494,5823312432,1334483,5248006
194838,11,5,5020419,Magistratsweg,2019,5,18,1,3,5,3,0,0,1,0,1,0,0,0,7817381891,5828424998,1315439,525329
194839,11,1,1044101,Rehberge,2019,5,14,7,3,6,2,0,0,1,1,0,0,0,0,7946128561,5831374565,1334627,5255254
194840,11,4,4030931,Breitscheidplatz,2019,5,18,1,2,2,6,0,0,1,0,0,0,0,0,7942055548,5826084382,133356,5250533
194841,11,5,5010101,Hakenfelde Nord,2019,5,17,1,2,6,4,0,0,1,1,0,0,0,0,7855953343,5832202449,1321435,5256476
194842,11,1,1022104,Emdener Stra·e,2019,5,11,7,3,3,6,0,1,0,0,0,0,0,0,7943180025,5828450573,1333935,5252648
194843,11,4,4041137,Flinsberger Platz,2019,5,16,1,3,1,5,0,0,1,0,0,0,0,0,790964741,5823218889,1328549,5248138
194844,11,1,1022202,Heidestra·e,2019,5,17,1,2,5,2,0,0,1,0,0,0,1,0,7956636242,5829738909,1336027,5253731
194845,11,5,5020625,Borkumer Stra·e,2019,5,12,7,3,2,7,0,0,1,0,0,0,0,0,7845737714,5828437344,1319609,5253154
194846,11,8,8010301,Reuterkiez,2019,5,16,1,3,0,1,0,0,0,0,1,0,0,1,8008817321,5824265286,1343203,5248539
194847,11,11,11030618,Fennpfuhl West,2019,5,17,7,2,0,1,0,0,0,0,1,0,0,1,8032398134,5829620784,1347153,5253208
194848,11,9,9051801,Rahnsdorf/Hessenwinkel,2019,5,16,1,2,5,3,0,1,1,0,0,0,0,0,8189306181,5820234175,136931,5243903
194849,11,1,1011401,Invalidenstra·e,2019,5,16,1,3,3,6,0,1,1,0,0,0,0,0,7982116395,5829356587,1339738,5253249
194850,11,6,6020304,Kaiser-Wilhelm-Stra·e,2019,5,23,7,3,5,2,2,0,1,0,0,0,0,0,794871372,5817933697,1333818,5243191
194851,11,5,5010313,Ackerstra·e,2019,5,19,7,3,5,2,0,0,1,0,0,0,0,1,7843567062,5830003074,1319424,5254569
194852,11,6,6020302,Komponistenviertel Lankwitz,2019,5,16,1,3,0,1,0,0,1,0,1,0,0,1,7951554358,5818833071,1334314,5243982
194853,11,1,1022206,LÅneburger Stra·e,2019,5,15,1,3,5,2,0,1,1,0,0,0,0,0,7957038228,5828178073,1335947,5252329
194854,11,5,5020523,Maulbeerallee,2019,5,18,7,3,5,3,1,0,1,0,0,0,0,1,7826061708,5827484517,1316636,5252402
194855,11,6,6040703,Nikolassee,2019,5,13,1,3,1,5,0,1,1,0,0,0,0,0,7867585891,5817508623,1321881,5243241
194856,11,2,2030401,Reichenberger Stra·e,2019,5,18,7,3,5,2,0,1,1,0,0,0,0,1,8006349945,5825676122,1342968,5249817
194857,11,3,3020307,Buchholz,2019,5,12,7,3,5,3,0,1,1,0,0,0,0,0,799917928,583707013,1342944,5260069
194858,11,6,6040701,Wannsee,2019,5,13,1,3,0,3,0,0,1,0,1,0,0,0,782753228,5815836286,1315864,524195
194859,11,5,5010206,GÅtersloher Weg,2019,5,12,1,3,0,2,0,0,1,0,1,0,0,0,7823604733,5830492369,131653,5255112
194860,11,5,5010207,Darbystra·e,2019,5,11,7,3,5,2,0,0,1,0,0,0,0,0,7835752,5830201053,1318292,5254787
194861,11,1,1011104,Kîrnerstra·e,2019,5,11,1,3,2,6,0,0,1,0,0,0,0,0,7966314743,5826181262,1337132,5250489
194862,11,4,4020313,Kînigin-Elisabeth-Stra·e,2019,5,12,7,3,5,2,0,1,1,0,0,0,0,0,7904885731,582670484,1328153,5251289
194863,11,3,3030406,Alt-Karow,2019,5,11,1,2,1,5,0,1,1,0,0,0,0,0,8030316796,5838268828,1347637,5260971
194864,11,4,4030621,Spreestadt,2019,5,20,7,3,5,2,0,0,1,0,1,0,0,1,7934858797,5827580173,1332635,5251913
194865,11,4,4030827,Karl-August-Platz,2019,5,9,1,3,5,2,0,1,1,0,0,0,0,0,7927196214,5826110195,1331379,5250636
194866,11,6,6020409,Kînigsberger Stra·e,2019,5,13,7,3,5,3,0,1,0,0,0,0,0,0,7932456077,5817229265,1331372,5242647
194867,11,1,1022205,Zillesiedlung,2019,5,1,1,3,0,7,2,1,1,0,0,0,0,1,7959973409,5828697642,1336425,5252779
194868,11,4,4041342,Schlangenbader Stra·e,2019,5,15,7,3,1,5,0,1,1,0,0,0,0,1,792131812,582235051,1330186,5247297
194869,11,4,4041240,Messelpark,2019,5,10,7,3,0,7,0,1,0,0,0,0,0,0,7907460208,5822639186,1328177,524763
194870,11,6,6020302,Komponistenviertel Lankwitz,2019,5,15,7,3,5,3,0,1,1,0,0,0,0,1,7945812149,5818532314,1333445,5243743
194871,11,1,1011104,Kîrnerstra·e,2019,5,23,7,3,5,2,2,1,1,0,0,0,0,0,7962537912,5825960454,1336558,5250311
194872,11,2,2040701,Andreasviertel,2019,5,16,7,3,5,3,0,1,1,0,0,0,0,1,8006134675,5827116752,1343066,5251109
194873,11,6,6030610,Lichterfelde West,2019,5,9,7,3,1,5,0,1,1,0,0,0,0,0,7918066711,5818880989,1329406,5244204
194874,11,10,10030724,Oberfeldstra·e,2019,5,9,7,3,5,3,0,0,1,0,0,0,0,0,8091154543,5829717028,1355796,5252965
194875,11,1,1011303,Alexanderplatzviertel,2019,5,17,7,3,1,5,0,0,1,0,0,0,0,1,799133031,5827816055,1340954,5251818
194876,11,10,10010311,Landsberger Tor,2019,5,9,7,3,5,3,0,1,1,0,0,0,0,0,8106979725,5832013543,1358336,5254933
194877,11,10,10010205,Marzahn Ost,2019,5,11,7,3,5,2,0,1,1,0,0,0,0,0,8106810042,5832016168,1358311,5254936
194878,11,9,9010101,Elsenstra·e,2019,5,5,7,3,0,7,0,1,0,0,0,0,0,0,8020242654,5824662166,1344916,5248831
194879,11,9,9010402,Johannisthal Ost,2019,5,1,7,3,1,5,2,1,1,0,0,0,0,0,8062617387,5819264546,1350642,5243758
194880,11,12,12224229,Konradshîhe/Tegelort,2019,5,17,7,3,5,3,0,0,1,0,0,0,0,1,7865478451,5833207975,1322923,5257328
194881,11,9,9010302,SpÑthsfelde,2019,5,20,7,3,6,4,0,0,1,1,0,0,0,0,8043837433,5820898263,1348037,5245327
194882,11,1,1011301,CharitÇviertel,2019,5,15,7,3,0,1,0,0,0,0,1,0,0,1,797002835,5828944464,1337925,5252946
194883,11,10,10040828,Kaulsdorf Nord,2019,5,19,7,2,0,1,0,1,0,0,0,0,0,0,8114463376,5828143649,1359074,5251422
194884,11,1,1033101,Soldiner Stra·e,2019,5,11,7,3,6,4,0,1,0,1,0,0,0,0,7971993445,5831985216,1338486,5255661
194885,11,5,5020625,Borkumer Stra·e,2019,5,18,7,3,5,2,0,0,1,0,0,0,0,0,784452915,5828671699,1319452,525337
194886,11,10,10010204,Wuhletalstra·e,2019,5,4,7,3,5,3,1,0,1,0,0,0,0,0,810060348,5832630419,1357456,5255522
194887,11,1,1011305,Heine-Viertel West,2019,5,8,7,3,5,2,0,1,1,0,0,0,0,0,7994346834,5826506279,1341279,5250627
194888,11,10,10030727,Biesdorf SÅd,2019,5,18,7,3,2,7,0,0,1,0,0,0,0,0,8095862961,5824129283,1355968,524793
194889,11,2,2020202,Rathaus Yorckstra·e,2019,5,15,6,3,3,6,0,1,0,0,0,0,0,0,7977409873,5825304328,1338684,5249642
194890,11,8,8020622,Parchimer Allee,2019,5,8,6,3,5,7,0,0,1,0,0,0,0,0,8014588432,5820198823,1343683,5244862
194891,11,1,1044101,Rehberge,2019,5,10,7,3,2,6,0,0,1,0,0,0,0,0,7938943131,5831930032,133362,525579
194892,11,7,7070703,John-Locke-Stra·e,2019,5,7,6,3,6,2,0,0,1,1,0,0,0,0,79959771,5813174918,1340323,5238668
194893,11,5,5030731,Gartenfelder Stra·e,2019,5,10,7,2,2,7,0,0,1,0,1,0,0,0,788010961,58293927,1324745,525383
194894,11,3,3030406,Alt-Karow,2019,5,7,6,3,5,3,0,1,1,0,0,0,0,1,8028110918,5838572483,134734,5261255
194895,11,1,1011401,Invalidenstra·e,2019,5,11,7,3,1,5,0,1,1,0,0,0,0,0,7984372547,5829160005,1340052,525306
194896,11,5,5020625,Borkumer Stra·e,2019,5,11,7,2,6,2,0,0,1,1,0,0,0,0,7843540571,5828103753,1319258,5252866
194897,11,8,8010301,Reuterkiez,2019,5,7,6,3,0,7,0,1,0,0,0,0,1,1,8013366489,582452831,1343894,5248749
194898,11,3,3020307,Buchholz,2019,5,7,6,3,0,3,0,1,1,0,0,0,0,1,7996952847,5837327334,1342639,5260312
194899,11,3,3051022,Hansastra·e,2019,5,12,7,3,2,6,0,0,1,0,1,0,0,0,8034185177,5831717759,1347607,5255078
194900,11,5,5010101,Hakenfelde Nord,2019,5,12,7,1,2,6,0,0,1,0,0,0,0,0,7852219711,5831811814,1320852,5256146
194901,11,8,8040933,Vogelviertel SÅd,2019,5,6,6,3,5,2,1,0,1,0,0,0,0,0,8037483054,5818747774,1346909,5243435
194902,11,4,4020205,Siedlung Ruhleben,2019,5,12,7,3,2,6,0,0,1,0,0,0,0,0,7881585609,5827234726,1324775,5251887
194903,11,11,11020411,Malchower Weg,2019,5,5,6,3,5,3,0,1,1,0,0,0,0,1,8049383843,5833108856,1349969,525624
194904,11,4,4010102,Plîtzensee,2019,5,13,7,3,5,2,0,0,1,0,0,0,1,0,793352206,5829681351,1332624,5253804
194905,11,1,1044101,Rehberge,2019,5,12,7,3,2,6,0,0,1,0,0,0,1,0,7938982723,5830072062,1333461,5254125
194906,11,9,9052001,Kîpenick Nord,2019,5,5,6,3,5,3,0,1,1,0,0,0,0,0,8111438069,5822084988,1358064,524601
194907,11,10,10020622,Kaulsdorf Nord I,2019,5,13,7,3,2,7,0,0,1,0,0,0,1,0,8111568458,5829120943,135874,5252314
194908,11,3,3050923,Wei·enseer Spitze,2019,5,5,6,3,1,5,0,1,1,0,0,0,0,1,8003659092,5831838285,1343129,5255355
194909,11,5,5010339,Freiheit,2019,5,14,7,2,1,5,0,0,1,0,1,0,0,0,7872847207,5828331371,1323586,5252917
194910,11,2,2040701,Andreasviertel,2019,5,21,6,2,5,3,2,1,1,0,0,0,0,0,8001461304,5827337053,1342399,5251333
194911,11,6,6030608,Schweizer Viertel,2019,5,14,7,3,5,3,0,0,1,0,0,0,0,0,7925012981,5817473166,1330301,5242905
194912,11,1,1011303,Alexanderplatzviertel,2019,5,18,6,3,1,5,0,1,1,0,0,0,1,0,7987564545,5828241172,1340439,5252219
194913,11,3,3030716,MÑrchenland,2019,5,15,7,3,5,3,0,1,1,0,0,0,0,0,8025801589,5833492771,1346536,5256715
194914,11,7,7010102,Nollendorfplatz,2019,5,15,7,3,2,6,0,0,1,0,0,0,0,0,7952555938,5824956696,1335003,5249466
194915,11,4,4030620,Alt-Lietzow,2019,5,17,6,3,5,3,0,0,1,0,0,0,0,0,7917774225,5827470973,1330114,5251907
194916,11,9,9031001,Bohnsdorf,2019,5,17,6,2,6,4,0,0,1,1,0,0,0,0,8097425999,5815209602,1355371,5239928
194917,11,4,4030417,Schlo·stra·e,2019,5,15,7,3,2,6,0,0,1,0,0,0,1,0,7917497278,5827305286,1330059,525176
194918,11,2,2010101,Askanischer Platz,2019,5,17,7,2,3,2,0,1,1,0,0,0,0,0,7976677742,5826292497,1338665,5250532
194919,11,10,10040829,Alt-Kaulsdorf,2019,5,17,6,2,5,3,0,0,1,0,0,0,1,0,8114078664,58275908,1358966,5250929
194920,11,9,9010402,Johannisthal Ost,2019,5,22,7,3,5,2,2,0,1,0,1,0,0,0,8060647276,5818827917,1350313,5243378
194921,11,2,2010101,Askanischer Platz,2019,5,16,6,3,2,6,0,0,1,0,0,0,0,0,7976015705,5825939344,1338536,5250219
194922,11,3,3051017,Rennbahnstra·e,2019,5,7,6,3,5,3,0,1,1,0,0,0,0,0,8024470882,583266097,1346264,5255977
194923,11,7,7040405,Rathaus Tempelhof,2019,5,15,6,3,3,6,0,0,1,0,1,1,0,0,7978501659,5820787365,1338441,5245587
194924,11,11,11051330,Karlshorst West,2019,5,14,6,2,5,2,0,0,1,0,0,0,1,0,8072832944,582541058,1352706,5249209
194925,11,1,1011203,Unter den Linden SÅd,2019,5,13,6,3,5,3,0,0,1,0,1,0,0,0,797880979,5827169725,1339056,5251307
194926,11,10,10030725,Buckower Ring,2019,5,17,6,3,1,6,0,1,1,0,0,0,0,0,8101300452,5827932772,1357121,5251308
194927,11,10,10020517,Adele-Sandrock-Stra·e,2019,5,14,6,2,6,4,0,0,1,1,0,0,0,0,813446589,5830082558,1362194,5253045
194928,11,2,2010101,Askanischer Platz,2019,5,0,6,3,0,1,2,1,0,0,0,0,0,1,7977517086,5826074807,1338769,5250332
194929,11,1,1011301,CharitÇviertel,2019,5,14,6,2,6,4,0,0,0,1,0,0,1,0,7975942033,5828462034,1338751,5252481
194930,11,12,12231101,Hermsdorf,2019,5,11,6,3,5,3,0,1,1,0,0,0,0,0,7917653947,5838949581,1331107,5262198
194931,11,5,5010314,Carl-Schurz-Stra·e,2019,5,13,6,3,2,6,0,0,1,0,0,0,0,0,7836524794,5829475511,1318344,5254133
194932,11,5,5030832,Rohrdamm,2019,5,11,6,3,2,6,0,0,1,0,0,0,0,0,7896044688,5829289775,1327079,5253653
194933,11,8,8010405,Hertzbergplatz,2019,5,19,6,3,1,5,0,0,1,0,0,0,0,0,8018252115,5823845623,134455,5248111
194934,11,1,1044201,Reinickendorfer Stra·e,2019,5,13,6,3,6,4,0,0,1,1,0,0,0,0,7971342339,5831887179,1338381,5255576
194935,11,11,11030721,RÅdigerstra·e,2019,5,22,6,2,6,2,2,0,0,1,0,0,1,0,8048075071,582748463,1349261,5251206
194936,11,7,7040406,Germaniagarten,2019,5,14,6,3,2,2,0,0,1,0,0,0,0,0,8001022095,5821437796,1341804,5246047
194937,11,6,6040807,Zehlendorf Eiche,2019,5,20,6,3,1,5,0,0,1,0,1,0,0,0,789631992,5818562356,1326187,5244034
194938,11,8,8010214,Glasower Stra·e,2019,5,12,6,2,6,4,0,0,0,1,0,0,1,0,8010339277,5822165315,1343237,5246648
194939,11,3,3061227,Humannplatz,2019,5,19,6,3,5,2,0,0,1,0,0,0,0,0,799680937,5831267785,134207,5254881
194940,11,9,9041301,Kietzer Feld/Nachtheide,2019,5,19,6,3,2,6,0,0,1,0,0,0,0,0,8126283076,5819457585,1359996,5243571
194941,11,8,8020622,Parchimer Allee,2019,5,11,6,3,1,5,0,0,1,0,0,0,1,0,8014720629,5820191605,1343701,5244855
194942,11,2,2020203,Viktoriapark,2019,5,10,6,3,5,3,0,1,1,0,0,0,0,0,7977689764,5824598139,1338662,5249008
194943,11,1,1011301,CharitÇviertel,2019,5,18,6,3,0,2,0,1,1,0,0,0,0,0,7966616214,582900656,1337429,525302
194944,11,2,2050801,Traveplatz,2019,5,18,6,3,3,6,0,1,1,0,0,0,0,0,8032248942,5827326276,1346921,5251153
194945,11,1,1011301,CharitÇviertel,2019,5,0,6,3,0,2,2,1,1,0,0,0,0,0,797013799,58289423,1337941,5252943
194946,11,12,12231101,Hermsdorf,2019,5,17,6,3,5,2,0,0,1,0,0,0,0,0,7916818037,5838148221,1330913,5261484
194947,11,5,5010314,Carl-Schurz-Stra·e,2019,5,13,5,3,5,7,0,1,1,0,0,0,0,0,7841592716,5829360171,1319079,5254003
194948,11,4,4030930,George-Grosz-Platz,2019,5,17,6,3,3,6,0,1,1,0,0,0,0,0,7932145304,5825402099,1332044,5249975
194949,11,11,11051229,Rummelsburg,2019,5,17,6,2,5,2,0,1,0,0,0,0,1,0,804957777,5825153846,1349268,5249109
194950,11,9,9051702,Bîlschestra·e,2019,5,12,5,2,5,3,0,1,0,0,0,0,0,0,8137617326,5821406951,1361841,5245253
194951,11,9,9020701,Adlershof West,2019,5,17,6,3,2,6,0,0,1,0,0,0,0,0,807862773,5818113753,1352884,5242637
194952,11,4,4051551,Brabanter Platz,2019,5,9,6,3,0,6,0,0,0,0,1,0,1,0,7932671238,582307771,1331917,5247889
194953,11,3,3071639,Bîtzowstra·e,2019,5,6,5,3,6,4,0,1,0,1,0,0,0,0,8008214757,5829579394,1343594,5253305
194954,11,3,3071638,Winsstra·e,2019,5,9,6,3,1,5,0,1,1,0,0,0,0,0,7999715485,582900952,1342294,5252841
194955,11,12,12231101,Hermsdorf,2019,5,9,6,3,4,7,0,0,1,0,0,0,0,0,7906229454,5837362098,1329284,5260836
194956,11,7,7020201,Bayerischer Platz,2019,5,18,5,3,5,3,0,1,1,0,0,0,0,0,7949339657,5824599751,1334499,5249163
194957,11,12,12301206,LÅbars,2019,5,16,6,3,5,2,0,1,1,0,0,0,0,0,7947370227,583869647,1335461,526181
194958,11,5,5020419,Magistratsweg,2019,5,13,5,3,1,5,0,0,1,0,0,0,1,0,7813249228,5828392789,1314829,5253283
194959,11,3,3061227,Humannplatz,2019,5,8,6,3,5,3,0,0,1,0,0,0,0,0,8001127011,5831694542,1342744,525524
194960,11,5,5010314,Carl-Schurz-Stra·e,2019,5,12,5,3,0,1,0,0,1,0,1,0,0,1,7843177052,5828922032,1319274,5253602
194961,11,3,3071536,Teutoburger Platz,2019,5,9,6,3,1,5,0,1,0,0,0,0,1,0,7991809002,5829462542,1341172,5253291
194962,11,5,5020417,Staakener Stra·e,2019,5,5,5,2,5,3,0,0,1,0,0,0,0,1,7817261239,5828529553,131543,5253385
194963,11,4,4041134,Bismarckallee,2019,5,16,6,3,5,3,0,1,0,0,0,0,1,0,7908629042,5824695216,1328528,5249467
194964,11,3,3050925,Komponistenviertel Wei·ensee,2019,5,10,6,2,6,2,0,0,1,1,0,0,0,0,8023201908,5831349597,1345958,5254809
194965,11,2,2050803,Stralauer Kiez,2019,5,21,5,3,5,3,2,1,1,0,0,0,0,1,802715687,5826048933,1346057,5250036
194966,11,2,2040703,Wriezener Bahnhof/Entwicklungsgebiet,2019,5,20,5,3,1,5,1,1,1,0,0,0,1,1,8009734979,5826772877,1343564,5250781
194967,11,3,3010102,Buch,2019,5,8,6,3,3,6,0,1,1,0,0,0,0,0,8040701346,5841245894,1349439,5263581
194968,11,3,3071537,Kollwitzplatz,2019,5,8,6,2,2,6,0,0,1,0,0,0,0,0,7997956774,5829593967,1342088,5253375
194969,11,12,12103218,Teichstra·e,2019,5,19,5,2,5,3,0,0,1,0,1,0,0,0,7947112205,5834897639,1335085,5258407
194970,11,3,3071639,Bîtzowstra·e,2019,5,8,6,3,2,6,0,0,1,0,0,0,1,0,8004010593,5829064265,134293,5252867
194971,11,1,1011306,Heine-Viertel Ost,2019,5,19,5,3,1,5,0,1,1,0,0,0,0,0,8001915123,582676278,1342414,5250815
194972,11,3,3030715,Heinersdorf,2019,5,8,6,3,5,2,0,0,1,0,0,1,0,0,8001272602,5833864297,1342961,5257184
194973,11,6,6010103,Markelstra·e,2019,5,16,5,3,1,6,0,1,1,0,0,0,0,0,793245471,5821587344,1331754,5246554
194974,11,5,5010314,Carl-Schurz-Stra·e,2019,5,7,6,3,5,3,0,1,1,0,0,0,0,0,7846866859,5829337549,1319853,5253955
194975,11,8,8010509,Schulenburgpark,2019,5,16,5,3,0,5,0,0,1,0,0,0,1,0,8033469891,5822593117,134667,5246904
194976,11,3,3061429,Greifswalder Stra·e,2019,5,21,6,3,5,2,2,0,1,0,1,0,0,0,8019046774,5830332404,1345255,525392
194977,11,3,3061441,Eldenaer Stra·e,2019,5,18,6,3,5,3,0,0,1,0,0,0,0,0,8029098067,5828625565,1346577,5252335
194978,11,10,10040933,Mahlsdorf SÅd,2019,5,15,5,3,5,2,0,1,1,0,0,0,0,1,8123914439,5824301726,1360102,5247925
194979,11,1,1011402,Arkonaplatz,2019,5,15,5,3,5,3,0,0,1,0,0,0,0,0,7982414122,582962414,1339806,5253487
194980,11,6,6030502,Zehlendorf SÅd,2019,5,16,6,2,5,3,0,1,1,0,0,0,0,0,7893173247,5815691724,1325478,5241477
194981,11,5,5030832,Rohrdamm,2019,5,15,5,3,2,6,0,0,1,0,0,0,0,0,7897736498,5829265461,1327326,5253622
194982,11,12,12103116,Hausotterplatz,2019,5,16,3,2,1,5,0,1,1,0,0,0,0,0,7967334497,5833361312,1337923,5256919
194983,11,8,8041037,Alt-Rudow,2019,5,16,3,3,0,1,0,0,0,0,1,0,0,0,8069013494,5817785599,1351444,5242397
194984,11,7,7020203,Kaiser-Wilhelm-Platz,2019,5,16,3,2,0,7,0,0,0,0,1,0,0,0,7959950407,5824293699,133603,5248831
194985,11,4,4020311,Reichsstra·e,2019,5,17,3,3,0,3,0,0,1,0,1,0,0,0,789992273,5826317665,132739,5250968
194986,11,3,3040513,Schînholz,2019,5,17,3,3,5,3,0,1,1,0,0,0,0,0,7974126341,5833971338,1338977,5257429
194987,11,4,4030621,Spreestadt,2019,5,11,3,3,6,4,0,0,1,1,0,0,0,0,7931844468,5827779432,1332209,5252108
194988,11,5,5020629,Bîrnicker Stra·e,2019,5,11,3,3,5,3,0,1,1,0,0,0,0,0,7837952782,5826000909,1318257,525101
194989,11,7,7010101,Wittenbergplatz/Viktoria-Luise-Platz,2019,5,18,3,3,6,2,0,0,1,1,0,0,0,0,7949632181,582488828,1334567,524942
194990,11,5,5010101,Hakenfelde Nord,2019,5,18,3,3,4,6,0,1,0,0,0,0,0,0,7857214158,5832286295,1321628,5256545
194991,11,5,5030730,Zitadellenweg,2019,5,21,3,3,5,3,2,1,1,0,0,0,0,0,7857117941,582928968,1321356,5253859
194992,11,7,7020201,Bayerischer Platz,2019,5,17,3,3,5,3,0,0,1,0,0,0,0,0,7949387897,5824457994,1334493,5249036
194993,11,2,2010102,Mehringplatz,2019,5,19,3,3,0,6,0,1,1,0,0,0,0,0,7983598869,5825516686,1339612,5249799
194994,11,9,9031202,Schmîckwitz/Rauchfangswerder,2019,5,18,3,1,0,1,0,1,0,0,0,0,0,0,8187744206,5812579517,1368352,5237053
194995,11,3,3061429,Greifswalder Stra·e,2019,5,18,2,3,5,2,0,1,1,0,0,0,0,0,8011298586,5830744457,1344153,5254333
194996,11,6,6040809,Thielallee,2019,5,11,2,3,5,3,0,0,1,0,0,0,0,0,7911933734,5819179764,1328532,5244505
194997,11,4,4031032,Halensee,2019,5,20,2,3,5,7,2,0,1,0,0,0,0,0,7917696074,5825166573,1329901,5249841
194998,11,4,4020313,Kînigin-Elisabeth-Stra·e,2019,5,19,2,3,6,7,0,0,1,1,0,0,0,0,7900790683,5826150271,1327503,5250813
194999,11,7,7050505,Hundsteinweg,2019,5,19,2,3,2,6,0,0,1,0,0,0,1,1,7990658081,5819071614,1340071,5243983
195000,11,1,1011306,Heine-Viertel Ost,2019,5,18,2,2,1,5,0,1,0,0,0,0,1,0,7999071804,582695577,1342014,5251004
195001,11,2,2020206,Graefekiez,2019,5,17,2,3,5,2,0,1,1,0,0,0,0,0,799907155,5824470972,134179,5248777
195002,11,3,3050920,Wei·er See,2019,5,18,2,3,0,1,0,1,0,0,0,0,0,1,8016837889,5831794279,1345063,5255243
195003,11,10,10020517,Adele-Sandrock-Stra·e,2019,5,18,2,3,0,1,0,0,0,0,1,0,0,1,8124802949,5830372265,1360802,525336
195004,11,7,7070703,John-Locke-Stra·e,2019,5,7,2,3,5,3,0,1,1,0,0,0,0,0,7989942511,5814277024,1339538,5239689
195005,11,8,8010118,Silbersteinstra·e,2019,5,7,2,3,5,2,0,1,1,0,0,0,0,0,8008976386,5822374821,1343055,5246843
195006,11,12,12304314,Ziekowstra·e/Freie Scholle,2019,5,8,2,3,2,6,0,0,1,0,0,0,0,0,7902057672,5835859767,1328538,5259511
195007,11,5,5020625,Borkumer Stra·e,2019,5,10,2,3,6,7,0,0,1,1,0,0,0,0,784468694,582814557,131943,5252898
195008,11,10,10010311,Landsberger Tor,2019,5,10,2,3,6,4,0,0,1,1,0,0,0,0,8104475091,5830952436,1357869,5253996
195009,11,12,12103117,Letteplatz,2019,5,18,2,3,2,6,0,0,1,0,0,0,0,0,7966434763,5832435278,1337708,5256094
195010,11,12,12301203,Wittenau SÅd,2019,5,10,2,3,5,2,0,1,0,0,0,1,0,0,7929963794,5835636922,1332627,5259162
195011,11,1,1033102,Gesundbrunnen,2019,5,10,2,3,5,2,0,1,1,0,0,0,0,0,7971590977,5831919401,133842,5255604
195012,11,4,4051653,Prager Platz,2019,5,18,2,3,5,2,0,1,1,0,0,0,0,0,7939574572,5824711292,1333074,5249316
195013,11,8,8010404,Rixdorf,2019,5,11,2,2,6,4,0,0,1,1,0,0,0,0,8017421883,5823676731,1344413,5247964
195014,11,1,1022106,Elberfelder Stra·e,2019,5,12,2,2,2,6,0,0,1,0,0,0,0,0,7937183377,5828117162,1333024,5252382