OBJECTID,LAND,BEZ,LOR,STRASSE,UJAHR,UMONAT,USTUNDE,UWOCHENTAG,UKATEGORIE,UART,UTYP1,ULICHTVERH,IstRad,IstPKW,IstFuss,IstKrad,IstGkfz,IstSonstige,USTRZUSTAND,LINREFX,LINREFY,XGCSWGS84,YGCSWGS84
195015,11,2,2030302,Lausitzer Platz,2019,5,18,2,3,6,4,0,0,1,1,1,0,0,0,8014485897,5826026302,1344194,5250086
195016,11,7,7040404,Marienhîhe,2019,5,13,2,3,2,6,0,0,1,0,0,0,0,0,7964394907,5819785785,1336282,5244766
195017,11,10,10040932,Alt-Mahlsdorf,2019,5,15,2,3,2,6,0,0,1,0,0,0,0,0,8129276411,582791295,1361228,5251131
195018,11,9,9031001,Bohnsdorf,2019,5,17,2,3,6,2,0,0,1,1,0,0,0,0,8105542398,5816698482,1356698,5241216
195019,11,12,12231102,Frohnau,2019,5,10,2,3,0,1,0,1,0,0,0,0,0,0,7901660827,5839979374,1328841,5263207
195020,11,6,6020302,Komponistenviertel Lankwitz,2019,5,16,2,3,2,6,0,0,1,0,0,0,0,0,7945332881,5819142248,1333429,5244292
195021,11,1,1022104,Emdener Stra·e,2019,5,16,2,3,2,6,0,0,1,0,0,0,0,0,7944090772,5828450388,1334068,5252643
195022,11,2,2020206,Graefekiez,2019,5,15,2,3,5,3,0,1,1,0,0,0,0,0,8001471936,5825071241,1342197,5249302
195023,11,2,2020205,Chamissokiez,2019,5,15,2,3,2,7,0,1,1,0,0,0,0,0,7982421693,582452357,133935,5248915
195024,11,12,12214527,Alt-Tegel,2019,5,12,2,3,5,5,0,1,1,0,0,0,0,0,7904551482,5834889623,132882,5258628
195025,11,3,3061227,Humannplatz,2019,5,18,2,3,2,6,0,0,1,0,0,0,1,1,7992620536,5831802491,1341503,5255384
195026,11,11,11010309,Zingster Stra·e West,2019,5,13,1,2,5,3,0,1,1,0,0,0,0,0,8050424287,5833528237,1350161,525661
195027,11,12,12224230,Heiligensee,2019,5,13,1,3,0,5,0,1,1,0,0,0,0,0,7859596269,5839260577,1322581,5262785
195028,11,7,7030301,Friedenau,2019,5,14,1,3,5,3,0,0,1,0,0,0,0,0,7939777483,582227643,133289,5247132
195029,11,9,9020802,Kîllnische Vorstadt,2019,5,9,1,3,1,5,0,1,1,0,0,0,1,0,8102814797,5819711382,1356578,5243932
195030,11,2,2030301,Oranienplatz,2019,5,9,1,3,5,3,0,0,1,0,0,0,0,0,7999081898,5825974643,1341927,5250125
195031,11,2,2010104,Wassertorplatz,2019,5,12,1,3,2,2,0,1,1,0,0,0,0,0,7990855509,5825615001,1340686,5249847
195032,11,4,4051448,Schaperstra·e,2019,5,14,1,3,6,4,0,1,0,1,0,0,0,0,7936934687,5824912319,1332704,524951
195033,11,3,3020210,Herthaplatz,2019,5,14,1,3,2,6,0,0,1,0,1,0,0,0,8000689307,583583091,1343054,525895
195034,11,1,1011303,Alexanderplatzviertel,2019,5,17,1,2,5,3,0,1,0,0,0,0,0,0,7997446594,5828647151,1341928,5252529
195035,11,9,9010401,Johannisthal West,2019,5,18,1,3,6,4,0,0,0,1,0,0,1,0,8056980366,5820151187,1349897,5244584
195036,11,2,2030401,Reichenberger Stra·e,2019,5,6,1,3,1,5,0,0,1,0,0,0,0,0,8011545657,5825113516,134368,5249284
195037,11,11,11030619,Fennpfuhl Ost,2019,5,3,1,3,5,3,2,0,1,0,0,0,1,0,8038239929,5829051083,1347959,5252665
195038,11,5,5020521,Dîberitzer Weg,2019,5,13,1,3,2,6,0,0,1,0,0,0,0,0,7806529209,5827524464,1313767,5252539
195039,11,6,6020409,Kînigsberger Stra·e,2019,5,1,1,2,1,5,2,0,1,0,0,0,0,0,7933427694,5817703402,1331556,5243067
195040,11,4,4030620,Alt-Lietzow,2019,5,13,1,3,0,7,0,1,0,0,0,0,0,0,7920084605,5827371882,1330445,5251806
195041,11,1,1011202,Unter den Linden Nord,2019,5,22,1,3,6,4,2,1,0,1,0,0,0,0,7972053726,582747996,1338091,5251622
195042,11,1,1033102,Gesundbrunnen,2019,5,23,1,3,3,6,2,0,1,0,0,0,1,0,7974081847,5831901115,1338785,5255574
195043,11,8,8010211,Flughafenstra·e,2019,5,22,1,3,3,6,2,1,1,0,0,0,0,0,8004522186,5823679595,1342519,5248037
195044,11,3,3061227,Humannplatz,2019,5,20,1,3,0,1,0,1,0,0,0,0,0,0,7996470554,5831207767,1342015,525483
195045,11,11,11010310,MÅhlengrund,2019,5,17,7,3,3,6,0,0,1,0,0,0,0,0,805325554,5833257683,1350552,5256351
195046,11,8,8010404,Rixdorf,2019,5,22,7,3,2,5,2,1,1,0,0,0,0,0,801922565,5823547775,1344666,5247838
195047,11,3,3040614,Pankow Zentrum,2019,5,11,7,3,2,6,0,0,1,0,0,1,0,0,7996880636,5835436344,1342457,5258618
195048,11,1,1022101,Huttenkiez,2019,5,16,7,3,6,6,0,0,0,1,0,0,1,0,7936090663,5828135069,1332865,5252404
195049,11,2,2040701,Andreasviertel,2019,5,15,7,3,1,5,0,0,1,0,1,0,0,0,8009562249,582773518,1343626,5251645
195050,11,2,2050804,Stralauer Halbinsel,2019,5,16,7,3,5,7,0,0,1,0,1,0,0,0,8031503747,5825734411,1346667,524973
195051,11,8,8010404,Rixdorf,2019,5,22,7,3,1,5,2,0,1,0,1,0,0,0,8019653738,5823307655,1344707,5247621
195052,11,5,5020625,Borkumer Stra·e,2019,5,23,7,3,2,6,2,0,1,0,0,0,0,0,7847178555,5828569968,1319833,5253265
195053,11,2,2050801,Traveplatz,2019,5,13,7,3,5,3,0,1,1,0,0,0,0,0,8028131362,5827293458,1346314,5251146
195054,11,2,2030402,Wrangelkiez,2019,5,13,7,3,5,7,0,1,1,0,0,0,0,0,8015911146,5825953052,1344397,5250012
195055,11,2,2050803,Stralauer Kiez,2019,5,13,7,3,3,6,0,0,1,0,0,0,0,0,802769085,5826120186,1346142,5250097
195056,11,10,10040933,Mahlsdorf SÅd,2019,5,11,7,3,5,2,0,1,1,0,0,0,0,0,8125331242,5825006755,1360376,5248549
195057,11,4,4030930,George-Grosz-Platz,2019,5,10,7,3,2,6,0,0,1,0,0,0,0,0,792974327,5825562937,1331705,5250132
195058,11,2,2040702,Weberwiese,2019,5,10,7,3,6,4,0,1,0,1,0,0,0,0,801916653,5827101831,1344979,5251024
195059,11,7,7040401,Neu-Tempelhof,2019,5,9,7,3,6,4,0,0,1,1,0,0,0,0,797022517,5823342145,1337454,5247923
195060,11,7,7040403,Manteuffelstra·e,2019,5,10,7,3,5,2,0,0,1,0,0,0,0,0,7969145626,5822289425,1337202,5246985
195061,11,6,6020304,Kaiser-Wilhelm-Stra·e,2019,5,11,7,3,5,3,0,0,1,0,0,0,0,0,794600511,5817730272,1333403,5243023
195062,11,4,4030931,Breitscheidplatz,2019,5,11,7,2,5,5,0,0,1,0,1,0,0,0,7945445123,5825991551,133405,5250432
195063,11,1,1022205,Zillesiedlung,2019,5,21,7,3,3,6,2,0,1,0,1,0,0,0,7960372618,582854161,133647,5252637
195064,11,1,1044202,Sparrplatz,2019,5,20,7,3,0,7,0,0,1,0,0,0,0,0,7957119082,583058461,1336173,5254486
195065,11,3,3061126,Arnimplatz,2019,5,20,7,3,5,2,0,1,1,0,0,0,0,0,798417536,5831797421,134026,5255426
195066,11,12,12231102,Frohnau,2019,5,19,7,3,1,5,0,1,1,0,0,0,0,0,7903705357,5840109321,1329154,5263312
195067,11,1,1011302,Oranienburger Stra·e,2019,5,19,7,3,2,6,0,0,1,0,0,0,0,0,7979200834,582887113,1339266,525283
195068,11,3,3071536,Teutoburger Platz,2019,5,19,7,3,5,7,0,1,1,0,0,0,0,0,7990558067,5830171953,1341052,5253934
195069,11,11,11030721,RÅdigerstra·e,2019,5,19,7,3,5,3,0,1,0,0,0,0,0,0,8049336423,5828166667,1349509,5251811
195070,11,8,8010404,Rixdorf,2019,5,18,7,3,5,2,0,0,1,0,0,0,1,0,8025391967,5822977212,1345519,5247293
195071,11,7,7020204,Schîneberger Insel,2019,5,17,7,3,5,3,0,1,1,0,0,0,0,0,7965946817,5823923579,1336877,5248467
195072,11,7,7070702,Alt-Lichtenrade/Tîpchiner Weg,2019,5,17,7,3,2,6,0,0,1,0,1,0,0,0,7999450273,5814578095,1340958,5239907
195073,11,11,11051331,Karlshorst Nord,2019,5,17,7,3,5,3,0,0,1,0,0,0,0,0,8076778027,5824533403,1353204,52484
195074,11,8,8020622,Parchimer Allee,2019,5,16,7,3,1,5,0,1,1,0,0,0,1,0,8023630193,5820217517,1345011,5244829
195075,11,6,6010207,Mittelstra·e,2019,5,23,7,3,0,1,2,1,0,0,0,0,0,0,7934852932,5820199963,1331984,5245297
195076,11,12,12214424,Scharnweberstra·e,2019,5,15,7,3,2,6,0,0,1,0,0,0,1,0,7932461308,5832513798,1332718,5256349
195077,11,8,8010214,Glasower Stra·e,2019,5,15,7,3,2,6,0,0,1,0,1,0,0,0,801801041,5821981015,1344346,5246441
195078,11,9,9010301,Baumschulenstra·e,2019,5,14,7,3,5,3,0,0,1,0,0,0,0,0,8049286515,5822553322,1348987,524678
195079,11,4,4051446,Preu·enpark,2019,5,14,7,3,5,2,0,0,1,0,0,0,0,0,7924073209,5824952922,1330819,5249616
195080,11,12,12301203,Wittenau SÅd,2019,5,14,7,2,5,2,0,0,0,0,1,1,0,0,7934237824,5836090167,1333296,5259545
195081,11,7,7050501,Rathausstra·e,2019,5,13,7,2,1,5,0,0,1,0,0,0,0,0,7973760435,5818673678,1337557,5243719
195082,11,6,6040703,Nikolassee,2019,5,17,7,3,0,5,0,0,1,0,1,0,0,0,7845013803,5817251528,1318548,5243128
195083,11,3,3020209,Niederschînhausen,2019,5,22,6,3,5,3,2,0,1,0,0,0,0,0,7979047327,5835174888,1339809,5258481
195084,11,10,10030727,Biesdorf SÅd,2019,5,20,6,3,2,6,0,0,1,0,1,0,0,0,8095814176,58249623,1356039,5248677
195085,11,3,3061430,Volkspark Prenzlauer Berg,2019,5,18,6,3,6,4,0,1,0,1,0,0,0,0,8023032841,5829213752,1345739,5252896
195086,11,8,8020619,Buschkrugallee Nord,2019,5,19,6,3,2,2,1,0,1,0,1,0,0,0,8026829982,5820805763,1345533,5245338
195087,11,2,2010104,Wassertorplatz,2019,5,12,6,3,5,3,0,1,0,0,0,0,0,0,7986648359,5825569378,1340064,5249829
195088,11,7,7010102,Nollendorfplatz,2019,5,11,6,3,5,2,0,0,1,0,1,0,0,0,7950224572,5825424543,1334702,5249898
195089,11,1,1044201,Reinickendorfer Stra·e,2019,5,10,6,3,5,3,0,0,1,0,0,0,0,0,7966766965,5831912555,133771,5255624
195090,11,8,8010301,Reuterkiez,2019,5,10,6,3,5,2,0,1,1,0,0,0,0,0,8010448315,5824192076,1343435,5248464
195091,11,12,12103219,SchÑfersee,2019,5,9,6,3,0,3,0,0,1,0,1,0,0,0,795635339,5833005716,1336276,525666
195092,11,4,4020310,Park Ruhwald,2019,5,7,6,3,5,2,0,0,1,0,1,0,0,0,7898358862,5827385457,1327254,5251934
195093,11,1,1011301,CharitÇviertel,2019,5,8,6,3,5,2,0,1,1,0,0,0,0,0,7970912736,5828086576,1337978,5252172
195094,11,4,4030827,Karl-August-Platz,2019,5,7,6,3,0,1,0,1,1,0,0,0,0,0,7927278912,5826154675,1331395,5250676
195095,11,7,7040405,Rathaus Tempelhof,2019,5,6,6,3,5,2,0,0,1,0,0,0,0,0,7991885337,5821729352,1340489,5246359
195096,11,10,10020414,Helle Mitte,2019,5,9,6,3,5,3,0,0,1,0,0,0,0,0,8122037654,583092095,1360447,5253868
195097,11,2,2040502,Friedenstra·e,2019,5,8,6,3,2,6,0,0,1,0,0,0,0,0,8006849507,5828487468,1343295,5252334
195098,11,2,2010104,Wassertorplatz,2019,5,11,6,2,2,6,0,0,0,0,0,1,0,0,7986164909,5825580039,1339994,5249842
195099,11,5,5020626,Adamstra·e,2019,5,13,6,3,6,2,0,0,1,1,0,0,0,0,7847704113,5827278681,1319799,5252105
195100,11,4,4030931,Breitscheidplatz,2019,5,14,6,3,6,4,0,0,1,1,0,0,0,0,7945338584,5825973011,1334033,5250416
195101,11,4,4041241,Breite Stra·e,2019,5,14,6,3,5,3,0,1,1,0,0,0,0,0,7912867756,582204128,1328919,5247065
195102,11,4,4030620,Alt-Lietzow,2019,5,15,6,3,5,2,0,1,1,0,0,0,0,0,792635769,5827081702,1331342,5251512
195103,11,5,5020626,Adamstra·e,2019,5,14,6,3,1,5,0,0,0,0,1,0,1,0,7844573127,5827729483,1319378,5252525
195104,11,1,1022201,Stephankiez,2019,5,15,6,3,3,6,0,1,1,0,0,0,0,0,7950886116,5829212164,1335135,525329
195105,11,6,6020302,Komponistenviertel Lankwitz,2019,5,15,6,3,5,3,0,0,1,0,0,0,0,0,7944441102,5818850351,1333272,5244036
195106,11,1,1011101,StÅlerstra·e,2019,5,16,6,3,5,2,0,1,1,0,0,0,0,0,79525698,5826619461,1335152,5250956
195107,11,1,1044203,Leopoldplatz,2019,5,16,6,3,5,3,0,1,0,0,0,0,1,0,7958787812,5831961412,1336541,5255711
195108,11,4,4051446,Preu·enpark,2019,5,16,6,3,5,2,0,1,1,0,0,0,0,0,7929143567,5824391903,1331514,5249086
195109,11,10,10010310,Alt-Marzahn,2019,5,17,6,3,5,3,0,0,1,0,0,0,0,0,807795406,5830767254,1353954,5253981
195110,11,3,3020307,Buchholz,2019,5,17,6,3,2,6,0,0,1,0,0,0,1,0,8001595052,5838188034,1343401,5261058
195111,11,7,7060604,Marienfelde SÅd,2019,5,17,6,3,5,3,0,0,1,0,0,0,0,0,7958119702,581603284,1335029,5241436
195112,11,12,12103218,Teichstra·e,2019,5,17,6,3,5,7,0,0,1,0,1,0,0,0,7953622366,5833345167,1335905,525698
195113,11,7,7050501,Rathausstra·e,2019,5,17,6,3,0,2,0,1,1,0,0,0,0,0,7971019851,5819466509,1337226,5244444
195114,11,9,9051801,Rahnsdorf/Hessenwinkel,2019,5,16,6,2,5,3,0,1,1,0,0,0,0,0,8205409574,5820238253,1371671,5243812
195115,11,2,2030301,Oranienplatz,2019,5,16,6,3,1,5,0,1,1,0,0,0,0,0,7999664567,5826136889,1342027,5250267
195116,11,5,5010103,Amorbacher Weg,2019,5,18,6,3,2,2,0,1,1,0,0,0,0,0,7839049479,583156469,1318893,5255993
195117,11,2,2050801,Traveplatz,2019,5,15,6,3,3,6,0,1,0,0,0,0,0,0,8021914045,5827533842,1345422,5251396
195118,11,3,3020209,Niederschînhausen,2019,5,15,5,3,3,6,0,1,1,0,0,0,0,0,7973885311,5835020781,1339036,5258371
195119,11,2,2020204,Urbanstra·e,2019,5,15,5,3,6,4,0,1,0,1,0,0,0,0,7986894145,5825124687,1340061,524943
195120,11,12,12103218,Teichstra·e,2019,5,8,5,3,1,5,0,0,1,0,0,0,1,0,795092616,5834845067,1335642,5258339
195121,11,10,10020412,Alte Hellersdorfer Stra·e,2019,5,6,5,3,5,2,0,1,1,0,0,0,0,0,8113397545,5831835777,1359263,5254737
195122,11,11,11010310,MÅhlengrund,2019,5,18,5,3,2,3,0,1,1,0,0,0,0,0,80536298,5833283513,135061,5256373
195123,11,1,1033203,Humboldthain Nordwest,2019,5,17,5,3,2,6,0,0,0,0,1,0,1,0,7966523115,5831081169,13376,525488
195124,11,3,3050923,Wei·enseer Spitze,2019,5,15,5,3,3,2,0,1,1,0,0,0,0,0,8008653729,5832082763,1343886,5255547
195125,11,2,2010102,Mehringplatz,2019,5,23,5,3,2,6,2,0,1,0,0,0,0,0,7984927363,5825554579,133981,5249826
195126,11,3,3020210,Herthaplatz,2019,5,8,5,3,2,6,0,0,1,0,0,0,0,0,8000951856,5835999105,1343107,5259099
195127,11,4,4041344,RÅdesheimer Platz,2019,5,11,5,3,5,3,0,0,1,0,0,0,0,0,7933568495,5822575996,1332004,5247434
195128,11,9,9030901,Dorf Altglienicke,2019,5,8,5,3,6,2,0,0,1,1,0,0,0,0,8080300699,5816810613,1353009,5241459
195129,11,9,9041501,Altstadt Kietz,2019,5,11,5,3,5,2,0,0,1,0,0,0,0,0,8113568138,582004317,1358186,5244168
195130,11,10,11030720,Herzbergstra·e,2019,5,9,5,3,3,6,0,0,1,0,1,0,0,0,8062873904,5830171049,1351682,5253531
195131,11,2,2020202,Rathaus Yorckstra·e,2019,5,11,5,3,2,6,0,0,1,0,1,0,0,0,797276694,5825534052,1338023,5249874
195132,11,11,11030721,RÅdigerstra·e,2019,5,9,5,3,5,3,0,1,1,0,0,0,0,0,803878685,5828207966,1347962,5251907
195133,11,2,2040502,Friedenstra·e,2019,5,13,5,3,3,6,0,1,0,0,0,0,0,0,80127979,5828680159,1344187,5252474
195134,11,9,9010202,Kîpenicker Landstra·e,2019,5,9,5,2,5,2,0,1,0,0,0,1,0,0,8041128254,582360166,1347886,5247765
195135,11,4,4010102,Plîtzensee,2019,5,13,5,2,2,7,0,0,1,0,1,0,0,0,7916082553,5830690191,1330148,5254802
195136,11,4,4030931,Breitscheidplatz,2019,5,13,5,3,0,1,0,1,0,0,0,0,0,0,7936060572,5825771728,1332652,5250285
195137,11,9,9020702,Adlershof Ost,2019,5,9,5,2,6,4,0,0,1,1,0,0,0,0,8091604166,5819527885,1354917,5243831
195138,11,1,1011302,Oranienburger Stra·e,2019,5,9,5,3,2,6,0,0,1,0,0,0,1,0,7986739192,5828695005,1340358,5252631
195139,11,2,2030302,Lausitzer Platz,2019,5,22,5,3,5,3,2,1,1,0,0,0,0,0,8006793079,5825791206,1343043,5249918
195140,11,2,2010104,Wassertorplatz,2019,5,21,5,3,5,3,2,0,1,0,0,0,0,0,798585383,5825563875,1339947,5249829
195141,11,3,3071536,Teutoburger Platz,2019,5,21,5,3,0,7,2,0,1,0,0,0,0,0,7990663919,58300518,1341057,5253825
195142,11,1,1033102,Gesundbrunnen,2019,5,20,5,3,5,2,0,0,1,0,0,0,1,0,7969941055,5831497681,133814,5255235
195143,11,4,4030725,Amtsgerichtsplatz,2019,5,18,5,3,3,6,0,1,1,0,0,0,0,0,7918681203,5826504184,1330163,5251035
195144,11,11,11020514,Gro·e-Leege-Stra·e,2019,5,17,5,3,5,2,0,1,1,0,0,0,1,0,8046714536,5831135931,1349395,5254487
195145,11,1,1011203,Unter den Linden SÅd,2019,5,17,5,3,3,6,0,1,0,0,0,0,0,0,7977560907,5827480333,1338901,5251592
195146,11,7,7010102,Nollendorfplatz,2019,5,16,5,3,6,3,0,1,0,1,0,0,0,0,7954696245,5825556633,133537,5249992
195147,11,1,1011105,Nîrdlicher Landwehrkanal,2019,5,16,5,3,5,3,0,1,1,0,0,0,0,0,7957656848,5826672026,1335904,5250976
195148,11,12,12231102,Frohnau,2019,5,15,5,3,2,6,0,1,1,0,0,0,0,0,7905620939,584057116,1329477,5263716
195149,11,5,5030832,Rohrdamm,2019,5,15,5,3,2,6,0,0,1,0,0,0,0,0,7879869097,583062758,1324817,5254938
195150,11,4,4030620,Alt-Lietzow,2019,5,15,5,3,5,7,0,1,1,0,0,0,0,0,79178863,5827482294,1330132,5251916
195151,11,10,10020413,Gut Hellersdorf,2019,5,14,5,3,5,7,0,0,1,0,0,0,0,0,8109047314,5831251795,1358569,5254238
195152,11,9,9010301,Baumschulenstra·e,2019,5,13,5,3,2,2,0,0,1,0,0,0,0,0,8042672183,5822791669,1348039,524703
195153,11,4,4051654,Wilhelmsaue,2019,5,13,5,3,2,6,0,0,1,0,1,0,0,0,793516104,5823947419,1332359,5248655
195154,11,8,8010405,Hertzbergplatz,2019,5,17,5,3,0,1,0,0,0,0,1,0,0,0,8020103834,582360426,13448,5247884
195155,11,11,11030721,RÅdigerstra·e,2019,5,8,5,2,5,2,0,1,0,0,0,1,0,0,8038617432,58286534,1347978,5252307
195156,11,8,8020728,Buckow Ost,2019,5,8,5,3,0,3,0,0,1,0,1,0,0,0,8019032867,5817541786,1344095,5242456
195157,11,6,6010210,Bismarckstra·e,2019,5,8,5,2,0,1,0,0,0,0,1,0,0,0,7951508615,5820966652,1334496,5245895
195158,11,3,3061131,Falkplatz,2019,5,8,5,3,5,2,0,1,0,0,0,0,1,0,799183188,583122396,1341334,525487
195159,11,5,5030731,Gartenfelder Stra·e,2019,5,7,5,3,5,2,0,1,1,0,0,0,0,0,7879751697,5830384053,1324779,5254721
195160,11,5,5020521,Dîberitzer Weg,2019,5,6,5,3,2,7,0,0,1,0,0,0,1,0,77966519,5827806651,1312339,5252843
195161,11,1,1022104,Emdener Stra·e,2019,5,15,5,3,0,1,0,1,0,0,0,0,0,0,7937323461,5828907075,1333114,5253089
195162,11,7,7010101,Wittenbergplatz/Viktoria-Luise-Platz,2019,5,19,5,3,0,1,0,0,0,0,0,0,1,0,7946003049,5825483134,1334087,5249973
195163,11,1,1011105,Nîrdlicher Landwehrkanal,2019,5,7,4,3,5,2,0,1,0,0,0,0,1,0,796636597,5826666634,1337183,5250924
195164,11,6,6020409,Kînigsberger Stra·e,2019,5,11,4,3,5,3,0,0,1,0,0,0,0,1,7936630785,5817267185,1331987,5242658
195165,11,2,2040701,Andreasviertel,2019,5,16,4,3,5,2,0,1,0,0,0,0,1,0,8005797165,5827007119,1343007,5251013
195166,11,1,1022101,Huttenkiez,2019,5,21,4,3,3,6,2,0,1,0,0,0,0,0,7935231691,5829247047,1332837,5253405
195167,11,7,7030303,Grazer Platz,2019,5,18,4,3,5,3,0,1,1,0,0,0,0,1,7953077008,5821644562,1334786,5246494
195168,11,6,6030605,Botanischer Garten,2019,5,16,4,3,5,2,0,1,0,0,0,0,1,0,7917690333,5819272427,1329385,5244557
195169,11,7,7010101,Wittenbergplatz/Viktoria-Luise-Platz,2019,5,16,4,3,2,6,0,0,1,0,0,0,0,1,794573928,5825808598,1334077,5250266
195170,11,2,2020203,Viktoriapark,2019,5,16,4,3,6,4,0,1,0,1,0,0,0,1,7977635826,5824918883,1338683,5249296
195171,11,1,1011303,Alexanderplatzviertel,2019,5,16,4,3,6,4,0,1,0,1,0,0,0,1,7994962879,5828148072,1341518,5252095
195172,11,1,1011302,Oranienburger Stra·e,2019,5,15,4,2,0,1,0,0,0,0,1,0,0,1,7984745261,5828257921,1340026,525225
195173,11,4,4020310,Park Ruhwald,2019,5,3,4,3,5,2,2,0,0,0,0,1,1,1,7903548912,5827305254,1328009,5251834
195174,11,5,5020419,Magistratsweg,2019,5,0,4,3,5,3,2,0,1,0,0,0,0,1,781973084,5828471791,1315789,525332
195175,11,6,6020409,Kînigsberger Stra·e,2019,5,7,4,3,2,6,0,0,1,0,0,0,0,0,7936021474,5817678206,1331934,524303
195176,11,6,6030609,Augustaplatz,2019,5,7,4,3,5,3,0,0,1,0,1,0,0,1,7933126287,5818865318,1331613,524411
195177,11,3,3040614,Pankow Zentrum,2019,5,7,4,3,5,2,1,1,1,0,0,0,0,1,7996053578,5834738431,1342273,5257997
195178,11,6,6030504,Teltower Damm,2019,5,7,4,3,5,2,0,1,1,0,0,0,0,1,7906233253,581522597,1327352,5240991
195179,11,9,9020702,Adlershof Ost,2019,5,7,4,3,5,2,0,0,1,0,0,0,0,1,8092929986,5819720822,135513,5243996
195180,11,8,8030830,Gropiusstadt SÅd,2019,5,8,4,3,5,3,0,0,1,0,1,0,0,1,802280251,5817848025,1344675,524271
195181,11,11,11030721,RÅdigerstra·e,2019,5,8,4,3,0,1,0,1,1,0,0,0,0,1,8051820315,5827837204,1349843,5251501
195182,11,4,4010102,Plîtzensee,2019,5,8,4,3,2,3,0,0,1,0,1,0,0,1,793354575,5829674619,1332627,5253798
195183,11,1,1011105,Nîrdlicher Landwehrkanal,2019,5,8,4,3,1,5,0,1,1,0,0,0,0,1,7958102861,5826685986,1335971,5250986
195184,11,1,1044202,Sparrplatz,2019,5,9,4,3,5,2,0,0,1,0,0,0,0,1,7955260447,5830753349,1335915,5254647
195185,11,8,8010118,Silbersteinstra·e,2019,5,11,4,3,2,6,0,0,1,0,0,0,0,1,8009466352,5822296124,134312,524677
195186,11,4,4051549,Rathaus Wilmersdorf,2019,5,12,4,3,5,3,0,1,1,0,0,0,0,1,7929806357,5823902112,1331569,5248643
195187,11,2,2030302,Lausitzer Platz,2019,5,13,4,3,5,3,0,0,1,0,0,0,0,1,8006156709,5826272387,1342993,5250352
195188,11,9,9020501,Oberschîneweide West,2019,5,13,4,3,3,6,0,0,0,0,1,0,1,0,8060894411,5823419425,135077,5247491
195189,11,8,8010117,Schillerpromenade,2019,5,13,4,3,0,2,0,1,0,0,0,1,0,0,8005150933,582344138,134259,5247821
195190,11,11,11051330,Karlshorst West,2019,5,14,4,3,5,3,0,0,1,0,0,0,1,1,806560296,5824917053,1351599,5248807
195191,11,3,3020307,Buchholz,2019,5,14,4,3,5,3,0,1,1,0,0,0,0,1,8003596905,5837805332,1343661,5260704
195192,11,7,7040406,Germaniagarten,2019,5,15,4,3,2,6,0,1,1,0,0,0,0,1,7999061036,5821888904,1341556,5246462
195193,11,4,4020206,Angerburger Allee,2019,5,15,4,3,5,3,0,0,0,0,0,0,1,1,7865540453,5826166334,1322325,5251014
195194,11,3,3030711,Blankenburg,2019,5,15,4,3,5,2,0,1,1,0,0,0,0,0,8019244182,5836374748,1345834,5259335
195195,11,2,2040502,Friedenstra·e,2019,5,15,4,3,2,7,0,1,1,0,0,0,0,1,8010161031,5828084115,1343745,5251954
195196,11,5,5030832,Rohrdamm,2019,5,17,4,3,2,6,0,0,0,0,0,0,1,0,789445664,582929493,1326846,5253666
195197,11,9,9051702,Bîlschestra·e,2019,5,15,3,3,0,7,0,0,0,0,1,1,0,0,8141612421,5821919589,1362475,5245689
195198,11,2,2050601,Hausburgviertel,2019,5,5,3,3,5,2,0,1,0,0,0,0,1,0,8018657288,5828983034,1345075,5252713
195199,11,7,7040404,Marienhîhe,2019,5,8,3,3,5,7,0,0,1,0,1,0,0,0,7965452366,5819676997,1336427,5244663
195200,11,4,4020314,MessegelÑnde,2019,5,17,3,3,5,3,0,0,1,0,0,0,0,0,789938945,5825097876,1327206,5249877
195201,11,3,3040513,Schînholz,2019,5,17,3,3,2,2,0,1,1,0,0,0,0,0,798044564,5833592222,1339873,5257055
195202,11,9,9041501,Altstadt Kietz,2019,5,13,3,3,6,4,0,0,1,1,0,0,0,0,8107740631,5820308538,1357356,5244439
195203,11,3,3050923,Wei·enseer Spitze,2019,5,14,3,3,5,3,0,1,1,0,0,0,0,0,8011074894,5831516386,134419,5255026
195204,11,12,12214125,Waldidyll/Flughafensee,2019,5,16,3,3,2,6,0,0,1,0,1,0,0,0,7920567588,5831732365,1330899,5255712
195205,11,4,4020310,Park Ruhwald,2019,5,15,3,3,2,6,0,0,1,0,0,0,0,0,7900381744,5827339673,1327547,5251882
195206,11,1,1022104,Emdener Stra·e,2019,5,14,3,3,5,3,0,1,1,0,0,0,0,0,7942369884,5828849169,1333851,525301
195207,11,1,1022206,LÅneburger Stra·e,2019,5,14,3,3,6,4,0,0,0,1,0,1,0,0,7959616987,5828341387,1336341,5252462
195208,11,3,3061126,Arnimplatz,2019,5,16,4,2,5,2,0,1,0,0,0,0,1,0,7992249727,5832060027,1341471,5255617
195209,11,9,9020501,Oberschîneweide West,2019,5,16,3,3,5,2,0,1,1,0,0,0,0,0,8060760723,5823423187,1350751,5247495
195210,11,6,6040807,Zehlendorf Eiche,2019,5,17,4,3,2,2,0,0,1,0,0,0,0,0,7896949635,5818444219,132627,5243925
195211,11,1,1011303,Alexanderplatzviertel,2019,5,17,3,3,6,4,0,0,1,1,0,0,0,0,799498019,5828344449,1341538,5252271
195212,11,4,4030518,Tegeler Weg,2019,5,16,4,3,0,7,0,0,1,0,1,0,0,0,7919057084,5828172897,1330365,5252529