OBJECTID,LAND,BEZ,LOR,STRASSE,UJAHR,UMONAT,USTUNDE,UWOCHENTAG,UKATEGORIE,UART,UTYP1,ULICHTVERH,IstRad,IstPKW,IstFuss,IstKrad,IstGkfz,IstSonstige,USTRZUSTAND,LINREFX,LINREFY,XGCSWGS84,YGCSWGS84
195213,11,4,4051652,Nikolsburger Platz,2019,5,18,3,3,0,7,0,0,1,0,1,0,0,1,7937025129,5824057299,1332642,5248743
195214,11,9,9020701,Adlershof West,2019,5,16,4,2,4,6,0,1,0,0,0,0,0,0,8092018881,5818633952,1354895,5243027
195215,11,2,2020202,Rathaus Yorckstra·e,2019,5,19,3,3,5,3,0,1,0,0,0,0,0,0,7972625512,5825257527,1337977,5249626
195216,11,11,11030618,Fennpfuhl West,2019,5,13,4,2,1,5,0,1,1,0,0,0,0,0,8030231567,5829186892,1346795,5252832
195217,11,9,9020701,Adlershof West,2019,5,19,3,3,5,2,0,1,1,0,0,0,0,0,8093425514,5818504736,135509,5242904
195218,11,2,2050801,Traveplatz,2019,5,17,4,3,0,1,0,1,0,0,0,0,0,0,8022455088,5827511862,13455,5251373
195219,11,11,11030720,Herzbergstra·e,2019,5,0,3,3,2,6,2,0,0,0,1,0,1,0,8051954214,5829062516,1349975,5252599
195220,11,8,8010302,BouchÇstra·e,2019,5,19,3,3,2,1,0,1,1,0,1,0,0,0,801787324,5824354842,134454,5248569
195221,11,8,8041038,Wa·mannsdorfer Chaussee,2019,5,14,4,3,5,2,0,0,1,0,1,0,0,0,8062401998,5816372401,1350346,5241167
195222,11,1,1011301,CharitÇviertel,2019,5,13,3,3,2,6,0,0,1,0,0,0,1,0,7970737299,582886911,1338022,5252874
195223,11,1,1022106,Elberfelder Stra·e,2019,5,14,4,3,6,2,0,0,1,1,0,0,0,0,7943173291,5828375969,1333927,5252582
195224,11,1,1033203,Humboldthain Nordwest,2019,5,19,3,3,0,6,1,0,1,0,0,0,1,0,796280859,5830603234,1337011,5254472
195225,11,3,3050923,Wei·enseer Spitze,2019,5,11,3,3,6,4,0,0,1,1,0,0,0,0,8004933988,5832237437,1343353,5255706
195226,11,11,11030721,RÅdigerstra·e,2019,5,14,4,3,2,6,0,0,0,0,0,1,1,0,8037715451,5827656382,1347755,5251418
195227,11,7,7070703,John-Locke-Stra·e,2019,5,11,3,3,1,5,0,0,1,0,0,0,1,0,799565174,5813981274,1340348,5239393
195228,11,3,3020307,Buchholz,2019,5,16,4,3,5,2,0,1,1,0,0,0,0,0,8000441612,5837360225,1343156,5260322
195229,11,7,7010102,Nollendorfplatz,2019,5,10,3,2,1,5,0,1,0,0,0,0,1,0,7951675597,5825482469,133492,5249942
195230,11,11,11030721,RÅdigerstra·e,2019,5,15,4,3,1,5,0,0,1,0,0,0,1,0,8051253412,5827919771,1349768,5251579
195231,11,4,4030931,Breitscheidplatz,2019,5,11,3,3,1,7,0,0,1,0,0,0,0,0,7936661349,5825719469,1332735,5250235
195232,11,6,6010102,Schlo·stra·e,2019,5,15,4,3,1,5,0,1,1,0,0,0,0,0,7933376142,5821268006,1331861,5246262
195233,11,7,7040403,Manteuffelstra·e,2019,5,10,3,3,5,3,0,1,1,0,0,0,0,0,7973616639,5821916205,1337825,5246626
195234,11,4,4051654,Wilhelmsaue,2019,5,10,3,3,0,4,0,1,0,1,0,0,0,0,7934132754,5823940385,1332207,5248654
195235,11,4,4041343,Binger Stra·e,2019,5,15,4,3,5,3,0,0,1,0,0,0,0,0,7927392564,5822309679,1331074,5247228
195236,11,8,8010117,Schillerpromenade,2019,5,15,4,3,5,3,0,1,1,0,0,0,0,0,800497074,5823509314,134257,5247882
195237,11,1,1022204,Thomasiusstra·e,2019,5,10,3,3,1,5,0,1,1,0,0,0,0,0,7950713152,5827889774,1334992,5252105
195238,11,8,8041036,Zittauer Stra·e,2019,5,17,4,3,5,3,0,0,1,0,0,0,0,0,8051522159,5817163683,1348823,5241937
195239,11,1,1044202,Sparrplatz,2019,5,9,3,3,5,2,0,0,1,0,0,0,1,0,7953546807,5830377425,1335629,525432
195240,11,7,7040406,Germaniagarten,2019,5,15,4,3,6,4,0,0,1,1,0,0,0,0,8000531082,5821656853,1341751,5246246
195241,11,1,1044203,Leopoldplatz,2019,5,9,3,3,3,6,0,0,1,0,0,0,0,0,7957091552,5831857773,1336283,5255627
195242,11,1,1022206,LÅneburger Stra·e,2019,5,9,3,3,5,2,0,0,1,0,0,0,1,0,7962547982,5828526535,1336788,5252612
195243,11,12,12214125,Waldidyll/Flughafensee,2019,5,15,4,3,0,3,0,0,1,0,0,0,0,0,7917608415,583398251,1330662,5257745
195244,11,3,3040614,Pankow Zentrum,2019,5,15,4,3,0,2,0,1,1,0,0,0,0,0,798498345,5833253786,134051,5256727
195245,11,1,1011303,Alexanderplatzviertel,2019,5,9,3,3,5,2,0,1,1,0,0,0,0,0,7991087869,582846604,1340977,5252402
195246,11,3,3061126,Arnimplatz,2019,5,8,3,3,2,6,0,0,1,0,0,0,1,0,7984414345,5831830535,1340298,5255454
195247,11,6,6010102,Schlo·stra·e,2019,5,16,4,3,2,3,0,0,1,0,0,0,0,0,7934253875,5820365086,1331911,5245448
195248,11,4,4031032,Halensee,2019,5,8,3,3,5,2,0,1,1,0,0,0,0,0,7911914355,582498616,1329036,5249711
195249,11,11,11020412,Hauptstra·e,2019,5,16,4,3,5,2,0,1,1,0,0,0,0,0,8059735284,5831929003,1351383,5255124
195250,11,2,2020206,Graefekiez,2019,5,8,3,3,5,2,0,1,0,0,0,0,1,0,7990773217,5824615027,1340585,5248951
195251,11,4,4051551,Brabanter Platz,2019,5,8,3,3,5,2,0,0,1,0,0,0,0,0,7928950848,5823289803,1331389,5248099
195252,11,6,6040703,Nikolassee,2019,5,15,4,3,5,3,0,0,1,0,1,0,0,0,7861046195,5817659921,1320935,5243411
195253,11,9,9010401,Johannisthal West,2019,5,7,3,3,5,2,0,0,1,0,0,0,0,0,8062010504,5820269154,1350645,5244662
195254,11,5,5020627,Tiefwerder,2019,5,15,4,2,5,2,0,0,1,0,0,0,1,0,7859424293,5827983648,1321583,5252676
195255,11,4,4020313,Kînigin-Elisabeth-Stra·e,2019,5,8,3,3,0,3,0,0,1,0,1,0,0,0,7905295737,582649783,1328196,5251101
195256,11,4,4030417,Schlo·stra·e,2019,5,7,4,3,2,6,0,1,0,0,0,0,0,0,7911834792,582651226,1329158,5251079
195257,11,9,9020702,Adlershof Ost,2019,5,7,3,2,2,6,0,0,1,0,1,0,0,0,8095184536,5819768833,1355465,5244026
195258,11,1,1033201,Brunnenstra·e,2019,5,23,4,3,0,1,2,0,1,0,1,0,0,0,7980061532,5830348478,1339525,5254149
195259,11,5,5020521,Dîberitzer Weg,2019,5,7,3,3,2,6,0,0,1,0,0,0,0,0,7796587112,5827808667,131233,5252845
195260,11,9,9020502,Oberschîneweide Ost,2019,5,6,3,3,5,3,0,0,1,0,0,0,0,1,8070814952,5822527206,1352144,5246636
195261,11,6,6030607,Goerzwerke,2019,5,7,4,3,2,6,0,0,1,0,0,0,0,0,7929600011,5817739614,1330998,524312
195262,11,1,1011304,Karl-Marx-Allee,2019,5,7,4,3,2,3,0,1,1,0,0,0,0,0,799584768,5828056936,1341639,5252009
195263,11,10,10020413,Gut Hellersdorf,2019,5,22,3,3,5,2,2,0,1,0,0,0,1,1,8113541809,5830679765,1359176,52537
195264,11,6,6040805,FischerhÅttenstra·e,2019,5,8,3,3,0,7,0,1,0,0,0,0,0,0,7892732963,5818332171,1325641,5243847
195265,11,7,7070703,John-Locke-Stra·e,2019,5,7,4,3,5,3,0,1,1,0,0,0,0,0,7991943645,5813897592,1339797,5239338
195266,11,4,4030725,Amtsgerichtsplatz,2019,5,17,2,3,2,6,0,0,1,0,0,0,0,1,7916302464,5826099408,1329778,5250685
195267,11,3,3061430,Volkspark Prenzlauer Berg,2019,5,8,4,3,5,2,0,1,1,0,0,0,0,0,8023300572,5829224293,1345779,5252904
195268,11,6,6010205,SÅdende,2019,5,19,2,3,5,3,0,1,1,0,0,0,0,1,7950724029,582002188,1334297,5245052
195269,11,1,1033101,Soldiner Stra·e,2019,5,8,4,3,6,2,0,0,1,1,0,0,0,0,7977137549,583289246,1339323,5256446
195270,11,8,8010404,Rixdorf,2019,5,18,2,3,6,4,0,0,1,1,0,0,0,1,8012189811,5823688699,1343646,5248003
195271,11,1,1011301,CharitÇviertel,2019,5,9,4,3,2,6,0,1,1,0,0,0,0,0,7971966692,5828328854,1338155,5252383
195272,11,11,11030619,Fennpfuhl Ost,2019,5,18,2,3,0,1,0,0,1,0,1,0,0,1,8039588596,5829072233,1348159,5252677
195273,11,1,1011102,Gro·er Tiergarten,2019,5,9,4,2,5,2,0,1,1,0,0,0,0,0,7965779454,5827796978,1337198,525194
195274,11,10,10020416,Bîhlener Stra·e,2019,5,18,2,3,5,7,0,0,1,0,0,0,0,1,8142476893,5831030784,1363461,5253848
195275,11,2,2020206,Graefekiez,2019,5,7,4,3,5,3,0,0,1,0,0,0,0,0,8001426591,5825066643,134219,5249298
195276,11,4,4041137,Flinsberger Platz,2019,5,18,2,3,5,2,0,0,1,0,0,0,0,1,7909634793,5823016366,1328529,5247957
195277,11,1,1033201,Brunnenstra·e,2019,5,17,2,3,5,2,0,1,1,0,0,0,0,1,798084371,5829995762,1339609,5253829
195278,11,4,4010101,Jungfernheide,2019,5,18,3,3,2,6,0,0,1,0,0,0,0,0,7912392394,5829690825,1329518,5253926
195279,11,4,4041134,Bismarckallee,2019,5,17,2,3,5,3,0,1,1,0,0,0,0,1,7909254127,5823808884,1328542,5248669
195280,11,4,4041136,Hagenplatz,2019,5,17,3,3,7,7,0,1,0,0,0,0,0,0,789481905,582356718,1326401,5248529
195281,11,1,1011402,Arkonaplatz,2019,5,18,2,3,1,5,0,1,1,0,0,0,0,1,7985850927,5829278804,134028,5253159
195282,11,6,6020409,Kînigsberger Stra·e,2019,5,11,3,3,5,3,0,0,1,0,0,0,0,0,7936465281,5817259152,1331962,5242652
195283,11,6,6020409,Kînigsberger Stra·e,2019,5,17,2,3,5,3,0,0,1,0,0,0,0,1,7936289764,5817259248,1331936,5242653
195284,11,12,12214527,Alt-Tegel,2019,5,8,3,3,1,5,0,1,1,0,0,0,0,0,7903804582,5834845957,1328706,5258593
195285,11,9,9041501,Altstadt Kietz,2019,5,19,2,3,0,1,0,1,0,0,0,0,0,1,811225559,5820128656,1358001,5244252
195286,11,2,2010102,Mehringplatz,2019,5,17,2,3,6,7,0,0,1,1,0,0,0,1,7987343192,5826189696,1340222,5250382
195287,11,12,12302107,Schorfheidestra·e,2019,5,8,3,3,1,5,0,0,1,0,0,0,0,0,7941221122,5835868969,1334304,5259309
195288,11,9,9041501,Altstadt Kietz,2019,5,7,3,3,6,4,0,1,0,1,0,0,0,0,8115155249,5820087778,1358423,5244199
195289,11,3,3050923,Wei·enseer Spitze,2019,5,16,2,2,5,3,0,1,1,0,0,0,0,1,8010703141,5831429991,1344128,525495
195290,11,1,1011402,Arkonaplatz,2019,5,16,2,3,0,1,0,1,0,0,0,0,0,1,7987736058,5829654034,1340591,5253485
195291,11,7,7020203,Kaiser-Wilhelm-Platz,2019,5,7,3,3,6,4,0,0,1,1,0,0,0,0,7959722789,582403247,1335973,5248598
195292,11,4,4030726,Droysenstra·e,2019,5,11,2,3,3,6,0,0,1,0,0,0,0,0,792081215,5825301437,133037,5249946
195293,11,8,8030830,Gropiusstadt SÅd,2019,5,8,3,3,2,6,0,0,1,0,0,0,0,0,8023086986,5817856776,1344717,5242716
195294,11,1,1011204,Leipziger Stra·e,2019,5,14,2,3,2,2,0,0,1,0,0,0,0,0,7985763652,5826865805,1340051,5250996
195295,11,7,7030301,Friedenau,2019,5,14,2,3,5,2,0,1,1,0,0,0,0,0,7937128331,5821648221,1332445,5246583
195296,11,1,1011105,Nîrdlicher Landwehrkanal,2019,5,9,3,3,3,6,0,1,1,0,0,0,0,0,7955929516,5826267068,1335614,5250622
195297,11,12,12304313,Borsigwalde,2019,5,12,2,3,6,7,0,1,0,1,0,0,0,0,7913995708,583426164,1330155,5258015
195298,11,2,2010104,Wassertorplatz,2019,5,12,2,3,2,6,0,0,1,0,0,0,0,0,799058618,5825596911,1340645,5249833
195299,11,9,9010301,Baumschulenstra·e,2019,5,7,3,2,5,2,0,1,0,0,0,1,0,0,8046410202,5822121473,1348526,5246409
195300,11,11,11030721,RÅdigerstra·e,2019,5,14,2,2,6,4,0,0,1,1,0,0,0,0,8037512009,5828639906,1347815,5252301
195301,11,9,9051901,Dammvorstadt,2019,5,12,2,2,2,6,0,0,1,0,0,1,1,0,8096609197,5821481488,1355832,5245553
195302,11,8,8010404,Rixdorf,2019,5,6,3,3,5,3,0,0,1,0,0,0,0,0,8019085569,5822702477,1344569,5247081
195303,11,4,4020207,Flatowallee,2019,5,16,2,3,2,7,0,0,1,0,0,1,0,0,7881166455,5826424785,1324644,5251164
195304,11,4,4010101,Jungfernheide,2019,5,6,3,3,1,5,0,0,1,0,1,0,0,0,7897517475,5829849139,1327345,5254147
195305,11,8,8020727,Buckow Mitte,2019,5,11,2,3,5,2,0,0,1,0,0,0,0,0,8001737285,581705835,1341515,5242118
195306,11,9,9031101,GrÅnau,2019,5,0,3,3,9,1,2,0,0,0,1,0,0,0,8109952135,5816879573,1357362,5241353
195307,11,5,5030832,Rohrdamm,2019,5,13,2,3,0,1,0,1,0,0,0,0,0,0,7889768398,5829789238,13262,5254134
195308,11,1,1022206,LÅneburger Stra·e,2019,5,15,3,3,2,6,0,0,1,0,1,0,0,0,7962158652,5828475895,1336726,5252568
195309,11,5,5010314,Carl-Schurz-Stra·e,2019,5,9,2,3,3,6,0,0,1,0,0,0,1,0,784944012,5829399737,1320236,5253998
195310,11,11,11030720,Herzbergstra·e,2019,5,7,2,2,0,1,0,1,0,0,0,0,0,0,8051499305,5829103171,1349912,5252638
195311,11,1,1011306,Heine-Viertel Ost,2019,5,15,3,3,3,2,0,1,1,0,0,0,0,0,7999865093,5826927117,1342128,5250974
195312,11,2,2020206,Graefekiez,2019,5,15,3,3,1,5,0,1,0,0,0,0,1,0,7996315178,5825078245,134144,5249336
195313,11,8,8010404,Rixdorf,2019,5,7,2,3,2,7,0,0,1,0,0,0,1,0,8023627085,582276697,1345241,5247114
195314,11,12,12214527,Alt-Tegel,2019,5,11,2,3,3,6,0,1,0,0,0,0,0,0,7903720677,5834860228,1328695,5258606
195315,11,7,7020204,Schîneberger Insel,2019,5,15,3,3,2,7,0,0,1,0,0,0,0,0,796533246,5823983608,1336793,5248524
195316,11,8,8041037,Alt-Rudow,2019,5,10,2,3,6,2,0,0,1,1,0,0,0,0,8055337468,5818557601,134951,5243165
195317,11,3,3010101,Bucher Forst,2019,5,14,3,3,5,2,0,1,1,0,0,0,0,0,8039317778,5841354675,1349246,5263686
195318,11,12,12214125,Waldidyll/Flughafensee,2019,5,10,2,3,1,7,0,1,1,0,0,0,0,0,7907693381,5834508058,1329249,5258269
195319,11,12,12231101,Hermsdorf,2019,5,14,3,3,5,3,0,0,1,0,1,0,0,0,792325892,5839054714,1331941,5262262
195320,11,4,4051448,Schaperstra·e,2019,5,10,2,3,5,3,0,1,1,0,0,0,0,0,7939658941,5824966037,1333109,5249544
195321,11,1,1033102,Gesundbrunnen,2019,5,13,3,3,5,7,0,0,1,0,0,0,0,0,7973595377,5831681282,1338694,5255379
195322,11,2,2040501,Barnimkiez,2019,5,9,2,3,1,5,0,1,1,0,0,0,0,0,800408046,5828302828,1342871,5252184
195323,11,9,9041402,Siedlung KÑmmereiheide,2019,5,11,2,3,5,3,0,1,1,0,0,0,0,0,8121421828,582029329,1359361,5244347
195324,11,3,3010102,Buch,2019,5,13,3,2,4,6,0,0,1,0,0,0,0,0,8044059632,5840572143,1349872,5262958
195325,11,1,1044101,Rehberge,2019,5,16,3,3,5,7,2,1,0,0,1,0,0,0,7936873445,583224168,1333343,5256081
195326,11,2,2020204,Urbanstra·e,2019,5,12,1,3,2,6,0,0,1,0,0,0,0,0,7982829066,5825471912,1339495,5249763
195327,11,9,9030901,Dorf Altglienicke,2019,5,16,3,2,5,3,0,1,1,0,0,0,0,0,8079753504,5817754544,1353016,5242308
195328,11,1,1044203,Leopoldplatz,2019,6,16,5,3,2,6,0,0,1,0,0,1,0,1,7954579263,5831617404,1335892,5255426
195329,11,7,7050501,Rathausstra·e,2019,6,16,5,2,0,2,0,1,1,0,0,0,0,1,797889082,5819627076,1338394,5244545
195330,11,8,8020619,Buschkrugallee Nord,2019,6,16,5,3,5,2,0,1,0,0,0,0,1,0,8026227176,5820750658,134544,5245292
195331,11,4,4030828,Savignyplatz,2019,6,16,5,3,5,2,0,1,1,0,0,0,0,1,7933110696,5826220712,1332258,5250704
195332,11,2,2020203,Viktoriapark,2019,6,9,5,3,5,2,0,1,1,0,0,0,0,0,7971110702,5824238346,1337664,5248721
195333,11,1,1022103,Westhafen,2019,6,13,5,3,5,2,0,1,1,0,0,0,0,0,7945873105,5829777201,1334448,5253823
195334,11,11,11030721,RÅdigerstra·e,2019,6,15,5,3,5,3,0,0,1,0,0,0,0,1,8045995693,5827842195,1348988,5251539
195335,11,4,4051655,Babelsberger Stra·e,2019,6,8,5,3,0,7,0,0,1,0,0,0,1,0,7941340397,5823925952,1333264,5248602
195336,11,4,4030725,Amtsgerichtsplatz,2019,6,8,5,3,5,3,0,0,1,0,0,0,0,0,7912898573,5826076683,1329276,5250683
195337,11,4,4051446,Preu·enpark,2019,6,8,5,3,5,3,0,1,1,0,0,0,0,0,7929119613,5824396112,1331511,524909
195338,11,4,4010103,Paul-Hertz-Siedlung,2019,6,7,5,3,2,6,0,0,1,0,0,0,0,0,7911065738,5829127238,1329274,5253428
195339,11,10,10020623,Rotes Viertel,2019,6,7,5,3,5,3,0,1,1,0,0,0,0,0,8115078478,5828872016,1359232,5252071
195340,11,8,8041038,Wa·mannsdorfer Chaussee,2019,6,7,5,3,5,2,0,1,0,0,0,0,0,0,8065621642,5815922467,1350777,5240746
195341,11,10,10020622,Kaulsdorf Nord I,2019,6,6,5,3,1,5,0,0,1,0,0,0,0,0,8108389053,5829002184,1358262,5252226
195342,11,7,7020203,Kaiser-Wilhelm-Platz,2019,6,23,4,3,7,7,2,1,0,0,0,0,0,0,7954826644,5823906983,1335243,5248512
195343,11,4,4010103,Paul-Hertz-Siedlung,2019,6,16,4,3,4,6,0,1,1,0,0,0,0,0,7914892664,5829731419,1329889,5253949
195344,11,12,12231102,Frohnau,2019,6,19,4,3,5,2,0,0,1,0,1,0,0,0,7902228874,5839935403,1328921,5263164
195345,11,4,4041137,Flinsberger Platz,2019,6,18,4,3,2,6,0,0,1,0,0,0,0,0,7917366045,5823809289,1329734,5248626
195346,11,2,2020202,Rathaus Yorckstra·e,2019,6,18,4,3,5,3,0,1,1,0,0,0,0,0,7972638589,5825192285,1337973,5249568
195347,11,4,4030725,Amtsgerichtsplatz,2019,6,23,4,3,1,5,2,0,1,0,1,0,0,0,7915033483,5826282273,1329608,5250856
195348,11,2,2020203,Viktoriapark,2019,6,22,4,3,5,3,2,1,1,0,0,0,0,0,796973143,5824453606,133748,5248922
195349,11,1,1044201,Reinickendorfer Stra·e,2019,6,22,4,2,2,6,2,0,1,0,0,0,0,0,796599616,5831776118,1337585,5255506
195350,11,2,2030302,Lausitzer Platz,2019,6,18,4,3,3,6,0,1,1,0,0,0,0,0,8016388672,5826059459,1344477,5250105
195351,11,9,9020702,Adlershof Ost,2019,6,18,4,3,5,3,0,1,1,0,0,0,0,0,80950755,5819511287,1355425,5243796
195352,11,6,6030610,Lichterfelde West,2019,6,18,4,3,0,7,0,1,0,0,0,0,0,0,7918441624,5817836803,1329369,5243266
195353,11,3,3061429,Greifswalder Stra·e,2019,6,18,4,3,5,3,0,1,0,0,1,0,0,0,8013159055,5831017478,1344452,5254567
195354,11,12,12103218,Teichstra·e,2019,6,16,4,3,5,2,0,0,1,0,0,0,0,0,7954417329,5834154072,1336094,52577
195355,11,1,1022106,Elberfelder Stra·e,2019,6,16,4,3,5,2,0,1,1,0,0,0,0,0,7936878012,5828003297,1332969,5252281
195356,11,1,1033202,Humboldthain SÅd,2019,6,15,4,3,0,1,0,0,0,0,1,0,0,0,7980146677,5829956976,1339503,5253798
195357,11,4,4010102,Plîtzensee,2019,6,22,4,3,5,2,2,0,1,0,0,0,0,0,793352206,5829681351,1332624,5253804
195358,11,2,2020204,Urbanstra·e,2019,6,20,4,3,5,2,0,1,0,1,0,0,0,0,797856954,5824923146,133882,5249294
195359,11,4,4030417,Schlo·stra·e,2019,6,15,4,3,5,3,0,1,0,0,0,0,1,0,791433253,5827295473,1329593,5251768
195360,11,11,11040926,Weitlingstra·e,2019,6,14,4,3,5,3,0,1,1,0,0,0,0,0,8061349171,5827017696,1351168,5250714
195361,11,3,3020210,Herthaplatz,2019,6,14,4,3,5,3,0,0,1,0,0,0,1,0,7988895151,5835615233,1341298,5258822
195362,11,10,10010310,Alt-Marzahn,2019,6,14,4,2,6,4,0,1,0,1,0,0,0,0,8094070983,5831062863,135635,5254154
195363,11,2,2050602,Samariterviertel,2019,6,13,4,3,5,2,0,0,1,0,0,0,0,0,8025860161,582769872,1346017,5251522
195364,11,8,8041037,Alt-Rudow,2019,6,13,4,3,5,3,0,1,1,0,0,0,0,0,8055553092,5818563088,1349542,5243169
195365,11,3,3061332,Helmholtzplatz,2019,6,13,4,3,1,7,0,0,0,0,1,0,0,0,799452853,5831128102,1341722,5254769
195366,11,9,9051901,Dammvorstadt,2019,6,13,4,2,6,4,0,0,1,1,0,0,0,0,8110089609,5821785053,1357838,5245749
195367,11,3,3030406,Alt-Karow,2019,6,8,4,3,0,1,0,0,0,0,1,0,0,0,8023313129,583882149,1346656,5261505
195368,11,11,11040926,Weitlingstra·e,2019,6,10,4,3,0,2,0,1,1,0,0,0,0,0,8045899708,5826362149,1348839,5250213
195369,11,3,3071536,Teutoburger Platz,2019,6,10,4,3,2,7,0,0,0,0,1,1,0,0,7989924358,5829272297,1340878,5253131
195370,11,6,6020304,Kaiser-Wilhelm-Stra·e,2019,6,13,4,3,5,3,0,1,1,0,0,0,0,0,7946832021,5817424333,1333497,5242744
195371,11,4,4010102,Plîtzensee,2019,6,10,4,3,2,6,0,0,1,0,1,0,0,0,793388697,582991492,1332698,5254011
195372,11,11,11020411,Malchower Weg,2019,6,8,4,2,0,1,0,1,0,0,0,0,0,0,8062982898,5832119179,1351878,5255277
195373,11,5,5010312,Kurstra·e,2019,6,12,4,3,2,2,0,0,1,0,0,0,1,0,7851912732,5829706722,1320626,525426
195374,11,3,3040614,Pankow Zentrum,2019,6,9,4,3,5,2,0,1,1,0,0,0,0,0,799955553,583568251,1342873,5258823
195375,11,7,7040402,Lindenhofsiedlung,2019,6,11,4,3,5,2,0,1,1,0,0,0,0,0,7961453415,582078522,1335939,5245678
195376,11,8,8010115,Hasenheide,2019,6,8,4,3,5,2,0,1,1,0,0,0,0,0,7992705205,5823820525,1340797,5248229
195377,11,8,8020622,Parchimer Allee,2019,6,8,4,3,5,2,0,1,1,0,0,0,0,0,8025741122,5819912961,1345293,5244544
195378,11,9,9052001,Kîpenick Nord,2019,6,7,4,3,5,7,0,0,1,0,1,0,0,0,8092259709,5822860971,1355322,5246814
195379,11,3,3061227,Humannplatz,2019,6,7,4,2,5,3,0,1,1,0,0,0,0,0,8001119525,5831694925,1342743,5255241
195380,11,1,1011301,CharitÇviertel,2019,6,2,4,2,0,7,2,0,1,0,0,0,1,0,7973775451,5828939739,1338475,5252921
195381,11,2,2020203,Viktoriapark,2019,6,8,3,3,3,6,0,0,1,0,1,0,0,0,7975341768,5824980306,1338351,5249363
195382,11,4,4030827,Karl-August-Platz,2019,6,14,3,3,0,7,0,0,1,0,0,0,0,0,792394112,5826057655,1330897,5250607
195383,11,1,1011402,Arkonaplatz,2019,6,13,3,3,0,3,0,1,0,0,0,0,1,0,7986814975,5829454201,1340438,5253311
195384,11,1,1022104,Emdener Stra·e,2019,6,8,3,3,6,4,0,0,1,1,0,0,0,0,7943505463,5828579549,1333994,5252762
195385,11,1,1011202,Unter den Linden Nord,2019,6,16,3,3,2,2,0,1,1,0,0,0,0,0,7971350457,5827775166,1338015,525189
195386,11,12,12301203,Wittenau SÅd,2019,6,16,3,3,5,2,0,1,1,0,0,0,0,0,7938627627,5835438782,1333884,5258937
195387,11,2,2030401,Reichenberger Stra·e,2019,6,16,3,3,5,2,0,1,1,0,0,0,0,0,801191634,5825184744,1343741,5249346
195388,11,7,7040401,Neu-Tempelhof,2019,6,15,3,3,0,2,0,1,1,0,0,0,0,0,7974152768,582370378,1338063,5248225
195389,11,11,11030720,Herzbergstra·e,2019,6,15,3,3,2,6,0,0,1,0,0,0,0,0,8053165978,5830022476,1350242,5253452
195390,11,3,3061227,Humannplatz,2019,6,14,3,3,5,7,0,1,1,0,0,0,0,0,7995954182,5831292563,1341947,5254908
195391,11,5,5020419,Magistratsweg,2019,6,14,3,3,0,6,0,1,0,0,0,0,0,0,7819395837,5828463066,1315739,5253314
195392,11,9,9020501,Oberschîneweide West,2019,6,13,3,3,5,2,0,0,0,0,1,0,1,0,806268862,582216102,1350918,5246353
195393,11,6,6020305,Gemeindepark Lankwitz,2019,6,18,3,3,6,4,0,0,1,1,0,0,0,0,79549192,5817582806,1334697,5242843
195394,11,4,4030929,Hindemithplatz,2019,6,12,3,3,3,6,0,0,1,0,1,0,0,0,7927134498,5825710295,1331335,5250278
195395,11,7,7050503,Eisenacher Stra·e,2019,6,12,3,3,6,7,0,0,1,1,0,0,0,0,7983586693,5819903003,1339108,5244767
195396,11,5,5020625,Borkumer Stra·e,2019,6,11,3,3,2,2,0,0,1,0,0,0,0,0,7847113804,5828610451,1319827,5253302
195397,11,1,1011105,Nîrdlicher Landwehrkanal,2019,6,11,3,3,5,2,0,1,1,0,0,0,0,0,7966354551,5826670495,1337182,5250927
195398,11,9,9041301,Kietzer Feld/Nachtheide,2019,6,11,3,3,3,6,0,1,0,0,0,0,0,0,811682718,5819968789,1358657,5244083
195399,11,11,11041022,Rosenfelder Ring,2019,6,13,3,2,5,3,0,1,1,0,0,0,0,0,806596466,5827370338,1351878,5251004
195400,11,4,4030622,Richard-Wagner-Stra·e,2019,6,11,3,2,2,7,0,1,1,0,0,0,0,0,7920339153,582685707,1330437,5251343
195401,11,1,1044201,Reinickendorfer Stra·e,2019,6,11,3,3,2,2,0,0,1,0,0,0,0,0,7964239958,5831972409,1337344,5255691
195402,11,1,1033201,Brunnenstra·e,2019,6,10,3,3,3,6,0,0,1,0,1,0,0,0,7982796793,5830092791,1339904,5253905
195403,11,4,4010102,Plîtzensee,2019,6,10,3,3,5,2,0,0,1,0,0,0,0,0,7933528684,5829679469,1332625,5253802
195404,11,8,8041037,Alt-Rudow,2019,6,10,3,3,5,3,0,0,1,0,0,0,0,0,805094456,5817915933,1348807,5242614
195405,11,4,4030518,Tegeler Weg,2019,6,9,3,3,5,3,0,1,1,0,0,0,0,0,7919360663,5828318382,1330422,5252658
195406,11,2,2020202,Rathaus Yorckstra·e,2019,6,23,3,2,5,2,2,1,1,0,0,0,0,0,797916269,582526365,1338938,5249596
195407,11,1,1022104,Emdener Stra·e,2019,6,20,3,3,2,6,0,0,1,0,0,0,0,0,7940298575,5828460733,1333512,5252673
195408,11,2,2010102,Mehringplatz,2019,6,8,3,3,5,3,0,1,1,0,0,0,0,0,7982643827,5825734828,1339491,525
195409,11,8,8010213,Kîrnerpark,2019,6,9,3,3,1,5,0,1,1,0,0,0,0,0,8013924588,582296085,1343835,5247341
195410,11,3,3061430,Volkspark Prenzlauer Berg,2019,6,9,3,3,2,6,0,0,1,0,1,0,0,0,8020144093,5829661574,1345355,5253313