OBJECTID,LAND,BEZ,LOR,STRASSE,UJAHR,UMONAT,USTUNDE,UWOCHENTAG,UKATEGORIE,UART,UTYP1,ULICHTVERH,IstRad,IstPKW,IstFuss,IstKrad,IstGkfz,IstSonstige,USTRZUSTAND,LINREFX,LINREFY,XGCSWGS84,YGCSWGS84
195411,11,5,5020524,Weinmeisterhornweg,2019,6,7,3,3,0,1,0,1,0,0,0,0,0,0,7836424947,5825508227,131799,5250576
195412,11,11,11020514,Gro·e-Leege-Stra·e,2019,6,8,3,3,5,3,0,1,1,0,0,0,0,0,8044564143,5830937524,1349061,5254321
195413,11,6,6020302,Komponistenviertel Lankwitz,2019,6,20,3,3,6,7,0,1,0,1,0,0,0,0,7942748905,5819344777,1333067,5244488
195414,11,10,10020413,Gut Hellersdorf,2019,6,19,3,2,6,4,0,0,1,1,0,0,0,0,8108346214,5830942063,1358437,5253965
195415,11,12,12214422,Klixstra·e,2019,6,8,3,2,5,2,0,1,1,0,0,0,0,0,7921852074,5832955097,1331196,5256801
195416,11,3,3061430,Volkspark Prenzlauer Berg,2019,6,19,3,3,5,2,0,1,1,0,0,0,0,0,8024184068,582923425,134591,5252908
195417,11,7,7040406,Germaniagarten,2019,6,8,3,3,3,6,0,0,1,0,0,1,0,0,7999519255,5821299952,1341571,5245932
195418,11,8,8030831,Gropiusstadt Ost,2019,6,19,3,3,6,2,0,0,1,1,0,0,0,0,803715423,5818000808,1346793,5242767
195419,11,4,4051448,Schaperstra·e,2019,6,19,3,3,1,5,0,1,1,0,0,0,1,0,7936014256,5825243999,1332598,5249813
195420,11,3,3020209,Niederschînhausen,2019,6,8,3,3,5,3,0,1,1,0,0,0,0,0,7975347777,5834855004,1339236,5258215
195421,11,12,12214422,Klixstra·e,2019,6,7,3,3,2,6,0,0,1,0,0,0,0,0,7921575669,5832941828,1331154,5256791
195422,11,4,4030828,Savignyplatz,2019,6,7,3,3,5,3,0,0,1,0,0,0,1,0,7932621425,5826081537,1332174,5250582
195423,11,2,2020206,Graefekiez,2019,6,18,3,3,3,6,0,1,1,0,0,0,0,0,799991515,5825411924,1341999,5249616
195424,11,4,4030518,Tegeler Weg,2019,6,18,3,2,5,2,0,0,1,0,1,0,0,0,7917858375,5828225159,1330193,5252582
195425,11,12,12214125,Waldidyll/Flughafensee,2019,6,18,3,3,2,6,0,0,1,0,0,0,0,0,791914501,5831520756,1330672,525553
195426,11,2,2020203,Viktoriapark,2019,6,7,3,3,1,1,0,0,1,0,1,0,0,0,7973701478,5824872937,1338101,5249276
195427,11,11,11020515,Landsberger Allee,2019,6,4,3,3,5,3,1,0,1,0,0,0,0,0,8039852031,5830279257,1348308,5253757
195428,11,9,9020502,Oberschîneweide Ost,2019,6,17,3,3,1,5,0,1,1,0,0,0,0,0,807525722,5821627774,1352713,5245805
195429,11,9,9051901,Dammvorstadt,2019,6,4,3,3,0,1,1,1,0,0,0,0,0,0,8119999543,582116606,1359234,5245138
195430,11,1,1011101,StÅlerstra·e,2019,6,17,3,3,5,3,0,0,1,0,0,0,1,0,7949838905,5826147484,1334709,5250548
195431,11,10,10010308,Marzahner Chaussee,2019,6,17,3,3,0,2,0,1,1,0,0,0,0,0,8066284689,5830238426,135219,5253572
195432,11,9,9030901,Dorf Altglienicke,2019,6,12,2,3,2,6,0,0,1,0,1,0,0,0,8075524587,5815370726,1352177,5240196
195433,11,2,2010102,Mehringplatz,2019,6,18,2,3,1,5,0,1,1,0,0,0,0,0,7985044933,5826129934,1339879,5250341
195434,11,11,11020411,Malchower Weg,2019,6,12,2,3,5,3,0,1,0,0,0,0,0,0,8053344515,5832884709,1350531,5256017
195435,11,6,6030610,Lichterfelde West,2019,6,12,2,3,6,7,0,1,0,1,0,0,0,0,7925813032,5817837008,1330451,5243227
195436,11,11,11020411,Malchower Weg,2019,6,22,2,3,8,1,2,0,1,0,0,0,0,1,806502409,5832279515,1352193,5255409
195437,11,8,8010509,Schulenburgpark,2019,6,22,2,3,0,3,2,1,1,0,0,0,0,1,8039506014,5822021011,1347504,5246357
195438,11,1,1022206,LÅneburger Stra·e,2019,6,21,2,3,5,3,0,0,1,0,0,0,0,0,7962285364,5828214796,1336722,5252334
195439,11,7,7040403,Manteuffelstra·e,2019,6,20,2,3,5,2,0,0,1,0,0,0,1,0,796914542,5822289442,1337202,5246985
195440,11,9,9020501,Oberschîneweide West,2019,6,20,2,3,5,2,0,1,1,0,0,0,0,0,806455522,582210481,1351187,5246293
195441,11,8,8010213,Kîrnerpark,2019,6,19,2,3,0,3,0,1,1,0,0,0,0,1,801143484,5822843549,1343459,524725
195442,11,10,10040933,Mahlsdorf SÅd,2019,6,20,2,3,5,3,0,0,1,0,0,0,1,1,8124891631,5824946873,1360306,5248498
195443,11,3,3061227,Humannplatz,2019,6,20,2,3,5,3,1,1,1,0,0,0,0,1,7997704934,583140932,1342215,5255003
195444,11,9,9020702,Adlershof Ost,2019,6,19,2,2,0,1,0,1,0,0,0,0,0,1,8095695743,5819802871,1355543,5244054
195445,11,9,9031001,Bohnsdorf,2019,6,20,2,2,1,7,1,0,1,0,0,0,0,1,8105367814,5816296424,1356636,5240857
195446,11,7,7040405,Rathaus Tempelhof,2019,6,19,2,3,8,1,0,0,1,0,0,0,0,1,7995388553,5821808631,134101,5246411
195447,11,1,1044101,Rehberge,2019,6,18,2,3,2,2,0,1,1,0,0,0,0,0,7938190788,5831725809,1333491,5255611
195448,11,4,4030621,Spreestadt,2019,6,18,2,3,2,6,0,0,1,0,0,0,0,0,7935494379,5827732561,1332742,5252046
195449,11,2,2050802,Boxhagener Platz,2019,6,18,2,2,5,2,0,1,1,0,0,0,0,0,8021073253,582735598,1345282,5251241
195450,11,4,4031032,Halensee,2019,6,18,2,3,1,5,0,1,1,0,0,0,0,0,7912927781,5825004868,1329186,5249722
195451,11,4,4051652,Nikolsburger Platz,2019,6,17,2,3,2,6,0,0,1,0,0,0,0,0,7935157699,5824046691,1332367,5248744
195452,11,6,6030503,Zehlendorf Mitte,2019,6,15,2,3,3,6,0,0,1,0,1,0,0,0,7895227543,5817483272,1325934,5243073
195453,11,7,7040405,Rathaus Tempelhof,2019,6,17,2,3,5,3,0,0,1,0,0,0,0,0,7986268361,5820663485,1339569,5245434
195454,11,10,10040931,Mahlsdorf Nord,2019,6,17,2,3,5,3,0,1,1,0,0,0,0,0,8142592633,5829301131,1363315,5252298
195455,11,9,9010301,Baumschulenstra·e,2019,6,22,2,3,5,2,2,1,1,0,0,0,0,1,8045310042,5821714577,1348327,524605
195456,11,3,3020307,Buchholz,2019,6,15,2,3,5,3,0,1,0,0,0,0,0,0,7998839204,5837959226,1342974,5260868
195457,11,6,6010102,Schlo·stra·e,2019,6,14,2,3,5,3,0,1,1,0,0,0,0,0,793425588,5820368851,1331911,5245452
195458,11,1,1011104,Kîrnerstra·e,2019,6,14,2,3,0,2,0,0,1,0,0,0,1,0,7962568989,5825959676,1336562,5250311
195459,11,2,2020206,Graefekiez,2019,6,14,2,3,2,6,0,0,1,0,0,0,0,0,8003156647,5824569108,1342399,5248842
195460,11,3,3030715,Heinersdorf,2019,6,13,2,3,2,6,0,0,1,0,0,1,0,0,800735709,5833607495,1343833,525692
195461,11,5,5010209,An der Kappe,2019,6,12,2,3,1,5,0,1,0,0,0,0,1,0,7831965081,5830090414,1317725,5254708
195462,11,8,8020619,Buschkrugallee Nord,2019,6,11,2,3,5,7,0,0,1,0,0,0,0,0,8014717689,582090462,1343765,5245494
195463,11,1,1044203,Leopoldplatz,2019,6,12,2,3,2,6,0,0,1,0,0,0,0,0,795793896,5831890866,133641,5255652
195464,11,1,1011302,Oranienburger Stra·e,2019,6,0,2,3,5,2,2,1,1,0,0,0,0,0,7984943787,5829062257,1340127,525297
195465,11,4,4030929,Hindemithplatz,2019,6,12,2,3,5,7,0,0,1,0,1,0,0,0,7924073687,5825612226,1330877,5250207
195466,11,1,1011402,Arkonaplatz,2019,6,11,2,3,6,4,0,1,0,1,0,0,0,0,7985239629,5829141341,1340178,5253039
195467,11,1,1033102,Gesundbrunnen,2019,6,11,2,2,5,2,0,0,1,0,0,0,0,0,7973642415,5831210392,1338659,5254957
195468,11,9,9041301,Kietzer Feld/Nachtheide,2019,6,16,2,3,5,3,0,0,1,0,1,0,0,0,8117509201,5819776663,1358739,5243907
195469,11,2,2020203,Viktoriapark,2019,6,11,2,3,5,2,0,1,1,0,0,0,0,0,79780239,582491025,1338739,5249286
195470,11,1,1044201,Reinickendorfer Stra·e,2019,6,11,2,3,3,6,0,0,1,0,1,0,0,0,7968342216,5831942209,1337945,5255642
195471,11,10,10030725,Buckower Ring,2019,6,16,2,2,0,5,0,1,1,0,0,0,0,0,8099551726,5828031183,1356873,5251406
195472,11,5,5010101,Hakenfelde Nord,2019,6,10,2,2,5,2,0,0,1,0,1,0,0,0,7852224364,5831822854,1320854,5256155
195473,11,9,9051901,Dammvorstadt,2019,6,16,2,3,5,3,0,1,1,0,0,0,0,0,8099458114,582159281,1356261,5245637
195474,11,4,4030415,Schlo·garten,2019,6,10,2,3,2,6,0,0,1,0,1,0,0,0,7916490497,5827653217,1329942,5252077
195475,11,8,8030830,Gropiusstadt SÅd,2019,6,10,2,3,5,7,0,1,1,0,0,0,0,0,8027020256,581804302,1345311,5242861
195476,11,3,3061430,Volkspark Prenzlauer Berg,2019,6,15,2,3,0,7,0,0,1,0,0,0,0,0,8023057357,5829235442,1345745,5252915
195477,11,9,9010401,Johannisthal West,2019,6,15,2,3,0,6,0,1,1,0,0,0,0,0,8054413094,5821500211,1349643,5245807
195478,11,2,2040701,Andreasviertel,2019,6,9,2,3,5,3,0,1,1,0,0,0,0,0,800778505,5827188074,1343315,5251164
195479,11,5,5020626,Adamstra·e,2019,6,9,2,3,5,2,0,1,1,0,0,0,0,0,784218851,5827369133,1318996,5252215
195480,11,2,2020204,Urbanstra·e,2019,6,8,2,3,5,2,0,1,1,0,0,0,0,0,7983148855,5825383127,1339534,5249682
195481,11,4,4020310,Park Ruhwald,2019,6,8,2,3,5,2,0,0,1,0,0,0,0,0,7902114519,5827297934,1327798,5251835
195482,11,2,2030301,Oranienplatz,2019,6,7,2,3,2,6,0,0,1,0,0,1,0,0,7999755727,5825746689,1342006,5249917
195483,11,5,5020625,Borkumer Stra·e,2019,6,15,2,3,6,4,0,0,1,1,0,0,0,0,7844584571,5828663554,1319459,5253363
195484,11,9,9052001,Kîpenick Nord,2019,6,7,2,3,5,3,0,0,1,0,0,0,0,0,8109471361,5822198973,1357786,5246123
195485,11,1,1011105,Nîrdlicher Landwehrkanal,2019,6,6,2,3,5,7,0,0,1,0,0,0,0,0,7953367708,58266316,133527,5250963
195486,11,12,12214125,Waldidyll/Flughafensee,2019,6,15,2,3,0,2,0,0,1,0,0,0,1,0,7909448486,5833788281,1329444,5257615
195487,11,1,1011302,Oranienburger Stra·e,2019,6,6,2,3,2,6,0,0,1,0,0,0,0,0,7990781247,5828998061,134098,525288
195488,11,9,9020702,Adlershof Ost,2019,6,6,2,3,0,3,0,1,1,0,0,0,0,0,809668744,581905076,1355618,5243374
195489,11,1,1011304,Karl-Marx-Allee,2019,6,15,2,2,2,2,0,0,1,0,0,0,0,0,7997277436,5827760655,1341823,5251735
195490,11,3,3061228,Erich-Weinert-Stra·e,2019,6,5,2,3,1,5,0,0,1,0,1,0,0,0,8004869949,5831261907,1343255,5254832
195491,11,2,2050601,Hausburgviertel,2019,6,1,2,3,5,2,2,0,1,0,0,0,0,0,8017779822,5828668491,1344918,5252436
195492,11,1,1011401,Invalidenstra·e,2019,6,8,2,3,0,1,0,1,0,0,0,0,0,0,7981067921,5829363715,1339585,5253261
195493,11,11,11030720,Herzbergstra·e,2019,6,20,2,3,5,2,0,1,1,0,0,0,0,1,8051234827,5829991758,1349955,5253436
195494,11,6,6040810,Dahlem,2019,6,9,2,3,5,2,0,1,0,0,0,0,1,0,7918489725,5821376437,1329686,5246439
195495,11,10,10010203,Gewerbegebiet Bitterfelder Stra·e,2019,6,17,2,1,1,7,0,0,1,0,0,0,0,0,807352427,5832454823,1353459,5255518
195496,11,4,4030724,Lietzensee,2019,6,14,1,3,2,6,0,1,0,0,0,0,0,0,7909659526,5826026471,1328796,5250655
195497,11,4,4041238,Kissinger Stra·e,2019,6,14,1,3,5,3,0,1,1,0,0,0,0,0,7915539247,5823245511,1329416,5248131
195498,11,1,1011401,Invalidenstra·e,2019,6,14,1,3,6,7,0,0,1,1,0,0,0,0,7975219227,5829149117,1338706,5253101
195499,11,9,9041501,Altstadt Kietz,2019,6,19,1,3,3,6,0,1,1,0,0,0,0,0,8110129502,5820412725,1357716,5244519
195500,11,1,1044201,Reinickendorfer Stra·e,2019,6,21,1,3,5,3,0,0,1,0,0,0,0,0,7958547449,5831132303,1336432,5254969
195501,11,11,2050803,Stralauer Kiez,2019,6,20,1,2,4,6,0,0,1,0,1,0,0,0,803311958,5826289712,1346955,5250219
195502,11,2,2040701,Andreasviertel,2019,6,20,1,3,1,5,0,1,1,0,0,0,1,0,800846907,5826869321,1343387,5250875
195503,11,4,4010102,Plîtzensee,2019,6,17,1,3,0,2,0,1,1,0,0,0,0,0,7918342318,5830684825,133048,5254785
195504,11,2,2010102,Mehringplatz,2019,6,17,1,2,5,3,0,0,1,0,1,0,0,0,7983317871,5825629632,1339581,5249902
195505,11,10,10040933,Mahlsdorf SÅd,2019,6,15,1,2,5,3,0,0,1,0,1,0,0,0,812575854,5824282132,1360371,5247897
195506,11,7,7010104,Dennewitzplatz,2019,6,16,1,3,5,2,0,1,1,0,0,0,0,0,7959997539,5824957198,1336096,5249426
195507,11,3,3071633,ThÑlmannpark,2019,6,16,1,3,0,1,0,1,0,0,0,0,0,0,8000291676,5830416599,1342505,5254099
195508,11,11,11051331,Karlshorst Nord,2019,6,14,1,3,5,3,0,0,1,0,0,0,0,0,8080034667,5824739716,1353702,5248567
195509,11,7,7010102,Nollendorfplatz,2019,6,14,1,3,5,3,0,0,1,0,1,0,0,0,7949543795,5825404027,13346,5249883
195510,11,1,1011101,StÅlerstra·e,2019,6,14,1,3,5,3,0,0,1,0,0,0,0,0,794991914,5826149061,1334721,5250549
195511,11,1,1011202,Unter den Linden Nord,2019,6,14,1,3,5,2,0,0,1,0,1,0,0,0,7977038288,5827795443,1338852,5251877
195512,11,11,11051331,Karlshorst Nord,2019,6,14,1,2,5,3,0,1,1,0,0,0,0,0,808002764,5824740141,1353701,5248567
195513,11,3,3061126,Arnimplatz,2019,6,13,1,3,2,6,0,0,1,0,0,0,0,0,798310987,5831834952,1340107,5255465
195514,11,11,11051330,Karlshorst West,2019,6,12,6,3,5,2,0,1,1,0,0,0,0,0,8070626312,5824409718,135229,5248324
195515,11,8,8020619,Buschkrugallee Nord,2019,6,13,1,3,2,6,0,0,1,0,0,0,0,0,8014012667,5821120991,1343681,5245692
195516,11,7,7040403,Manteuffelstra·e,2019,6,12,1,2,5,3,0,0,1,0,1,0,0,0,7976494987,5822186485,1338271,5246853
195517,11,1,1033102,Gesundbrunnen,2019,6,12,6,3,5,2,0,1,0,0,0,0,1,0,7971412919,5831886679,1338391,5255575
195518,11,1,1044101,Rehberge,2019,6,1,1,2,5,2,2,0,1,0,0,0,0,0,7939627642,5830161353,1333564,5254201
195519,11,6,6040809,Thielallee,2019,6,17,6,2,5,2,0,1,1,0,0,0,0,0,792354529,5820772049,1330375,524587
195520,11,11,11020411,Malchower Weg,2019,6,2,1,3,5,3,2,0,1,0,0,0,0,0,8049889884,583300316,1350034,5256142
195521,11,8,8020625,Handwerker-Siedlung,2019,6,12,6,3,3,6,0,1,0,0,0,1,0,0,8014903895,5817788317,1343511,52427
195522,11,12,12301203,Wittenau SÅd,2019,6,10,1,3,4,5,0,0,1,0,0,0,0,0,793707074,5835028565,1333619,5258578
195523,11,12,12301203,Wittenau SÅd,2019,6,7,6,2,5,2,0,1,0,0,0,1,0,0,7928488962,5835170088,1332368,5258751
195524,11,1,1044202,Sparrplatz,2019,6,10,1,3,5,2,0,0,1,0,0,0,0,0,7946190775,5829877865,1334504,5253912
195525,11,1,1033102,Gesundbrunnen,2019,6,11,1,3,5,3,0,0,1,0,0,0,1,0,7971539337,5831897015,1338411,5255584
195526,11,5,5010101,Hakenfelde Nord,2019,6,12,6,3,5,3,0,1,1,0,0,0,0,0,7859336378,5831651073,1321885,5255964
195527,11,6,6030607,Goerzwerke,2019,6,12,1,2,2,1,0,0,1,0,0,0,0,0,7919704502,5816407285,132943,5241978
195528,11,4,4051448,Schaperstra·e,2019,6,12,6,3,0,6,0,0,1,0,1,0,0,0,7934847223,5825053893,133241,5249648
195529,11,11,11030618,Fennpfuhl West,2019,6,1,1,3,0,1,2,0,0,0,1,0,0,0,8036789343,5828763369,134772,5252415
195530,11,4,4041342,Schlangenbader Stra·e,2019,6,11,6,3,5,2,0,0,1,0,1,0,0,0,7921152887,5822352903,1330162,52473
195531,11,8,8010301,Reuterkiez,2019,6,0,1,3,0,1,2,1,0,0,0,0,0,0,8013552814,5823951009,1343869,5248231
195532,11,8,8020727,Buckow Mitte,2019,6,11,6,3,5,2,0,1,1,0,0,0,0,0,8009465111,5817042181,1342647,5242061
195533,11,2,2040701,Andreasviertel,2019,6,12,7,3,5,3,0,0,1,0,0,0,0,0,8001579541,5827367796,134242,525136
195534,11,3,3071536,Teutoburger Platz,2019,6,18,7,3,5,3,0,0,1,0,0,0,0,0,7989531672,5829166035,1340811,5253038
195535,11,9,9041401,Allende I,2019,6,12,6,3,5,3,0,0,1,0,0,0,1,0,8116441419,5820420711,1358643,524449
195536,11,3,3051017,Rennbahnstra·e,2019,6,13,6,2,5,3,0,1,1,0,0,0,0,0,8033911171,5832799033,1347665,5256049
195537,11,6,6030606,Hindenburgdamm,2019,6,15,7,3,1,5,0,1,1,0,0,0,0,0,7936934001,5819262561,1332207,5244445
195538,11,10,10010206,Ringkolonnaden,2019,6,18,7,2,5,3,0,1,1,0,0,0,0,0,8099705197,5832029817,1357268,5254989
195539,11,9,9020802,Kîllnische Vorstadt,2019,6,12,6,2,3,6,0,1,0,0,0,1,0,0,81046796,5820310159,1356907,5244458
195540,11,7,7040401,Neu-Tempelhof,2019,6,15,7,3,5,2,0,1,0,0,0,0,0,0,7977766614,5823273751,1338555,524782
195541,11,4,4020311,Reichsstra·e,2019,6,16,6,3,5,3,0,1,1,0,0,0,0,0,7895598855,5826580372,1326778,5251227
195542,11,1,1022104,Emdener Stra·e,2019,6,14,7,3,5,2,0,0,1,0,1,0,0,0,794242987,5828441211,1333824,5252644
195543,11,1,1044201,Reinickendorfer Stra·e,2019,6,19,7,3,2,6,0,0,1,0,0,0,0,0,7966849964,5831917808,1337723,5255628
195544,11,8,8020727,Buckow Mitte,2019,6,16,6,3,5,3,0,0,1,0,1,0,0,0,8015751342,5816649688,1343533,5241674
195545,11,2,2030301,Oranienplatz,2019,6,19,7,3,5,3,0,1,1,0,0,0,0,0,7995986806,5826095896,1341483,525025
195546,11,4,4030931,Breitscheidplatz,2019,6,13,7,3,5,2,0,1,1,0,0,0,0,0,794117342,582609218,1333431,5250545
195547,11,3,3030405,Karow Nord,2019,6,16,6,3,6,4,0,0,1,1,0,0,0,0,803515117,5839643054,1348475,5262176
195548,11,11,11051332,Karlshorst SÅd,2019,6,19,7,3,2,6,0,0,1,0,0,0,0,0,8072290562,5824116198,1352507,5248052
195549,11,9,9041501,Altstadt Kietz,2019,6,16,6,2,5,2,0,1,1,0,0,0,0,0,8116923888,5819923671,1358667,5244042
195550,11,4,4020310,Park Ruhwald,2019,6,16,6,2,4,6,0,1,0,0,0,0,0,0,7901505424,582821008,1327788,5252656
195551,11,7,7020201,Bayerischer Platz,2019,6,19,7,3,5,3,0,0,1,0,0,0,0,0,7949645671,5824059457,1334496,5248677
195552,11,2,2010104,Wassertorplatz,2019,6,15,6,2,5,7,0,0,1,0,0,1,0,0,7994446735,5825642377,1341216,5249852
195553,11,2,2030302,Lausitzer Platz,2019,6,12,7,2,5,2,0,1,1,0,0,0,0,0,800946851,5826400028,1343491,5250449
195554,11,4,4030621,Spreestadt,2019,6,16,6,3,5,2,0,1,0,0,1,0,0,0,7935592538,5827756096,1332758,5252067
195555,11,6,6040806,Fischtal,2019,6,22,7,3,6,4,2,0,1,1,0,0,0,0,7888457188,58196079,1325124,5245013
195556,11,7,7070702,Alt-Lichtenrade/Tîpchiner Weg,2019,6,12,7,3,1,5,0,0,1,0,0,0,0,0,8001285192,5814982438,1341263,524026
195557,11,7,7010102,Nollendorfplatz,2019,6,16,6,3,1,5,0,1,1,0,0,0,0,0,7958835766,582547029,1335971,5249892
195558,11,4,4041238,Kissinger Stra·e,2019,6,9,6,3,2,7,0,0,1,0,0,0,0,0,7916831119,5823653805,1329641,524849
195559,11,5,5010314,Carl-Schurz-Stra·e,2019,6,11,7,3,0,2,0,0,1,0,0,0,1,0,7848431873,5829239963,1320074,525386
195560,11,5,5010339,Freiheit,2019,6,10,7,3,5,2,0,1,1,0,0,0,0,0,7881037111,58278674,132475,5252458
195561,11,3,3050924,Behaimstra·e,2019,6,12,6,2,1,1,0,0,1,0,0,0,1,0,8015895728,5831780427,1344923,5255236
195562,11,1,1011302,Oranienburger Stra·e,2019,6,23,7,2,0,1,2,1,0,0,0,0,0,0,798496293,5828386934,134007,5252364
195563,11,2,2010102,Mehringplatz,2019,6,17,6,3,5,3,0,0,1,0,0,0,0,0,7984118411,5825784562,1339712,5250036
195564,11,8,8020622,Parchimer Allee,2019,6,9,7,3,5,7,0,0,1,0,0,0,0,0,802374663,5819912366,1345,5244555
195565,11,1,1033201,Brunnenstra·e,2019,6,9,7,2,5,2,0,1,0,0,0,1,0,0,7980716509,582998877,1339589,5253823
195566,11,8,8010117,Schillerpromenade,2019,6,15,6,3,6,2,0,0,1,1,0,0,0,0,8006517363,5823014231,1342752,524743
195567,11,4,4051445,Eisenzahnstra·e,2019,5,5,6,3,5,2,0,1,1,0,0,0,0,0,7917622535,5824375355,1329821,5249132
195568,11,3,3050923,Wei·enseer Spitze,2019,5,7,6,3,5,3,0,0,1,0,1,0,0,0,8009942425,5831899738,1344059,5255376
195569,11,2,2010102,Mehringplatz,2019,6,23,6,2,5,3,2,0,1,0,0,0,0,0,7985318039,5826271364,1339932,5250466
195570,11,4,4030519,Kaiserin-Augusta-Allee,2019,5,9,6,3,5,2,0,1,1,0,0,0,0,0,7923260574,5828251913,1330989,5252578
195571,11,11,11010103,Dorf Falkenberg,2019,6,15,6,3,5,2,0,0,1,0,1,0,0,0,8079312058,583379626,1354434,5256687
195572,11,4,4030725,Amtsgerichtsplatz,2019,5,9,6,3,5,2,0,0,1,0,0,0,0,0,7919160419,5826239076,133021,5250795
195573,11,7,7050503,Eisenacher Stra·e,2019,5,15,6,3,2,6,0,0,1,0,0,0,0,0,7991399432,5819915761,1340255,5244736
195574,11,7,7050501,Rathausstra·e,2019,6,11,6,3,1,5,0,1,1,0,0,0,1,0,7978531267,5819621187,1338341,5244542
195575,11,3,3050923,Wei·enseer Spitze,2019,6,11,6,3,2,1,0,0,1,0,0,0,0,0,8011604459,5831611249,1344277,5255108
195576,11,12,12214423,Mellerbogen,2019,5,15,6,3,5,3,0,0,1,0,0,0,0,0,7926013061,5833665675,1331871,5257416
195577,11,7,7040401,Neu-Tempelhof,2019,5,15,6,3,5,2,0,1,1,0,0,0,0,0,7977482126,5822532304,1338447,5247157
195578,11,4,4030416,Klausenerplatz,2019,6,18,6,3,0,7,0,1,0,0,0,0,0,0,7912961495,5827183946,1329382,5251675
195579,11,9,9031001,Bohnsdorf,2019,5,13,6,3,5,3,0,1,1,0,0,0,0,0,8105449155,581507319,1356534,523976
195580,11,2,2010104,Wassertorplatz,2019,6,10,6,2,6,4,0,1,0,1,0,0,0,0,7997742389,5825695517,1341705,5249882
195581,11,12,12214424,Scharnweberstra·e,2019,5,13,6,2,5,2,0,0,1,0,0,0,0,0,7931863101,5832306134,1332612,5256166
195582,11,12,12302107,Schorfheidestra·e,2019,5,16,6,3,5,3,0,0,1,0,0,0,0,0,7938457033,583615809,1333923,5259583
195583,11,4,5030833,Motardstra·e,2019,5,17,6,2,2,6,0,0,1,0,0,0,0,0,7903839967,5829032405,1328203,5253381
195584,11,12,12231102,Frohnau,2019,6,15,6,3,1,5,0,0,1,0,0,0,0,0,7897754404,5839769236,1328247,5263039
195585,11,9,9010202,Kîpenicker Landstra·e,2019,5,17,6,2,5,2,0,1,1,0,0,0,0,0,8044830659,5823234787,1348396,5247416
195586,11,3,3061131,Falkplatz,2019,6,10,6,3,5,2,0,0,1,0,1,0,0,0,7986254236,5831114243,1340504,5254802
195587,11,2,2020206,Graefekiez,2019,5,19,6,3,5,7,0,1,0,0,0,0,1,0,7997801101,5824852426,1341638,5249126
195588,11,5,5030731,Gartenfelder Stra·e,2019,6,9,6,3,1,5,0,1,1,0,0,0,1,0,7869955361,58293441,1323248,525384
195589,11,2,2020206,Graefekiez,2019,5,19,6,3,0,6,0,0,1,0,0,0,1,0,799529413,5824906783,1341275,5249188
195590,11,2,2030301,Oranienplatz,2019,6,9,6,3,5,3,0,1,1,0,0,0,0,0,7997020925,5826016308,1341628,5250173
195591,11,12,12214424,Scharnweberstra·e,2019,5,20,6,3,5,2,0,0,1,0,0,0,0,1,7932777366,5832576995,133277,5256404
195592,11,9,9010402,Johannisthal Ost,2019,6,15,6,3,5,3,0,1,1,0,0,0,0,0,8064601913,5820700254,1351065,5245033
195593,11,7,7040405,Rathaus Tempelhof,2019,5,21,6,3,2,6,2,0,1,0,0,0,1,1,7989158768,5821220273,1340043,5245917
195594,11,7,7070703,John-Locke-Stra·e,2019,6,15,6,3,1,5,0,1,1,0,0,0,0,0,799689621,5813178698,1340458,5238667
195595,11,2,2020205,Chamissokiez,2019,5,18,6,3,0,1,0,1,0,0,0,0,0,0,7991917976,5824231976,1340718,5248602
195596,11,6,6010101,Fichtenberg,2019,5,9,6,3,2,2,0,0,1,0,0,0,1,0,7926557477,5820908331,1330829,5245977
195597,11,4,4010102,Plîtzensee,2019,6,14,6,3,5,2,0,1,1,0,0,0,0,0,7931709312,5830158347,1332399,5254241
195598,11,9,9051801,Rahnsdorf/Hessenwinkel,2019,5,10,6,3,5,2,0,1,1,0,0,0,0,0,8193836943,5819909118,1369943,5243585
195599,11,4,4030620,Alt-Lietzow,2019,6,14,6,3,5,2,0,1,1,0,0,0,0,0,7918526099,5827431584,1330221,5251867
195600,11,3,3071537,Kollwitzplatz,2019,5,12,6,3,2,6,0,0,1,0,0,0,0,0,7998692738,5829787294,1342214,5253544
195601,11,1,1011306,Heine-Viertel Ost,2019,5,12,6,3,0,7,0,1,0,0,0,0,1,1,7998839208,582648063,1341937,5250579
195602,11,3,3061126,Arnimplatz,2019,6,14,6,2,5,2,0,1,1,0,0,0,0,0,7986424057,5831469185,1340561,5255119
195603,11,1,1044203,Leopoldplatz,2019,5,12,6,3,2,6,0,0,1,0,0,0,0,0,7954457201,583155749,1335868,5255373
195604,11,6,6020303,Lankwitz Kirche,2019,6,13,6,3,1,5,0,1,1,0,0,0,0,0,7954306847,5818542783,1334692,5243707
195605,11,2,2030302,Lausitzer Platz,2019,5,12,6,3,2,6,0,0,1,0,0,0,1,0,801215309,5826225282,134387,5250277
195606,11,6,6040808,HÅttenweg,2019,6,14,6,3,2,6,0,0,1,0,0,1,0,0,7901291696,5819679493,1327014,524501
195607,11,1,1011306,Heine-Viertel Ost,2019,5,12,6,3,0,7,0,0,0,0,1,0,1,1,799884913,5826475448,1341938,5250575
195608,11,1,1044101,Rehberge,2019,6,10,6,3,2,6,0,0,1,0,0,1,0,0,7939649749,5830169605,1333568,5254209