OBJECTID,LAND,BEZ,LOR,STRASSE,UJAHR,UMONAT,USTUNDE,UWOCHENTAG,UKATEGORIE,UART,UTYP1,ULICHTVERH,IstRad,IstPKW,IstFuss,IstKrad,IstGkfz,IstSonstige,USTRZUSTAND,LINREFX,LINREFY,XGCSWGS84,YGCSWGS84
195609,11,12,12301203,Wittenau SÅd,2019,5,23,6,3,2,6,2,0,1,0,0,0,0,1,7939413213,5835293842,1333987,5258803
195610,11,1,1011301,CharitÇviertel,2019,5,21,6,3,0,1,2,0,0,0,1,0,0,1,7970114463,5828945174,1337937,5252946
195611,11,1,1022106,Elberfelder Stra·e,2019,6,8,6,3,1,1,0,0,1,0,0,0,0,0,7939890087,5828215839,133343,5252456
195612,11,11,11051332,Karlshorst SÅd,2019,6,8,6,1,6,4,0,0,0,1,0,1,0,0,8071339037,5823935226,1352351,5247895
195613,11,2,2010101,Askanischer Platz,2019,5,18,5,3,6,7,0,0,1,1,0,0,0,0,797701214,5826004969,1338688,5250273
195614,11,8,8010406,Treptower Stra·e Nord,2019,6,16,5,3,0,2,0,1,0,0,0,0,1,1,8025178258,5824218267,13456,5248406
195615,11,7,7070704,Nahariyastra·e,2019,5,18,5,2,5,2,0,0,1,0,1,0,0,0,8001649566,5814068965,1341234,5239439
195616,11,2,2010102,Mehringplatz,2019,6,18,5,3,3,6,0,1,1,0,0,0,0,0,7977604877,5826437829,1338814,5250657
195617,11,4,4041344,RÅdesheimer Platz,2019,5,17,5,3,6,4,0,0,1,1,0,0,0,0,7929802962,5822529243,1331447,5247412
195618,11,10,10020519,Boulevard Kastanienallee,2019,5,17,5,2,5,3,0,1,1,0,0,0,0,0,8122679107,5830209467,1360474,5253226
195619,11,12,12214527,Alt-Tegel,2019,6,15,5,3,2,6,0,0,1,0,0,0,0,0,7906463225,583437822,1329057,525816
195620,11,9,9041501,Altstadt Kietz,2019,6,7,5,3,5,2,0,1,1,0,0,0,0,0,8110046205,5820318672,1357695,5244435
195621,11,3,3020209,Niederschînhausen,2019,5,16,5,3,5,3,0,0,1,0,0,0,0,0,7972399163,5835063787,1338821,5258418
195622,11,10,10040828,Kaulsdorf Nord,2019,5,16,5,2,5,3,0,1,1,0,0,0,0,0,811909316,5829755694,1359905,525284
195623,11,9,9020701,Adlershof West,2019,6,7,5,3,5,2,0,1,1,0,0,0,0,0,8093409173,581850628,1355087,5242905
195624,11,1,1022106,Elberfelder Stra·e,2019,5,18,5,3,5,2,0,1,1,0,0,0,0,0,794316304,582837961,1333926,5252585
195625,11,5,5010102,Goltzstra·e,2019,6,6,5,3,5,3,0,0,1,0,1,0,0,0,7852038256,5831871763,1320831,52562
195626,11,12,12231102,Frohnau,2019,5,16,5,3,0,1,0,1,0,0,0,0,0,0,7905671911,5841249854,1329544,5264324
195627,11,10,10010102,Havemannstra·e,2019,5,16,5,3,5,7,0,0,1,0,0,0,0,0,8093472347,5834283652,1356562,5257044
195628,11,8,8010508,Wei·e Siedlung,2019,6,6,5,3,5,2,0,1,0,0,1,0,0,0,803180965,5822713857,1346437,5247021
195629,11,2,2040701,Andreasviertel,2019,5,23,5,2,6,4,2,0,1,1,0,0,0,0,800883174,5826849831,1343438,5250855
195630,11,1,1044203,Leopoldplatz,2019,6,21,5,3,5,7,2,1,1,0,0,0,0,1,7958736255,5831960346,1336534,525571
195631,11,8,8010214,Glasower Stra·e,2019,5,22,5,3,5,7,2,1,1,0,0,0,0,0,8011523466,5822196066,1343413,5246669
195632,11,8,8010117,Schillerpromenade,2019,6,21,5,3,2,6,1,1,1,0,0,0,0,1,8007150726,582288025,1342833,5247307
195633,11,4,4051446,Preu·enpark,2019,5,20,5,3,5,3,1,1,1,0,0,0,0,0,7929124407,582439527,1331512,5249089
195634,11,4,4030828,Savignyplatz,2019,6,21,5,3,6,4,1,0,1,1,0,0,0,1,7931505614,5826111657,1332013,5250615
195635,11,3,3051017,Rennbahnstra·e,2019,5,20,5,3,5,2,1,1,1,0,0,0,0,0,8044478874,5832668121,1349207,5255872
195636,11,1,1022204,Thomasiusstra·e,2019,5,19,5,3,1,5,0,1,1,0,0,0,0,0,7947053814,5828322533,1334493,5252513
195637,11,8,8041038,Wa·mannsdorfer Chaussee,2019,6,12,5,2,6,2,0,0,1,1,0,0,0,0,8056826494,5816732619,1349562,5241521
195638,11,3,3061228,Erich-Weinert-Stra·e,2019,6,23,5,3,5,3,2,0,1,0,0,0,0,1,800312204,5831547272,1343024,5255097
195639,11,10,10030727,Biesdorf SÅd,2019,5,18,5,3,2,6,0,1,0,0,0,0,0,0,8096332375,5825751669,1356188,5249382
195640,11,10,10040830,Kaulsdorf SÅd,2019,5,18,5,3,5,3,0,0,1,0,0,0,0,0,810496826,5824818404,1357369,5248496
195641,11,3,3030716,MÑrchenland,2019,6,15,5,3,0,7,0,0,1,0,0,0,0,0,80283702,5835346607,1347083,5258363
195642,11,1,1011202,Unter den Linden Nord,2019,5,15,5,3,3,6,0,1,1,0,0,0,0,0,7976822716,5827925576,1338832,5251995
195643,11,8,8010303,Donaustra·e,2019,6,15,5,3,5,2,0,0,1,0,0,0,0,1,8010156259,5823905729,1343367,5248209
195644,11,4,4020311,Reichsstra·e,2019,5,15,5,3,5,3,0,0,1,0,0,0,0,0,7890241779,5827024015,1326029,5251653
195645,11,1,1022101,Huttenkiez,2019,6,15,5,3,1,5,0,1,1,0,0,0,1,1,7930661171,5828301705,1332081,5252582
195646,11,3,3040508,Rosenthal,2019,5,14,5,3,2,2,0,0,1,0,0,0,0,0,7969334,5836537757,1338502,5259756
195647,11,7,7060601,Marienfelder Allee Nordwest,2019,6,13,5,2,2,6,0,1,1,0,0,0,0,0,7965717072,5816237907,1336161,5241579
195648,11,4,4051549,Rathaus Wilmersdorf,2019,5,14,5,3,2,6,0,0,1,0,0,0,0,0,7924637819,5824037338,1330821,5248792
195649,11,11,11030721,RÅdigerstra·e,2019,6,12,5,2,6,2,0,0,1,1,0,0,0,0,8043063817,5828168337,1348587,5251847
195650,11,11,11040926,Weitlingstra·e,2019,5,13,5,3,6,2,0,0,0,1,0,0,1,0,8053530067,5827358962,1350051,5251063
195651,11,2,2040502,Friedenstra·e,2019,6,12,5,3,5,2,0,1,1,0,0,0,0,0,8009285868,5828504474,1343655,5252336
195652,11,5,5040934,Alt-Gatow,2019,5,13,5,2,1,5,0,1,1,0,0,0,0,0,7838976421,5823452484,131819,524872
195653,11,6,6030608,Schweizer Viertel,2019,5,10,5,2,5,7,0,0,1,0,1,0,0,0,7929047046,5817699674,1330913,5243087
195654,11,1,1022205,Zillesiedlung,2019,6,12,5,3,5,2,0,0,1,0,1,0,0,0,7960615195,5828499804,1336501,5252598
195655,11,5,5020625,Borkumer Stra·e,2019,5,6,5,2,1,5,0,0,1,0,0,0,0,0,7840363263,5827974402,131878,5252767
195656,11,9,9020501,Oberschîneweide West,2019,6,12,5,3,2,6,0,0,1,0,0,0,0,0,806434868,5822979087,1351237,5247077
195657,11,12,12214528,Tegeler Forst,2019,5,16,4,3,2,6,0,0,1,0,0,0,0,0,7879188952,5836238085,1325204,5259972
195658,11,2,2020205,Chamissokiez,2019,6,11,5,2,5,7,0,1,1,0,0,0,0,0,7982014225,5824527251,1339291,5248921
195659,11,4,4010102,Plîtzensee,2019,5,18,4,3,2,2,0,1,1,0,0,0,0,0,793341673,5829714923,1332611,5253835
195660,11,6,6040703,Nikolassee,2019,6,11,5,3,5,2,0,0,1,0,1,0,0,0,7869838973,5817341288,1322198,5243079
195661,11,2,2040703,Wriezener Bahnhof/Entwicklungsgebiet,2019,5,18,4,3,5,2,0,1,0,0,0,0,1,0,8017596367,582624048,134467,5250261
195662,11,1,1022104,Emdener Stra·e,2019,5,16,4,3,3,6,0,0,1,0,1,0,0,0,7945710404,5828597616,133432,5252767
195663,11,10,10010310,Alt-Marzahn,2019,6,11,5,3,2,6,0,0,1,0,0,0,0,0,8094674359,5831424554,1356472,5254475
195664,11,9,9051702,Bîlschestra·e,2019,6,7,5,3,6,2,0,0,1,1,0,0,0,0,8147082746,5821927342,1363278,5245665
195665,11,9,9051901,Dammvorstadt,2019,5,23,4,3,0,1,2,1,0,0,0,0,0,0,8102577465,5821474036,1356707,5245513
195666,11,4,4030622,Richard-Wagner-Stra·e,2019,5,17,4,3,6,4,0,0,1,1,0,0,0,0,7920637493,5826935087,1330488,5251411
195667,11,2,2050802,Boxhagener Platz,2019,6,10,5,3,5,5,0,0,1,0,1,0,0,0,8021667874,5827344011,1345369,5251227
195668,11,1,1011204,Leipziger Stra·e,2019,5,20,4,3,0,2,1,1,0,0,0,1,0,0,7978551246,5826858942,1338991,525103
195669,11,4,4030621,Spreestadt,2019,6,10,5,3,2,2,0,0,1,0,0,0,0,0,7941601722,5827008865,1333575,5251365
195670,11,4,4051653,Prager Platz,2019,5,18,4,3,5,3,0,1,1,0,0,0,0,0,793977113,5824687013,1333101,5249293
195671,11,9,9010301,Baumschulenstra·e,2019,5,18,4,2,5,2,0,0,1,0,0,0,0,0,804391857,5821738307,1348125,5246079
195672,11,4,4051448,Schaperstra·e,2019,6,9,5,3,6,2,0,1,0,1,0,0,0,0,7935030775,5825217488,1332452,5249794
195673,11,2,2020203,Viktoriapark,2019,5,23,4,3,5,3,2,0,1,0,0,0,0,0,7978399179,5824927167,1338795,5249299
195674,11,11,11040926,Weitlingstra·e,2019,5,22,4,3,5,2,2,0,1,0,0,0,0,0,804587552,5826362866,1348835,5250213
195675,11,11,11010310,MÅhlengrund,2019,6,9,5,2,6,4,0,0,0,1,0,0,1,0,8054565376,5833348812,1350753,5256426
195676,11,3,3040818,Pankow SÅd,2019,5,21,4,3,5,2,1,1,1,0,0,0,0,0,8000140579,5833422155,1342755,5256794
195677,11,3,3061332,Helmholtzplatz,2019,5,18,4,3,0,2,0,0,1,0,1,0,0,0,7995288817,5831002162,1341823,5254652
195678,11,4,4030929,Hindemithplatz,2019,6,19,5,3,2,6,0,1,0,0,1,0,0,1,7927118957,5825652153,1331328,5250226
195679,11,1,1044203,Leopoldplatz,2019,5,18,4,3,5,2,0,1,1,0,0,0,0,0,7960101208,5831416059,1336686,5255215
195680,11,1,1011302,Oranienburger Stra·e,2019,6,18,5,3,0,1,0,1,0,0,0,0,0,1,7986460018,5828482384,1340298,5252442
195681,11,5,5020625,Borkumer Stra·e,2019,5,15,4,3,6,2,0,0,1,1,0,0,0,0,7846732814,5828461076,1319758,525317
195682,11,1,1011302,Oranienburger Stra·e,2019,6,18,5,3,0,3,0,1,0,0,1,0,0,1,7981193663,582896015,1339567,5252899
195683,11,10,10040830,Kaulsdorf SÅd,2019,5,18,4,3,5,3,0,1,1,0,0,0,0,0,8106356804,5825832055,1357667,5249397
195684,11,5,5010314,Carl-Schurz-Stra·e,2019,6,18,5,3,0,2,0,1,1,0,0,0,0,1,784493338,5828877794,1319529,5253553
195685,11,6,6010101,Fichtenberg,2019,5,9,4,2,3,6,0,0,1,0,1,0,0,0,793367092,5820349127,1331824,5245437
195686,11,2,2030302,Lausitzer Platz,2019,5,11,4,3,5,3,0,1,1,0,0,0,0,0,8006246462,5826273879,1343006,5250353
195687,11,1,1011201,Wilhelmstra·e,2019,6,18,5,2,5,3,1,1,1,0,0,0,0,1,7979101197,582657208,1339046,525077
195688,11,12,12302109,Treuenbrietzener Stra·e,2019,6,18,5,3,5,2,0,1,1,0,0,0,0,1,7951030567,5836856314,1335836,5260141
195689,11,4,4051446,Preu·enpark,2019,5,18,4,3,2,6,0,0,1,0,0,0,0,0,7923077887,5825309517,1330704,5249941
195690,11,4,4041136,Hagenplatz,2019,5,11,4,3,5,2,0,0,1,0,0,1,0,0,7905363376,5822781428,1327881,5247769
195691,11,6,6040806,Fischtal,2019,6,18,5,2,6,4,0,0,1,1,0,0,0,1,7889004661,5819429736,1325189,5244851
195692,11,7,7010102,Nollendorfplatz,2019,5,11,4,3,5,7,0,0,1,0,0,0,0,0,7954840179,5825581347,1335394,5250013
195693,11,1,1011301,CharitÇviertel,2019,6,18,5,3,0,1,0,0,0,0,1,0,0,1,7967784258,5828817975,1337584,5252844
195694,11,5,5010314,Carl-Schurz-Stra·e,2019,5,11,4,3,5,2,0,0,1,0,1,0,0,0,784685025,582935395,1319852,525397
195695,11,2,2030301,Oranienplatz,2019,6,17,5,2,6,4,0,0,0,1,1,0,0,1,799854844,5825830614,1341836,5249998
195696,11,2,2040703,Wriezener Bahnhof/Entwicklungsgebiet,2019,5,12,4,3,1,5,0,1,1,0,0,0,1,0,8014484442,5826394208,1344227,5250416
195697,11,12,12224230,Heiligensee,2019,6,16,5,2,0,1,0,1,0,0,0,0,0,1,787421995,5838721999,1324688,5262225
195698,11,9,9010302,SpÑthsfelde,2019,5,17,4,3,2,6,0,1,1,0,0,0,0,0,8040418239,5821222142,1347565,5245636
195699,11,4,4020311,Reichsstra·e,2019,5,17,4,2,6,4,0,0,1,1,0,0,0,0,7890617861,5827078067,1326089,5251699
195700,11,1,1022102,Beusselkiez,2019,6,16,5,3,6,4,0,0,1,1,0,0,0,1,7935572543,5828335358,1332806,5252586
195701,11,7,7050505,Hundsteinweg,2019,6,15,5,3,1,5,0,0,1,0,0,0,0,1,7982663731,5818954037,1338888,5243921
195702,11,6,6020410,Oberhofer Platz,2019,5,17,4,3,5,3,0,0,1,0,0,0,1,0,7942041863,5816869231,1332746,5242272
195703,11,4,4030417,Schlo·stra·e,2019,6,17,5,3,5,3,0,1,1,0,0,0,0,0,7917925745,5827046045,1330099,5251525
195704,11,1,1033101,Soldiner Stra·e,2019,6,17,5,3,4,6,0,0,0,0,1,1,0,0,7966609602,5832032766,1337698,5255733
195705,11,4,4030519,Kaiserin-Augusta-Allee,2019,6,17,5,3,5,3,0,0,1,0,0,0,0,0,7913334184,5828705526,132957,5253037
195706,11,12,12103219,SchÑfersee,2019,6,17,5,3,5,3,0,1,1,0,0,0,0,0,7955630458,5833222522,1336189,5256859
195707,11,1,1011306,Heine-Viertel Ost,2019,6,16,5,3,5,3,0,0,1,0,0,0,1,0,8000655959,5826411893,1342198,5250508
195708,11,6,6030504,Teltower Damm,2019,6,16,5,3,5,2,0,1,1,0,0,0,0,0,7908580999,5817586205,1327901,5243094
195709,11,4,4030620,Alt-Lietzow,2019,6,16,5,2,5,3,0,1,1,0,0,0,0,0,7926307151,5827088365,1331335,5251518
195710,11,3,3010102,Buch,2019,6,16,5,3,5,2,0,1,1,0,0,0,0,0,8042765729,5841093313,134973,5263433
195711,11,1,1011301,CharitÇviertel,2019,6,16,5,3,5,2,0,0,1,0,1,0,0,0,7970746823,5829292201,1338061,5253253
195712,11,10,10020621,Gelbes Viertel,2019,6,20,5,3,2,6,0,0,1,0,1,0,0,0,8113373735,5829835024,1359072,5252944
195713,11,2,2050801,Traveplatz,2019,6,20,5,3,5,3,0,1,1,0,0,0,0,0,8035531542,5827194927,1347392,5251017
195714,11,2,2050601,Hausburgviertel,2019,6,19,5,3,5,3,0,1,1,0,0,0,0,0,8019666973,5829025696,1345227,5252746
195715,11,11,11040926,Weitlingstra·e,2019,6,19,5,3,2,2,0,0,1,0,0,0,0,0,8044676155,5826384245,1348661,5250239
195716,11,5,5020626,Adamstra·e,2019,6,19,5,3,1,5,0,0,1,0,0,0,1,0,7847016351,5827273318,1319698,5252104
195717,11,10,10020412,Alte Hellersdorfer Stra·e,2019,6,18,5,3,2,6,0,0,1,0,0,0,1,0,8117025599,5831880642,13598,5254756
195718,11,6,6040810,Dahlem,2019,6,18,5,3,0,7,0,1,0,0,0,0,0,0,7905769004,5821720593,1327849,5246816
195719,11,1,1022104,Emdener Stra·e,2019,6,18,5,3,5,3,0,1,1,0,0,0,0,0,794564483,5829100632,1334354,5253218
195720,11,1,1011401,Invalidenstra·e,2019,6,18,5,3,0,1,0,1,0,0,0,0,0,0,7983053221,5829373244,1339877,5253259
195721,11,7,7060604,Marienfelde SÅd,2019,6,18,5,3,0,2,0,1,1,0,0,0,0,0,7956569348,5816070422,1334805,5241478
195722,11,9,9020502,Oberschîneweide Ost,2019,6,15,5,3,6,7,0,1,0,1,0,0,0,0,8072364344,5822135766,1352336,5246276
195723,11,9,9051901,Dammvorstadt,2019,6,17,5,3,2,6,0,0,1,0,1,0,0,0,8096833583,5821307296,1355849,5245396
195724,11,2,2050602,Samariterviertel,2019,6,15,5,3,6,4,0,0,1,1,0,0,0,0,8026887741,5828129335,1346207,5251902
195725,11,9,9020501,Oberschîneweide West,2019,6,15,5,3,2,6,0,0,1,0,0,0,0,0,8065048231,5822090641,1351258,5246277
195726,11,2,2010104,Wassertorplatz,2019,6,15,5,3,5,7,0,0,1,0,0,0,0,0,799332099,5825627348,134105,5249845
195727,11,10,10010203,Gewerbegebiet Bitterfelder Stra·e,2019,6,6,5,2,5,2,0,1,1,0,0,0,0,0,8080835429,5832324671,1354522,525536
195728,11,3,3040614,Pankow Zentrum,2019,6,7,5,2,5,3,0,1,1,0,0,0,0,0,7989905836,5835036513,1341395,5258297
195729,11,1,1011102,Gro·er Tiergarten,2019,6,14,5,3,6,4,0,0,1,1,0,0,0,0,7949389804,58272714,1334743,5251558
195730,11,11,11051229,Rummelsburg,2019,6,7,5,3,3,6,0,0,1,0,1,0,0,1,8036993924,5826242401,134752,5250155
195731,11,2,2030402,Wrangelkiez,2019,6,7,5,3,3,6,0,1,0,0,0,0,1,0,8015975221,5825937283,1344405,5249998
195732,11,6,6010205,SÅdende,2019,6,7,5,3,3,6,0,0,1,0,1,0,0,0,7958222132,5819719904,1335371,5244741
195733,11,6,6030503,Zehlendorf Mitte,2019,6,7,5,2,5,2,0,0,1,0,1,0,0,1,788909923,5817930331,1325074,5243506
195734,11,1,1044201,Reinickendorfer Stra·e,2019,6,8,5,3,5,3,0,1,1,0,0,0,0,0,7961133924,5831188849,1336817,5255006
195735,11,11,11020412,Hauptstra·e,2019,6,8,5,3,6,4,0,0,1,1,0,0,0,0,8061738233,5831244078,1351614,5254499
195736,11,9,9010101,Elsenstra·e,2019,6,8,5,3,5,2,0,1,1,0,0,0,0,0,8023525717,5824748049,1345406,524889
195737,11,9,9020501,Oberschîneweide West,2019,6,9,5,3,5,2,0,1,1,0,0,0,0,0,8061997972,5823259926,1350918,5247342
195738,11,1,1011203,Unter den Linden SÅd,2019,6,14,5,3,5,7,0,0,1,0,1,0,0,0,79814292,5827413083,1339463,5251511
195739,11,1,1011202,Unter den Linden Nord,2019,6,10,5,3,5,3,0,1,1,0,0,0,0,0,797160435,5827685961,1338044,5251809
195740,11,11,11041128,Sewanstra·e,2019,6,10,5,2,5,3,0,1,0,0,0,1,0,0,8070895401,5825838724,1352461,5249603
195741,11,4,4041136,Hagenplatz,2019,6,12,5,3,2,6,0,1,1,0,0,0,0,0,7900460636,58229918,132718,5247984
195742,11,3,3051022,Hansastra·e,2019,6,12,5,3,1,5,0,1,1,0,0,0,0,0,8028584508,5831759003,1346787,5255146
195743,11,2,2020204,Urbanstra·e,2019,6,12,5,3,0,3,0,1,0,0,0,1,0,0,7984919379,5825234696,1339781,5249539
195744,11,4,4030726,Droysenstra·e,2019,6,8,5,2,0,1,0,1,0,0,0,0,0,0,792087792,5825285928,1330379,5249931
195745,11,4,4020208,Kranzallee,2019,6,16,5,3,5,3,0,1,0,0,0,0,1,0,786960292,5825533407,1322868,5250425
195746,11,6,6030610,Lichterfelde West,2019,6,15,4,3,6,7,0,0,0,1,1,0,0,0,7915220147,5818101647,132892,5243521
195747,11,1,1033202,Humboldthain SÅd,2019,6,11,4,3,6,4,0,1,0,1,0,0,0,0,797706136,5829665789,1339023,5253554
195748,11,1,1011301,CharitÇviertel,2019,6,19,4,3,0,1,0,0,0,0,1,0,0,1,7972221328,5829068629,1338258,5253045
195749,11,8,8010509,Schulenburgpark,2019,6,19,4,3,0,1,1,1,0,0,0,0,0,1,8038149189,5822123038,1347314,5246456
195750,11,3,3010102,Buch,2019,6,11,4,2,4,6,0,0,1,0,0,1,0,0,8048735719,5841344509,1350632,5263624
195751,11,2,2020203,Viktoriapark,2019,6,8,4,3,0,1,0,0,0,0,1,0,0,1,7971021111,582446143,133767,5248922
195752,11,1,1033102,Gesundbrunnen,2019,6,23,4,3,0,2,2,1,1,0,0,0,0,1,7976560133,5831888078,1339148,5255549
195753,11,1,1033203,Humboldthain Nordwest,2019,6,22,4,3,0,3,2,0,1,0,1,0,0,1,7965421253,5829873613,133733,5253804
195754,11,12,12302108,MÑrkisches Zentrum,2019,6,22,4,3,5,3,2,0,1,0,0,0,0,1,7939464197,5836639163,1334114,5260009
195755,11,6,6010206,Stadtpark,2019,6,15,4,3,5,2,0,0,1,0,1,0,0,0,7947893652,5819837703,1333866,5244902
195756,11,10,10020412,Alte Hellersdorfer Stra·e,2019,6,15,4,2,6,4,0,0,1,1,0,0,0,0,8113019219,583164418,1359189,5254567
195757,11,7,7040405,Rathaus Tempelhof,2019,6,15,4,3,0,7,0,0,1,0,0,0,1,0,7985070165,5820918369,1339416,5245669
195758,11,1,1011201,Wilhelmstra·e,2019,6,16,4,3,6,4,0,1,0,1,0,0,0,0,7971358407,5826451252,1337897,5250703
195759,11,9,9051901,Dammvorstadt,2019,6,18,4,3,5,2,0,1,1,0,0,0,0,1,8109397698,5821589109,1357718,5245577
195760,11,9,9020802,Kîllnische Vorstadt,2019,6,18,4,3,6,4,0,0,1,1,0,0,0,1,8101766919,5819580752,1356412,5243821
195761,11,4,4030620,Alt-Lietzow,2019,6,18,4,3,5,3,0,1,1,0,0,0,0,1,7918159749,5827721353,1330193,5252129
195762,11,11,11030824,Frankfurter Allee SÅd,2019,6,19,4,3,0,7,0,0,1,0,0,0,0,1,8047446384,5827412075,1349162,5251145
195763,11,8,8010405,Hertzbergplatz,2019,6,18,4,3,5,2,0,0,0,0,1,0,1,0,8021843121,5823750843,1345068,5248006
195764,11,5,5010206,GÅtersloher Weg,2019,6,17,4,3,6,4,0,1,0,1,0,0,0,0,7816268029,5830689753,1315468,5255327
195765,11,3,3061430,Volkspark Prenzlauer Berg,2019,6,16,4,3,6,4,0,1,0,1,0,0,0,0,8022317584,5829343843,1345646,5253016
195766,11,3,3040818,Pankow SÅd,2019,6,16,4,3,5,3,0,0,1,0,0,0,1,0,8000150434,5833422212,1342756,5256794
195767,11,8,8010303,Donaustra·e,2019,6,22,4,3,2,6,2,0,1,0,0,0,0,1,8003433043,5824377042,1342422,5248669
195768,11,3,3050920,Wei·er See,2019,6,20,4,3,5,3,1,1,1,0,0,0,0,1,8018283152,5831741146,1345271,5255187
195769,11,5,5020626,Adamstra·e,2019,6,16,4,3,2,6,0,0,1,0,0,0,0,0,783392355,582769134,1317809,5252547
195770,11,1,1011201,Wilhelmstra·e,2019,6,20,4,3,1,5,0,1,1,0,0,0,0,1,7972120284,5827200014,1338076,525137
195771,11,1,1033201,Brunnenstra·e,2019,6,19,4,2,5,7,0,0,1,0,0,0,1,1,7980329586,5830088787,1339541,5253915
195772,11,8,8030829,Gropiusstadt Nord,2019,6,18,4,3,0,1,1,1,0,0,0,0,0,1,8030394929,5818352386,1345834,524312
195773,11,1,1011302,Oranienburger Stra·e,2019,6,10,4,3,1,5,0,1,1,0,0,0,1,0,7986601176,5828529973,1340323,5252484
195774,11,6,6030610,Lichterfelde West,2019,6,13,4,3,5,2,0,1,1,0,0,0,0,0,7927625723,581795917,1330727,5243327
195775,11,5,5010311,Eiswerder,2019,6,14,4,3,5,2,0,1,1,0,0,0,0,0,785392594,5830299982,1320973,5254781
195776,11,6,6040703,Nikolassee,2019,6,14,4,3,5,3,0,0,1,0,0,0,0,0,7859912499,5817398888,1320746,5243183
195777,11,2,2010103,Moritzplatz,2019,6,12,4,3,2,6,0,1,1,0,0,0,0,0,7995355179,5825861018,1341369,5250043
195778,11,2,2030402,Wrangelkiez,2019,6,13,4,3,5,2,0,0,1,0,1,0,0,0,8018371915,5825745476,134474,5249813
195779,11,1,1022201,Stephankiez,2019,6,13,4,3,5,3,0,1,1,0,0,0,0,0,7950890579,5828866944,1335105,525298
195780,11,4,4020313,Kînigin-Elisabeth-Stra·e,2019,6,13,4,3,5,3,0,1,1,0,0,0,0,0,7904940101,5826545703,1328147,5251146
195781,11,6,6020305,Gemeindepark Lankwitz,2019,6,15,4,3,5,2,0,1,1,0,0,0,0,0,7955961917,5817084586,1334806,5242391
195782,11,4,4051653,Prager Platz,2019,6,15,4,3,2,6,0,0,1,0,0,0,0,0,7939679715,5824808709,1333098,5249403
195783,11,4,4030724,Lietzensee,2019,6,12,4,2,5,3,0,1,1,0,0,0,0,0,7912849177,582635381,1329293,5250932
195784,11,6,6020410,Oberhofer Platz,2019,6,13,4,3,2,6,0,0,1,0,0,0,0,0,7949263511,5816245019,133375,5241674
195785,11,3,3051021,Buschallee,2019,6,10,4,3,5,7,0,0,1,0,0,0,1,0,8034890245,5832275531,1347761,5255574
195786,11,1,1044201,Reinickendorfer Stra·e,2019,6,19,4,3,3,6,0,0,1,0,0,0,0,1,7969416989,5831531146,1338066,5255268
195787,11,2,2020206,Graefekiez,2019,6,19,4,3,0,5,0,1,1,0,0,0,0,1,7993915706,582477984,1341061,5249082
195788,11,11,11030619,Fennpfuhl Ost,2019,6,4,4,3,0,7,1,0,0,0,1,0,1,1,8038154113,5829076625,1347949,5252689
195789,11,4,4041344,RÅdesheimer Platz,2019,6,5,4,3,0,3,0,0,1,0,1,0,0,1,7933559089,58225762,1332003,5247434
195790,11,1,1011203,Unter den Linden SÅd,2019,6,6,4,3,5,3,0,0,1,0,0,0,0,1,7979599349,5827080333,1339164,5251222
195791,11,9,9020502,Oberschîneweide Ost,2019,6,6,4,3,5,3,0,0,1,0,0,0,0,0,8070266737,5822418551,1352054,5246542
195792,11,10,10010308,Marzahner Chaussee,2019,6,10,4,3,5,3,0,1,1,0,0,0,0,0,806466208,5830189797,1351947,5253538
195793,11,4,4030621,Spreestadt,2019,6,6,4,3,2,7,0,0,0,0,1,1,0,1,7935589085,5827755268,1332758,5252066
195794,11,4,4051445,Eisenzahnstra·e,2019,6,7,4,3,5,7,0,0,1,0,0,0,0,0,792443672,5824097216,1330797,5248847
195795,11,11,11030619,Fennpfuhl Ost,2019,6,7,4,3,5,2,0,1,1,0,0,0,0,0,8039738845,5829075174,1348181,5252679
195796,11,5,5020522,Pillnitzer Weg,2019,6,8,4,3,5,2,0,1,1,0,0,0,0,1,7822870798,5827413014,131616,5252354
195797,11,2,2020204,Urbanstra·e,2019,6,9,4,3,3,6,0,1,0,0,0,0,0,0,798125518,5825283641,1339247,5249603
195798,11,1,1011303,Alexanderplatzviertel,2019,6,9,4,3,5,2,0,1,1,0,0,0,0,0,7991077908,5828466068,1340975,5252402
195799,11,9,9041501,Altstadt Kietz,2019,6,9,4,3,2,6,0,0,1,0,0,1,0,0,811250131,5820228506,1358047,524434
195800,11,2,2030301,Oranienplatz,2019,6,9,4,3,5,2,0,0,1,0,1,0,0,0,800080396,5825641056,134215,5249816
195801,11,6,6030605,Botanischer Garten,2019,6,8,4,3,5,3,0,1,1,0,0,0,0,0,7917678694,5819273967,1329383,5244559
195802,11,4,4030519,Kaiserin-Augusta-Allee,2019,6,9,4,3,6,4,0,0,1,1,0,0,0,0,7920640486,5828315791,133061,5252649
195803,11,3,3061441,Eldenaer Stra·e,2019,6,8,4,3,1,5,0,0,1,0,0,0,0,0,8030189307,5828592455,1346734,5252299
195804,11,3,3061228,Erich-Weinert-Stra·e,2019,6,9,4,3,2,6,0,1,0,0,0,0,1,0,8003789307,5831547391,1343122,5255094
195805,11,7,7040404,Marienhîhe,2019,6,8,4,3,6,4,0,1,0,1,0,0,0,0,7972854013,582065256,13376,5245497