OBJECTID,LAND,BEZ,LOR,STRASSE,UJAHR,UMONAT,USTUNDE,UWOCHENTAG,UKATEGORIE,UART,UTYP1,ULICHTVERH,IstRad,IstPKW,IstFuss,IstKrad,IstGkfz,IstSonstige,USTRZUSTAND,LINREFX,LINREFY,XGCSWGS84,YGCSWGS84
196004,11,4,4030726,Droysenstra·e,2019,6,3,7,3,5,3,1,0,1,0,1,0,0,0,7922864811,5825467625,1330687,5250084
196005,11,9,9020701,Adlershof West,2019,6,11,7,3,5,2,0,1,1,0,0,0,0,0,809404156,5818446512,1355175,5242848
196006,11,6,6040807,Zehlendorf Eiche,2019,6,21,7,3,5,3,2,0,1,0,0,0,0,0,7898524479,581877696,132653,5244215
196007,11,3,3061131,Falkplatz,2019,6,11,7,3,5,2,0,1,1,0,0,0,0,0,7991836005,5831223943,1341335,525487
196008,11,3,3040614,Pankow Zentrum,2019,6,9,7,3,0,1,0,1,0,0,0,0,0,0,7975645689,583327925,1339139,5256801
196009,11,6,6020301,Alt-Lankwitz,2019,6,20,7,3,1,5,0,1,1,0,0,0,0,0,7958342906,5819062839,133533,5244151
196010,11,10,10040830,Kaulsdorf SÅd,2019,6,20,7,3,2,2,0,1,1,0,0,0,0,0,8104209078,5825090945,1357283,5248745
196011,11,12,12224230,Heiligensee,2019,6,10,7,3,2,3,0,0,1,0,0,0,0,0,7867005623,5837661209,1323534,5261312
196012,11,7,7010102,Nollendorfplatz,2019,6,10,7,3,7,7,0,1,0,0,0,0,1,0,7955105668,582554212,1335429,5249977
196013,11,2,2020206,Graefekiez,2019,6,19,7,3,2,6,0,0,1,0,0,0,0,0,799688669,5824489659,1341471,5248806
196014,11,6,6010205,SÅdende,2019,6,2,7,3,0,1,2,1,0,0,0,0,0,0,7953638465,5819975487,1334721,5244995
196015,11,4,4041134,Bismarckallee,2019,6,11,7,3,1,5,0,1,1,0,0,0,0,0,7907704461,5823532202,1328291,5248429
196016,11,1,1011301,CharitÇviertel,2019,6,16,6,3,0,1,0,1,0,0,0,0,0,0,7969076167,5828126641,1337712,5252218
196017,11,6,6010102,Schlo·stra·e,2019,6,15,6,3,0,1,0,0,0,0,1,0,0,0,7936392256,5821079302,1332287,5246077
196018,11,5,5020419,Magistratsweg,2019,6,19,7,2,6,4,0,0,1,1,0,0,0,0,7817811144,5828430033,1315503,5253293
196019,11,4,4020311,Reichsstra·e,2019,6,9,6,3,5,3,0,0,1,0,1,0,0,0,7890552407,5826997448,1326073,5251627
196020,11,9,9041501,Altstadt Kietz,2019,6,19,7,3,5,3,0,1,1,0,0,0,0,0,8108786281,5820660767,1357542,5244749
196021,11,9,9010401,Johannisthal West,2019,6,15,6,2,5,3,0,0,1,0,1,0,0,0,8058709398,5821259364,1350252,5245568
196022,11,3,3061227,Humannplatz,2019,6,18,7,2,5,3,0,0,1,0,0,0,0,0,7998799166,5831734796,1342405,5255289
196023,11,4,4020311,Reichsstra·e,2019,6,15,6,3,2,6,0,0,1,0,0,0,0,0,789162477,5826895477,1326221,525153
196024,11,4,4051653,Prager Platz,2019,6,18,7,3,5,2,0,1,1,0,0,0,0,0,7940042382,5824258593,1333103,5248908
196025,11,5,5030730,Zitadellenweg,2019,6,14,6,3,2,6,0,0,1,0,0,0,0,0,7864534933,5829186232,1322437,5253727
196026,11,7,7030303,Grazer Platz,2019,6,14,6,3,0,6,0,0,1,0,1,0,0,0,7952521074,5822139745,1334748,5246941
196027,11,5,5010101,Hakenfelde Nord,2019,6,17,7,3,2,6,0,0,1,0,1,0,0,0,785358709,5832589902,132112,5256836
196028,11,6,6010101,Fichtenberg,2019,6,17,7,3,5,3,0,1,1,0,0,0,0,0,7933826023,5820367727,1331848,5245453
196029,11,4,4041344,RÅdesheimer Platz,2019,6,13,6,2,5,3,0,0,1,0,0,0,1,0,7928063943,5821859738,1331133,5246821
196030,11,1,1011303,Alexanderplatzviertel,2019,6,9,6,3,6,4,0,0,1,1,0,0,0,0,79972366,5827462378,134179,5251468
196031,11,1,1033201,Brunnenstra·e,2019,6,19,7,3,2,6,0,0,1,0,1,0,0,0,797466635,5831098464,1338799,5254851
196032,11,9,9041403,Allende II,2019,6,12,6,3,5,3,0,1,1,0,0,0,0,0,8129984052,58200068,136059,5244042
196033,11,3,3030715,Heinersdorf,2019,6,16,7,3,5,2,0,0,1,0,0,0,0,0,8010443849,5833835646,1344308,5257108
196034,11,1,1022104,Emdener Stra·e,2019,6,14,6,3,2,6,0,0,1,0,0,0,0,0,7944403329,5828436667,1334113,5252629
196035,11,2,2050801,Traveplatz,2019,6,16,7,3,1,5,0,1,1,0,0,0,0,0,8023284432,5827471481,1345618,5251333
196036,11,1,1011303,Alexanderplatzviertel,2019,6,16,6,3,4,6,0,1,0,0,0,0,0,0,7992878883,5828108544,1341208,5252071
196037,11,5,5010314,Carl-Schurz-Stra·e,2019,6,9,6,2,6,7,0,0,0,1,0,0,1,0,7850200726,5829094617,1320322,525372
196038,11,9,9051901,Dammvorstadt,2019,6,15,6,3,2,6,0,0,1,0,0,0,0,0,810645713,5821063027,1357238,5245122
196039,11,4,4041137,Flinsberger Platz,2019,6,9,6,3,1,5,0,0,1,0,0,1,0,0,7915225774,5824029213,1329439,5248835
196040,11,5,5010311,Eiswerder,2019,6,16,6,3,0,1,0,1,0,0,0,0,0,0,7861565704,5830484251,1322113,5254906
196041,11,12,12214424,Scharnweberstra·e,2019,6,17,6,3,2,5,0,0,1,0,1,0,0,0,7924678448,5832861597,1331604,5256702
196042,11,9,9041301,Kietzer Feld/Nachtheide,2019,6,9,6,3,5,3,0,1,1,0,0,0,0,0,8119101131,5817897505,1358797,5242214
196043,11,1,1011302,Oranienburger Stra·e,2019,6,8,6,3,5,2,0,1,0,0,0,0,1,0,798131474,5828444262,1339539,5252436
196044,11,1,1011304,Karl-Marx-Allee,2019,6,9,6,3,5,2,0,1,1,0,0,0,0,0,7997267969,5827764924,1341822,5251739
196045,11,5,5010208,Germersheimer Platz,2019,6,8,6,3,2,6,0,0,1,0,0,0,0,0,7841489657,5830052495,1319123,5254624
196046,11,7,7040405,Rathaus Tempelhof,2019,6,11,6,3,6,4,0,1,0,1,0,0,0,0,7981746541,5821908313,1339017,5246575
196047,11,1,1044202,Sparrplatz,2019,6,8,6,3,5,3,0,1,1,0,0,0,0,0,7950209372,5830107059,1335115,5254095
196048,11,7,7010101,Wittenbergplatz/Viktoria-Luise-Platz,2019,6,19,6,3,5,7,0,0,1,0,1,0,0,0,7947786242,5825692749,1334367,5250151
196049,11,3,3061430,Volkspark Prenzlauer Berg,2019,6,8,6,3,6,7,0,0,1,1,0,0,0,0,8019857871,5829703369,1345317,5253352
196050,11,2,2020203,Viktoriapark,2019,6,18,6,3,5,3,0,1,1,0,0,0,0,0,7978107721,582493453,1338753,5249307
196051,11,7,7060603,Marienfelde Nordost,2019,6,8,6,3,5,3,0,0,1,0,1,0,0,0,7980515519,5816719985,1338374,5241931
196052,11,6,6040809,Thielallee,2019,6,7,6,3,5,2,0,0,1,0,1,0,0,0,7922260834,5820532067,1330165,5245662
196053,11,12,12214125,Waldidyll/Flughafensee,2019,6,17,6,3,2,2,0,0,1,0,0,0,0,0,7911887422,5830906307,132955,5255018
196054,11,9,9020701,Adlershof West,2019,6,17,6,3,5,2,0,1,1,0,0,0,0,0,8078119852,5818556036,135285,5243036
196055,11,6,6040804,Krumme Lanke,2019,6,5,6,3,2,6,1,0,1,0,0,1,0,0,7880662409,5818623272,1323896,5244172
196056,11,8,8010303,Donaustra·e,2019,6,23,6,3,1,5,2,1,1,0,0,0,0,0,8012679055,5823819425,1343729,5248118
196057,11,3,3040614,Pankow Zentrum,2019,6,8,6,3,6,2,0,0,1,1,0,0,0,0,7985947018,5833050082,1340633,5256539
196058,11,1,1011303,Alexanderplatzviertel,2019,6,21,6,3,6,4,1,0,1,1,0,0,0,0,7992703715,5828501482,1341217,5252425
196059,11,4,4020313,Kînigin-Elisabeth-Stra·e,2019,6,8,6,3,5,2,0,0,1,0,0,0,0,0,7902102683,5826040525,1327687,5250708
196060,11,1,1011303,Alexanderplatzviertel,2019,6,20,6,3,5,2,1,0,1,0,0,0,0,0,7992429516,5828468574,1341174,5252397
196061,11,2,2020203,Viktoriapark,2019,6,1,6,2,5,3,2,1,1,0,0,0,0,0,7978147878,5824933508,1338759,5249306
196062,11,4,4020311,Reichsstra·e,2019,6,8,6,3,5,2,0,1,1,0,0,0,0,0,7902200386,5826436092,1327735,5251062
196063,11,1,1011201,Wilhelmstra·e,2019,6,0,6,3,5,3,2,1,1,0,0,0,0,0,7975873122,5826522387,1338567,5250743
196064,11,1,1011302,Oranienburger Stra·e,2019,6,18,6,2,0,7,0,1,0,0,0,0,0,0,7977779177,5828812525,1339052,5252785
196065,11,10,10010309,Springpfuhl,2019,6,7,6,3,5,3,0,1,1,0,0,0,0,0,8078268034,5830174684,1353945,5253448
196066,11,1,1011304,Karl-Marx-Allee,2019,6,18,6,3,6,4,0,0,1,1,0,0,0,0,7996885395,5827847177,1341773,5251815
196067,11,11,11051229,Rummelsburg,2019,6,18,6,3,5,2,0,1,1,0,0,0,0,0,8040831975,5825984516,134806,5249902
196068,11,5,5020522,Pillnitzer Weg,2019,6,7,6,3,3,6,0,0,1,0,1,0,0,0,781901739,5827169857,1315573,5252156
196069,11,7,7060604,Marienfelde SÅd,2019,6,18,6,3,5,2,0,1,1,0,0,0,0,0,7975980063,5815556343,1337605,5240912
196070,11,1,1011202,Unter den Linden Nord,2019,6,6,6,3,5,2,0,1,1,0,0,0,0,0,7972040024,582749682,1338091,5251637
196071,11,1,1022103,Westhafen,2019,6,17,6,2,3,6,0,0,1,0,1,0,0,0,7946067096,5829862108,1334484,5253898
196072,11,2,2050802,Boxhagener Platz,2019,6,3,6,3,1,5,2,1,1,0,0,0,0,0,8026881482,582698262,1346102,5250875
196073,11,2,2050801,Traveplatz,2019,6,18,6,3,2,6,0,1,1,0,0,0,0,0,803176406,5827273126,1346845,5251108
196074,11,8,8010510,Gewerbegebiet Kîllnische Heide,2019,6,17,6,3,1,5,0,1,1,0,0,0,1,0,8026407788,5823050129,1345675,5247352
196075,11,2,2010104,Wassertorplatz,2019,6,17,6,3,5,2,0,1,1,0,0,0,0,0,7994438727,5825667332,1341217,5249875
196076,11,12,12231101,Hermsdorf,2019,6,17,6,3,2,6,0,0,1,0,0,0,0,0,7911177185,5838216224,1330088,5261575
196077,11,5,5010313,Ackerstra·e,2019,6,19,6,3,5,3,0,0,1,0,0,0,0,0,7844649664,5830252731,1319605,5254787
196078,11,3,3020307,Buchholz,2019,6,7,6,3,5,3,0,0,1,1,0,0,0,0,8001270951,5838393371,1343371,5261244
196079,11,7,7070704,Nahariyastra·e,2019,6,18,6,3,8,1,0,1,0,0,0,0,0,0,8008896214,5814179307,1342306,5239498
196080,11,1,1033101,Soldiner Stra·e,2019,6,9,6,3,3,6,0,1,0,0,0,1,0,0,7976945379,5832873169,1339293,5256429
196081,11,7,7050501,Rathausstra·e,2019,6,8,6,3,5,3,0,0,1,0,0,0,1,0,7976264255,5819188068,133797,5244166
196082,11,1,1011401,Invalidenstra·e,2019,6,17,5,2,2,6,0,1,0,0,0,0,0,0,7974588939,5829358004,1338632,5253291
196083,11,6,6040806,Fischtal,2019,6,22,6,3,1,1,2,0,1,0,0,0,0,0,7893699158,5819784569,1325909,5245144
196084,11,3,3061227,Humannplatz,2019,6,8,5,3,5,3,0,1,1,0,0,0,0,0,7999796171,583108482,1342493,5254701
196085,11,1,1022106,Elberfelder Stra·e,2019,6,21,6,2,5,2,0,1,1,0,0,0,0,0,7936773866,5828111168,1332963,5252379
196086,11,6,6040703,Nikolassee,2019,6,17,5,2,5,3,0,0,1,0,0,0,0,0,7848449681,5817637543,1319085,5243457
196087,11,12,12214422,Klixstra·e,2019,6,20,6,2,5,3,0,0,1,0,1,0,0,0,792179331,5832939686,1331186,5256788
196088,11,7,7040403,Manteuffelstra·e,2019,6,17,5,3,0,6,0,0,1,0,1,0,0,0,7973196897,5822213205,1337789,5246894
196089,11,10,10020621,Gelbes Viertel,2019,6,17,5,3,6,4,0,0,1,1,0,0,0,0,8116667278,5829777461,1359551,5252874
196090,11,2,2010104,Wassertorplatz,2019,6,18,6,2,6,4,0,1,0,1,0,0,0,0,7995600778,5825641268,1341386,5249845
196091,11,8,8010303,Donaustra·e,2019,6,13,6,3,6,4,0,0,0,1,0,1,0,0,8010984716,5824025187,1343499,5248312
196092,11,1,1044101,Rehberge,2019,6,13,1,3,1,5,0,1,1,0,0,0,0,0,7940190199,5831277951,1333745,5255199
196093,11,8,8010117,Schillerpromenade,2019,6,12,1,3,3,6,0,1,1,0,0,0,0,0,8005439811,5823346857,1342624,5247734
196094,11,6,6040808,HÅttenweg,2019,6,18,1,3,2,6,0,0,1,0,0,0,0,0,7885141907,5821515899,1324803,5246741
196095,11,5,5020625,Borkumer Stra·e,2019,6,21,1,2,8,1,1,0,1,0,0,0,0,0,7847533385,5828581715,1319886,5253274
196096,11,1,1011402,Arkonaplatz,2019,6,18,1,3,0,1,0,0,0,0,1,0,0,0,7987587928,582962401,1340567,5253459
196097,11,11,11051330,Karlshorst West,2019,6,20,7,3,0,7,0,1,0,0,0,0,0,0,8073297314,582520154,1352755,5249019
196098,11,10,10040931,Mahlsdorf Nord,2019,6,15,7,3,0,1,0,0,0,0,1,0,0,0,8148928074,5830051045,1364316,5252933
196099,11,6,6040703,Nikolassee,2019,6,12,7,3,1,7,0,0,1,0,0,0,0,0,786468744,5818208959,1321516,5243884
196100,11,4,4020311,Reichsstra·e,2019,6,19,7,3,2,2,0,0,1,0,0,0,1,0,7899261556,5826699838,1327327,5251314
196101,11,8,8010509,Schulenburgpark,2019,6,15,7,3,5,2,0,0,1,0,0,0,0,0,8036626822,5822280206,1347105,5246606
196102,11,2,2010101,Askanischer Platz,2019,6,15,7,3,5,3,0,0,1,0,0,0,0,0,797716289,5826179602,1338726,5250428
196103,11,8,8020620,Tempelhofer Weg,2019,6,15,7,3,5,3,0,0,1,0,1,0,0,0,8007943418,5820562893,1342741,5245225
196104,11,7,7050503,Eisenacher Stra·e,2019,6,16,7,3,5,2,0,0,1,0,1,0,0,0,7989891417,5819646353,134001,5244503
196105,11,11,11040925,Victoriastadt,2019,6,16,7,3,3,6,0,1,1,0,0,0,0,0,8035770645,582640868,1347355,5250311
196106,11,3,3040818,Pankow SÅd,2019,6,17,7,3,5,3,0,1,1,0,0,0,0,0,8000770339,5832605305,1342774,5256059
196107,11,8,8020622,Parchimer Allee,2019,6,17,7,3,2,6,0,0,1,0,0,0,0,0,8013712548,5820107426,1343546,5244785
196108,11,7,7010101,Wittenbergplatz/Viktoria-Luise-Platz,2019,6,19,7,3,5,3,0,1,1,0,0,0,0,0,7947799884,5825688517,1334369,5250148
196109,11,4,4030931,Breitscheidplatz,2019,6,20,7,3,2,6,0,0,1,0,0,0,0,0,7936926992,5825808045,1332782,5250313
196110,11,11,11030721,RÅdigerstra·e,2019,6,20,7,3,5,3,0,1,0,0,0,0,1,0,8038496161,5828641286,1347959,5252297
196111,11,11,11040925,Victoriastadt,2019,6,21,7,3,0,1,1,1,1,0,0,0,0,0,8034383148,5826586783,1347168,5250478
196112,11,2,2010104,Wassertorplatz,2019,6,21,7,3,2,6,1,0,1,0,1,0,0,0,7997908183,5825718222,1341732,5249901
196113,11,1,1011302,Oranienburger Stra·e,2019,6,14,7,3,5,3,0,1,1,0,0,0,0,0,7981370135,5828442249,1339547,5252433
196114,11,12,12214125,Waldidyll/Flughafensee,2019,6,12,7,3,1,1,0,0,1,0,0,0,0,0,7885295317,5832712046,1325796,5256778
196115,11,10,10030724,Oberfeldstra·e,2019,6,11,7,3,5,3,0,0,1,0,0,0,0,0,8087472662,5828182196,1355113,525161
196116,11,4,4031032,Halensee,2019,6,11,7,3,0,5,0,0,1,0,0,0,1,0,7919092331,5825218881,1330111,5249881
196117,11,6,6030501,Berlepschstra·e,2019,6,10,7,3,5,3,0,0,1,0,0,1,0,0,7882568152,5816714181,1324011,524245
196118,11,11,11051330,Karlshorst West,2019,6,16,7,3,5,2,0,0,0,0,0,0,1,0,8072846831,5825416928,1352709,5249214
196119,11,9,9031001,Bohnsdorf,2019,6,10,7,3,5,3,0,0,1,0,1,0,0,0,8095001362,5815220251,1355017,5239951
196120,11,11,11040926,Weitlingstra·e,2019,6,9,7,3,5,3,0,1,1,0,0,0,0,0,806127402,5826692213,1351127,5250422
196121,11,1,1033201,Brunnenstra·e,2019,6,2,7,3,6,4,2,0,0,1,0,0,1,0,7974487295,5831118995,1338775,525487
196122,11,10,10010204,Wuhletalstra·e,2019,6,15,6,3,2,6,0,0,1,0,0,0,1,0,8094145211,5832696553,1356513,5255618
196123,11,3,3020209,Niederschînhausen,2019,6,18,6,3,0,7,0,1,0,0,0,0,1,0,7985296238,5834865875,1340701,525817
196124,11,8,8010301,Reuterkiez,2019,6,14,6,3,2,2,0,1,1,0,0,0,0,0,8014511579,5823884106,1344004,5248166
196125,11,11,11051229,Rummelsburg,2019,6,14,6,3,3,6,0,0,1,0,0,1,0,0,8037473472,5826219156,1347588,5250131
196126,11,5,5010101,Hakenfelde Nord,2019,6,17,6,3,5,3,0,1,1,0,0,0,0,0,785974282,5831370339,1321921,525571
196127,11,5,5010311,Eiswerder,2019,6,16,6,2,1,5,0,1,1,0,0,0,0,0,7853919325,5830557463,1320994,5255012
196128,11,5,5020419,Magistratsweg,2019,6,16,6,3,2,6,0,0,1,0,0,1,0,0,7816741502,5828417981,1315345,5253287
196129,11,6,6010208,Bergstra·e,2019,6,16,6,2,3,6,0,1,1,0,0,0,0,0,7942587934,5820834525,1333175,5245824
196130,11,2,2050803,Stralauer Kiez,2019,6,15,6,3,2,6,0,1,1,0,0,0,0,0,8030955944,5826046294,1346615,5250013
196131,11,3,3051017,Rennbahnstra·e,2019,6,13,6,3,1,5,0,1,1,0,0,0,0,0,8024254349,5832979443,1346261,5256264
196132,11,1,1011303,Alexanderplatzviertel,2019,6,13,6,3,2,6,0,1,0,0,0,0,0,0,799723777,582747028,1341791,5251475
196133,11,7,7030303,Grazer Platz,2019,6,13,6,3,5,2,0,0,1,0,0,0,0,0,7952385269,5822271521,133474,524706
196134,11,3,3051021,Buschallee,2019,6,13,6,3,0,7,0,1,0,0,0,0,0,0,8028405611,5832671611,1346844,5255965
196135,11,8,8010212,Rollberg,2019,6,18,6,3,5,2,0,0,1,0,0,0,0,0,800716043,582342196,1342883,5247792
196136,11,1,1022104,Emdener Stra·e,2019,6,13,6,3,5,2,0,0,1,0,1,0,0,0,794051376,5828458812,1333543,525267
196137,11,4,4030623,Ernst-Reuter-Platz,2019,6,13,6,3,2,6,0,0,1,0,0,0,0,0,79325359,5826900807,1332233,5251317
196138,11,2,2040701,Andreasviertel,2019,6,14,6,3,0,1,0,0,0,0,1,0,0,0,8003934203,5827136074,1342745,5251139
196139,11,11,11010206,Wartenberg SÅd,2019,6,15,6,3,2,6,0,0,1,0,0,0,1,0,8058347317,5833784124,135135,5256795
196140,11,1,1011304,Karl-Marx-Allee,2019,6,13,6,3,5,2,0,0,1,0,0,0,0,0,7997320611,5827555884,1341811,5251552
196141,11,11,11051229,Rummelsburg,2019,6,13,6,3,0,7,0,0,0,0,1,0,0,1,8039095861,5826114748,1347817,5250029
196142,11,2,2040701,Andreasviertel,2019,6,20,6,3,1,5,1,1,1,0,0,0,1,0,800113392,5827272813,1342346,5251277
196143,11,9,9041301,Kietzer Feld/Nachtheide,2019,6,19,6,3,3,6,0,1,0,0,0,0,1,0,8119778239,5819600797,1359055,5243736
196144,11,10,10020517,Adele-Sandrock-Stra·e,2019,6,19,6,2,5,3,0,1,1,0,0,0,0,0,8124779364,5830550681,1360815,525352
196145,11,4,4051446,Preu·enpark,2019,6,19,6,3,1,5,0,1,0,0,0,1,0,0,7924023929,5825024343,1330818,524968
196146,11,8,8010118,Silbersteinstra·e,2019,6,19,6,3,2,2,0,0,1,0,0,0,0,0,8009068327,5822387926,134307,5246855
196147,11,1,1033201,Brunnenstra·e,2019,6,19,6,3,5,2,0,1,0,0,0,0,1,0,7985078682,5830233012,1340252,5254018
196148,11,2,2030302,Lausitzer Platz,2019,6,19,6,3,0,7,0,0,1,0,0,0,1,0,8012841838,582617247,1343966,5250226
196149,11,2,2020206,Graefekiez,2019,6,7,6,3,1,5,0,1,1,0,0,0,1,0,8001731678,5824913474,1342221,5249159
196150,11,2,2050802,Boxhagener Platz,2019,6,23,6,2,0,1,2,1,0,0,0,0,1,0,802082435,5827156891,1345228,5251064
196151,11,11,11020412,Hauptstra·e,2019,6,7,6,2,5,2,0,1,1,0,0,0,0,0,8050394318,5831492936,1349969,5254786
196152,11,9,9020602,Oberspree,2019,6,6,6,3,6,4,0,1,0,1,0,0,0,0,8074222715,5820375443,1352446,5244688
196153,11,12,12214424,Scharnweberstra·e,2019,6,5,6,3,5,3,0,0,1,0,0,0,0,0,7923664402,5832894671,1331457,5256737
196154,11,8,8010510,Gewerbegebiet Kîllnische Heide,2019,6,13,6,3,5,3,0,1,1,0,0,0,0,0,8037607238,5821804904,1347205,5246174
196155,11,1,1022103,Westhafen,2019,6,13,6,3,2,2,0,0,1,0,0,0,1,0,7948939524,5829531041,1334877,5253586
196156,11,1,1011303,Alexanderplatzviertel,2019,6,9,6,3,1,5,0,1,1,0,0,0,1,0,7991276154,5828535426,1341011,5252463
196157,11,6,6030502,Zehlendorf SÅd,2019,6,12,6,3,5,3,0,1,1,0,0,0,0,0,7902916775,5814814205,132683,5240639
196158,11,5,5040936,JÑgerallee,2019,6,10,6,3,4,6,0,1,1,0,0,0,0,0,7805650735,5819431543,1312957,5245287
196159,11,1,1011301,CharitÇviertel,2019,6,11,6,3,6,4,0,1,0,1,0,0,0,0,79675935,5829658327,1337631,5253599
196160,11,6,6020301,Alt-Lankwitz,2019,6,10,6,3,5,3,0,0,1,0,0,0,0,0,7962491228,5818266885,1335868,5243415
196161,11,10,10040933,Mahlsdorf SÅd,2019,6,9,6,3,5,3,0,1,1,0,0,0,0,0,8126395978,5825271268,1360557,524878
196162,11,9,9041501,Altstadt Kietz,2019,6,10,6,2,5,2,0,1,0,0,0,1,0,0,8113590494,5820147027,1358199,5244261
196163,11,10,10040933,Mahlsdorf SÅd,2019,6,9,6,3,5,3,0,1,1,0,0,0,0,0,8123979908,5824300815,1360111,5247924
196164,11,1,1011103,LÅtzowstra·e,2019,6,10,6,3,2,6,0,0,1,0,0,0,0,0,7954319458,582613618,1335366,5250514
196165,11,8,8010117,Schillerpromenade,2019,6,3,6,3,3,6,2,0,1,0,1,0,0,1,8005540583,5823317972,1342636,5247708
196166,11,2,2050802,Boxhagener Platz,2019,6,0,6,3,6,4,2,0,1,1,0,0,0,1,802300848,5826853551,1345521,525078
196167,11,1,1022204,Thomasiusstra·e,2019,6,11,6,2,1,5,0,1,1,0,0,0,1,0,7950082986,5828190565,1334926,5252378
196168,11,7,7040403,Manteuffelstra·e,2019,6,21,5,3,3,6,2,0,1,0,0,0,0,0,7972291153,5820686625,1337521,5245531
196169,11,7,7030301,Friedenau,2019,6,13,5,3,4,6,0,1,1,0,0,0,0,0,7940107499,5822557936,1332963,5247383
196170,11,1,1011101,StÅlerstra·e,2019,6,9,5,3,0,2,0,1,0,0,0,1,0,1,7945820687,5826069829,1334112,52505
196171,11,1,1022203,LÅbecker Stra·e,2019,6,9,5,3,0,1,0,1,0,0,0,0,0,1,795100871,5828490344,1335089,5252642
196172,11,4,4030415,Schlo·garten,2019,6,8,5,3,2,2,0,1,1,0,0,0,0,1,7907883612,5827382,1328653,525188
196173,11,3,3040512,Wilhelmsruh,2019,6,21,5,3,5,3,2,0,1,0,0,0,0,1,7959590921,5835566649,1336981,5258938
196174,11,2,2040701,Andreasviertel,2019,6,22,5,3,1,1,2,1,1,0,0,0,0,0,800942249,5827121251,134355,5251095
196175,11,2,2020206,Graefekiez,2019,6,23,5,3,0,3,1,1,0,0,1,0,0,0,799216292,5824569704,1340785,5248903
196176,11,8,8041035,Blumenviertel,2019,6,7,5,3,5,3,0,1,1,0,0,0,0,0,8038172599,5818828564,1347018,5243503
196177,11,3,3061227,Humannplatz,2019,6,7,5,3,2,6,0,0,1,0,0,0,0,0,8000470644,5831277186,1342609,525487
196178,11,1,1011301,CharitÇviertel,2019,6,7,5,3,5,2,0,1,1,0,0,0,0,0,7968941706,5828896359,1337761,5252908
196179,11,9,9020701,Adlershof West,2019,6,6,5,3,5,3,0,1,1,0,0,0,0,0,8088089339,581900266,1354353,524338
196180,11,9,9051901,Dammvorstadt,2019,6,0,5,3,0,1,2,0,1,0,1,0,0,0,8119023621,5821592221,1359131,5245525
196181,11,6,6040808,HÅttenweg,2019,6,23,5,1,0,1,2,1,0,0,0,0,0,0,7899755042,5819789372,1326798,5245116
196182,11,4,4051652,Nikolsburger Platz,2019,6,8,5,3,6,4,0,0,1,1,0,0,0,1,7934430739,5824197879,1332274,5248883
196183,11,1,1044102,Schillerpark,2019,6,8,5,3,5,3,0,1,1,0,0,0,0,1,7950575563,5831479296,1335291,5255323
196184,11,9,9030901,Dorf Altglienicke,2019,6,8,5,2,5,2,0,1,1,0,0,0,0,1,8076813886,5817730987,1352583,5242304
196185,11,6,6020409,Kînigsberger Stra·e,2019,6,2,5,3,1,1,2,0,1,0,0,0,0,1,7932457142,5817228686,1331372,5242646
196186,11,2,2040703,Wriezener Bahnhof/Entwicklungsgebiet,2019,6,2,5,3,0,1,2,1,0,0,0,0,0,1,8011224259,5826607599,1343768,5250625
196187,11,1,1011303,Alexanderplatzviertel,2019,6,20,5,2,6,4,0,0,1,1,0,0,0,0,799498019,5828344449,1341538,5252271
196188,11,9,9020501,Oberschîneweide West,2019,6,7,5,3,5,3,0,1,1,0,0,0,0,0,8060663474,5823414898,1350736,5247489
196189,11,4,4030724,Lietzensee,2019,6,13,5,3,5,7,0,1,1,0,0,0,0,0,7908288834,5826359841,1328623,5250961
196190,11,2,2020205,Chamissokiez,2019,6,7,5,3,5,2,0,1,0,0,0,0,1,0,7981274916,5824542844,1339183,5248939
196191,11,7,7040403,Manteuffelstra·e,2019,6,13,5,3,5,3,0,0,1,0,0,0,1,0,7972886397,582121193,1337655,5245999
196192,11,1,1022103,Westhafen,2019,6,0,5,3,1,7,2,0,1,0,0,0,1,0,7946873573,5829769919,1334594,5253811
196193,11,2,2040703,Wriezener Bahnhof/Entwicklungsgebiet,2019,6,17,5,3,5,5,0,1,1,0,0,0,0,0,8014424418,5826397186,1344219,5250419
196194,11,8,8020619,Buschkrugallee Nord,2019,6,14,5,3,1,5,0,0,1,0,0,0,0,0,8015334904,5820711273,1343838,5245317
196195,11,6,6020410,Oberhofer Platz,2019,6,16,5,3,2,6,0,0,1,0,1,0,0,0,7942213344,581753785,133283,5242871
196196,11,3,3010101,Bucher Forst,2019,6,15,5,3,5,3,0,1,1,0,0,0,0,0,804139263,5841911784,1349603,5264174
196197,11,4,4030931,Breitscheidplatz,2019,6,16,5,3,1,5,0,1,1,0,0,0,0,0,7944987549,5825888791,1333974,5250342
196198,11,4,4031032,Halensee,2019,6,13,5,3,3,6,0,0,1,0,1,0,0,0,7917637553,5824823547,1329862,5249534
196199,11,12,12224230,Heiligensee,2019,6,12,5,3,5,3,0,0,1,0,1,0,0,0,787552434,5837345792,1324761,5260984
196200,11,6,6020411,SchÅtte-Lanz-Stra·e,2019,6,16,5,3,5,2,0,0,1,0,0,0,0,0,7939232296,5815474628,1332211,5241037
196201,11,9,9020701,Adlershof West,2019,6,16,5,3,5,3,0,1,1,0,0,0,0,0,8079223341,5819889065,1353135,5244224