OBJECTID,LAND,BEZ,LOR,STRASSE,UJAHR,UMONAT,USTUNDE,UWOCHENTAG,UKATEGORIE,UART,UTYP1,ULICHTVERH,IstRad,IstPKW,IstFuss,IstKrad,IstGkfz,IstSonstige,USTRZUSTAND,LINREFX,LINREFY,XGCSWGS84,YGCSWGS84
196202,11,2,2030301,Oranienplatz,2019,6,11,5,3,5,3,0,0,1,0,0,0,0,0,7997185267,5826304694,1341678,5250431
196203,11,5,5020625,Borkumer Stra·e,2019,6,15,5,3,5,2,0,1,1,0,0,0,0,0,7844534907,5828664903,1319452,5253364
196204,11,9,9041301,Kietzer Feld/Nachtheide,2019,6,12,5,2,5,3,0,0,1,0,1,0,0,0,8142560662,5818409294,1362284,5242538
196205,11,4,4030930,George-Grosz-Platz,2019,6,19,5,3,6,4,0,0,1,1,0,0,0,0,7928375394,5825442086,1331494,5250031
196206,11,5,5030832,Rohrdamm,2019,6,11,5,3,5,7,0,0,1,0,1,0,0,0,788745393,5830467918,1325919,5254755
196207,11,8,8010404,Rixdorf,2019,6,15,5,3,5,3,0,1,1,0,0,0,0,0,8019993857,5823303605,1344756,5247615
196208,11,2,2030302,Lausitzer Platz,2019,6,19,5,3,2,5,0,1,1,0,0,0,0,0,800303845,5825827901,1342495,5249971
196209,11,11,11051330,Karlshorst West,2019,6,11,4,3,5,2,0,1,1,0,0,0,0,0,8072713787,5825411435,1352689,524921
196210,11,8,8010404,Rixdorf,2019,6,8,4,3,1,5,0,1,1,0,0,0,0,0,8020008727,5823314615,134476,5247625
196211,11,8,8020622,Parchimer Allee,2019,6,11,5,3,5,3,0,0,1,0,0,0,0,1,8015102358,5820188838,1343757,524485
196212,11,4,4051445,Eisenzahnstra·e,2019,6,11,5,3,6,4,0,0,1,1,0,0,0,1,7920273718,5824089229,1330185,5248862
196213,11,2,2010102,Mehringplatz,2019,6,13,4,3,6,4,0,0,1,1,0,0,0,0,797897933,5826459693,1339018,5250669
196214,11,8,8020622,Parchimer Allee,2019,6,18,5,2,6,4,0,0,1,1,0,0,0,0,8014262378,5820256923,134364,5244916
196215,11,4,4030724,Lietzensee,2019,6,16,4,3,6,4,0,1,0,1,0,0,0,0,7907842734,5826169737,1328541,5250793
196216,11,1,1033102,Gesundbrunnen,2019,6,10,5,3,3,6,0,1,1,0,0,0,0,0,7970234843,5831466969,1338181,5255206
196217,11,7,7030301,Friedenau,2019,6,15,4,3,3,2,0,0,1,0,1,0,0,0,7939431746,5822260038,1332837,5247119
196218,11,2,2030402,Wrangelkiez,2019,6,7,5,3,0,6,0,1,0,0,0,1,0,0,8019636592,582563633,1344915,5249708
196219,11,3,3040818,Pankow SÅd,2019,6,15,4,2,1,5,0,1,1,0,0,0,0,0,7988674946,5832398711,1340976,525594
196220,11,7,7030301,Friedenau,2019,6,15,4,3,5,2,0,0,1,0,0,0,0,0,7942416791,5822036555,1333256,5246903
196221,11,6,6040809,Thielallee,2019,6,10,5,3,5,2,0,1,1,0,0,0,0,0,7921761778,5820442719,1330084,5245585
196222,11,1,1011302,Oranienburger Stra·e,2019,6,15,4,3,3,6,0,0,1,0,1,0,0,0,79842742,5829045267,1340028,5252958
196223,11,1,1022204,Thomasiusstra·e,2019,6,9,5,2,6,4,0,0,1,1,0,0,0,1,795217972,5828240532,1335239,5252412
196224,11,1,1011204,Leipziger Stra·e,2019,6,14,4,3,2,6,0,1,0,0,0,0,1,0,7983456463,5827453853,1339765,5251536
196225,11,7,7040403,Manteuffelstra·e,2019,6,18,5,3,2,2,0,0,1,0,0,0,0,0,797861339,5821928636,1338559,524661
196226,11,4,4030519,Kaiserin-Augusta-Allee,2019,6,14,4,3,5,2,0,1,1,0,0,0,0,0,7922226675,5828623635,133087,5252916
196227,11,7,7020202,Volkspark (Rudolf-Wilde-Park),2019,6,17,5,3,2,6,0,0,1,0,0,0,0,0,7949902762,5823578844,1334491,5248245
196228,11,4,4051652,Nikolsburger Platz,2019,6,13,4,3,5,5,0,1,1,0,0,0,0,0,7934490679,5824323281,1332294,5248995
196229,11,1,1011401,Invalidenstra·e,2019,6,13,4,2,0,2,0,1,1,0,0,0,0,0,7983054323,5829373286,1339878,5253259
196230,11,1,1044201,Reinickendorfer Stra·e,2019,6,18,5,3,5,3,0,0,1,0,0,0,0,0,7966907013,5831748868,1337716,5255476
196231,11,2,2030301,Oranienplatz,2019,6,17,5,3,5,2,0,1,0,0,0,0,1,0,7997040752,5826013821,1341631,5250171
196232,11,2,2050801,Traveplatz,2019,6,13,4,3,6,4,0,0,1,1,0,0,0,0,8030194482,582701888,1346592,5250889
196233,11,1,1044201,Reinickendorfer Stra·e,2019,6,13,4,3,5,2,0,0,1,0,0,0,0,0,7956786581,5830932866,1336155,52548
196234,11,1,1044101,Rehberge,2019,6,17,5,3,2,2,0,0,1,0,1,0,0,0,7940080072,5830202144,1333634,5254235
196235,11,1,1011302,Oranienburger Stra·e,2019,6,12,4,3,5,5,0,0,1,0,1,0,0,0,7976413366,5828756827,1338846,5252743
196236,11,7,7010101,Wittenbergplatz/Viktoria-Luise-Platz,2019,6,12,4,3,5,2,0,1,1,0,0,0,0,0,7949850787,5824900244,13346,524943
196237,11,4,4010101,Jungfernheide,2019,6,18,5,2,6,4,0,0,1,1,0,0,0,0,7906749891,5829758731,1328694,5254017
196238,11,1,1022103,Westhafen,2019,6,9,5,3,0,6,0,0,1,0,1,0,0,0,793418647,5829470748,1332703,5253611
196239,11,4,4030931,Breitscheidplatz,2019,6,22,4,3,6,4,2,0,0,1,1,0,0,0,7940327402,5826209647,1333317,5250655
196240,11,4,4010102,Plîtzensee,2019,6,16,5,3,5,7,0,0,1,0,1,0,0,0,7932526105,5830068649,1332511,5254156
196241,11,12,12301204,Wittenau Nord,2019,6,22,4,3,1,5,2,0,1,0,0,0,0,0,7929164273,5836689176,1332602,5260109
196242,11,2,2050803,Stralauer Kiez,2019,6,9,5,3,3,6,0,0,1,0,0,0,1,1,8025023945,5826219904,134576,5250201
196243,11,9,9041301,Kietzer Feld/Nachtheide,2019,6,21,4,3,5,3,1,0,1,0,1,0,0,0,8137640433,5818822444,1361601,5242936
196244,11,7,7040401,Neu-Tempelhof,2019,6,9,5,3,0,4,0,0,0,1,0,0,1,0,797610531,5823891366,1338366,5248383
196245,11,1,1011302,Oranienburger Stra·e,2019,6,20,4,3,3,6,1,1,1,0,0,0,0,0,7986479889,5828488561,1340302,5252447
196246,11,4,4010101,Jungfernheide,2019,6,19,4,3,5,3,0,0,1,0,0,0,0,0,791285631,5830682739,1329673,5254812
196247,11,9,9051901,Dammvorstadt,2019,6,9,5,3,1,1,0,1,1,0,0,0,0,1,8107498831,5821396986,1357422,5245416
196248,11,2,2010102,Mehringplatz,2019,6,19,4,3,5,2,0,1,1,0,0,0,0,0,7987133573,5826435194,1340213,5250603
196249,11,1,1033102,Gesundbrunnen,2019,6,8,5,3,0,2,0,0,1,0,1,0,0,1,7973632471,5831193192,1338656,5254942
196250,11,4,4031032,Halensee,2019,6,18,4,3,6,4,0,1,0,1,0,0,0,0,7910833915,5824929304,1328872,5249665
196251,11,9,9020601,Schnellerstra·e,2019,6,17,5,3,5,2,0,1,1,0,0,0,0,0,8058335457,5821886401,1350254,5246132
196252,11,5,5010101,Hakenfelde Nord,2019,6,17,4,3,2,6,0,0,1,0,0,0,0,0,7858794213,5831725117,1321812,5256033
196253,11,1,1033203,Humboldthain Nordwest,2019,6,10,5,3,0,1,0,0,0,0,1,0,0,1,7967280277,5830461229,1337656,525432
196254,11,6,6040810,Dahlem,2019,6,17,4,3,5,2,0,1,1,0,0,0,0,0,7901521911,5819783649,1327057,5245102
196255,11,1,1011301,CharitÇviertel,2019,6,17,4,3,1,5,0,1,1,0,0,0,0,0,7971132349,5829247211,1338114,5253211
196256,11,3,3061131,Falkplatz,2019,6,16,5,3,4,1,0,0,1,0,0,0,0,1,7988788259,5830381999,1340811,5254132
196257,11,4,4010103,Paul-Hertz-Siedlung,2019,6,15,5,3,3,6,0,0,1,0,0,0,0,0,7912039276,5829151275,1329419,5253444
196258,11,10,10010308,Marzahner Chaussee,2019,6,10,4,3,0,2,0,0,1,0,1,0,0,0,8063333389,5830184991,1351751,5253541
196259,11,2,2040503,Richard-Sorge-Viertel,2019,6,10,4,3,2,6,0,0,1,0,1,0,0,0,8015600203,5828840491,1344613,5252602
196260,11,1,1011303,Alexanderplatzviertel,2019,6,15,5,3,6,4,0,0,1,1,0,0,0,0,7994800961,58288494,1341557,5252725
196261,11,9,9010101,Elsenstra·e,2019,6,9,4,3,2,6,0,1,1,0,0,0,0,0,8022429308,582519927,1345286,5249301
196262,11,4,4020310,Park Ruhwald,2019,6,15,5,3,0,2,0,1,1,0,0,0,0,0,7882459272,5827790604,1324952,5252381
196263,11,6,6020304,Kaiser-Wilhelm-Stra·e,2019,6,9,4,3,6,2,0,0,1,1,0,0,0,0,7947330789,5817795511,1333603,5243074
196264,11,3,3040614,Pankow Zentrum,2019,6,8,4,3,1,1,0,0,1,0,0,0,1,0,7987403538,583313511,1340855,5256607
196265,11,2,2030302,Lausitzer Platz,2019,6,8,4,3,2,6,0,1,0,0,0,0,0,0,8010695916,5826326356,1343665,5250376
196266,11,3,3061429,Greifswalder Stra·e,2019,6,8,5,3,0,1,0,1,0,0,0,0,0,1,8019134694,5830916313,1345321,5254443
196267,11,1,1011303,Alexanderplatzviertel,2019,6,8,4,3,5,2,0,1,1,0,0,0,0,0,7992358031,5828467756,1341164,5252396
196268,11,1,1033201,Brunnenstra·e,2019,6,18,4,2,5,3,0,0,1,0,0,0,0,0,7980843445,5829984001,1339607,5253818
196269,11,11,11030720,Herzbergstra·e,2019,6,8,4,3,2,6,0,0,1,0,0,0,0,0,8044357686,582989821,1348936,525339
196270,11,3,3010102,Buch,2019,6,8,4,3,5,3,0,1,1,0,0,0,0,0,8040638289,583991195,1349307,5262386
196271,11,2,2020206,Graefekiez,2019,6,14,4,3,0,3,0,1,0,0,0,0,0,1,7996324793,582505491,1341439,5249315
196272,11,10,10020412,Alte Hellersdorfer Stra·e,2019,6,7,4,3,2,6,0,0,1,0,0,0,0,0,8112898831,5831966889,1359202,5254857
196273,11,1,1011301,CharitÇviertel,2019,6,7,4,3,1,5,0,1,1,0,0,0,0,0,79703933,5828402712,133793,5252458
196274,11,4,4030519,Kaiserin-Augusta-Allee,2019,6,23,4,3,0,1,2,0,1,0,1,0,0,0,7921854665,5827963933,1330757,5252327
196275,11,7,7050505,Hundsteinweg,2019,6,7,4,3,2,6,0,0,1,0,0,0,0,0,7989741798,5817309404,1339779,5242409
196276,11,7,7050505,Hundsteinweg,2019,6,21,4,3,6,4,0,0,0,1,0,0,1,0,798509097,5819046321,1339252,5243991
196277,11,3,3061430,Volkspark Prenzlauer Berg,2019,6,6,4,3,6,4,0,1,0,1,0,0,0,0,8019539555,5829749805,1345274,5253395
196278,11,2,2020203,Viktoriapark,2019,6,4,4,3,3,6,1,0,1,0,0,0,0,0,7977490954,5824294587,1338606,5248737
196279,11,8,8010508,Wei·e Siedlung,2019,6,20,4,3,5,3,0,0,1,0,0,0,0,0,8034320017,5822935222,1346826,5247206
196280,11,12,12214527,Alt-Tegel,2019,6,19,4,3,5,3,0,0,1,0,1,0,0,0,7897113505,5834707826,132771,5258505
196281,11,7,7040405,Rathaus Tempelhof,2019,6,12,4,2,5,3,0,1,0,0,0,0,1,0,7988631603,5821766238,1340015,524641
196282,11,3,3040513,Schînholz,2019,6,11,4,3,0,2,0,0,1,0,1,0,0,0,7965394217,5834273802,133772,5257748
196283,11,1,1044202,Sparrplatz,2019,6,18,4,3,1,5,0,1,1,0,0,0,0,0,7956624248,5830548304,1336097,5254456
196284,11,1,1011306,Heine-Viertel Ost,2019,6,11,4,3,6,7,0,0,0,1,0,0,1,0,8000920892,5826414991,1342237,5250509
196285,11,10,10010204,Wuhletalstra·e,2019,6,17,4,3,5,3,0,1,1,0,0,0,0,0,8100564193,5832605828,1357448,52555
196286,11,2,2010101,Askanischer Platz,2019,6,10,4,3,3,6,0,1,0,0,0,0,0,0,7971496371,5826435473,1337916,5250689
196287,11,1,1022206,LÅneburger Stra·e,2019,6,22,4,3,0,2,2,0,1,0,0,0,1,0,7961151037,5828431086,1336574,5252534
196288,11,10,10010310,Alt-Marzahn,2019,6,10,4,3,0,2,0,0,1,0,0,0,1,0,8091290323,5830468046,1355886,5253637
196289,11,1,1011204,Leipziger Stra·e,2019,6,9,4,3,5,2,0,0,1,0,0,0,0,0,7986993097,5827083718,1340251,5251185
196290,11,4,4051445,Eisenzahnstra·e,2019,6,10,4,3,5,3,0,1,0,0,0,0,0,0,7919466451,5824178495,1330074,5248946
196291,11,6,6010101,Fichtenberg,2019,6,13,4,3,5,3,0,0,1,0,0,0,1,0,7933120413,5820739027,1331777,524579
196292,11,5,5020625,Borkumer Stra·e,2019,6,9,4,2,5,2,0,0,1,0,0,0,0,0,7838620486,5827897751,1318517,5252707
196293,11,1,1011304,Karl-Marx-Allee,2019,6,18,4,3,0,7,0,1,0,0,0,0,0,0,7995502668,5828083718,1341591,5252035
196294,11,1,1022101,Huttenkiez,2019,6,11,3,3,3,6,0,0,0,0,1,0,1,0,7936552031,5828118928,1332931,5252387
196295,11,1,1044201,Reinickendorfer Stra·e,2019,6,9,4,3,2,6,0,0,1,0,0,0,0,0,7967501651,5831913295,1337818,5255621
196296,11,1,1022201,Stephankiez,2019,6,10,3,3,5,2,0,1,1,0,0,0,0,0,7950411803,5829166323,1335061,5253251
196297,11,5,5030833,Motardstra·e,2019,6,8,4,3,5,2,0,1,1,0,0,0,0,0,789404391,5828683603,1326732,525312
196298,11,8,8010404,Rixdorf,2019,6,21,3,3,1,5,0,1,1,0,0,0,0,0,8014461814,5823761021,1343986,5248056
196299,11,7,7060604,Marienfelde SÅd,2019,6,7,4,3,1,5,0,1,1,0,0,0,0,0,7957455602,5815157115,1334855,5240655
196300,11,2,2050802,Boxhagener Platz,2019,6,20,3,3,2,6,0,0,1,0,0,0,0,0,8020367038,5827168082,1345162,5251077
196301,11,6,6010103,Markelstra·e,2019,6,7,4,3,1,5,0,0,0,0,1,0,1,0,7937262642,5821460653,1332449,5246414
196302,11,4,4010101,Jungfernheide,2019,6,13,3,3,2,6,0,0,0,0,1,1,0,0,7914111408,5830685449,1329858,5254808
196303,11,7,7070704,Nahariyastra·e,2019,6,13,3,3,5,2,0,1,1,0,0,0,0,0,8006412479,5814140639,1341939,5239477
196304,11,10,10040933,Mahlsdorf SÅd,2019,6,7,4,3,5,3,0,1,1,0,0,0,0,0,8131747641,5825652483,1361378,5249091
196305,11,2,2040701,Andreasviertel,2019,6,10,3,3,3,6,0,0,1,0,0,0,1,0,8006925516,5827569598,1343223,5251511
196306,11,6,6040806,Fischtal,2019,6,7,4,3,5,3,0,1,0,0,0,0,0,0,7889275468,5819640604,1325247,5245038
196307,11,12,12103117,Letteplatz,2019,6,13,3,3,5,3,0,1,1,0,0,0,0,0,7959255955,583288891,1336693,525654
196308,11,5,5020417,Staakener Stra·e,2019,6,12,3,3,5,2,0,1,0,0,0,1,0,0,7828256295,5828572342,1317051,5253366
196309,11,9,9020802,Kîllnische Vorstadt,2019,6,7,4,2,5,2,0,1,1,0,0,0,0,0,8101668813,5819568605,1356397,524381
196310,11,2,2050803,Stralauer Kiez,2019,6,11,3,3,3,6,0,0,1,0,0,0,1,0,8030204986,5825763363,1346479,5249763
196311,11,2,2040703,Wriezener Bahnhof/Entwicklungsgebiet,2019,6,6,4,3,5,2,0,0,1,0,0,0,0,0,8014769449,5827258571,1344347,5251189
196312,11,10,10020622,Kaulsdorf Nord I,2019,6,11,3,2,3,6,0,1,0,0,0,0,1,0,810691379,5827997283,1357951,5251334
196313,11,7,7040401,Neu-Tempelhof,2019,6,1,4,3,2,6,2,1,1,0,0,0,0,0,7973069864,5823476706,1337883,5248028
196314,11,1,1044103,Westliche MÅllerstra·e,2019,6,10,3,2,5,5,0,0,1,0,1,0,0,0,7947338245,5830405047,1334719,5254378
196315,11,3,3051021,Buschallee,2019,6,7,4,3,0,7,0,1,0,0,0,0,0,0,8029336883,5832275027,1346945,5255604
196316,11,1,1033201,Brunnenstra·e,2019,6,10,3,3,2,6,0,0,1,0,0,0,0,0,7984623493,5830198647,1340182,525399
196317,11,4,4020310,Park Ruhwald,2019,6,19,3,3,4,2,0,0,1,0,0,0,0,0,7905659197,5827336214,1328322,5251851
196318,11,8,8020625,Handwerker-Siedlung,2019,6,16,4,3,5,2,0,1,0,0,0,0,1,0,801545417,5819189846,1343719,5243953
196319,11,2,2010103,Moritzplatz,2019,6,16,4,3,5,3,0,1,1,0,0,0,0,0,7994023208,5825915846,1341179,52501
196320,11,2,2020204,Urbanstra·e,2019,6,8,3,3,5,2,0,1,1,0,0,0,0,0,7984906547,582522492,1339778,524953
196321,11,7,7020202,Volkspark (Rudolf-Wilde-Park),2019,6,15,4,3,1,5,0,1,1,0,0,0,0,0,7945669344,5823418705,1333855,5248124
196322,11,3,3050920,Wei·er See,2019,6,8,3,3,5,3,0,1,1,0,0,0,0,0,8020378121,5832161649,1345617,5255552
196323,11,11,11020412,Hauptstra·e,2019,6,13,4,3,6,4,0,0,0,1,0,0,1,0,8049484479,5831404184,1349827,5254711
196324,11,2,2020205,Chamissokiez,2019,6,8,3,3,5,2,0,1,0,0,0,0,0,0,7985005236,582451045,1339728,5248889
196325,11,12,12103219,SchÑfersee,2019,6,15,4,3,5,2,0,0,1,0,0,0,0,0,7955656586,5833227065,1336193,5256863
196326,11,1,1011304,Karl-Marx-Allee,2019,6,19,3,3,5,2,0,1,1,0,0,0,0,0,799989895,5828081402,1342237,5252008
196327,11,1,1011401,Invalidenstra·e,2019,6,8,3,3,0,1,0,1,0,0,0,0,0,0,798324646,5829352359,1339904,5253239
196328,11,1,1033102,Gesundbrunnen,2019,6,15,4,3,1,5,0,1,1,0,0,0,0,0,7972520062,5831542797,1338523,5255261
196329,11,6,6020304,Kaiser-Wilhelm-Stra·e,2019,6,8,3,2,5,7,0,0,1,0,0,0,0,0,7947921005,581799857,1333707,5243253
196330,11,1,1033201,Brunnenstra·e,2019,6,14,4,2,5,2,0,0,1,0,1,0,0,0,798074378,5829990292,1339593,5253825
196331,11,1,1011401,Invalidenstra·e,2019,6,8,3,3,0,1,0,1,0,0,0,0,0,0,7983253261,58293512,1339905,5253238
196332,11,8,8020620,Tempelhofer Weg,2019,6,11,4,3,3,2,0,1,1,0,0,0,0,0,8005939436,5821187163,1342503,5245796
196333,11,8,8020619,Buschkrugallee Nord,2019,6,18,3,3,5,2,0,1,0,0,0,0,1,0,8024606095,5820696871,1345197,5245253
196334,11,4,4030931,Breitscheidplatz,2019,6,12,4,3,2,6,0,1,1,0,0,0,0,0,7939206279,5825688625,1333107,5250194
196335,11,2,2010102,Mehringplatz,2019,6,18,3,3,5,2,0,1,1,0,0,0,0,0,7981799327,5826506461,1339436,5250696
196336,11,9,9010302,SpÑthsfelde,2019,6,18,3,3,5,2,0,0,1,0,1,0,0,0,8049412614,5820716285,1348838,5245133
196337,11,8,8010118,Silbersteinstra·e,2019,6,11,4,2,5,2,0,0,1,0,1,0,0,0,8008488582,5822527558,1342998,5246983
196338,11,2,2040502,Friedenstra·e,2019,6,18,3,3,5,2,0,1,0,0,0,1,0,0,8012475829,5827816857,1344061,5251702
196339,11,9,9020802,Kîllnische Vorstadt,2019,6,11,4,3,2,6,0,0,1,0,0,0,0,0,8100379566,5820439564,1356289,5244598
196340,11,9,9020601,Schnellerstra·e,2019,6,18,3,2,5,2,0,1,1,0,0,0,0,0,8068800161,582118845,1351726,5245447
196341,11,9,9020602,Oberspree,2019,6,10,4,3,5,3,0,1,1,0,0,0,0,0,8084016536,5820867723,1353928,5245074
196342,11,1,1011203,Unter den Linden SÅd,2019,6,17,3,2,5,7,0,1,1,0,0,0,0,0,7976080418,5827117875,1338651,5251275
196343,11,4,4010101,Jungfernheide,2019,6,10,4,3,2,6,0,0,1,0,0,0,1,0,7902167937,5830655042,1328099,5254845
196344,11,10,10030724,Oberfeldstra·e,2019,6,13,3,3,5,3,0,1,1,0,0,0,0,0,8096636249,5829684518,1356599,5252904
196345,11,5,5030731,Gartenfelder Stra·e,2019,6,15,3,3,6,2,0,0,1,1,0,0,0,0,7870698944,5829480015,1323369,5253958
196346,11,6,6020411,SchÅtte-Lanz-Stra·e,2019,6,10,4,3,5,3,0,0,1,0,1,0,0,0,7949570477,5815655303,1333743,5241144
196347,11,7,7040405,Rathaus Tempelhof,2019,6,10,4,3,0,5,0,0,1,0,0,0,0,0,7979083226,5822208274,1338653,5246858
196348,11,9,9041403,Allende II,2019,6,16,3,2,5,3,0,1,0,0,0,1,0,0,8124700516,5819772416,1359793,5243862
196349,11,6,6020303,Lankwitz Kirche,2019,6,16,3,3,2,6,0,0,1,0,0,1,0,0,7953381906,5818430521,1334546,5243611
196350,11,1,1011306,Heine-Viertel Ost,2019,6,9,4,3,5,3,0,1,0,0,1,0,0,0,8000834125,5826461503,1342228,5250551
196351,11,2,2020204,Urbanstra·e,2019,6,16,3,3,2,2,0,0,1,0,0,0,0,0,7982901729,5825307501,1339491,5249615
196352,11,8,8030831,Gropiusstadt Ost,2019,6,13,3,3,2,6,0,0,1,0,0,0,0,0,8038731451,5818180005,1347041,5242919
196353,11,7,7040403,Manteuffelstra·e,2019,6,16,3,3,0,2,0,1,1,0,0,0,0,0,797313522,5822178051,1337777,5246863
196354,11,3,3061126,Arnimplatz,2019,6,15,3,2,0,1,0,1,0,0,0,0,0,0,7985170511,5831468954,1340377,5255126
196355,11,3,3040614,Pankow Zentrum,2019,6,10,3,3,5,3,0,1,1,0,0,0,0,0,7988519797,5834892114,1341178,5258176
196356,11,7,7040402,Lindenhofsiedlung,2019,6,15,3,2,3,6,0,0,0,0,1,1,0,0,7963940927,5820707916,1336297,5245595
196357,11,4,4030827,Karl-August-Platz,2019,6,15,3,3,5,2,0,0,1,0,0,0,0,0,7927251354,5826104009,1331387,5250631
196358,11,2,2010104,Wassertorplatz,2019,6,16,3,3,6,7,0,1,0,1,0,0,0,0,7989999975,5825433209,1340545,5249689
196359,11,5,5020625,Borkumer Stra·e,2019,6,14,3,3,5,3,0,1,1,0,0,0,0,0,7844410796,5828682406,1319435,5253381
196360,11,7,7040405,Rathaus Tempelhof,2019,6,11,3,3,1,5,0,1,1,0,0,0,0,0,7980101863,5821324224,1338724,524606
196361,11,1,1011305,Heine-Viertel West,2019,6,8,3,3,0,5,0,0,1,0,1,0,0,0,7994747414,5827098931,1341392,5251156
196362,11,4,4030623,Ernst-Reuter-Platz,2019,6,7,3,2,1,5,0,1,1,0,0,0,0,0,7935419053,5826334032,1332607,5250793
196363,11,4,4030518,Tegeler Weg,2019,6,0,3,3,1,1,2,0,1,0,0,0,0,0,7915258828,5828095782,13298,525248
196364,11,11,11020513,Orankesee,2019,6,6,3,3,2,6,0,0,1,0,0,1,0,0,8029097786,5831180951,134681,5254625
196365,11,2,2010103,Moritzplatz,2019,6,18,3,3,5,2,0,1,1,0,0,0,0,0,7992336531,5826240415,134096,52504
196366,11,1,1011402,Arkonaplatz,2019,6,1,3,3,0,1,2,0,0,0,0,0,1,0,7982198821,5829697156,1339781,5253554
196367,11,2,2010103,Moritzplatz,2019,6,19,2,3,5,2,0,1,0,0,1,0,0,0,7993310758,5826223943,1341102,525038
196368,11,3,3040512,Wilhelmsruh,2019,6,3,3,3,0,1,2,0,0,0,1,0,0,0,7956984478,5834920169,133654,5258373
196369,11,4,4030931,Breitscheidplatz,2019,6,15,3,3,0,4,0,1,0,1,0,0,0,0,79414917,5825692267,1333443,5250185
196370,11,8,8010214,Glasower Stra·e,2019,6,11,2,3,2,6,0,0,1,0,0,1,0,0,8021082299,5821999076,1344798,524644
196371,11,1,1011303,Alexanderplatzviertel,2019,6,19,2,3,5,3,0,0,1,0,0,0,1,0,7987815854,5828021163,1340456,5252021
196372,11,4,4051655,Babelsberger Stra·e,2019,6,9,3,3,5,3,0,1,0,0,0,0,0,0,7939396625,5823394215,1332932,5248136
196373,11,4,4030827,Karl-August-Platz,2019,6,15,2,3,3,2,0,1,0,0,0,0,1,0,7925328085,5826371279,1331128,5250881
196374,11,3,3061227,Humannplatz,2019,6,15,3,3,6,4,0,1,0,1,0,0,0,0,8001927476,5831612991,1342854,5255163
196375,11,1,1044202,Sparrplatz,2019,6,18,2,3,6,4,0,1,0,1,0,0,0,0,7954091368,5830588371,1335728,5254506
196376,11,6,6010206,Stadtpark,2019,6,18,2,3,5,2,0,1,1,0,0,0,0,0,7945461698,5820084092,133353,5245136
196377,11,1,1011305,Heine-Viertel West,2019,6,15,3,3,2,6,0,0,1,0,0,0,0,0,799660683,5827084612,1341663,5251133
196378,11,12,12301206,LÅbars,2019,6,14,2,3,5,3,0,1,0,0,0,0,1,0,7938450796,5838392601,133412,5261586
196379,11,5,5010101,Hakenfelde Nord,2019,6,16,2,3,5,3,0,1,1,0,0,0,0,0,784401435,5831930035,1319655,5256295
196380,11,8,8010404,Rixdorf,2019,6,20,3,3,1,5,1,1,1,0,0,0,0,0,8014916164,5823429722,1344022,5247756
196381,11,3,3030405,Karow Nord,2019,6,16,2,2,5,3,0,1,0,0,0,0,0,0,8044570452,5838459256,1349753,5261062
196382,11,8,8010214,Glasower Stra·e,2019,6,16,3,3,5,3,0,0,1,0,0,0,0,0,801422879,5822255102,1343815,5246707
196383,11,2,2020206,Graefekiez,2019,6,20,2,3,3,6,0,0,1,0,0,0,0,0,800303915,5824575473,1342382,5248849
196384,11,1,1044101,Rehberge,2019,6,17,2,3,5,2,0,1,1,0,0,0,0,0,7940214369,5830177358,1333651,5254212
196385,11,6,6020305,Gemeindepark Lankwitz,2019,6,16,3,3,5,7,0,1,0,0,0,0,0,0,7955831429,5817599582,1334832,5242853
196386,11,1,1044203,Leopoldplatz,2019,6,16,3,3,6,4,0,0,0,1,0,0,1,0,7955911168,5831745433,1336099,5255533
196387,11,7,7070705,Franziusweg/Rohrbachstra·e,2019,6,18,2,3,5,5,0,1,1,0,0,0,0,0,7981013212,5814239286,1338226,5239704
196388,11,10,10010207,Marzahner Promenade,2019,6,17,2,3,4,6,0,1,0,0,0,0,0,0,8094619812,5831454051,1356467,5254502
196389,11,1,1022205,Zillesiedlung,2019,6,16,3,3,0,6,0,1,0,0,0,0,1,0,7959943719,5828615528,1336413,5252706
196390,11,4,4030827,Karl-August-Platz,2019,6,17,2,3,5,3,0,0,1,0,0,0,0,0,7927352686,5826109727,1331402,5250635
196391,11,11,11020514,Gro·e-Leege-Stra·e,2019,6,15,3,3,3,6,0,1,1,0,0,0,0,0,8043154737,5830621774,1348825,5254046
196392,11,1,1022104,Emdener Stra·e,2019,6,17,2,3,2,6,0,0,1,0,1,0,0,0,7945556083,5829055256,1334337,5253178
196393,11,7,7010102,Nollendorfplatz,2019,6,16,2,3,3,6,0,0,1,0,1,0,0,0,7949699526,5825669679,1334646,525012
196394,11,4,4030930,George-Grosz-Platz,2019,6,10,2,3,5,2,0,0,1,0,1,0,0,0,7929612852,5825693653,1331698,525025
196395,11,7,7060604,Marienfelde SÅd,2019,6,14,3,3,5,2,0,0,1,0,1,0,0,0,797613124,5815560394,1337628,5240915
196396,11,7,7040401,Neu-Tempelhof,2019,6,9,2,3,5,3,0,0,1,0,0,0,0,0,7975789496,5823507492,1338285,5248041
196397,11,8,8020619,Buschkrugallee Nord,2019,6,15,3,3,5,7,0,0,1,0,0,0,1,0,8012792331,5821471903,1343534,5246013
196398,11,2,2020206,Graefekiez,2019,6,18,2,2,2,6,0,0,1,0,1,0,0,0,799484244,5824520697,1341174,5248845