OBJECTID,LAND,BEZ,LOR,STRASSE,UJAHR,UMONAT,USTUNDE,UWOCHENTAG,UKATEGORIE,UART,UTYP1,ULICHTVERH,IstRad,IstPKW,IstFuss,IstKrad,IstGkfz,IstSonstige,USTRZUSTAND,LINREFX,LINREFY,XGCSWGS84,YGCSWGS84
196399,11,3,3071639,Bîtzowstra·e,2019,6,15,3,3,6,4,0,0,1,1,0,0,0,0,8004761224,5829083905,1343042,525288
196400,11,1,1044202,Sparrplatz,2019,6,8,2,3,5,2,0,1,0,0,0,0,1,0,7955240115,5830731603,133591,5254628
196401,11,10,10030726,Alt-Biesdorf,2019,6,15,3,3,5,2,0,1,1,0,0,0,0,0,809226209,5827219354,1355727,525072
196402,11,1,1033102,Gesundbrunnen,2019,6,17,2,2,6,4,0,0,1,1,0,0,0,0,7972833041,5831280165,1338546,5255024
196403,11,7,7040403,Manteuffelstra·e,2019,6,15,3,3,2,6,0,0,0,0,1,0,1,0,7972422319,5820731908,1337544,5245571
196404,11,4,4030827,Karl-August-Platz,2019,6,18,2,3,2,6,0,0,1,0,0,0,0,0,7925146077,5826100887,1331077,5250639
196405,11,1,1033102,Gesundbrunnen,2019,6,15,3,2,0,1,0,1,0,0,0,0,0,0,7977354481,5831867135,1339263,5255525
196406,11,5,5020626,Adamstra·e,2019,6,18,2,3,5,3,0,0,1,0,0,0,0,0,7847534558,5827199641,1319768,5252035
196407,11,9,9010302,SpÑthsfelde,2019,6,16,2,3,5,2,0,0,0,0,1,0,1,0,8046108816,582017478,1348304,5244666
196408,11,4,4030930,George-Grosz-Platz,2019,6,16,3,3,6,7,0,0,1,1,0,0,0,0,7931697845,5825624075,1331998,5250176
196409,11,7,7040401,Neu-Tempelhof,2019,6,18,2,3,2,6,0,0,1,0,0,0,0,0,7973020786,5823160709,1337848,5247745
196410,11,1,2010102,Mehringplatz,2019,6,11,3,3,6,4,0,0,1,1,0,0,0,0,7979055497,582655877,1339038,5250758
196411,11,12,12304314,Ziekowstra·e/Freie Scholle,2019,6,15,2,2,1,5,0,0,1,0,0,0,0,0,7912363706,5836415069,1330104,5259954
196412,11,1,1011305,Heine-Viertel West,2019,6,15,2,3,5,2,0,1,1,0,0,0,0,0,7996871707,5827210076,1341714,5251244
196413,11,7,7070701,Kettinger Stra·e/Schillerstra·e,2019,6,13,3,3,1,7,0,0,1,0,0,0,0,0,7994522415,581507468,134028,5240379
196414,11,6,6040810,Dahlem,2019,6,15,2,3,5,2,0,0,1,0,0,0,0,0,7901564915,5819781138,1327063,5245099
196415,11,7,7030303,Grazer Platz,2019,6,12,3,3,5,3,0,0,1,0,0,0,0,0,7960611581,5822858306,1335999,5247541
196416,11,12,12214421,Reinickes Hof,2019,6,8,2,3,5,2,0,1,1,0,0,0,0,0,7930190701,5833869434,1332504,5257576
196417,11,9,9031101,GrÅnau,2019,6,12,3,3,5,2,0,0,1,0,1,0,0,0,8110641462,5818017816,1357568,524237
196418,11,7,7030301,Friedenau,2019,6,10,2,3,5,2,0,0,1,0,1,0,0,0,7939265698,582250888,1332835,5247343
196419,11,2,2030302,Lausitzer Platz,2019,6,12,3,3,5,3,0,0,1,0,1,0,0,0,8007480776,5826523079,134321,525057
196420,11,4,4030930,George-Grosz-Platz,2019,6,15,2,3,5,7,0,0,1,0,0,0,0,0,7929520172,5825414338,133166,525
196421,11,7,7010101,Wittenbergplatz/Viktoria-Luise-Platz,2019,6,15,2,3,5,3,0,0,1,0,0,0,0,0,7948705834,5825571573,1334492,5250038
196422,11,10,10030727,Biesdorf SÅd,2019,6,12,3,3,0,7,0,0,1,0,0,0,0,0,8095552665,5826585643,1356151,5250133
196423,11,12,12302108,MÑrkisches Zentrum,2019,6,12,3,3,5,3,0,0,1,0,0,0,0,0,793944419,5836640616,1334111,526001
196424,11,7,7040403,Manteuffelstra·e,2019,6,15,2,3,2,6,0,0,1,0,0,0,1,0,79719909,582070135,1337478,5245546
196425,11,10,10010102,Havemannstra·e,2019,6,11,3,3,5,5,0,0,1,0,0,0,0,0,8095979526,5834296712,1356932,5257041
196426,11,2,2050602,Samariterviertel,2019,6,6,2,3,2,7,0,0,1,0,1,0,0,0,8030669162,5827813361,1346734,5251598
196427,11,9,9010301,Baumschulenstra·e,2019,6,21,3,3,6,2,2,0,1,1,0,0,0,0,805013875,5822699212,1349126,5246906
196428,11,3,3050919,Gustav-Adolf-Stra·e,2019,6,6,2,3,5,2,0,1,0,0,0,0,1,0,8018610983,5832889949,1345423,5256215
196429,11,3,3061332,Helmholtzplatz,2019,6,7,2,3,2,7,0,1,0,0,0,0,1,0,8000226212,5830693078,1342521,5254348
196430,11,11,11030618,Fennpfuhl West,2019,6,19,3,3,5,3,0,1,0,0,0,0,0,0,8031543449,5829566188,1347022,5253164
196431,11,2,2010103,Moritzplatz,2019,6,18,3,3,2,6,0,1,1,0,0,0,0,0,7995062926,5826130621,1341351,5250286
196432,11,4,4030620,Alt-Lietzow,2019,6,14,2,3,5,2,0,0,1,0,0,0,0,0,7917940085,5827482429,133014,5251916
196433,11,7,7040405,Rathaus Tempelhof,2019,6,16,2,3,2,6,0,0,1,0,0,0,1,0,7985375148,5820615065,1339434,5245396
196434,11,8,8010118,Silbersteinstra·e,2019,6,19,3,3,0,6,0,0,1,0,0,0,1,0,8009900965,5822194578,1343175,5246677
196435,11,6,6040810,Dahlem,2019,6,14,2,3,3,6,0,0,1,0,1,0,0,0,7902482793,5820032773,1327219,524532
196436,11,8,8010115,Hasenheide,2019,6,19,3,2,6,4,0,0,1,1,0,0,0,0,7998785908,5823646986,1341674,524804
196437,11,2,2020206,Graefekiez,2019,6,13,2,3,6,7,0,0,0,1,0,0,1,0,8001727082,5824423593,1342176,524872
196438,11,12,12304314,Ziekowstra·e/Freie Scholle,2019,6,12,2,3,0,2,0,0,1,0,1,0,0,0,7906985851,5835383738,1329222,5259058
196439,11,4,4041342,Schlangenbader Stra·e,2019,6,18,3,3,5,2,0,0,1,0,0,0,0,0,792526692,5822912069,1330815,524778
196440,11,3,3010104,Lietzengraben,2019,6,11,2,3,3,6,0,0,1,0,0,0,0,0,8008895662,5838793767,1344531,526156
196441,11,5,5020417,Staakener Stra·e,2019,6,18,3,3,3,6,0,0,1,0,0,0,0,0,7824037727,5828519675,1316426,5253341
196442,11,1,1011302,Oranienburger Stra·e,2019,6,23,2,2,6,2,2,0,1,1,0,0,0,0,797936329,5828424181,133925,5252428
196443,11,12,12214527,Alt-Tegel,2019,6,18,3,3,2,2,0,1,1,0,0,0,0,0,789906282,5835707892,1328084,5259391
196444,11,8,8010301,Reuterkiez,2019,6,21,2,3,3,6,2,1,1,0,0,0,0,0,800611513,5825122352,1342883,5249322
196445,11,8,8010510,Gewerbegebiet Kîllnische Heide,2019,6,11,3,3,2,6,0,0,1,0,0,0,0,0,8024722616,5822573559,1345384,5246935
196446,11,3,3040614,Pankow Zentrum,2019,6,11,2,3,5,3,0,1,1,0,0,0,0,0,798043869,5833451403,1339859,5256929
196447,11,11,11051331,Karlshorst Nord,2019,6,10,2,3,5,2,0,0,1,0,0,0,1,0,807307329,5824799114,1352685,5248659
196448,11,1,1022204,Thomasiusstra·e,2019,6,17,3,3,5,3,0,1,0,0,0,0,0,0,7945449314,582818234,1334244,5252396
196449,11,6,6040804,Krumme Lanke,2019,6,11,3,3,5,3,0,1,1,0,0,0,0,0,7876726609,5819217977,1323369,5244726
196450,11,1,1011304,Karl-Marx-Allee,2019,6,21,2,2,6,4,1,0,0,1,0,0,1,0,8000584458,5828482361,1342374,5252364
196451,11,9,9041301,Kietzer Feld/Nachtheide,2019,6,10,2,3,5,3,0,1,1,0,0,0,0,0,811761802,5819770843,1358754,5243901
196452,11,1,1011304,Karl-Marx-Allee,2019,6,10,3,3,2,6,0,0,1,0,0,0,0,0,7998257636,5827506975,1341944,5251503
196453,11,4,4030623,Ernst-Reuter-Platz,2019,6,10,2,3,6,4,0,0,1,1,0,0,0,0,7936769709,5827047651,1332869,5251425
196454,11,12,12103218,Teichstra·e,2019,6,17,3,3,2,6,0,0,1,0,0,0,0,0,79450364,583427174,1334724,5257857
196455,11,7,7040403,Manteuffelstra·e,2019,6,10,2,3,1,5,0,1,1,0,0,0,0,0,7976851938,5821869442,1338295,5246566
196456,11,4,4051653,Prager Platz,2019,6,16,3,3,2,6,0,0,1,0,1,0,0,0,7939657278,582460309,1333077,5249218
196457,11,1,1011103,LÅtzowstra·e,2019,6,20,2,2,5,2,0,0,1,0,0,0,1,0,7954194449,5825816725,133532,5250228
196458,11,4,4030931,Breitscheidplatz,2019,6,10,3,3,1,5,0,1,1,0,0,0,0,0,7943862436,5825702206,1333792,5250181
196459,11,4,4030620,Alt-Lietzow,2019,6,17,2,3,0,7,0,0,0,0,1,0,0,1,792185834,5827306159,13307,5251737
196460,11,1,1033102,Gesundbrunnen,2019,6,9,3,3,5,3,0,0,1,0,0,0,0,0,7976832879,5831306969,1339136,5255026
196461,11,6,6020409,Kînigsberger Stra·e,2019,6,9,2,3,5,2,0,0,1,0,0,0,0,0,7932750325,5816908498,1331387,5242358
196462,11,2,2010101,Askanischer Platz,2019,6,9,3,3,3,6,0,1,0,0,1,0,0,0,7976163747,5826425903,1338601,5250655
196463,11,5,5020522,Pillnitzer Weg,2019,6,9,2,3,5,3,0,0,1,0,0,0,0,0,78190426,5827178518,1315578,5252164
196464,11,11,11041128,Sewanstra·e,2019,6,9,2,3,6,4,0,0,0,1,1,0,0,0,8052323594,5826135383,1349761,5249973
196465,11,1,1044101,Rehberge,2019,6,16,3,3,2,6,0,0,1,0,1,0,0,0,7938784651,5830057743,1333431,5254113
196466,11,1,1044102,Schillerpark,2019,6,9,2,2,5,2,0,1,1,0,0,0,0,0,79491145,5832042045,1335126,5255836
196467,11,12,12302212,Rollbergesiedlung,2019,6,9,3,3,5,2,0,1,1,0,0,0,0,0,7925982661,5837379876,1332195,5260746
196468,11,11,11040926,Weitlingstra·e,2019,6,9,2,3,5,3,0,0,1,0,1,0,0,0,804959755,5826465777,1349391,5250285
196469,11,11,11020513,Orankesee,2019,6,16,3,3,3,6,0,0,1,0,0,1,0,0,8031882372,5830342353,1347143,5253858
196470,11,9,9051901,Dammvorstadt,2019,6,8,2,2,5,2,0,1,1,0,0,0,0,0,8111599841,5821574045,135804,5245551
196471,11,10,10040830,Kaulsdorf SÅd,2019,6,16,3,3,5,3,0,1,1,0,0,0,0,0,8109805632,5824874626,1358084,5248519
196472,11,9,9020501,Oberschîneweide West,2019,6,8,2,3,0,6,0,1,0,0,0,1,0,0,8062467166,5822191783,1350889,5246382
196473,11,7,7050501,Rathausstra·e,2019,6,8,2,3,2,6,0,0,1,0,0,0,0,0,7980479285,5819470125,1338613,5244396
196474,11,1,1022104,Emdener Stra·e,2019,6,9,3,3,2,6,0,0,1,0,0,0,0,0,7945423316,5829091053,1334321,525321
196475,11,1,1011306,Heine-Viertel Ost,2019,6,16,3,3,3,6,0,1,1,0,0,0,0,0,8000579585,582690076,1342231,5250946
196476,11,10,10030724,Oberfeldstra·e,2019,6,8,2,3,5,2,0,0,1,0,0,0,0,0,809645771,5829689142,1356573,525291
196477,11,4,4030620,Alt-Lietzow,2019,6,18,2,3,2,6,0,0,1,0,0,0,1,0,7919269483,5827422397,133033,5251855
196478,11,2,2010101,Askanischer Platz,2019,6,9,3,3,5,2,0,1,1,0,0,0,0,0,7972264179,582634909,1338021,5250607
196479,11,4,4031032,Halensee,2019,6,9,1,3,5,2,0,1,1,0,0,0,0,0,7916350307,5824511708,1329646,5249262
196480,11,9,9041501,Altstadt Kietz,2019,6,16,3,3,1,5,0,1,1,0,0,0,1,0,8113019172,5820201614,135812,5244313
196481,11,11,11051331,Karlshorst Nord,2019,6,0,1,3,5,3,2,0,1,0,0,0,0,0,8075476965,5824813491,1353039,5248659
196482,11,5,5030730,Zitadellenweg,2019,6,1,1,2,0,1,2,0,1,0,1,0,0,0,786899221,5830076968,132317,5254502
196483,11,1,1011102,Gro·er Tiergarten,2019,6,8,3,3,5,3,0,0,1,0,1,0,0,0,7950515033,5827187049,1334901,5251476
196484,11,1,1044202,Sparrplatz,2019,6,9,1,3,2,6,0,0,1,0,0,0,1,0,7950592596,583033912,1335192,5254301
196485,11,12,12231101,Hermsdorf,2019,6,9,1,3,5,3,0,0,1,0,0,0,0,0,7911904184,5837723563,1330152,5261129
196486,11,2,2010103,Moritzplatz,2019,6,8,3,3,5,2,0,1,0,0,0,0,1,0,7993280174,5826226817,1341098,5250382
196487,11,9,9020701,Adlershof West,2019,6,11,1,3,0,2,0,0,1,0,1,0,0,0,807686343,5819179038,1352723,5243601
196488,11,8,8010301,Reuterkiez,2019,6,22,1,3,1,5,1,1,1,0,0,0,0,0,8016485582,5824159047,1344319,5248401
196489,11,5,5010314,Carl-Schurz-Stra·e,2019,6,7,3,3,3,6,0,0,1,0,1,0,0,0,7847912496,5828848614,1319964,5253511
196490,11,1,1011401,Invalidenstra·e,2019,6,21,1,2,5,3,1,0,1,0,1,0,0,0,7977039044,5829237567,1338981,525317
196491,11,1,1022106,Elberfelder Stra·e,2019,6,8,3,3,5,2,0,1,1,0,0,0,0,0,7936876773,5828003362,1332969,5252282
196492,11,1,1044101,Rehberge,2019,6,21,1,3,1,5,1,1,1,0,0,0,1,0,793826042,5830715717,1333412,5254706
196493,11,5,5030730,Zitadellenweg,2019,6,6,3,3,2,2,0,0,1,0,1,0,0,0,7866170512,5829251101,1322684,5253777
196494,11,1,1011301,CharitÇviertel,2019,6,20,1,2,2,6,0,0,1,0,1,0,0,0,797156331,5829196916,1338173,5253164
196495,11,1,1033201,Brunnenstra·e,2019,6,8,3,3,5,2,0,0,1,0,0,0,1,0,7976990669,5830682026,1339104,5254465
196496,11,10,10030724,Oberfeldstra·e,2019,6,19,1,3,5,7,0,1,1,0,0,0,0,0,8090296722,582844077,1355551,5251826
196497,11,10,10040933,Mahlsdorf SÅd,2019,6,19,1,3,5,3,0,0,1,0,1,0,0,0,8123994366,5824300614,1360113,5247924
196498,11,9,9041301,Kietzer Feld/Nachtheide,2019,6,7,3,3,5,3,0,1,1,0,0,0,0,0,8117669243,5818272864,1358622,5242558
196499,11,12,12301203,Wittenau SÅd,2019,6,7,3,3,5,2,0,0,1,0,1,0,0,0,793420353,5836088487,1333291,5259544
196500,11,7,7020204,Schîneberger Insel,2019,6,17,1,3,1,5,0,1,1,0,0,0,0,0,7963030781,5824279819,1336481,5248802
196501,11,7,7040401,Neu-Tempelhof,2019,6,17,1,3,1,5,0,1,1,0,0,0,0,0,797207536,5822598731,1337659,5247246
196502,11,3,3030711,Blankenburg,2019,6,7,3,3,5,2,0,1,1,0,0,0,0,0,8016045702,5836127615,1345341,5259131
196503,11,8,8010214,Glasower Stra·e,2019,6,17,1,3,0,6,0,0,1,0,1,0,0,0,8017441602,5822065453,134427,5246519
196504,11,5,5010310,Eckschanze,2019,6,6,3,3,5,3,0,1,1,0,0,0,0,0,7845845525,5830691056,1319818,5255174
196505,11,6,6040809,Thielallee,2019,6,14,1,3,5,3,0,0,1,0,0,0,0,0,7911412356,5819257726,1328462,5244578
196506,11,1,1011201,Wilhelmstra·e,2019,6,14,2,3,6,4,0,0,1,1,0,0,0,0,7969788241,582702272,1337718,5251224
196507,11,3,3020209,Niederschînhausen,2019,6,14,1,3,5,2,0,0,1,0,0,0,0,0,7977702066,5835761244,1339664,5259014
196508,11,1,1011302,Oranienburger Stra·e,2019,6,17,2,3,5,7,0,0,1,0,0,0,0,0,7984329003,5829046054,1340036,5252959
196509,11,9,9010101,Elsenstra·e,2019,6,14,1,3,2,7,0,1,1,0,0,0,0,0,8022923094,5825488591,1345385,5249557
196510,11,6,6040703,Nikolassee,2019,6,14,1,3,5,3,0,1,1,0,0,0,0,0,7858865933,5817772064,1320625,5243523
196511,11,4,4020313,Kînigin-Elisabeth-Stra·e,2019,6,12,2,3,5,2,0,0,1,0,1,0,0,0,7906468038,5826703353,1328386,5251279
196512,11,5,5020416,Am Heideberg,2019,7,19,5,3,6,6,0,0,1,1,0,0,0,0,7810528685,5829607482,1314532,5254386
196513,11,2,2020204,Urbanstra·e,2019,7,19,5,2,5,2,0,1,1,0,0,0,0,0,7986975747,5824672444,1340032,5249024
196514,11,1,1044101,Rehberge,2019,7,18,5,3,6,7,0,1,0,1,0,0,0,0,7945291173,5831556882,133452,5255422
196515,11,1,1011201,Wilhelmstra·e,2019,7,17,5,2,5,2,0,0,1,0,1,0,0,0,79701418,5826726159,1337743,5250956
196516,11,9,9051702,Bîlschestra·e,2019,7,17,5,2,5,3,0,1,1,0,0,0,0,0,8146063219,5821936317,1363129,5245678
196517,11,8,8010118,Silbersteinstra·e,2019,7,17,5,3,5,2,0,0,1,0,0,0,0,0,8010049172,5822159522,1343193,5246645
196518,11,2,2030302,Lausitzer Platz,2019,7,17,5,3,5,2,0,1,1,0,0,0,0,0,8014311335,5826069115,1344172,5250125
196519,11,1,1011302,Oranienburger Stra·e,2019,7,16,5,2,0,4,0,1,0,1,0,0,0,0,7982049621,5828918517,1339689,5252857
196520,11,4,4051551,Brabanter Platz,2019,7,15,5,3,0,7,0,0,0,0,1,0,1,1,7933199969,5823569565,1332038,5248327
196521,11,5,5020625,Borkumer Stra·e,2019,7,16,5,2,6,4,0,0,1,1,0,0,0,0,7844684291,5828145473,131943,5252898
196522,11,3,3010102,Buch,2019,7,16,5,2,5,3,0,1,1,0,0,0,0,0,8045077048,5841274482,1350087,5263582
196523,11,8,8020619,Buschkrugallee Nord,2019,7,14,5,2,5,3,0,0,1,0,1,0,0,0,8028122565,5820793171,1345722,524532
196524,11,10,10030727,Biesdorf SÅd,2019,7,13,5,3,1,5,0,1,1,0,0,0,0,0,8092962736,5826661709,1355778,5250216
196525,11,2,2050802,Boxhagener Platz,2019,7,13,5,3,1,5,0,0,1,0,1,0,1,0,8022666017,5826861362,1345471,5250789
196526,11,4,4030726,Droysenstra·e,2019,7,13,5,2,6,4,0,0,1,1,0,0,0,0,7919502519,5825252124,1330174,5249908
196527,11,9,9020701,Adlershof West,2019,7,12,5,3,5,3,0,0,0,0,0,1,1,0,8086417035,5819167114,1354123,5243537
196528,11,8,8020622,Parchimer Allee,2019,7,9,5,3,2,6,0,0,1,0,0,0,0,0,8022506569,581958873,1344789,5244272
196529,11,2,2040701,Andreasviertel,2019,7,8,5,2,5,3,0,1,1,0,0,0,0,0,8002943344,5827628217,1342643,5251585
196530,11,1,1044201,Reinickendorfer Stra·e,2019,7,7,5,3,6,4,0,0,0,1,0,1,0,0,7966773951,583190439,1337711,5255617
196531,11,1,1011306,Heine-Viertel Ost,2019,7,7,5,3,5,2,0,1,1,0,0,0,0,0,8000202375,5826468064,1342136,5250561
196532,11,4,4031032,Halensee,2019,7,7,5,3,5,3,0,1,1,0,0,0,0,0,7911804039,582499836,1329021,5249722
196533,11,5,5020523,Maulbeerallee,2019,7,7,5,3,2,6,0,0,1,0,0,0,0,0,7828594086,5826898866,1316958,5251864
196534,11,1,1011202,Unter den Linden Nord,2019,7,7,5,3,3,6,0,1,1,0,0,0,0,0,7979340859,5827934106,1339203,5251989
196535,11,11,11030720,Herzbergstra·e,2019,7,1,5,3,6,4,2,0,1,1,0,0,0,0,8051949684,5829080317,1349976,5252615
196536,11,4,4030623,Ernst-Reuter-Platz,2019,7,9,4,3,6,7,0,1,0,0,0,0,1,0,7937001306,5826365047,1332842,5250812
196537,11,3,3071537,Kollwitzplatz,2019,7,22,4,3,0,3,2,0,1,0,1,0,0,0,7993584667,5829198784,134141,5253045
196538,11,3,3010101,Bucher Forst,2019,7,20,4,3,6,7,0,1,0,1,0,0,0,0,803951168,5841333789,1349272,5263667
196539,11,2,2030401,Reichenberger Stra·e,2019,7,19,4,2,5,3,0,1,1,0,0,0,0,0,8007718041,5825611272,1343163,5249751
196540,11,1,1011204,Leipziger Stra·e,2019,7,17,4,3,5,2,0,1,1,0,0,0,0,0,7987703467,5827484833,1340391,5251541
196541,11,1,1011305,Heine-Viertel West,2019,7,17,4,3,5,2,0,1,1,0,0,0,0,0,7996464127,5827049332,1341639,5251102
196542,11,6,6040701,Wannsee,2019,7,16,4,3,9,1,0,0,1,0,0,0,0,0,7842163624,581620438,1318041,5242204
196543,11,8,8020619,Buschkrugallee Nord,2019,7,16,4,3,1,1,0,0,1,0,1,0,0,0,8016120852,5821692496,1344042,5246192
196544,11,2,2040701,Andreasviertel,2019,7,16,4,3,3,6,0,1,1,0,0,0,0,0,8006397013,582735764,1343126,5251324
196545,11,4,4020209,Eichkamp,2019,7,15,4,2,0,1,0,1,0,0,0,0,0,0,7892280211,5824032093,1326069,524896
196546,11,10,10010308,Marzahner Chaussee,2019,7,14,4,3,5,2,0,1,0,0,0,0,1,0,8066292438,5830238623,1352191,5253573
196547,11,5,5010206,GÅtersloher Weg,2019,7,23,4,2,7,7,2,0,0,0,0,0,1,0,7819765014,5830602308,1315974,525523
196548,11,7,7040405,Rathaus Tempelhof,2019,7,22,4,3,0,3,2,0,1,0,0,0,1,0,7982795596,582099299,1339089,5245748
196549,11,4,4030929,Hindemithplatz,2019,7,20,4,3,1,5,0,0,1,0,0,0,1,0,7923253987,5825514588,1330748,5250124
196550,11,1,1022104,Emdener Stra·e,2019,7,13,4,3,1,7,0,0,1,0,1,0,0,0,7942139265,5828585722,1333794,5252775
196551,11,8,8030831,Gropiusstadt Ost,2019,7,13,4,3,0,2,0,0,0,0,1,0,1,0,8041379434,581780169,1347395,5242565
196552,11,9,9041601,MÅggelheim,2019,7,9,4,3,2,6,0,1,0,0,0,0,0,0,819343831,5818461071,1369746,524229
196553,11,7,7040405,Rathaus Tempelhof,2019,7,12,4,3,5,7,0,0,1,0,1,0,0,0,7984805521,5820974851,1339383,5245721
196554,11,2,2010103,Moritzplatz,2019,7,11,4,3,2,6,0,0,1,0,0,0,0,0,7998325564,5825751192,1341796,5249928
196555,11,4,4030931,Breitscheidplatz,2019,7,11,4,3,5,5,0,1,1,0,0,0,0,0,793913867,582550913,1333081,5250033
196556,11,1,1011201,Wilhelmstra·e,2019,7,10,4,3,5,2,0,1,1,0,0,0,0,0,7973040478,5827235514,1338215,5251397
196557,11,1,1033102,Gesundbrunnen,2019,7,7,4,3,1,5,0,1,1,0,0,0,0,0,7970874865,5831427362,1338271,5255167
196558,11,2,2010101,Askanischer Platz,2019,7,9,4,3,6,7,0,1,0,1,0,0,0,0,7972138106,5826363235,1338004,525062
196559,11,1,1033203,Humboldthain Nordwest,2019,7,9,4,3,5,3,0,1,0,0,0,1,0,0,7969349393,5830171942,1337935,525405
196560,11,9,9010202,Kîpenicker Landstra·e,2019,7,9,4,3,0,1,0,1,0,0,0,0,0,0,8041460077,5822931722,1347873,5247163
196561,11,5,5010103,Amorbacher Weg,2019,7,9,4,3,0,3,0,0,1,0,1,0,0,0,7847330857,5831859369,1320137,5256214
196562,11,12,12103219,SchÑfersee,2019,7,16,4,3,9,1,0,0,1,0,0,0,0,0,7956622396,5832966598,1336312,5256624
196563,11,11,11020514,Gro·e-Leege-Stra·e,2019,7,9,4,3,5,2,0,1,1,0,0,0,0,0,8041495249,5830425119,1348563,5253879
196564,11,12,12103220,Humboldtstra·e,2019,7,15,4,2,1,7,0,0,1,0,0,0,1,0,794130688,583359552,1334115,5257271
196565,11,4,4030726,Droysenstra·e,2019,7,15,4,3,0,1,0,0,0,0,1,0,0,0,7920852567,582577957,1330418,5250374
196566,11,11,11030721,RÅdigerstra·e,2019,7,15,4,3,1,5,0,1,1,0,0,0,0,0,804218087,5828419924,134848,5252078
196567,11,10,10010206,Ringkolonnaden,2019,7,15,4,2,5,2,0,0,0,0,1,0,1,0,8100128894,5832313045,1357357,525524
196568,11,5,5010207,Darbystra·e,2019,7,15,4,3,0,2,0,1,1,0,0,0,0,0,7835792577,5830206824,1318298,5254792
196569,11,4,4030930,George-Grosz-Platz,2019,7,14,4,3,2,7,0,0,1,0,0,0,0,0,7930102666,5825555513,1331758,5250124
196570,11,4,4030931,Breitscheidplatz,2019,7,14,4,3,5,2,0,1,1,0,0,0,0,0,7939188992,5825642459,13331,5250153
196571,11,9,9030901,Dorf Altglienicke,2019,7,8,4,3,5,2,0,1,1,0,0,0,0,0,8076843758,5817719645,1352586,5242293
196572,11,3,3020307,Buchholz,2019,7,7,4,3,0,1,0,1,0,0,0,0,0,0,8000845108,5837521357,134323,5260464
196573,11,9,9020701,Adlershof West,2019,7,7,4,3,5,3,0,1,0,0,1,0,0,0,8085034308,5818725839,135388,5243149
196574,11,4,5030832,Rohrdamm,2019,7,0,4,3,7,7,2,0,1,0,0,0,0,0,7894334678,583062672,1326944,5254861
196575,11,6,6030504,Teltower Damm,2019,7,14,4,3,5,3,0,1,1,0,0,0,0,0,7901891772,5815243828,1326717,524103
196576,11,7,7040404,Marienhîhe,2019,7,14,4,2,2,6,0,0,1,0,0,0,1,0,796473968,5819817563,1336335,5244793
196577,11,9,9010302,SpÑthsfelde,2019,7,13,4,3,4,6,0,0,1,0,0,0,0,0,803795083,5821086965,134719,5245529
196578,11,2,2040503,Richard-Sorge-Viertel,2019,7,15,4,3,3,6,0,1,1,0,0,0,0,0,8014570986,5828047338,134439,5251897
196579,11,1,1011301,CharitÇviertel,2019,7,13,4,3,1,5,0,1,1,0,0,0,0,0,7970411687,582839183,1337932,5252448
196580,11,4,4030827,Karl-August-Platz,2019,7,13,4,3,5,7,0,1,1,0,0,0,0,0,7922194072,5826491161,1330678,5251005
196581,11,4,4030827,Karl-August-Platz,2019,7,12,4,3,3,6,0,1,1,0,0,0,0,0,7927278354,5826153624,1331395,5250675
196582,11,1,1033201,Brunnenstra·e,2019,7,19,3,3,0,6,0,0,1,0,1,0,0,0,7980810325,5830001803,1339604,5253834
196583,11,8,8010404,Rixdorf,2019,7,13,3,3,0,6,0,0,1,0,0,0,1,0,8021400243,5822692274,1344908,5247059
196584,11,4,4051446,Preu·enpark,2019,7,8,3,3,0,7,0,1,0,0,0,0,0,1,7928130537,5824367052,1331363,5249069
196585,11,11,11051331,Karlshorst Nord,2019,7,19,3,3,5,3,0,1,0,0,0,0,1,0,8079742171,582386632,1353578,5247786
196586,11,7,7010102,Nollendorfplatz,2019,7,22,3,3,0,7,2,0,0,0,1,0,0,0,7959265481,5825376805,1336025,5249806
196587,11,4,4030623,Ernst-Reuter-Platz,2019,7,15,3,3,5,3,0,1,1,0,0,0,0,0,7929013879,5826967897,1331722,5251396
196588,11,3,3061126,Arnimplatz,2019,7,15,3,3,2,6,0,0,1,0,1,0,0,0,7991921965,5831774975,1341397,5255363
196589,11,9,9030901,Dorf Altglienicke,2019,7,14,3,3,5,2,0,0,1,0,0,0,1,0,8077909388,5817234083,1352698,5241852
196590,11,1,1011105,Nîrdlicher Landwehrkanal,2019,7,16,3,3,2,2,0,0,1,0,0,0,0,0,796582875,5826871072,1337123,525111
196591,11,7,7010102,Nollendorfplatz,2019,7,14,3,2,5,7,0,0,1,0,1,0,0,0,7954847982,5825579028,1335395,5250011
196592,11,4,4051448,Schaperstra·e,2019,7,14,3,3,6,7,0,1,0,1,0,0,0,0,7937868387,5825471707,1332891,5250007
196593,11,2,2020204,Urbanstra·e,2019,7,22,3,3,2,6,2,0,1,0,1,0,0,0,7990432528,5825050903,1340574,5249344
196594,11,4,4030724,Lietzensee,2019,7,21,3,3,5,2,0,0,1,0,1,0,0,0,7910262155,5826041636,1328885,5250666
196595,11,5,5010207,Darbystra·e,2019,7,20,3,3,2,6,1,0,1,0,0,0,0,0,7836926209,5830033716,131845,5254631
196596,11,1,1033101,Soldiner Stra·e,2019,7,13,3,2,5,7,0,0,1,0,1,0,0,0,7962617769,5832173799,1337123,5255881