OBJECTID,LAND,BEZ,LOR,STRASSE,UJAHR,UMONAT,USTUNDE,UWOCHENTAG,UKATEGORIE,UART,UTYP1,ULICHTVERH,IstRad,IstPKW,IstFuss,IstKrad,IstGkfz,IstSonstige,USTRZUSTAND,LINREFX,LINREFY,XGCSWGS84,YGCSWGS84
196597,11,4,4051448,Schaperstra·e,2019,7,12,3,3,2,6,0,0,1,0,1,0,0,0,794133687,5825463783,13334,5249981
196598,11,1,1011301,CharitÇviertel,2019,7,19,3,3,3,6,0,1,0,1,0,0,1,0,7973754716,5828942172,1338472,5252923
196599,11,6,6040703,Nikolassee,2019,7,18,3,3,5,3,0,1,1,0,0,0,0,0,7859409215,5817242414,1320659,5243045
196600,11,7,7010104,Dennewitzplatz,2019,7,18,3,2,0,7,0,1,0,1,0,0,0,0,7965546112,5824856564,1336902,5249306
196601,11,2,2040701,Andreasviertel,2019,7,12,3,3,6,4,0,1,0,1,0,0,0,0,8012080931,5827484466,1343973,5251406
196602,11,2,2020206,Graefekiez,2019,7,18,3,3,0,6,0,0,0,0,0,0,1,0,7997860339,5824820622,1341644,5249097
196603,11,8,8020728,Buckow Ost,2019,7,17,3,3,0,3,0,1,1,0,0,0,0,0,8022758121,5816644396,134456,5241631
196604,11,9,9020601,Schnellerstra·e,2019,7,17,3,3,0,1,0,1,1,0,0,0,0,0,8064784345,5821587403,1351173,5245828
196605,11,7,7040405,Rathaus Tempelhof,2019,7,17,3,3,2,6,0,0,1,0,1,0,0,0,7984762166,5821921287,1339461,524657
196606,11,6,6040807,Zehlendorf Eiche,2019,7,17,3,2,1,5,0,1,0,0,0,0,1,0,7899563449,5819061721,1326707,5244465
196607,11,4,4041240,Messelpark,2019,7,17,3,3,5,3,0,1,1,0,0,0,0,0,7907383293,5822655659,1328167,5247645
196608,11,11,11020514,Gro·e-Leege-Stra·e,2019,7,15,3,3,6,4,0,1,0,1,0,0,0,0,8043483128,5830822158,1348892,5254223
196609,11,11,11051331,Karlshorst Nord,2019,7,10,3,3,5,3,0,0,1,0,0,0,0,0,8076658299,582453878,1353187,5248406
196610,11,2,2050803,Stralauer Kiez,2019,7,16,3,3,5,2,0,1,1,0,0,0,0,0,802037559,5826153006,1345071,5250167
196611,11,8,8030829,Gropiusstadt Nord,2019,7,16,3,3,5,3,0,1,1,0,0,0,0,0,8029682058,5818341672,1345728,5243114
196612,11,1,1033102,Gesundbrunnen,2019,7,16,3,3,1,5,0,1,1,0,0,0,0,0,79801391,583137905,1339629,5255073
196613,11,1,1044103,Westliche MÅllerstra·e,2019,7,16,3,3,5,3,0,1,1,0,0,0,0,0,794748182,5830415036,1334741,5254386
196614,11,9,9020502,Oberschîneweide Ost,2019,7,15,3,3,5,2,0,0,1,0,0,0,1,0,8094014666,582150476,1355454,5245589
196615,11,11,11030721,RÅdigerstra·e,2019,7,15,3,2,2,6,0,0,1,0,0,0,0,0,8046059656,5827491135,1348965,5251224
196616,11,5,5010314,Carl-Schurz-Stra·e,2019,7,15,3,3,6,4,0,0,1,1,0,0,0,0,7847941179,582877966,1319963,5253449
196617,11,7,7060604,Marienfelde SÅd,2019,7,10,3,2,5,2,0,0,1,0,0,0,0,0,7976139733,5815560661,1337629,5240915
196618,11,4,4051446,Preu·enpark,2019,7,10,3,3,5,2,0,1,1,0,0,0,0,0,7928493247,5824354897,1331416,5249056
196619,11,8,8020625,Handwerker-Siedlung,2019,7,10,3,3,5,2,0,1,1,0,0,0,0,0,8013854097,5819265642,1343491,524403
196620,11,12,12103220,Humboldtstra·e,2019,7,7,4,2,2,6,0,1,1,0,0,0,0,0,7943653097,5833745401,1334474,5257392
196621,11,1,1011104,Kîrnerstra·e,2019,7,9,3,3,5,7,0,1,1,0,0,0,0,0,796261974,5825958406,133657,5250309
196622,11,7,7040403,Manteuffelstra·e,2019,7,9,3,3,5,2,0,0,1,0,1,0,0,0,797845401,5822205329,133856,5246859
196623,11,4,4041137,Flinsberger Platz,2019,7,16,4,3,6,4,0,0,1,1,0,0,0,0,7914498971,5824359279,1329361,5249135
196624,11,10,10030726,Alt-Biesdorf,2019,7,7,4,2,5,3,0,1,1,0,0,0,0,0,8095466389,5827716505,1356244,5251147
196625,11,9,9010401,Johannisthal West,2019,7,6,3,3,5,2,0,0,1,0,0,0,0,0,8062123325,5820262215,1350661,5244655
196626,11,1,1044201,Reinickendorfer Stra·e,2019,7,6,3,3,2,2,0,0,1,0,0,0,0,0,7955761503,5830791659,1335992,5254679
196627,11,4,4030929,Hindemithplatz,2019,7,16,4,3,2,6,0,0,1,0,0,0,0,0,7925722517,5825446294,1331105,5250049
196628,11,12,12214126,Tegel SÅd,2019,7,6,3,3,5,3,0,1,1,0,0,0,0,0,7907954894,5834062953,1329249,5257869
196629,11,4,4030623,Ernst-Reuter-Platz,2019,7,18,4,3,5,3,0,0,1,0,0,0,0,0,7931625557,5826882531,1332098,5251305
196630,11,1,1044103,Westliche MÅllerstra·e,2019,7,4,3,2,5,3,1,0,1,0,0,0,0,0,7944933483,5830684018,133439,5254641
196631,11,10,11020516,Wei·e Taube,2019,7,1,3,3,5,2,2,0,1,0,0,0,1,0,806320389,5830210046,1351734,5253564
196632,11,6,6010102,Schlo·stra·e,2019,7,16,4,3,6,4,0,0,1,1,0,0,0,0,7934061999,5820902203,133193,5245931
196633,11,8,8020625,Handwerker-Siedlung,2019,7,0,3,2,6,4,2,0,1,1,0,0,0,0,8014250982,581873867,1343501,5243555
196634,11,8,8010117,Schillerpromenade,2019,7,15,4,2,5,2,0,1,1,0,0,0,0,0,800175464,5823650664,134211,5248027
196635,11,7,7030301,Friedenau,2019,7,6,3,3,5,3,0,0,0,0,0,0,1,0,7942383016,5822030514,133325,5246898
196636,11,6,6030504,Teltower Damm,2019,7,8,4,3,0,1,0,0,0,0,1,0,0,0,7903796579,5815129967,1326986,5240917
196637,11,4,4020310,Park Ruhwald,2019,7,9,4,3,2,6,0,0,1,0,0,0,0,0,790158365,5827328973,1327723,5251866
196638,11,1,1011204,Leipziger Stra·e,2019,7,15,2,3,6,4,0,1,0,1,0,0,0,0,7978365496,5826975183,1338974,5251135
196639,11,7,7040405,Rathaus Tempelhof,2019,7,18,2,3,0,7,0,1,1,0,0,0,0,0,7979489167,5821417282,1338642,5246147
196640,11,12,12302108,MÑrkisches Zentrum,2019,7,0,4,2,0,1,2,0,1,0,0,0,0,0,7947709335,5836686181,1335332,5260007
196641,11,4,4030931,Breitscheidplatz,2019,7,11,2,3,5,3,0,0,0,0,1,1,0,0,7944688663,5825860374,1333927,5250318
196642,11,1,1044201,Reinickendorfer Stra·e,2019,7,0,4,3,5,2,2,0,0,0,0,0,1,0,7967046996,5831929935,1337753,5255638
196643,11,8,8020727,Buckow Mitte,2019,7,15,2,3,6,4,0,0,1,1,0,0,0,0,8015476678,5817370597,1343558,5242322
196644,11,1,1033203,Humboldthain Nordwest,2019,7,19,4,3,6,4,0,1,0,1,0,0,0,0,7965588264,5830997568,1337455,525481
196645,11,7,7030303,Grazer Platz,2019,7,21,2,3,0,1,0,0,0,0,1,0,0,0,7958888033,5820842605,1335568,5245744
196646,11,1,1022106,Elberfelder Stra·e,2019,7,8,4,3,6,7,0,0,1,1,0,0,0,0,794116201,5827798204,133358,5252075
196647,11,2,2040703,Wriezener Bahnhof/Entwicklungsgebiet,2019,7,19,2,2,5,2,0,1,1,0,0,0,0,0,8017536763,582626357,1344664,5250282
196648,11,4,4030519,Kaiserin-Augusta-Allee,2019,7,19,2,2,5,2,0,0,1,0,0,0,0,0,7920844616,5827960644,1330609,5252329
196649,11,4,4030827,Karl-August-Platz,2019,7,17,4,1,2,2,0,1,1,0,0,0,0,0,7924059224,5826526158,1330955,5251026
196650,11,11,11020515,Landsberger Allee,2019,7,22,3,3,0,1,2,1,0,0,0,0,0,0,8033726562,5830090726,1347391,5253622
196651,11,3,3040818,Pankow SÅd,2019,7,19,2,3,4,2,0,1,1,0,0,0,0,0,7988399365,5832388229,1340935,5255932
196652,11,9,9010402,Johannisthal Ost,2019,7,14,3,3,0,1,0,1,0,0,0,0,0,0,8063214359,5819658861,1350766,5244108
196653,11,6,6010205,SÅdende,2019,7,18,2,2,2,7,0,0,1,0,1,0,1,0,7958611267,5819280724,1335389,5244345
196654,11,8,8020622,Parchimer Allee,2019,7,18,3,3,5,2,0,1,1,0,0,0,0,0,8013186532,5819557922,1343419,5244295
196655,11,1,1011102,Gro·er Tiergarten,2019,7,17,2,3,0,1,0,0,0,0,1,0,0,0,7953055948,5827367065,133529,5251624
196656,11,11,11020514,Gro·e-Leege-Stra·e,2019,7,17,3,3,5,2,0,0,1,0,0,0,0,0,8046978504,5831161348,1349437,5254508
196657,11,7,7060603,Marienfelde Nordost,2019,7,16,2,2,0,1,0,0,0,0,0,0,1,0,7980975989,5817032377,1338469,5242208
196658,11,1,1044201,Reinickendorfer Stra·e,2019,7,16,2,3,2,6,0,0,1,0,0,0,0,0,7971147696,5831888559,1338352,5255579
196659,11,4,4030931,Breitscheidplatz,2019,7,17,3,2,5,7,0,0,1,0,1,0,0,0,7939247211,5825797952,1333122,5250292
196660,11,1,1033102,Gesundbrunnen,2019,7,12,2,3,5,7,0,0,1,0,0,1,0,0,797079089,5831451199,1338261,5255188
196661,11,2,2030301,Oranienplatz,2019,7,17,3,3,1,5,0,1,1,0,0,0,0,0,799849625,582600143,1341843,5250152
196662,11,6,6010101,Fichtenberg,2019,7,11,2,3,5,3,0,1,1,0,0,0,0,0,7933803253,5820364996,1331844,5245451
196663,11,5,5020626,Adamstra·e,2019,7,17,3,3,1,5,0,1,1,0,0,0,0,0,7847285925,5827275497,1319738,5252104
196664,11,2,2010103,Moritzplatz,2019,7,12,2,3,5,7,0,0,1,0,1,0,0,0,7993777305,5826178606,1341166,5250336
196665,11,4,4030518,Tegeler Weg,2019,7,15,3,2,1,1,0,0,1,1,0,0,0,0,7916323358,5828622505,1330002,5252947
196666,11,5,5030730,Zitadellenweg,2019,7,10,2,3,5,2,0,0,1,0,0,0,0,0,7864321594,5831178154,1322578,5255514
196667,11,11,11041128,Sewanstra·e,2019,7,10,2,2,5,2,0,1,0,0,0,0,1,0,8060324971,5825652903,1350892,5249496
196668,11,6,6040703,Nikolassee,2019,7,14,3,3,5,3,0,1,0,0,0,1,0,0,7848460772,5817638602,1319087,5243458
196669,11,5,5010312,Kurstra·e,2019,7,14,3,3,0,3,0,0,1,0,1,0,0,0,7852215109,5830572,1320745,5255034
196670,11,12,12214424,Scharnweberstra·e,2019,7,11,2,3,0,1,0,0,0,0,1,0,0,0,7935624894,5832368644,133317,5256202
196671,11,8,8010301,Reuterkiez,2019,7,16,2,3,1,5,0,1,1,0,0,0,0,0,8016021664,5824093763,1344245,5248345
196672,11,4,4020312,Branitzer Platz,2019,7,11,3,3,5,3,0,1,1,0,0,0,0,0,7896299728,5827415727,1326954,5251972
196673,11,1,1011304,Karl-Marx-Allee,2019,7,9,2,2,5,3,0,1,1,0,0,0,0,0,7997188372,5827562517,1341792,5251558
196674,11,12,12304313,Borsigwalde,2019,7,15,2,2,5,2,0,0,1,0,1,0,0,0,7924006191,5835221185,1331713,5258821
196675,11,12,12302110,Dannenwalder Weg,2019,7,11,3,3,2,6,0,0,1,0,0,0,0,0,7950046071,5836325206,1335644,525967
196676,11,1,1011306,Heine-Viertel Ost,2019,7,11,3,2,5,2,0,0,1,0,1,0,0,0,8000288363,5827069465,1342203,5251099
196677,11,4,4041343,Binger Stra·e,2019,7,8,2,3,1,5,0,1,0,0,0,0,1,0,7926364281,5822775056,1330964,5247651
196678,11,6,6020409,Kînigsberger Stra·e,2019,7,11,3,3,2,6,0,0,1,0,0,0,0,0,7932337094,5816839586,133132,5242298
196679,11,4,4010101,Jungfernheide,2019,7,7,2,3,5,3,0,0,1,0,0,0,0,0,7912976861,5830670856,132969,5254801
196680,11,1,1011402,Arkonaplatz,2019,7,10,3,3,2,6,0,0,1,0,0,0,0,0,7981646838,5829835835,1339712,5253681
196681,11,9,9020601,Schnellerstra·e,2019,7,6,2,3,5,2,0,0,1,0,0,0,0,0,8053456734,5822386477,1349584,5246607
196682,11,1,1011301,CharitÇviertel,2019,7,8,3,3,0,2,0,1,0,0,1,0,0,0,7974183709,5828891967,1338531,5252876
196683,11,1,1011303,Alexanderplatzviertel,2019,7,6,2,3,5,2,0,0,1,0,0,0,0,0,7992470224,5828469039,134118,5252397
196684,11,5,5030730,Zitadellenweg,2019,7,6,2,3,3,6,0,0,0,0,1,1,0,0,7860468296,5829180601,1321839,5253743
196685,11,7,7070704,Nahariyastra·e,2019,7,8,3,2,5,3,0,1,1,0,0,0,0,0,8006834432,5813934666,1341982,523929
196686,11,9,9020501,Oberschîneweide West,2019,7,5,2,3,0,1,1,0,0,0,1,0,0,0,8063431102,5822225686,1351033,5246407
196687,11,4,4010102,Plîtzensee,2019,7,6,3,3,5,2,1,0,1,0,0,0,0,0,793352206,5829681351,1332624,5253804
196688,11,8,8010211,Flughafenstra·e,2019,7,2,2,3,5,3,2,0,1,0,0,0,0,0,8004455215,5823705804,1342512,5248061
196689,11,11,11051229,Rummelsburg,2019,7,22,3,3,2,6,2,0,1,0,0,0,0,0,8036765883,5826244023,1347486,5250158
196690,11,4,4041344,RÅdesheimer Platz,2019,7,7,2,3,0,3,0,1,1,0,0,0,0,0,7928924566,5822847589,1331346,5247702
196691,11,3,3050920,Wei·er See,2019,7,22,3,3,5,2,2,0,1,0,0,0,0,0,80282401,5832152326,1346772,52555
196692,11,4,4030931,Breitscheidplatz,2019,7,1,2,2,1,5,2,1,1,0,0,0,0,0,7937938249,5825851068,1332935,5250346
196693,11,10,10010310,Alt-Marzahn,2019,7,14,2,2,1,1,0,0,1,0,0,1,0,0,8090871982,5830371553,1355815,5253553
196694,11,4,4030929,Hindemithplatz,2019,7,20,3,3,2,7,1,0,1,0,0,0,0,0,7926692472,5825766676,1331275,5250331
196695,11,1,1044101,Rehberge,2019,7,19,3,3,2,6,0,0,1,0,1,0,0,0,7944097891,5830555465,1334256,525453
196696,11,9,9020802,Kîllnische Vorstadt,2019,7,14,2,3,6,2,0,0,1,1,0,0,0,0,810693701,5819447697,1357158,5243672
196697,11,1,1011102,Gro·er Tiergarten,2019,7,14,2,3,2,2,0,0,1,0,0,0,0,0,7954199256,5827461117,1335466,5251702
196698,11,12,12214527,Alt-Tegel,2019,7,19,3,3,6,2,0,0,1,1,0,0,0,0,7900291234,5835374084,1328236,5259085
196699,11,8,8010510,Gewerbegebiet Kîllnische Heide,2019,7,14,2,2,5,2,0,0,1,0,1,0,0,0,8033412151,5822143053,1346621,5246501
196700,11,7,7010102,Nollendorfplatz,2019,7,19,3,2,5,2,0,1,1,0,0,0,0,0,7950753785,5825803539,1334813,5250235
196701,11,4,4030417,Schlo·stra·e,2019,7,13,2,3,5,2,0,1,1,0,0,0,0,0,7911836779,5826476599,1329155,5251047
196702,11,7,7060603,Marienfelde Nordost,2019,7,13,2,3,2,6,0,0,1,0,0,0,0,0,7980381881,5815811258,1338273,5241117
196703,11,3,3061228,Erich-Weinert-Stra·e,2019,7,12,2,3,5,3,0,0,1,0,0,0,0,0,8003241325,583157809,1343044,5255124
196704,11,9,9010302,SpÑthsfelde,2019,7,19,3,3,2,6,0,0,1,0,0,0,0,0,8030380085,5820914664,1346064,5245416
196705,11,4,4010102,Plîtzensee,2019,7,13,2,2,5,7,0,0,1,0,1,0,0,0,7926724812,583066068,1331711,5254718
196706,11,4,4041241,Breite Stra·e,2019,7,12,2,3,2,6,0,0,1,0,0,0,0,0,7915241807,5822504025,1329308,5247468
196707,11,10,10040830,Kaulsdorf SÅd,2019,6,16,1,3,5,3,0,0,1,0,1,0,0,0,8107801806,5824530563,1357758,5248222
196708,11,4,4030623,Ernst-Reuter-Platz,2019,6,3,1,2,0,7,2,1,0,0,0,0,0,0,793158133,582743497,133214,5251801
196709,11,1,1022101,Huttenkiez,2019,7,12,2,3,6,4,0,0,1,1,0,0,0,0,793525957,5829210274,1332838,5253372
196710,11,7,7020202,Volkspark (Rudolf-Wilde-Park),2019,6,1,1,3,1,1,2,0,1,0,0,0,1,0,7947780893,5823180565,1334144,5247899
196711,11,2,2020206,Graefekiez,2019,6,22,1,2,0,7,2,1,0,0,0,0,0,0,7996011341,5824503216,1341344,5248822
196712,11,9,9051901,Dammvorstadt,2019,7,11,2,3,0,1,0,0,0,0,1,0,0,1,8102683673,5821460143,1356721,52455
196713,11,5,5040936,JÑgerallee,2019,6,20,1,3,1,5,0,0,1,0,1,0,0,0,7795366596,5820269882,1311518,5246091
196714,11,2,2030301,Oranienplatz,2019,7,10,2,3,3,6,0,1,0,0,0,0,0,0,7999556547,5825745245,1341976,5249916
196715,11,10,10020413,Gut Hellersdorf,2019,6,19,1,3,5,2,0,1,1,0,0,0,0,0,8111464761,5831554512,1358952,5254496
196716,11,9,9051702,Bîlschestra·e,2019,6,19,1,2,2,6,0,0,1,0,0,0,0,0,8150645183,5820951434,1363708,524477
196717,11,9,9041301,Kietzer Feld/Nachtheide,2019,7,9,2,3,5,3,0,1,1,0,0,0,0,0,8114694916,5819215162,1358274,524342
196718,11,8,8030830,Gropiusstadt SÅd,2019,7,8,2,3,2,6,0,0,1,0,0,0,0,0,8023309788,58178549,134475,5242713
196719,11,2,2010103,Moritzplatz,2019,6,19,1,3,5,2,0,1,1,0,0,0,0,0,7989288119,5826354028,1340523,5250518
196720,11,3,3020307,Buchholz,2019,6,16,1,3,5,3,0,1,1,0,0,0,0,0,7998203778,5839323761,1343004,5262095
196721,11,1,1011305,Heine-Viertel West,2019,7,8,2,3,1,5,0,1,1,0,0,0,0,0,7994184389,5827294228,1341326,5251334
196722,11,8,8010404,Rixdorf,2019,6,15,1,2,5,3,0,1,1,0,0,0,0,0,801850273,5823048387,1344514,5247395
196723,11,1,1011305,Heine-Viertel West,2019,7,7,2,3,5,3,0,0,1,0,0,1,0,0,7989058935,5826711275,1340521,525084
196724,11,7,7050505,Hundsteinweg,2019,6,14,1,2,6,7,0,0,1,1,0,0,0,0,7984322784,5818434752,1339085,5243447
196725,11,8,8010213,Kîrnerpark,2019,7,6,2,3,5,3,0,1,1,0,0,0,0,0,8014432959,5822513521,1343869,5246938
196726,11,2,2030301,Oranienplatz,2019,6,14,1,3,5,2,0,0,1,0,1,0,0,0,7999882835,5826203908,1342065,5250326
196727,11,12,12301203,Wittenau SÅd,2019,7,3,2,3,9,1,2,0,1,0,0,0,0,0,7923601207,5834078232,1331552,5257799
196728,11,4,4030827,Karl-August-Platz,2019,6,9,1,3,1,5,0,1,1,0,0,0,0,0,7927319769,5826231614,1331408,5250745
196729,11,5,5020625,Borkumer Stra·e,2019,6,13,1,3,1,5,0,0,1,0,0,0,0,0,7845816512,5828258844,1319606,5252994
196730,11,2,2010102,Mehringplatz,2019,7,18,2,3,6,4,0,1,0,1,0,0,0,0,7983686026,5826331871,1339698,5250529
196731,11,7,7010104,Dennewitzplatz,2019,7,16,2,3,5,2,0,1,1,0,0,0,0,1,7961547725,5824372783,1336271,5248894
196732,11,3,3051022,Hansastra·e,2019,6,12,1,3,5,2,0,0,1,0,0,0,0,0,8030046317,5832010457,1347025,5255363
196733,11,12,12214527,Alt-Tegel,2019,7,15,2,3,2,2,0,0,1,0,0,0,0,0,7899111969,5835708502,1328091,5259391
196734,11,8,8030831,Gropiusstadt Ost,2019,6,12,1,3,5,7,0,1,1,0,0,0,0,0,803474136,5817722003,1346414,5242531
196735,11,3,3040513,Schînholz,2019,7,15,2,3,5,2,0,1,1,0,0,0,0,0,7967557147,5834013366,1338015,5257503
196736,11,2,2030301,Oranienplatz,2019,6,11,1,3,2,2,0,1,1,0,0,0,0,0,7999005797,5825981665,1341917,5250131
196737,11,7,7030303,Grazer Platz,2019,7,14,2,2,3,6,0,0,1,0,0,0,1,1,7952778482,5821864862,1334762,5246693
196738,11,3,3050923,Wei·enseer Spitze,2019,6,11,1,3,3,6,0,1,1,0,0,0,0,0,800658303,5831907518,1343565,5255401
196739,11,8,8010211,Flughafenstra·e,2019,7,14,2,3,2,6,0,0,1,0,0,0,0,1,8003547716,5824288335,1342431,5248588
196740,11,11,11020514,Gro·e-Leege-Stra·e,2019,6,10,1,3,5,3,0,0,1,0,0,1,0,0,8047560021,5830828474,1349492,5254206
196741,11,10,10030724,Oberfeldstra·e,2019,6,10,1,3,5,3,0,1,1,0,0,0,0,0,8090091675,5828147121,1355494,5251564
196742,11,10,10040830,Kaulsdorf SÅd,2019,7,14,2,3,5,2,0,1,1,0,0,0,0,0,8105947828,5825410463,1357568,5249021
196743,11,4,4051445,Eisenzahnstra·e,2019,6,9,1,3,1,5,0,1,1,0,0,0,0,0,7926541243,5824213901,1331117,524894
196744,11,6,6010102,Schlo·stra·e,2019,7,14,2,3,2,5,0,0,0,0,1,0,1,1,79381204,5820841254,133252,5245854
196745,11,6,6030504,Teltower Damm,2019,6,8,1,2,0,1,0,1,0,0,0,0,0,0,79083117,5817467494,1327851,5242989
196746,11,1,1044101,Rehberge,2019,6,11,7,3,5,5,0,1,1,0,0,0,0,0,7941584919,5831550748,1333975,5255436
196747,11,7,7040403,Manteuffelstra·e,2019,7,14,2,3,2,6,0,0,1,0,1,0,0,1,7977135378,5820780203,133824,5245588
196748,11,10,10010309,Springpfuhl,2019,6,2,7,3,5,3,2,0,1,0,0,0,0,0,8082059278,5829234058,1354415,5252583
196749,11,9,9051901,Dammvorstadt,2019,7,13,2,3,0,4,0,0,0,1,0,0,1,0,8110263,5821821717,1357867,5245781
196750,11,6,6040807,Zehlendorf Eiche,2019,6,16,7,2,2,7,0,0,1,0,1,0,0,0,7897015193,5818415231,1326277,5243899
196751,11,12,12214125,Waldidyll/Flughafensee,2019,7,13,2,3,3,6,0,0,1,0,0,0,0,0,7910362005,5831136572,1329346,5255233
196752,11,2,2030302,Lausitzer Platz,2019,6,23,7,3,0,7,2,0,0,1,1,0,0,0,80150119,5826062753,1344275,5250116
196753,11,1,1044202,Sparrplatz,2019,7,20,2,3,3,6,1,1,1,0,0,0,0,0,7955612428,5830011645,1335901,5253981
196754,11,1,1033102,Gesundbrunnen,2019,6,22,7,3,5,2,2,0,1,0,0,0,0,0,7976489525,5831852019,1339135,5255517
196755,11,8,8010117,Schillerpromenade,2019,6,21,7,3,0,7,1,1,0,0,0,0,0,0,8005430996,5823379065,1342626,5247763
196756,11,4,4030827,Karl-August-Platz,2019,7,19,2,3,5,2,0,0,1,0,0,0,0,0,7927251291,5826103911,1331387,5250631
196757,11,8,8010508,Wei·e Siedlung,2019,7,19,2,3,2,6,0,0,1,0,0,0,0,0,8034310172,5822934288,1346824,5247205
196758,11,3,3061126,Arnimplatz,2019,6,21,7,3,5,2,1,1,0,0,0,0,1,0,7984131376,5831835748,1340257,525546
196759,11,8,8010118,Silbersteinstra·e,2019,7,17,2,3,3,6,0,0,1,0,1,0,0,1,8011225208,5821889111,1343342,5246396
196760,11,9,9051901,Dammvorstadt,2019,6,19,7,3,3,6,0,0,1,0,1,0,0,0,8120524731,5821236096,1359318,5245197
196761,11,2,2040701,Andreasviertel,2019,7,17,2,3,5,2,0,1,1,0,0,0,0,0,8006068729,5827135253,1343058,5251126
196762,11,4,4041344,RÅdesheimer Platz,2019,6,19,7,2,5,2,0,1,1,0,0,0,0,0,7932990246,5822853377,1331944,5247686
196763,11,1,1044201,Reinickendorfer Stra·e,2019,7,17,2,3,2,6,0,0,1,0,0,1,0,1,79694069,5831934764,1338101,5255629
196764,11,4,4030929,Hindemithplatz,2019,6,18,7,3,1,5,0,1,1,0,0,0,0,0,7923015399,5825849221,1330742,5250425
196765,11,4,4031032,Halensee,2019,6,18,7,3,5,2,0,1,1,0,0,0,0,0,7917158339,5824838279,1329793,524955
196766,11,12,12214125,Waldidyll/Flughafensee,2019,7,17,2,2,2,6,0,0,1,0,1,0,0,1,7910897839,583424894,1329698,525802
196767,11,8,8041035,Blumenviertel,2019,6,18,7,3,0,2,0,1,1,0,0,0,0,0,8040439623,5818546518,1347324,5243238
196768,11,3,3061435,Conrad-Blenkle-Stra·e,2019,7,17,2,3,5,3,0,1,1,0,0,0,0,1,8017575367,5829166315,1344933,5252883
196769,11,10,10020517,Adele-Sandrock-Stra·e,2019,6,18,7,3,5,2,0,0,1,0,0,0,0,0,8129998623,583022146,1361551,5253195
196770,11,9,9051901,Dammvorstadt,2019,7,16,2,3,2,6,0,1,1,0,0,0,0,1,8106566321,5821397835,1357285,5245422
196771,11,1,1011102,Gro·er Tiergarten,2019,6,17,7,3,0,1,0,0,0,0,0,0,1,0,7969042531,5827633855,1337663,5251776
196772,11,3,3040614,Pankow Zentrum,2019,7,11,2,3,0,5,0,1,1,0,0,0,0,0,7997386459,5834314725,134243,5257609
196773,11,2,2020203,Viktoriapark,2019,6,15,7,2,6,2,0,0,1,1,0,0,0,0,7971005698,5824292882,1337653,5248771
196774,11,8,8010508,Wei·e Siedlung,2019,6,15,7,3,2,6,0,0,1,0,0,0,0,0,8032131364,582274488,1346487,5247047
196775,11,10,10020620,Kaulsdorf Nord II,2019,7,15,2,3,6,4,0,0,1,1,0,0,0,0,8112664246,582967222,1358953,5252802
196776,11,10,10040829,Alt-Kaulsdorf,2019,6,13,7,3,5,3,0,0,1,0,0,0,0,0,8118790721,5827271558,1359628,5250616
196777,11,8,8020620,Tempelhofer Weg,2019,7,16,2,3,2,6,0,0,1,0,0,0,0,1,801319813,5820399597,1343497,524505
196778,11,11,11020515,Landsberger Allee,2019,6,12,7,2,5,7,0,0,1,0,1,0,0,0,803425487,5830121,1347471,5253646
196779,11,4,4030931,Breitscheidplatz,2019,7,18,2,3,1,7,0,1,1,0,0,0,0,0,7941454318,582584671,1333451,5250324
196780,11,8,8020619,Buschkrugallee Nord,2019,6,11,7,3,0,1,0,1,0,0,0,0,0,0,8012465312,5821555488,1343493,524609
196781,11,1,1022206,LÅneburger Stra·e,2019,7,22,1,3,6,4,1,0,1,1,0,0,0,0,7962714394,5828338323,1336796,5252442
196782,11,3,3030715,Heinersdorf,2019,6,11,7,3,5,3,0,0,1,0,0,0,0,0,8009424565,5833548097,1344132,5256856
196783,11,3,3030711,Blankenburg,2019,6,11,7,2,5,2,0,1,1,0,0,0,0,0,8016119859,5836123765,1345351,5259127
196784,11,1,1011303,Alexanderplatzviertel,2019,7,21,1,3,3,2,1,1,0,0,0,0,0,0,799248351,5828469191,1341182,5252397
196785,11,1,1022104,Emdener Stra·e,2019,7,21,1,3,0,3,1,0,1,0,1,0,0,0,794201232,5828859367,1333799,5253021
196786,11,4,4051549,Rathaus Wilmersdorf,2019,6,8,7,3,0,7,0,0,1,0,1,0,0,0,7927605315,5824204829,1331272,5248926
196787,11,1,1011306,Heine-Viertel Ost,2019,6,7,7,3,5,2,0,1,1,0,0,0,0,0,7999797407,5826934649,1342119,5250981
196788,11,1,1022206,LÅneburger Stra·e,2019,7,20,1,3,5,3,0,0,1,0,0,0,0,0,7962297017,5828195766,1336722,5252317
196789,11,12,12231102,Frohnau,2019,6,7,7,3,4,6,0,0,1,0,0,0,0,0,7905712448,5840566436,132949,5263711
196790,11,4,4020310,Park Ruhwald,2019,7,19,1,3,0,1,0,1,0,0,0,0,0,0,7905804066,5827338566,1328344,5251852
196791,11,2,2030401,Reichenberger Stra·e,2019,6,1,7,3,5,3,2,0,1,0,0,0,0,0,8006279797,5825679485,1342958,524982
196792,11,2,2030301,Oranienplatz,2019,6,1,7,3,1,5,2,1,0,0,0,0,1,0,7998430622,5825799208,1341816,5249971
196793,11,8,8030830,Gropiusstadt SÅd,2019,7,17,1,3,5,2,0,0,1,0,0,0,0,0,8022923146,5817835171,1344691,5242697