OBJECTID,LAND,BEZ,LOR,STRASSE,UJAHR,UMONAT,USTUNDE,UWOCHENTAG,UKATEGORIE,UART,UTYP1,ULICHTVERH,IstRad,IstPKW,IstFuss,IstKrad,IstGkfz,IstSonstige,USTRZUSTAND,LINREFX,LINREFY,XGCSWGS84,YGCSWGS84
196992,11,2,2020206,Graefekiez,2019,7,9,5,3,1,5,0,0,1,0,0,0,0,0,8001717242,5824913963,1342219,5249159
196993,11,6,6040701,Wannsee,2019,7,9,5,3,0,3,0,1,0,0,0,0,0,0,7839556015,5816066388,1317647,5242094
196994,11,4,4030725,Amtsgerichtsplatz,2019,7,9,5,2,5,3,0,1,1,0,0,0,0,0,791358628,5825925649,1329364,5250544
196995,11,2,2010102,Mehringplatz,2019,7,8,5,2,0,1,0,0,1,0,0,0,0,0,7979124148,5826461997,1339039,5250671
196996,11,1,1011103,LÅtzowstra·e,2019,7,17,5,3,0,6,0,0,1,0,0,0,1,0,7951812234,5825911545,1334978,5250326
196997,11,5,5010101,Hakenfelde Nord,2019,7,9,5,1,3,6,0,1,0,0,0,1,0,0,7856457047,5832088437,1321499,5256371
196998,11,4,4030931,Breitscheidplatz,2019,7,17,4,3,5,2,0,1,1,0,0,0,0,0,7944101028,5826088043,1333861,5250526
196999,11,1,1033203,Humboldthain Nordwest,2019,7,17,4,3,2,6,0,1,1,0,0,0,0,0,7964081973,5830311781,1337173,5254204
197000,11,10,10040828,Kaulsdorf Nord,2019,7,16,4,3,5,3,0,1,1,0,0,0,0,0,8120058659,5829502989,1360023,5252608
197001,11,7,7010104,Dennewitzplatz,2019,7,15,4,3,2,6,0,0,1,0,0,0,0,0,7960801153,5825365325,133625,5249787
197002,11,8,8020622,Parchimer Allee,2019,7,15,4,3,5,7,0,0,1,0,0,0,0,0,801457138,5820200064,134368,5244863
197003,11,6,6030610,Lichterfelde West,2019,7,15,4,2,5,2,0,0,1,0,0,0,0,0,7929391902,5817768908,133097,5243147
197004,11,7,7020204,Schîneberger Insel,2019,7,17,4,3,1,5,0,1,1,0,0,0,0,0,7964572085,5823961516,1336679,5248509
197005,11,8,8020728,Buckow Ost,2019,7,15,4,3,0,6,0,0,1,0,0,0,1,0,8018386362,5817497504,1343996,524242
197006,11,2,2040503,Richard-Sorge-Viertel,2019,7,14,4,3,2,6,0,0,1,0,1,0,1,0,8013916044,5828724959,1344355,5252508
197007,11,8,8041038,Wa·mannsdorfer Chaussee,2019,7,13,4,3,2,7,0,1,0,0,0,0,1,0,8056660651,581645284,1349512,5241271
197008,11,9,9020802,Kîllnische Vorstadt,2019,7,12,4,2,0,4,0,0,0,1,0,0,1,0,8102261815,5820373295,1356559,5244528
197009,11,2,2020204,Urbanstra·e,2019,7,11,4,3,5,2,0,1,1,0,0,0,0,0,7985241525,5824718456,1339782,5249074
197010,11,6,6010206,Stadtpark,2019,7,11,4,3,0,1,0,1,0,0,0,0,0,0,7951049464,5819452719,1334295,524454
197011,11,7,7040403,Manteuffelstra·e,2019,7,10,4,3,5,2,0,0,1,0,1,0,0,0,7970239617,5820703107,1337221,5245557
197012,11,7,7020203,Kaiser-Wilhelm-Platz,2019,7,9,4,2,5,2,0,1,0,0,1,0,0,0,7957153604,582402913,1335596,5248609
197013,11,9,9051801,Rahnsdorf/Hessenwinkel,2019,7,9,4,3,2,3,0,1,1,0,0,0,0,0,8206999759,5819508881,1371834,5243149
197014,11,2,2010103,Moritzplatz,2019,7,8,4,3,5,3,0,1,1,0,0,0,0,0,7993269124,5826235581,1341097,525039
197015,11,12,12214125,Waldidyll/Flughafensee,2019,7,23,4,2,2,6,2,0,1,0,0,0,1,0,7919281893,5831478576,1330688,5255491
197016,11,4,4010102,Plîtzensee,2019,7,20,4,2,1,1,0,0,1,0,0,0,0,0,7922915169,5830695921,1331154,525477
197017,11,8,8041036,Zittauer Stra·e,2019,7,19,4,3,5,3,0,0,1,0,0,0,0,0,805050068,5817550949,1348709,524229
197018,11,1,1033203,Humboldthain Nordwest,2019,7,19,4,2,0,6,0,1,1,0,0,0,0,0,7966216219,5831047534,1337552,5254852
197019,11,3,3030715,Heinersdorf,2019,7,6,4,3,0,3,0,0,1,0,1,0,0,0,8004845362,5832601137,1343373,5256032
197020,11,3,3061228,Erich-Weinert-Stra·e,2019,7,6,4,3,5,3,0,1,1,0,0,0,0,0,8007486367,5831301671,1343643,5254853
197021,11,11,11041022,Rosenfelder Ring,2019,7,5,4,3,5,3,0,1,1,0,0,0,0,0,8056552159,5827397935,1350498,5251081
197022,11,2,2050802,Boxhagener Platz,2019,7,1,4,2,0,1,2,0,0,0,0,0,1,0,8027064412,5826964181,1346127,5250857
197023,11,6,6030609,Augustaplatz,2019,7,15,4,3,5,2,0,0,1,0,0,0,1,0,7931629548,5818217816,1331337,5243537
197024,11,2,2030402,Wrangelkiez,2019,7,9,3,2,0,2,0,1,1,0,0,0,0,0,8015430382,582597804,1344329,5250037
197025,11,2,2040502,Friedenstra·e,2019,7,16,3,3,5,2,0,1,0,0,0,0,0,0,8012475252,582781642,1344061,5251702
197026,11,2,2010103,Moritzplatz,2019,7,18,3,3,5,2,0,1,1,0,0,0,0,0,7991155794,5826282901,1340791,5250444
197027,11,3,3050925,Komponistenviertel Wei·ensee,2019,7,17,3,3,5,7,0,1,1,0,0,0,0,0,8025092602,5831547833,1346254,5254976
197028,11,9,9020501,Oberschîneweide West,2019,7,17,3,2,5,3,0,0,1,0,1,0,0,0,8062902697,5822154531,1350949,5246346
197029,11,8,8010301,Reuterkiez,2019,7,17,3,3,1,5,0,1,1,0,0,0,1,0,8013211948,5824204751,1343842,524846
197030,11,9,9051701,Hirschgarten,2019,7,16,3,3,2,7,0,0,1,0,0,0,0,0,813061131,5821433777,1360816,5245317
197031,11,2,2020204,Urbanstra·e,2019,7,2,3,3,1,1,2,0,1,0,0,0,0,0,7985212779,5825202985,1339821,5249509
197032,11,10,11030720,Herzbergstra·e,2019,7,14,3,3,2,6,0,0,1,0,0,0,1,0,8062806206,5830169908,1351672,5253531
197033,11,5,5020524,Weinmeisterhornweg,2019,7,14,3,3,5,2,0,0,1,0,0,0,0,0,7838954334,5826614693,1318457,5251555
197034,11,12,12224230,Heiligensee,2019,7,13,3,3,1,5,0,0,1,0,1,0,0,0,787177056,5838039484,1324268,5261626
197035,11,4,4051448,Schaperstra·e,2019,7,13,3,3,1,5,0,1,1,0,0,0,0,0,7941934993,5825109095,1333456,524966
197036,11,8,8041037,Alt-Rudow,2019,7,13,3,3,5,3,0,1,1,0,0,0,0,0,8056668362,5817015193,1349564,5241775
197037,11,7,7040405,Rathaus Tempelhof,2019,7,12,3,3,5,3,0,0,1,0,0,0,0,0,7988861227,5820528229,1339938,5245299
197038,11,4,4010101,Jungfernheide,2019,7,12,3,3,2,6,0,0,1,0,0,0,0,0,790386697,5829031703,1328207,525338
197039,11,2,2050802,Boxhagener Platz,2019,7,12,3,3,5,2,0,1,0,0,0,1,0,0,8020671353,5827160535,1345206,5251068
197040,11,4,4051446,Preu·enpark,2019,7,10,3,3,6,4,0,0,1,1,0,0,0,0,7924997409,5824856982,1330946,5249525
197041,11,4,4041239,Stadion Wilmersdorf,2019,7,10,3,3,5,2,0,1,1,0,0,0,0,0,7923312171,582312238,1330547,5247979
197042,11,1,1011204,Leipziger Stra·e,2019,7,18,3,3,4,6,0,1,0,0,0,0,1,0,7987040081,5827624008,1340306,5251669
197043,11,2,2020204,Urbanstra·e,2019,7,9,3,3,6,7,0,0,1,1,0,0,0,0,7984813223,5825197553,1339762,5249506
197044,11,8,8010301,Reuterkiez,2019,7,19,3,3,0,3,0,1,0,0,0,0,0,0,8014774606,5824421595,1344091,5248646
197045,11,3,3061430,Volkspark Prenzlauer Berg,2019,7,19,3,3,5,2,0,1,1,0,0,0,0,0,8022997136,5829244266,1345737,5252923
197046,11,9,9020802,Kîllnische Vorstadt,2019,7,6,3,2,3,6,0,0,1,0,0,0,0,0,8098053819,5820292359,1355934,5244479
197047,11,9,9020701,Adlershof West,2019,7,18,3,3,2,6,0,0,1,0,0,0,1,0,8092026461,5818346934,135487,524277
197048,11,9,9010402,Johannisthal Ost,2019,7,18,3,2,0,1,0,0,0,0,1,0,0,0,8068093237,581819239,1351347,5242766
197049,11,9,9031101,GrÅnau,2019,7,18,3,3,5,3,0,1,0,0,0,0,1,0,811810831,5816659479,1358536,524111
197050,11,3,3020203,Blankenfelde,2019,7,16,3,3,5,3,0,1,1,0,0,0,0,0,7963899362,5840580925,1338064,526341
197051,11,4,4030415,Schlo·garten,2019,7,16,3,3,2,2,0,0,1,0,1,0,0,0,7910300374,5827420632,1329012,5251902
197052,11,2,2020206,Graefekiez,2019,7,16,3,3,0,1,0,1,0,0,0,0,0,0,7999918902,5824458447,1341913,5248761
197053,11,4,4051448,Schaperstra·e,2019,7,15,3,3,2,6,0,1,1,0,0,0,0,0,7935233572,5825222955,1332482,5249798
197054,11,5,5010101,Hakenfelde Nord,2019,7,15,3,3,3,6,0,1,0,0,0,0,1,0,7855520608,5831778587,1321335,5256099
197055,11,1,1044101,Rehberge,2019,7,15,3,3,0,6,0,0,0,0,0,0,1,0,7948125194,5831324845,1334916,5255198
197056,11,2,2040701,Andreasviertel,2019,7,17,3,3,2,6,0,0,1,0,1,0,0,0,800401871,5827887595,1342825,5251812
197057,11,8,8010301,Reuterkiez,2019,7,21,3,3,3,6,0,1,1,0,0,0,0,0,8009357876,5824686783,134332,5248914
197058,11,11,11020513,Orankesee,2019,7,13,3,3,2,6,0,0,1,0,0,0,0,0,802866597,583126134,1346754,52547
197059,11,9,9020502,Oberschîneweide Ost,2019,7,8,3,3,1,1,0,0,1,0,1,0,0,0,8089781846,5821599924,1354842,5245698
197060,11,11,11020412,Hauptstra·e,2019,7,16,2,3,2,6,0,0,1,0,0,0,0,0,8060925801,5831993016,1351564,5255175
197061,11,5,5020629,Bîrnicker Stra·e,2019,7,17,2,3,5,2,0,0,1,0,1,0,0,0,7850499092,582629946,1320126,5251212
197062,11,1,1011202,Unter den Linden Nord,2019,7,16,2,3,2,2,0,0,0,0,1,0,1,0,797188403,5827524571,1338071,5251663
197063,11,6,6040805,FischerhÅttenstra·e,2019,7,15,2,3,1,5,0,0,1,0,0,1,0,0,7878687761,5817965023,1323549,5243592
197064,11,2,2040701,Andreasviertel,2019,7,21,2,2,5,2,2,1,1,0,0,0,0,0,8009078105,5827537903,1343537,5251471
197065,11,8,8020727,Buckow Mitte,2019,7,17,2,3,2,6,0,0,1,0,1,0,0,0,8010414948,5817077282,1342789,5242087
197066,11,6,6010102,Schlo·stra·e,2019,7,19,2,3,0,1,0,0,0,0,1,0,0,0,7937719075,5820548056,1332435,5245594
197067,11,8,8010510,Gewerbegebiet Kîllnische Heide,2019,7,15,2,3,2,6,0,0,1,0,0,0,0,0,8024110469,5822662755,1345303,5247018
197068,11,12,12214125,Waldidyll/Flughafensee,2019,7,15,2,2,6,4,0,0,1,1,0,0,1,0,7909443642,5833822426,1329447,5257645
197069,11,1,1011202,Unter den Linden Nord,2019,7,13,2,3,5,3,0,0,1,0,0,0,0,0,7978939988,5828167657,1339165,5252201
197070,11,6,6030501,Berlepschstra·e,2019,7,12,2,3,5,3,0,0,1,0,0,0,0,0,7888169036,5817033932,132486,5242707
197071,11,2,2020206,Graefekiez,2019,7,21,2,3,1,5,2,0,1,0,0,0,0,0,7997492623,5824479808,1341559,5248793
197072,11,1,1011301,CharitÇviertel,2019,7,12,2,3,3,6,0,1,0,0,0,1,0,0,7971302862,5829227311,1338137,5253192
197073,11,1,1022106,Elberfelder Stra·e,2019,7,10,2,3,3,6,0,1,0,0,0,1,0,0,7936901902,5828002038,1332972,525228
197074,11,4,4020311,Reichsstra·e,2019,7,10,2,3,5,3,0,0,1,0,0,0,0,0,7894946456,5826805597,1326702,5251432
197075,11,1,1011302,Oranienburger Stra·e,2019,7,10,2,3,2,6,0,0,1,0,0,0,0,0,7990475393,5828977627,1340933,5252864
197076,11,9,9020701,Adlershof West,2019,7,10,2,3,3,6,0,0,1,0,0,1,0,0,8078565686,5819952464,1353044,5244285
197077,11,9,9020601,Schnellerstra·e,2019,7,9,2,3,5,3,0,1,1,0,0,0,0,0,8059290677,5821839751,135039,5246084
197078,11,6,6040703,Nikolassee,2019,7,8,2,3,5,3,0,1,1,0,0,0,0,1,7850123662,5817548667,1319323,5243368
197079,11,7,7040405,Rathaus Tempelhof,2019,7,8,2,3,2,6,0,0,1,0,0,0,0,0,7995770153,5820832145,1340979,5245533
197080,11,5,5010205,An der TrÑnke,2019,7,6,2,3,0,6,0,0,1,0,1,0,0,0,7801824216,5830663442,1313341,5255378
197081,11,1,1022204,Thomasiusstra·e,2019,7,9,2,3,5,7,0,1,1,0,0,0,0,0,7950004997,5828147831,1334911,525234
197082,11,1,1044201,Reinickendorfer Stra·e,2019,7,12,1,3,2,6,0,0,1,0,0,0,0,0,796469518,5831967039,1337411,5255684
197083,11,1,1022206,LÅneburger Stra·e,2019,7,18,1,3,0,1,0,1,0,0,0,0,0,0,7955481954,5828216292,1335722,5252372
197084,11,3,3061228,Erich-Weinert-Stra·e,2019,7,14,1,3,3,6,0,0,1,0,0,0,1,0,8007900151,5830910548,1343669,52545
197085,11,2,2030302,Lausitzer Platz,2019,7,1,1,3,9,1,2,0,1,0,0,0,0,1,8015094438,58260464,1344285,5250101
197086,11,1,1011402,Arkonaplatz,2019,7,1,1,3,0,1,2,1,0,0,0,0,0,1,7986078043,5829323334,1340318,5253198
197087,11,2,2030301,Oranienplatz,2019,7,21,1,2,0,3,1,0,1,0,1,0,0,0,8002895097,5826088005,1342497,5250205
197088,11,2,2040702,Weberwiese,2019,7,19,1,3,0,7,0,0,0,0,0,0,1,0,8016470807,5827378443,1344608,5251287
197089,11,5,5020521,Dîberitzer Weg,2019,7,18,1,3,2,6,0,0,1,0,0,0,0,0,7793899003,5827854182,1311938,5252899
197090,11,8,8010118,Silbersteinstra·e,2019,7,17,1,3,6,4,0,0,0,1,1,0,0,0,8007748543,5822723867,1342907,5247163
197091,11,10,10040933,Mahlsdorf SÅd,2019,7,10,1,3,8,1,0,0,1,0,0,0,0,0,8124777397,5824289712,1360227,5247909
197092,11,1,1044203,Leopoldplatz,2019,7,20,1,3,6,4,1,1,0,1,0,0,0,0,7954278027,5831588456,1335845,5255401
197093,11,12,12214424,Scharnweberstra·e,2019,7,13,7,3,0,3,0,0,1,0,1,0,0,0,793181943,5832323757,1332607,5256182
197094,11,2,2040703,Wriezener Bahnhof/Entwicklungsgebiet,2019,7,15,7,3,0,1,0,0,1,0,0,0,0,1,801960401,5826795384,1345016,5250747
197095,11,9,9010302,SpÑthsfelde,2019,7,3,7,2,9,1,1,0,0,0,1,0,0,0,803212383,5820965844,1346325,5245453
197096,11,4,4030931,Breitscheidplatz,2019,7,0,7,3,3,6,2,0,1,0,0,0,0,0,7938901265,5826058785,1333094,5250527
197097,11,6,6040810,Dahlem,2019,7,18,7,3,3,6,0,1,1,0,0,0,0,1,7910197981,5819936301,1328343,5245192
197098,11,7,7010104,Dennewitzplatz,2019,7,23,7,3,6,4,2,0,1,1,0,0,0,1,7961271245,5824955359,1336283,5249417
197099,11,7,7070704,Nahariyastra·e,2019,7,22,7,2,0,2,2,0,1,0,1,0,0,1,8001697914,5814070015,1341242,5239439
197100,11,10,10030724,Oberfeldstra·e,2019,7,21,7,3,5,2,2,1,1,0,0,0,0,1,8095648133,582802268,1356299,5251421
197101,11,8,8010213,Kîrnerpark,2019,7,21,7,3,6,2,1,0,1,1,0,0,0,1,8015385928,5823017209,1344054,5247384
197102,11,2,2030301,Oranienplatz,2019,7,19,7,3,5,7,0,0,1,0,1,0,0,0,7998707862,5826248182,1341897,5250372
197103,11,9,9020802,Kîllnische Vorstadt,2019,7,18,7,2,5,7,0,0,1,0,0,0,0,0,8105853352,5819897073,1357041,5244081
197104,11,1,1011301,CharitÇviertel,2019,7,17,7,3,6,2,0,0,1,1,0,0,0,0,797320976,5829005401,1338398,5252983
197105,11,6,6010206,Stadtpark,2019,7,16,7,3,2,6,0,1,1,0,0,0,0,1,7949475572,5819474287,1334066,5244568
197106,11,1,1033102,Gesundbrunnen,2019,7,16,7,3,1,5,0,0,1,0,0,0,0,1,797257927,5831878711,1338562,5255562
197107,11,7,7010104,Dennewitzplatz,2019,7,15,7,3,0,1,0,0,1,0,1,0,0,1,7962390451,5824311294,133639,5248834
197108,11,1,1044101,Rehberge,2019,7,14,7,3,5,3,0,1,1,0,0,0,0,1,7937929793,5832163694,1333491,5256005
197109,11,12,12224230,Heiligensee,2019,7,14,7,3,2,6,0,0,1,0,0,0,0,0,785492957,5837398507,1321732,526114
197110,11,6,6040701,Wannsee,2019,7,14,7,3,6,4,0,0,1,1,0,0,0,0,7818542043,5815270002,1314498,5241489
197111,11,5,5010207,Darbystra·e,2019,7,13,7,3,5,2,0,0,1,0,1,0,0,0,7835752,5830201053,1318292,5254787
197112,11,5,5010103,Amorbacher Weg,2019,7,13,7,3,5,3,0,0,1,0,0,0,0,0,783907128,5831176626,1318863,5255645
197113,11,11,11030721,RÅdigerstra·e,2019,7,13,7,3,0,1,0,1,0,0,0,0,0,0,8036158329,5828336249,1347588,5252036
197114,11,7,7010104,Dennewitzplatz,2019,7,12,7,3,5,2,0,1,1,0,0,0,0,0,7961645486,5824370482,1336286,5248891
197115,11,8,8010404,Rixdorf,2019,7,12,7,3,5,2,0,0,1,0,0,0,0,0,8021697127,5823374504,1345013,5247669
197116,11,4,4051654,Wilhelmsaue,2019,7,11,7,3,2,3,0,0,1,0,0,0,0,0,7933537601,5823652018,1332095,5248399
197117,11,6,6040810,Dahlem,2019,7,8,7,3,0,2,0,1,1,0,0,0,0,0,7909691417,5820706189,1328336,5245885
197118,11,1,1022106,Elberfelder Stra·e,2019,7,7,7,3,6,2,0,0,1,1,0,0,0,0,794572771,5828357256,1334301,5252551
197119,11,4,4030930,George-Grosz-Platz,2019,7,10,7,3,3,6,0,1,1,0,0,0,0,0,7932016485,5825616068,1332044,5250168
197120,11,9,9010401,Johannisthal West,2019,7,12,7,3,2,6,0,0,1,0,0,0,1,0,8062944957,5820737415,1350825,5245076
197121,11,10,10040933,Mahlsdorf SÅd,2019,7,8,6,2,5,3,0,1,1,0,0,0,0,1,8124424382,5824756206,1360219,524833
197122,11,4,4030931,Breitscheidplatz,2019,7,14,6,3,1,5,0,0,1,0,0,0,0,0,7939194245,5825656487,1333102,5250165
197123,11,10,10030727,Biesdorf SÅd,2019,7,10,6,3,5,3,0,0,1,0,0,0,0,1,8094398724,5826351946,135596,5249931
197124,11,7,7020202,Volkspark (Rudolf-Wilde-Park),2019,7,11,6,3,6,7,0,0,1,1,0,0,0,0,7949161388,5823299351,1334357,5247998
197125,11,8,8010211,Flughafenstra·e,2019,7,21,6,3,0,5,2,0,1,0,0,0,0,0,8010039612,5823765708,1343337,5248084
197126,11,3,3061126,Arnimplatz,2019,7,17,6,3,5,2,0,1,1,0,0,0,0,0,7988269009,5831788062,1340861,5255395
197127,11,1,1022206,LÅneburger Stra·e,2019,7,17,6,3,3,6,0,1,0,0,0,0,1,1,7961361842,5828404509,1336603,5252509
197128,11,6,6030503,Zehlendorf Mitte,2019,7,17,6,3,5,2,0,1,1,0,0,0,0,0,7893199223,5817256982,1325617,5242881
197129,11,10,10010310,Alt-Marzahn,2019,7,17,4,3,2,2,0,0,1,0,0,0,0,0,8099075146,5831583053,1357134,5254592
197130,11,4,4051655,Babelsberger Stra·e,2019,7,8,4,3,5,3,0,1,0,0,0,0,1,0,7939220006,5823112785,1332881,5247885
197131,11,5,5010204,Griesingerstra·e,2019,7,15,6,3,5,2,0,1,1,0,0,0,0,1,7815627048,5830766442,131538,5255399
197132,11,6,6030609,Augustaplatz,2019,7,14,6,3,2,6,0,0,1,0,0,0,0,0,7930570315,5818007901,1331163,5243355
197133,11,3,3010102,Buch,2019,7,14,6,2,5,3,0,0,1,0,1,0,0,1,8046522118,5841367366,1350308,5263657
197134,11,1,1033102,Gesundbrunnen,2019,7,14,6,3,2,6,0,0,1,0,0,0,0,1,7972940209,5831270903,1338561,5255015
197135,11,12,12214125,Waldidyll/Flughafensee,2019,7,14,6,3,2,2,0,0,1,0,0,0,1,1,7902633588,5833690696,1328433,5257564
197136,11,12,12302107,Schorfheidestra·e,2019,7,13,6,3,2,6,0,0,1,0,0,0,0,1,7938433595,58362345,1333926,5259652
197137,11,1,1022106,Elberfelder Stra·e,2019,7,12,6,3,2,6,0,0,1,0,0,0,0,1,79446455,5828354325,1334141,5252554
197138,11,2,2040703,Wriezener Bahnhof/Entwicklungsgebiet,2019,7,12,6,3,6,7,0,1,0,0,0,0,1,1,8017433706,582621414,1344644,5250238
197139,11,10,10010311,Landsberger Tor,2019,7,16,6,3,2,6,0,0,1,0,0,0,0,0,81069507,5831986204,1358329,5254908
197140,11,10,10010308,Marzahner Chaussee,2019,7,12,6,3,5,3,0,0,1,0,0,0,1,1,8064579333,5829895049,1351907,5253274
197141,11,10,10020412,Alte Hellersdorfer Stra·e,2019,7,12,6,3,5,3,0,1,1,0,0,0,0,1,8113491556,5831945481,1359287,5254835
197142,11,7,7060604,Marienfelde SÅd,2019,7,11,6,3,5,2,0,0,1,0,0,0,0,0,7958085758,5816024228,1335024,5241429
197143,11,12,12301203,Wittenau SÅd,2019,7,10,6,2,5,3,0,0,1,0,0,0,0,1,7939478322,5835309547,1333998,5258817
197144,11,7,7010104,Dennewitzplatz,2019,7,10,6,3,0,1,0,1,0,0,0,0,0,1,7964337501,5824890893,1336727,5249343
197145,11,11,11040926,Weitlingstra·e,2019,7,12,6,3,1,5,0,1,1,0,0,0,0,1,803939111,582628831,1347876,5250183
197146,11,12,12304314,Ziekowstra·e/Freie Scholle,2019,7,10,6,3,8,1,0,0,1,0,0,0,0,1,7901630729,5835941561,1328482,5259587
197147,11,3,3040614,Pankow Zentrum,2019,7,16,6,3,2,6,0,0,1,0,0,0,0,1,7993084863,5833874867,1341758,5257239
197148,11,4,4030623,Ernst-Reuter-Platz,2019,7,15,6,3,5,7,0,0,1,0,0,0,0,1,7936769165,5826073595,1332783,5250552
197149,11,1,1011101,StÅlerstra·e,2019,7,10,6,3,0,1,0,0,0,0,1,0,0,1,795334701,5826189054,1335228,5250566
197150,11,3,3010102,Buch,2019,7,10,6,3,0,3,0,0,1,0,1,0,0,1,8043712048,5840424905,1349807,5262828
197151,11,7,7030301,Friedenau,2019,7,9,6,3,1,5,0,1,1,0,0,0,0,1,794203034,5822906528,1333276,5247685
197152,11,4,4051549,Rathaus Wilmersdorf,2019,7,9,6,3,2,6,0,0,1,0,0,0,1,1,7932990048,5823682661,1332017,5248429
197153,11,5,5010103,Amorbacher Weg,2019,7,8,6,3,2,6,0,0,1,0,0,0,0,1,7847090519,5831107949,1320037,5255541
197154,11,1,1011204,Leipziger Stra·e,2019,7,9,6,3,0,7,0,1,1,0,0,0,0,0,7985147806,5827198654,133999,5251298
197155,11,7,7050504,Imbrosweg,2019,7,8,6,2,9,1,0,0,1,0,0,0,0,1,800047085,5820445536,1341634,5245161
197156,11,4,4031032,Halensee,2019,7,8,6,3,0,1,0,0,0,0,1,0,0,1,7916201576,5825060646,1329672,5249754
197157,11,7,7040404,Marienhîhe,2019,7,8,6,3,5,2,0,0,1,0,0,0,1,1,7966970764,5820024721,1336681,5244967
197158,11,1,1011105,Nîrdlicher Landwehrkanal,2019,7,7,6,3,2,6,0,0,1,0,0,1,0,1,7959709345,5826211178,1336165,5250552
197159,11,10,10020413,Gut Hellersdorf,2019,7,7,6,3,5,3,0,0,1,0,0,0,0,1,811313109,5831176218,1359162,5254147
197160,11,12,12304314,Ziekowstra·e/Freie Scholle,2019,7,7,6,3,2,6,0,0,1,0,0,0,0,1,7901566791,5835952441,1328474,5259597
197161,11,1,1011401,Invalidenstra·e,2019,7,6,6,2,5,2,0,0,1,0,1,0,0,1,7983144189,5829376811,1339891,5253262
197162,11,5,5020626,Adamstra·e,2019,7,6,6,3,5,3,0,0,1,0,0,0,0,1,7847776971,5827102122,1319795,5251946
197163,11,2,2020204,Urbanstra·e,2019,7,1,6,3,0,3,2,1,1,0,0,0,0,0,7984277726,5824743903,1339642,5249103
197164,11,4,4030827,Karl-August-Platz,2019,7,16,6,3,2,7,0,1,1,0,0,0,0,0,7927264931,5826128347,1331391,5250652
197165,11,2,2020202,Rathaus Yorckstra·e,2019,7,9,5,3,5,2,0,1,0,0,0,0,0,0,7976610636,5825317545,1338568,5249659
197166,11,2,2040702,Weberwiese,2019,7,14,5,3,6,7,0,0,0,1,0,0,1,0,8020325047,5827371129,1345174,5251259
197167,11,2,2040701,Andreasviertel,2019,7,14,5,3,6,4,0,1,0,1,0,0,0,0,800639847,58269806,1343093,5250986
197168,11,5,5020625,Borkumer Stra·e,2019,7,14,5,3,5,3,0,0,1,0,1,0,0,0,7847323607,5828648515,1319861,5253335
197169,11,3,3040614,Pankow Zentrum,2019,7,14,5,3,2,6,0,0,1,0,0,0,0,0,8000570513,5835757408,1343029,5258885
197170,11,7,7040403,Manteuffelstra·e,2019,7,22,5,3,5,2,2,1,1,0,0,0,0,1,7978512133,5821927683,1338544,524661
197171,11,1,1033203,Humboldthain Nordwest,2019,7,13,5,3,6,4,0,1,0,1,0,0,0,0,7965978888,5830356901,1337456,5254234
197172,11,4,4030415,Schlo·garten,2019,7,19,5,2,0,7,0,1,0,0,0,0,0,0,7909714214,582741111,1328925,5251896
197173,11,1,1011201,Wilhelmstra·e,2019,7,13,5,3,6,6,0,1,0,1,0,0,0,0,7973980218,5826955837,1338328,5251141
197174,11,2,2050803,Stralauer Kiez,2019,7,20,5,3,2,6,0,0,1,0,1,0,0,0,803042268,5825825851,1346517,5249818
197175,11,1,1033102,Gesundbrunnen,2019,7,19,5,3,6,4,0,0,1,1,0,0,0,0,7973595557,5831214526,1338652,5254961
197176,11,2,2050601,Hausburgviertel,2019,7,13,5,3,2,7,0,0,1,0,1,0,0,0,8019115697,5828869829,1345132,5252609
197177,11,2,2030302,Lausitzer Platz,2019,7,20,5,3,5,3,0,1,0,0,0,0,0,0,8009156175,5826359864,1343442,5250414
197178,11,10,10010310,Alt-Marzahn,2019,7,12,5,3,0,3,0,0,1,0,1,0,0,0,8095397863,5831440351,135658,5254485
197179,11,4,7030301,Friedenau,2019,7,12,5,2,5,3,0,0,1,0,0,0,0,0,793366333,5822846322,1332042,5247676
197180,11,5,5020625,Borkumer Stra·e,2019,7,11,5,3,5,2,0,0,1,0,1,0,0,0,784341644,5828351942,1319261,525309
197181,11,2,2050602,Samariterviertel,2019,7,10,5,3,5,2,0,1,1,0,0,0,0,0,8027696125,5827688356,1346286,5251503
197182,11,9,9010202,Kîpenicker Landstra·e,2019,7,9,5,2,2,6,0,0,1,0,0,0,0,0,8043126215,5824043759,1348219,524815
197183,11,1,1022202,Heidestra·e,2019,7,9,5,3,5,2,0,0,1,0,0,0,0,0,795664665,5829738324,1336028,525373
197184,11,8,8010301,Reuterkiez,2019,7,17,5,2,1,5,0,1,1,0,0,0,0,0,8008988392,5824614108,1343259,5248851
197185,11,7,7020201,Bayerischer Platz,2019,7,8,5,3,5,2,0,1,1,0,0,0,0,0,7949566499,5824452051,1334519,524903
197186,11,2,2010101,Askanischer Platz,2019,7,8,5,3,6,2,0,0,1,1,0,0,0,0,7978565457,5825650681,1338885,5249947
197187,11,9,9010202,Kîpenicker Landstra·e,2019,7,9,5,3,5,2,0,1,1,0,0,0,0,0,8038875924,5823382523,1347535,5247581
197188,11,8,8010212,Rollberg,2019,7,23,5,3,9,1,2,0,1,0,0,0,0,1,801115388,5823525231,1343479,5247863