OBJECTID,LAND,BEZ,LOR,STRASSE,UJAHR,UMONAT,USTUNDE,UWOCHENTAG,UKATEGORIE,UART,UTYP1,ULICHTVERH,IstRad,IstPKW,IstFuss,IstKrad,IstGkfz,IstSonstige,USTRZUSTAND,LINREFX,LINREFY,XGCSWGS84,YGCSWGS84
197189,11,12,12304314,Ziekowstra·e/Freie Scholle,2019,7,23,5,3,0,1,2,1,0,0,0,0,0,0,7907814751,5836541889,1329446,5260092
197190,11,8,8010117,Schillerpromenade,2019,7,22,5,3,1,5,2,1,1,0,0,0,0,1,8006859156,5822952854,1342797,5247373
197191,11,7,7050503,Eisenacher Stra·e,2019,7,17,5,3,6,7,0,0,1,1,0,0,0,0,7980612757,5819655531,133865,5244561
197192,11,11,11040926,Weitlingstra·e,2019,7,14,5,3,0,1,0,0,0,0,1,0,0,0,8053368087,5827358653,1350027,5251064
197193,11,5,5010339,Freiheit,2019,7,21,4,3,1,5,1,0,1,0,0,1,0,0,7874607852,5828073673,1323822,5252676
197194,11,7,7040406,Germaniagarten,2019,7,21,4,2,5,3,1,1,0,0,0,0,1,0,8003516851,5821674106,1342191,5246245
197195,11,2,2020204,Urbanstra·e,2019,7,21,4,3,5,3,1,1,1,0,0,0,0,1,7986217826,5825130473,1339962,5249438
197196,11,1,1011401,Invalidenstra·e,2019,7,21,4,3,0,1,2,0,0,0,1,0,0,1,7974608575,5829185,1338619,5253136
197197,11,1,1011201,Wilhelmstra·e,2019,7,21,4,3,5,3,2,1,1,0,0,0,0,1,7978941815,5826569591,1339022,5250768
197198,11,4,4030930,George-Grosz-Platz,2019,7,20,4,3,3,6,0,1,1,0,0,0,0,0,7934519101,582569536,1332419,5250225
197199,11,5,5020420,Werkstra·e,2019,7,20,4,2,9,1,0,0,0,0,1,0,0,0,7797900585,5828609546,131259,5253556
197200,11,1,1011202,Unter den Linden Nord,2019,7,20,4,3,5,2,0,1,1,0,0,0,0,0,7978661111,5827607568,1339074,52517
197201,11,11,11030619,Fennpfuhl Ost,2019,7,19,4,3,5,3,0,0,1,0,0,0,0,0,8042122936,5829084485,1348533,5252674
197202,11,2,2020204,Urbanstra·e,2019,7,19,4,3,0,2,0,0,1,0,1,0,0,0,7989093858,5825257539,1340396,5249537
197203,11,10,10010308,Marzahner Chaussee,2019,7,18,4,3,5,7,0,0,1,0,0,0,0,0,8065518652,5829133367,1351975,5252586
197204,11,6,6010103,Markelstra·e,2019,7,18,4,3,0,6,0,1,0,0,0,0,1,0,7938047504,5821211364,1332542,5246187
197205,11,8,8010404,Rixdorf,2019,7,17,4,3,5,2,0,1,1,0,0,0,0,0,8020243987,582348778,134481,5247779
197206,11,1,1011201,Wilhelmstra·e,2019,7,17,4,3,5,2,0,1,1,0,0,0,0,0,797294108,5827231553,13382,5251394
197207,11,10,10030724,Oberfeldstra·e,2019,7,15,4,3,5,2,0,0,1,0,0,0,0,0,809598405,5828542104,1356396,5251884
197208,11,3,3061430,Volkspark Prenzlauer Berg,2019,7,14,4,3,5,3,0,1,0,0,0,0,1,0,8023412649,5829201323,1345794,5252882
197209,11,1,1033203,Humboldthain Nordwest,2019,7,14,4,3,2,7,0,1,1,0,0,0,0,0,7965632038,5830501648,1337417,5254365
197210,11,12,12214125,Waldidyll/Flughafensee,2019,7,13,4,3,3,6,0,0,1,0,0,0,0,0,7918109804,5831241076,1330495,5255285
197211,11,12,12224230,Heiligensee,2019,7,13,4,3,1,5,0,0,1,0,0,0,0,0,7867796032,5837513077,1323637,5261175
197212,11,8,8010117,Schillerpromenade,2019,7,11,4,3,2,6,0,0,1,0,0,1,0,0,8006367894,5823075924,1342736,5247486
197213,11,9,9020602,Oberspree,2019,7,10,4,2,6,4,0,0,1,1,0,0,0,0,8084185731,5820877047,1353954,5245082
197214,11,3,3040818,Pankow SÅd,2019,7,7,4,3,1,5,0,0,1,0,0,0,1,0,7995746241,5833175311,1342086,5256597
197215,11,3,3030715,Heinersdorf,2019,7,10,4,3,2,6,0,0,1,0,0,0,0,0,8010978653,5834753495,134447,5257928
197216,11,3,3061126,Arnimplatz,2019,7,9,4,3,3,6,0,0,1,0,1,0,0,0,7991651604,5831807483,1341361,5255394
197217,11,1,1011301,CharitÇviertel,2019,7,10,4,3,5,3,0,0,1,0,1,0,0,0,7969670401,5828843044,1337863,5252857
197218,11,8,8010301,Reuterkiez,2019,7,3,7,3,2,6,2,1,1,0,0,0,0,0,8014121275,5823929395,1343951,5248208
197219,11,2,2020204,Urbanstra·e,2019,7,3,7,2,0,1,2,0,0,0,1,0,0,0,7981454599,5824850008,1339237,5249213
197220,11,5,5030833,Motardstra·e,2019,7,2,7,2,0,1,2,0,1,0,0,0,0,0,7893291113,5828958247,1326646,5253371
197221,11,1,1011101,StÅlerstra·e,2019,7,22,6,2,5,3,2,1,0,0,0,0,0,0,7948077151,5826245815,1334459,5250646
197222,11,4,4030621,Spreestadt,2019,7,14,7,3,5,2,0,1,1,0,0,0,0,0,7934989662,582761155,1332657,525194
197223,11,4,4030827,Karl-August-Platz,2019,7,14,7,2,3,6,0,1,1,0,0,0,0,0,7919835437,5826456165,1330328,5250986
197224,11,1,1022201,Stephankiez,2019,7,13,7,3,0,2,0,0,1,0,1,0,0,0,7954095452,5829565725,1335638,5253589
197225,11,9,9010101,Elsenstra·e,2019,7,22,7,3,6,4,2,1,0,1,0,0,0,0,8015059058,5824928523,1344179,5249099
197226,11,1,1011203,Unter den Linden SÅd,2019,7,13,7,2,0,7,0,0,1,1,0,0,1,0,7978812197,582706796,1339048,5251216
197227,11,1,1022104,Emdener Stra·e,2019,7,12,7,2,2,2,0,1,1,0,0,0,0,0,7945427963,5829072984,133432,5253194
197228,11,2,2040701,Andreasviertel,2019,7,21,7,3,5,2,1,1,1,0,0,0,0,0,8005866892,5827009168,1343017,5251014
197229,11,5,5020626,Adamstra·e,2019,7,12,7,2,5,2,0,0,1,0,0,0,0,0,784144997,5827314427,1318883,525217
197230,11,12,12231101,Hermsdorf,2019,7,12,7,3,5,2,0,1,1,0,0,0,0,0,79216714,5838069796,1331621,5261387
197231,11,6,6040703,Nikolassee,2019,7,12,7,3,5,2,0,1,1,0,0,0,0,0,7877701067,582167968,1323725,5246928
197232,11,12,12103220,Humboldtstra·e,2019,7,12,7,3,4,5,0,0,1,0,0,0,1,0,7942892458,5833707616,1334358,5257363
197233,11,10,10030724,Oberfeldstra·e,2019,7,19,7,3,3,6,0,0,1,0,1,0,0,0,8096020821,5828545501,1356402,5251887
197234,11,8,8030831,Gropiusstadt Ost,2019,7,11,7,3,0,1,0,0,0,0,1,0,0,0,8043235288,5817812264,1347668,5242564
197235,11,1,1011401,Invalidenstra·e,2019,7,11,7,3,1,5,0,1,0,0,0,0,1,0,7977584472,5829256873,1339063,5253184
197236,11,3,3050923,Wei·enseer Spitze,2019,7,11,7,3,5,2,0,0,1,0,0,0,0,0,800204762,5832142254,134292,5255636
197237,11,9,9010202,Kîpenicker Landstra·e,2019,7,11,7,3,5,3,0,0,1,0,0,0,0,0,804484064,5823235645,1348397,5247416
197238,11,1,1011101,StÅlerstra·e,2019,7,11,7,2,5,3,0,1,1,0,0,0,0,0,7949058172,5825973833,1334579,5250396
197239,11,11,11051332,Karlshorst SÅd,2019,7,10,7,3,5,3,0,1,0,0,0,0,1,0,8072171539,582390022,135247,5247859
197240,11,9,9020701,Adlershof West,2019,7,8,7,3,0,6,0,0,0,0,1,0,1,0,8089919267,5818122718,135454,5242581
197241,11,2,2040701,Andreasviertel,2019,7,4,7,3,5,3,1,0,1,0,0,0,0,0,8002935857,5827628335,1342642,5251586
197242,11,4,4020310,Park Ruhwald,2019,7,7,6,3,3,6,0,1,0,0,0,0,1,0,7902430954,5828067494,1327912,5252523
197243,11,9,9010401,Johannisthal West,2019,7,6,6,3,3,6,0,1,0,0,0,0,1,0,806326186,5820933198,135089,524525
197244,11,11,11010310,MÅhlengrund,2019,7,16,6,3,5,2,0,1,1,0,0,0,0,0,8054637605,5833353913,1350764,525643
197245,11,3,3020209,Niederschînhausen,2019,7,16,6,3,5,3,0,1,1,0,0,0,0,0,7973690117,5835183886,1339022,5258518
197246,11,6,6010206,Stadtpark,2019,7,15,6,3,2,6,0,0,1,0,1,0,0,0,7943933543,5820190127,1333316,5245239
197247,11,11,11051331,Karlshorst Nord,2019,7,15,6,2,0,1,0,0,0,0,0,0,1,0,8077931954,5824286643,1353351,5248173
197248,11,6,6030503,Zehlendorf Mitte,2019,7,15,6,2,5,7,0,0,0,0,1,0,1,0,7895504445,5817882802,1326009,5243429
197249,11,2,2030401,Reichenberger Stra·e,2019,7,15,6,2,5,3,0,1,0,0,0,0,1,0,8011413718,5825433129,1343689,5249571
197250,11,7,7010102,Nollendorfplatz,2019,7,13,6,3,2,6,0,0,1,0,0,0,1,0,7951219291,5825777188,1334879,5250209
197251,11,3,3051017,Rennbahnstra·e,2019,7,13,6,3,5,3,0,0,1,0,0,0,0,0,8033953345,5833104087,1347699,5256322
197252,11,4,4010102,Plîtzensee,2019,7,13,6,3,2,6,0,0,1,0,1,0,0,0,7933382519,5829756106,133261,5253872
197253,11,9,9010401,Johannisthal West,2019,7,13,6,3,5,2,0,1,1,0,0,0,0,0,8061352139,5821074864,1350623,5245387
197254,11,8,8020625,Handwerker-Siedlung,2019,7,12,6,2,2,6,0,0,1,0,0,0,0,0,8013869496,581925251,1343492,5244018
197255,11,2,2020205,Chamissokiez,2019,7,12,6,3,0,7,0,1,0,0,0,0,0,0,799214794,5824493424,1340776,5248835
197256,11,4,4030724,Lietzensee,2019,7,11,6,3,6,7,0,0,1,1,0,0,0,0,7908301176,5826383249,1328627,5250982
197257,11,7,7070701,Kettinger Stra·e/Schillerstra·e,2019,7,11,6,3,3,6,0,0,1,0,1,0,0,0,7991195536,5816189822,1339892,5241397
197258,11,2,2030302,Lausitzer Platz,2019,7,10,6,3,5,2,0,1,0,0,0,1,0,0,8006122044,5826605897,1343018,5250652
197259,11,3,3061430,Volkspark Prenzlauer Berg,2019,7,22,6,3,5,3,2,1,1,0,0,0,0,0,8021961459,5829420706,13456,5253087
197260,11,7,7040403,Manteuffelstra·e,2019,7,21,6,3,5,2,2,0,1,0,0,0,0,0,79692095,582228402,133721,524698
197261,11,9,9010101,Elsenstra·e,2019,7,21,6,2,5,3,1,1,1,0,0,0,0,0,8023294441,5825307772,1345423,5249393
197262,11,2,2040701,Andreasviertel,2019,7,20,6,3,5,3,0,1,1,0,0,0,0,0,8005843583,5827010421,1343014,5251016
197263,11,7,7040401,Neu-Tempelhof,2019,7,19,6,3,5,2,0,0,1,0,0,0,0,0,7978242186,5822535858,1338559,5247156
197264,11,4,4030929,Hindemithplatz,2019,7,1,6,3,5,3,2,0,1,0,0,0,0,0,7925802204,5825448123,1331116,525005
197265,11,8,8030829,Gropiusstadt Nord,2019,7,19,6,3,5,7,0,1,1,0,0,0,0,0,8027667787,5818171919,1345418,5242973
197266,11,11,11051331,Karlshorst Nord,2019,7,10,6,3,6,4,0,0,1,1,0,0,0,0,807251878,5824282871,1352556,52482
197267,11,5,5020625,Borkumer Stra·e,2019,7,9,6,3,0,6,0,0,0,0,0,0,1,0,7846091042,5828341795,1319653,5253066
197268,11,11,11030619,Fennpfuhl Ost,2019,7,9,6,3,5,2,0,1,1,0,0,0,0,0,8041440293,5829828569,13485,5253344
197269,11,1,1011301,CharitÇviertel,2019,7,9,6,3,5,3,0,0,1,0,0,0,1,0,797629814,5828204983,133878,5252249
197270,11,1,1044202,Sparrplatz,2019,7,8,6,2,5,3,0,1,1,0,0,0,0,0,7953983563,5830283802,1335685,5254233
197271,11,7,7030301,Friedenau,2019,7,8,6,3,4,6,0,1,1,0,0,0,0,0,7940837562,5822045924,1333025,524692
197272,11,11,11040926,Weitlingstra·e,2019,7,7,6,3,5,3,0,1,1,0,0,0,0,0,8051896453,5826252541,1349709,5250081
197273,11,9,9052001,Kîpenick Nord,2019,7,6,6,3,1,1,0,0,1,0,0,0,0,0,8108925807,5822275948,1357713,5246195
197274,11,2,2050803,Stralauer Kiez,2019,7,6,6,3,5,2,0,1,1,0,0,0,0,0,8031030948,582608588,134663,5250048
197275,11,1,1011202,Unter den Linden Nord,2019,7,15,6,3,3,6,0,0,1,0,0,0,1,0,7975327647,5827566101,133858,5251681
197276,11,8,8020727,Buckow Mitte,2019,7,11,5,3,0,3,0,1,1,0,0,0,0,0,8009878167,5817122088,1342715,524213
197277,11,8,8010508,Wei·e Siedlung,2019,7,21,5,2,9,1,2,0,0,0,1,0,0,0,8031380051,5822672845,134637,5246987
197278,11,1,1011303,Alexanderplatzviertel,2019,7,21,5,3,6,4,0,1,0,1,0,0,0,0,7990204092,5827873927,1340794,5251876
197279,11,1,1044203,Leopoldplatz,2019,7,20,5,3,5,2,0,0,1,0,0,0,1,0,795451436,5831591824,133588,5255403
197280,11,4,4030931,Breitscheidplatz,2019,7,19,5,3,5,3,0,1,1,0,0,0,0,0,7939385461,5825810689,1333144,5250302
197281,11,6,6040804,Krumme Lanke,2019,7,18,5,3,5,3,0,0,1,0,1,0,0,0,7877388229,5818260274,1323384,5243863
197282,11,8,8020727,Buckow Mitte,2019,7,18,5,3,5,2,0,0,1,0,0,0,0,0,800952209,5816263563,1342585,5241363
197283,11,11,11020513,Orankesee,2019,7,16,5,3,0,7,0,0,1,0,0,0,1,0,8029876234,5830854857,1346894,5254328
197284,11,2,2020206,Graefekiez,2019,7,15,5,3,5,2,0,1,0,0,0,0,1,0,7997744273,58248251,1341627,5249102
197285,11,1,1011201,Wilhelmstra·e,2019,7,18,5,3,5,3,0,1,1,0,0,0,0,0,797902559,5826576585,1339035,5250774
197286,11,2,2040701,Andreasviertel,2019,7,15,5,3,2,6,0,0,1,0,0,0,0,0,8003929357,5827855974,1342809,5251784
197287,11,1,1022106,Elberfelder Stra·e,2019,7,17,5,3,5,7,0,1,0,0,0,0,1,0,7937035118,5828112761,1333002,5252379
197288,11,1,1044201,Reinickendorfer Stra·e,2019,7,15,5,3,5,2,0,0,1,0,1,0,0,0,796190236,5831009098,1336914,5254841
197289,11,1,1011203,Unter den Linden SÅd,2019,7,17,5,3,5,7,0,1,1,0,0,0,0,0,7978103491,5827136663,133895,5251281
197290,11,1,1044201,Reinickendorfer Stra·e,2019,7,15,5,3,6,7,0,0,1,1,0,0,0,0,7968861079,5831538794,1337985,5255277
197291,11,4,4051653,Prager Platz,2019,7,15,5,3,6,3,0,0,1,1,0,0,0,0,7940293386,5824715871,133318,5249316
197292,11,8,8010301,Reuterkiez,2019,7,17,5,3,5,3,0,1,0,0,0,0,0,0,8015519419,5824363932,1344196,524859
197293,11,8,8020622,Parchimer Allee,2019,7,14,5,3,1,5,0,0,1,0,0,0,1,0,8013413722,5820026322,1343495,5244714
197294,11,7,7030303,Grazer Platz,2019,7,16,5,2,5,3,0,1,1,0,0,0,0,0,7952294533,5822260095,1334725,524705
197295,11,12,12302212,Rollbergesiedlung,2019,7,14,5,3,0,5,0,0,1,0,0,0,1,0,7935405442,5837847668,1333624,5261114
197296,11,9,9051702,Bîlschestra·e,2019,7,13,5,3,1,1,0,1,1,0,0,0,0,0,814032502,582074563,1362176,5244644
197297,11,1,1011102,Gro·er Tiergarten,2019,7,11,5,3,3,2,0,0,1,0,0,0,0,0,7951618216,5827090891,1335054,5251384
197298,11,7,7070701,Kettinger Stra·e/Schillerstra·e,2019,7,11,5,3,5,2,0,0,1,0,0,1,0,0,7987078463,581601987,1339273,5241267
197299,11,1,1022102,Beusselkiez,2019,7,11,5,3,6,2,0,0,0,1,0,0,1,0,7935734952,5828507524,1332845,525274
197300,11,9,9020702,Adlershof Ost,2019,7,11,5,3,2,6,0,0,1,0,0,0,1,0,8095289404,5818795339,135539,5243153
197301,11,7,7040401,Neu-Tempelhof,2019,7,11,5,3,2,6,0,0,1,0,0,0,1,0,7977572024,5822626559,1338469,5247241
197302,11,1,1011301,CharitÇviertel,2019,7,10,5,3,5,3,0,0,1,0,0,0,1,0,7970459479,5828361996,1337936,5252421
197303,11,1,1011105,Nîrdlicher Landwehrkanal,2019,7,10,5,3,1,5,0,1,1,0,0,0,0,0,7969286652,5826430217,1337591,5250696
197304,11,11,11040926,Weitlingstra·e,2019,7,10,5,3,1,1,0,0,1,0,0,0,0,0,8053380777,5827208857,1350015,525093
197305,11,11,11020411,Malchower Weg,2019,7,9,5,2,5,2,0,0,0,0,1,0,1,0,806356863,5832164587,1351968,5255314
197306,11,3,3030715,Heinersdorf,2019,7,9,5,3,2,6,0,0,1,0,0,0,0,0,8000964792,5833877837,1342917,5257198
197307,11,1,1011306,Heine-Viertel Ost,2019,7,9,5,3,5,3,0,1,1,0,0,0,0,0,7999017061,5826514373,1341966,5250609
197308,11,4,4041241,Breite Stra·e,2019,7,7,5,3,5,3,0,1,1,0,0,0,0,0,7915782942,5822164356,1329357,524716
197309,11,7,7040401,Neu-Tempelhof,2019,7,5,5,3,0,1,1,0,0,0,0,0,1,0,7972718433,5822823492,1337774,5247444
197310,11,5,5010209,An der Kappe,2019,7,3,5,2,1,1,2,0,1,0,0,0,0,0,7813943375,582972648,1315044,5254475
197311,11,3,3050925,Komponistenviertel Wei·ensee,2019,7,17,5,3,6,2,0,0,1,1,0,0,0,0,802262617,5831577211,1345894,5255016
197312,11,2,2030402,Wrangelkiez,2019,7,14,5,3,5,7,0,0,0,0,1,0,1,0,801515292,5825998741,134429,5250058
197313,11,7,7010104,Dennewitzplatz,2019,7,10,5,3,0,7,0,0,0,0,1,0,0,1,7960195531,5824976068,1336126,5249442
197314,11,4,4030931,Breitscheidplatz,2019,7,10,4,3,1,5,0,1,0,0,0,0,1,0,7937492853,5825832119,1332868,5250332
197315,11,7,7030302,CeciliengÑrten,2019,7,15,4,3,6,4,0,1,0,1,0,0,0,0,7945743506,5822329132,133377,5247147
197316,11,5,5010206,GÅtersloher Weg,2019,7,17,4,2,5,2,0,1,1,0,0,0,0,0,782434567,58304902,1316639,5255106
197317,11,11,11020514,Gro·e-Leege-Stra·e,2019,7,17,4,3,5,2,0,1,1,0,0,0,0,0,8043718011,5830844325,1348928,5254242
197318,11,2,2040701,Andreasviertel,2019,7,17,4,3,0,2,0,0,1,0,1,0,0,0,801206464,582746749,1343969,5251391
197319,11,9,9010301,Baumschulenstra·e,2019,7,16,4,3,6,2,0,0,0,1,0,1,0,0,8047465982,5822302503,1348697,5246565
197320,11,1,1033201,Brunnenstra·e,2019,7,16,4,3,6,7,0,1,0,1,0,0,0,0,797882533,5831027186,1339404,5254764
197321,11,6,6020302,Komponistenviertel Lankwitz,2019,7,16,4,3,5,3,0,1,1,0,0,0,0,0,7943395264,5819041313,1333135,5244212
197322,11,7,7040405,Rathaus Tempelhof,2019,7,16,4,3,2,7,0,0,0,0,1,0,1,0,7981701912,5821908165,1339011,5246575
197323,11,4,4010103,Paul-Hertz-Siedlung,2019,7,5,4,3,0,6,0,0,0,0,1,0,0,0,7911410786,5829174408,1329328,5253468
197324,11,5,5040934,Alt-Gatow,2019,7,23,4,3,0,1,2,1,0,0,0,0,0,0,783747479,5824142705,1318028,5249346
197325,11,1,1033201,Brunnenstra·e,2019,7,20,4,3,0,3,0,1,0,0,0,0,1,0,7985075333,5830233396,1340252,5254019
197326,11,1,1011402,Arkonaplatz,2019,7,19,4,3,1,5,0,1,1,0,0,0,0,0,7987823379,5829671733,1340605,52535
197327,11,12,1044101,Rehberge,2019,7,19,4,3,2,4,0,0,1,1,0,0,0,0,7919500482,5831492874,1330721,5255503
197328,11,11,11051229,Rummelsburg,2019,7,18,4,3,2,3,0,0,1,0,0,0,0,0,8033617038,5826298587,1347029,5250224
197329,11,2,2050802,Boxhagener Platz,2019,7,18,4,3,0,6,0,1,0,0,0,0,0,0,8025475962,5826732022,1345872,5250658
197330,11,1,1011302,Oranienburger Stra·e,2019,7,18,4,3,5,3,0,1,1,0,0,0,0,0,798603908,5828890418,1340273,525281
197331,11,5,5030730,Zitadellenweg,2019,7,18,4,2,2,6,0,0,1,0,1,0,0,0,7860445055,5829165312,1321834,525373
197332,11,2,2020204,Urbanstra·e,2019,7,18,4,3,5,2,0,0,1,0,1,0,0,0,7983229117,582513964,1339524,5249463
197333,11,7,7040401,Neu-Tempelhof,2019,7,18,4,3,6,2,0,1,0,1,0,0,0,0,798099158,5823964834,133909,5248422
197334,11,1,1011402,Arkonaplatz,2019,7,18,4,3,0,1,0,1,0,0,0,0,0,0,7985452399,5829189163,1340214,5253081
197335,11,10,10020414,Helle Mitte,2019,7,17,4,3,6,7,0,0,1,1,0,0,0,0,8121234917,5830905826,1360328,5253859
197336,11,1,1044102,Schillerpark,2019,7,12,4,3,2,2,0,0,1,0,0,0,1,0,7949131324,5832044113,1335128,5255838
197337,11,9,9020502,Oberschîneweide Ost,2019,7,12,4,3,0,6,0,0,1,0,1,0,0,0,8066857465,5822696904,1351579,524681
197338,11,7,7010104,Dennewitzplatz,2019,7,12,4,3,5,2,0,1,1,0,0,0,0,0,7963470883,5824919951,1336602,5249374
197339,11,9,9010202,Kîpenicker Landstra·e,2019,7,11,4,2,6,7,0,0,1,1,0,0,0,0,8042821573,5823767033,1348149,5247904
197340,11,3,3071639,Bîtzowstra·e,2019,7,10,4,2,6,4,0,0,1,1,0,0,0,0,8007102781,5829144165,1343392,5252921
197341,11,7,7010101,Wittenbergplatz/Viktoria-Luise-Platz,2019,7,9,4,3,5,2,0,0,1,0,0,0,0,0,7945673052,5825796196,1334066,5250256
197342,11,7,7010102,Nollendorfplatz,2019,7,8,4,3,5,3,0,1,1,0,0,0,0,0,7954261992,582548869,13353,5249933
197343,11,1,1011204,Leipziger Stra·e,2019,7,8,4,3,1,5,0,1,1,0,0,0,0,0,798855242,5827027577,1340475,5251126
197344,11,11,11030619,Fennpfuhl Ost,2019,7,8,4,3,5,2,0,1,1,0,0,0,0,0,8039696837,5829072463,1348175,5252676
197345,11,11,11030721,RÅdigerstra·e,2019,7,7,4,3,5,3,0,0,1,0,1,0,0,0,8043085809,5828168371,134859,5251847
197346,11,5,5010339,Freiheit,2019,7,7,4,3,6,4,0,0,1,1,0,0,0,0,7868049857,582821149,132287,5252835
197347,11,3,3010102,Buch,2019,7,16,4,3,2,6,0,0,1,0,0,0,0,0,804644687,5841357339,1350296,5263649
197348,11,11,11051331,Karlshorst Nord,2019,7,16,4,3,0,7,0,1,1,0,0,0,0,0,8084006053,582357231,1354177,5247498
197349,11,4,4030726,Droysenstra·e,2019,7,15,4,2,5,2,0,0,1,0,1,0,0,0,7923023205,5825377025,1330702,5250002
197350,11,12,12214125,Waldidyll/Flughafensee,2019,7,15,4,3,3,5,0,1,1,0,0,0,0,0,7883537777,5832100746,1325485,525624
197351,11,4,4051653,Prager Platz,2019,7,14,4,2,6,4,0,1,0,1,0,0,0,0,7940282973,5824715809,1333179,5249316
197352,11,3,1033102,Gesundbrunnen,2019,7,14,4,3,2,6,0,0,1,0,0,0,0,0,7980472902,5831836487,1339719,5255481
197353,11,3,3050924,Behaimstra·e,2019,7,13,4,3,6,2,0,0,1,1,0,0,0,0,8015364047,5831445505,1344815,5254938
197354,11,1,1022207,Hansaviertel,2019,7,13,4,3,0,3,0,0,1,0,0,0,0,0,794479002,58273873,1334077,5251687
197355,11,1,1022202,Heidestra·e,2019,7,13,4,3,5,2,0,1,1,0,0,0,0,0,7956689129,5829732336,1336034,5253724
197356,11,11,11020412,Hauptstra·e,2019,7,12,4,3,3,6,0,0,1,0,0,1,0,0,805522379,5831606095,135069,525486
197357,11,2,2050601,Hausburgviertel,2019,7,13,4,2,3,6,0,0,1,0,1,0,0,0,801730635,5828912954,134487,5252658
197358,11,10,10010310,Alt-Marzahn,2019,7,5,4,3,6,4,0,0,0,1,0,0,1,0,8092061174,583059775,1356011,5253749
197359,11,2,2040701,Andreasviertel,2019,7,20,4,3,5,2,0,0,1,0,1,0,0,0,8004256853,5827973981,1342868,5251888
197360,11,9,9031101,GrÅnau,2019,7,19,3,3,6,4,0,1,0,1,0,0,0,0,8134732629,5816411605,1360949,5240793
197361,11,1,1033202,Humboldthain SÅd,2019,7,21,3,3,5,3,2,0,1,0,1,0,0,0,7978044315,5830038942,1339201,5253883
197362,11,1,1033203,Humboldthain Nordwest,2019,7,20,3,3,0,7,0,0,1,0,0,0,0,0,7964019495,5830096117,1337144,5254011
197363,11,7,7020203,Kaiser-Wilhelm-Platz,2019,7,19,3,3,2,7,0,1,0,0,0,0,1,0,7962065206,5824232496,1336335,5248765
197364,11,9,9020502,Oberschîneweide Ost,2019,7,19,3,3,5,2,0,1,1,0,0,0,0,0,8073670132,5822350367,1352547,5246461
197365,11,2,2020206,Graefekiez,2019,7,19,3,2,5,7,1,0,1,0,1,0,0,0,7997668115,5824819202,1341615,5249097
197366,11,1,1011302,Oranienburger Stra·e,2019,7,19,3,2,1,5,0,1,1,0,0,0,0,0,7986176698,5828850144,134029,5252773
197367,11,1,1011302,Oranienburger Stra·e,2019,7,18,3,3,2,6,0,0,1,0,1,0,0,0,7983727401,5829037422,1339946,5252954
197368,11,5,5020523,Maulbeerallee,2019,7,18,3,3,5,3,0,0,1,0,0,0,0,0,782375924,5827033052,1316259,5252009
197369,11,8,8041037,Alt-Rudow,2019,7,18,3,3,0,3,0,0,1,0,1,0,0,0,805354681,581731453,1349134,5242061
197370,11,2,2040703,Wriezener Bahnhof/Entwicklungsgebiet,2019,7,17,3,3,6,4,0,0,1,1,0,0,0,0,8014274069,5826416965,1344198,5250437
197371,11,2,2030302,Lausitzer Platz,2019,7,17,3,3,2,6,0,1,0,0,0,0,0,0,8016278052,5826057583,134446,5250104
197372,11,2,2050803,Stralauer Kiez,2019,7,16,3,3,5,3,0,1,1,0,0,0,0,0,8022189191,5826089384,1345331,52501
197373,11,9,9020501,Oberschîneweide West,2019,7,16,3,3,5,7,0,0,1,0,0,0,1,0,8065099448,5822550203,1351308,5246689
197374,11,3,3010102,Buch,2019,7,11,3,3,0,1,0,1,0,0,0,0,0,0,8040866477,5841238982,1349463,5263574
197375,11,1,1011402,Arkonaplatz,2019,7,16,3,2,0,1,0,1,0,0,0,0,0,0,7986785389,5829460684,1340434,5253317
197376,11,1,1011401,Invalidenstra·e,2019,7,16,3,3,0,1,0,1,0,0,0,0,0,0,7984745082,5829096249,1340101,5253001
197377,11,1,1011203,Unter den Linden SÅd,2019,7,15,3,3,5,2,0,0,1,0,1,0,0,0,7977768136,5827345155,1338919,525147
197378,11,8,8010303,Donaustra·e,2019,7,15,3,2,0,1,0,1,0,0,0,0,0,0,8003293289,5824358696,13424,5248653
197379,11,2,2040701,Andreasviertel,2019,7,14,3,3,0,7,0,1,1,0,0,0,0,0,8012077451,5827481316,1343972,5251403
197380,11,1,1044103,Westliche MÅllerstra·e,2019,7,13,3,3,2,6,0,0,0,0,1,0,1,0,7945543647,5830743303,1334485,5254691
197381,11,6,6020302,Komponistenviertel Lankwitz,2019,7,13,3,3,5,7,0,0,1,0,1,0,0,0,7951424399,5818859104,1334297,5244006
197382,11,9,9041301,Kietzer Feld/Nachtheide,2019,7,13,3,2,5,3,0,1,1,0,0,0,0,0,8115585299,5818886184,1358374,524312
197383,11,8,8010117,Schillerpromenade,2019,7,12,3,3,5,7,0,0,1,0,1,0,0,0,8001851982,5823612589,1342121,5247992
197384,11,4,4030929,Hindemithplatz,2019,7,12,3,3,3,2,0,0,1,0,0,0,0,0,7926285074,5825441235,1331187,5250042
197385,11,1,1011301,CharitÇviertel,2019,7,12,3,3,1,5,0,1,1,0,0,0,0,0,797240287,5828237236,133821,5252299
197386,11,4,4051445,Eisenzahnstra·e,2019,7,11,3,3,2,2,0,0,1,0,1,0,0,0,7924392963,5824109262,1330792,5248858