OBJECTID,LAND,BEZ,LOR,STRASSE,UJAHR,UMONAT,USTUNDE,UWOCHENTAG,UKATEGORIE,UART,UTYP1,ULICHTVERH,IstRad,IstPKW,IstFuss,IstKrad,IstGkfz,IstSonstige,USTRZUSTAND,LINREFX,LINREFY,XGCSWGS84,YGCSWGS84
197387,11,2,2030301,Oranienplatz,2019,7,11,3,3,6,4,0,0,1,1,0,0,0,0,8002823398,5826085137,1342487,5250203
197388,11,4,4030929,Hindemithplatz,2019,7,11,3,3,2,6,0,0,1,0,1,0,0,0,7923788498,5825383952,1330815,5250004
197389,11,3,3040614,Pankow Zentrum,2019,7,11,3,3,5,3,0,0,1,0,1,0,0,0,7989777695,5835029233,1341375,5258292
197390,11,5,5010314,Carl-Schurz-Stra·e,2019,7,17,3,3,2,6,0,0,1,0,0,0,0,0,7851383518,5828966141,1320485,5253599
197391,11,5,5020521,Dîberitzer Weg,2019,7,10,3,3,2,6,0,0,1,0,0,0,0,0,7796177478,5827822114,1312271,5252859
197392,11,7,7040401,Neu-Tempelhof,2019,7,10,3,3,2,2,0,0,1,0,1,0,0,0,7987419674,5823946932,1340032,5248371
197393,11,2,2030402,Wrangelkiez,2019,7,10,3,3,0,1,0,1,0,0,0,0,0,0,8014169208,5825630388,1344112,5249733
197394,11,1,1044203,Leopoldplatz,2019,7,9,3,3,2,6,0,0,1,0,0,0,0,0,7953751858,5831089716,1335723,5254957
197395,11,11,11051229,Rummelsburg,2019,7,9,3,3,5,2,0,1,1,0,0,0,0,0,8040950153,5825995295,1348078,5249911
197396,11,4,4030518,Tegeler Weg,2019,7,9,3,3,2,2,0,0,1,0,1,0,0,0,7914747366,5828282774,1329741,5252651
197397,11,3,3061429,Greifswalder Stra·e,2019,7,9,3,3,1,5,0,1,1,0,0,0,0,0,801620921,5830165634,1344823,5253787
197398,11,9,9051702,Bîlschestra·e,2019,7,7,3,3,5,7,0,1,0,0,0,0,1,0,8142075313,5821766947,1362528,524555
197399,11,3,3040512,Wilhelmsruh,2019,7,6,3,3,5,3,0,0,1,0,0,0,1,0,796278303,5835300553,1337427,5258683
197400,11,11,11010205,Falkenberg West,2019,7,6,3,3,5,3,0,0,1,0,1,0,0,0,8065018618,583302241,135226,5256075
197401,11,1,1011301,CharitÇviertel,2019,7,6,3,3,5,2,0,0,1,0,1,0,0,0,7975561451,582872282,1338718,5252717
197402,11,4,4051446,Preu·enpark,2019,7,3,3,3,5,3,2,1,1,0,0,0,0,0,7928472806,5824332448,1331411,5249036
197403,11,1,1011303,Alexanderplatzviertel,2019,7,18,3,3,0,1,0,0,0,0,0,0,1,0,7984854558,5828032274,1340022,5252047
197404,11,5,5020417,Staakener Stra·e,2019,7,13,3,3,1,5,0,1,1,0,0,0,0,0,7817336368,5828491503,1315438,525335
197405,11,1,1011301,CharitÇviertel,2019,7,19,3,3,1,5,0,1,1,0,0,0,0,0,7974820528,582881764,1338618,5252806
197406,11,3,3061227,Humannplatz,2019,7,7,2,3,5,3,0,0,1,0,0,0,0,0,7995865108,5831413305,1341945,5255017
197407,11,4,4010102,Plîtzensee,2019,7,6,2,3,2,2,0,0,1,0,0,1,0,0,791672953,5830679627,1330242,5254789
197408,11,7,7070701,Kettinger Stra·e/Schillerstra·e,2019,7,1,2,3,0,1,2,0,1,0,0,0,0,0,7991602544,5816219514,1339954,5241421
197409,11,1,1011303,Alexanderplatzviertel,2019,7,15,2,3,5,3,0,1,1,0,0,0,0,0,7991069793,5828466091,1340974,5252402
197410,11,3,3040614,Pankow Zentrum,2019,7,15,2,3,2,7,0,0,0,0,1,1,0,0,7999805304,5835126008,134286,5258323
197411,11,4,4051448,Schaperstra·e,2019,7,17,2,3,5,2,0,1,1,0,0,0,0,1,7936313299,5824864161,1332609,524947
197412,11,4,4031032,Halensee,2019,7,17,2,3,0,7,0,1,1,0,0,0,0,1,7918391431,5824921469,1329982,5249618
197413,11,1,1033202,Humboldthain SÅd,2019,7,13,2,3,5,2,0,1,1,0,0,0,0,0,7977632654,5829744614,1339114,5253621
197414,11,1,1033202,Humboldthain SÅd,2019,7,13,2,3,3,6,0,1,0,0,0,0,1,0,7977050865,5829652281,133902,5253542
197415,11,1,1044201,Reinickendorfer Stra·e,2019,7,16,2,3,2,7,0,0,1,0,0,0,0,0,7963693878,5831657559,1337236,5255412
197416,11,1,1011201,Wilhelmstra·e,2019,7,15,2,2,5,2,0,1,1,0,0,0,0,0,7974712321,5826798786,1338421,5250997
197417,11,1,1033201,Brunnenstra·e,2019,7,15,2,3,1,1,0,0,1,0,0,0,0,0,7978115894,5831131418,1339309,5254862
197418,11,5,5020626,Adamstra·e,2019,7,16,2,3,2,6,0,0,1,0,0,0,1,0,7847021072,5827686122,1319734,5252474
197419,11,4,4020313,Kînigin-Elisabeth-Stra·e,2019,7,14,2,2,3,6,0,0,1,0,0,0,0,0,7903816894,5825984707,1327934,5250649
197420,11,4,4030415,Schlo·garten,2019,7,17,2,2,0,1,0,0,0,0,1,0,0,1,7907320781,5827657588,1328594,525213
197421,11,5,5010103,Amorbacher Weg,2019,7,21,2,3,9,1,1,0,1,0,0,0,0,1,784926624,5831138701,132036,5255558
197422,11,8,8010211,Flughafenstra·e,2019,7,20,2,3,2,7,1,0,1,0,1,0,0,0,8007173842,5823850426,1342924,5248176
197423,11,12,12214424,Scharnweberstra·e,2019,7,19,2,3,2,6,0,0,1,0,0,0,0,0,7935098551,5832413303,1333097,5256244
197424,11,1,1044203,Leopoldplatz,2019,7,19,2,3,1,5,0,1,1,0,0,0,1,0,7951121716,5831237511,1335349,5255104
197425,11,2,2010103,Moritzplatz,2019,7,13,2,3,5,3,0,0,1,0,0,0,0,0,7990229659,5826071454,1340636,525026
197426,11,4,4030726,Droysenstra·e,2019,7,13,2,3,5,2,0,0,1,0,1,0,0,0,7923124101,5825381533,1330717,5250005
197427,11,1,1022106,Elberfelder Stra·e,2019,7,12,2,3,5,3,0,1,0,0,0,0,0,0,7938313744,582814103,1333192,5252397
197428,11,9,9051901,Dammvorstadt,2019,7,12,2,3,5,3,0,0,1,0,0,0,0,0,8110656118,5821224398,1357869,5245243
197429,11,11,11041022,Rosenfelder Ring,2019,7,11,2,3,0,7,0,0,0,0,0,1,0,0,8065916061,5827752818,1351906,5251347
197430,11,6,6020306,Lankwitz SÅd,2019,7,11,2,3,5,3,0,0,1,0,0,0,1,0,7968758598,581749601,1336719,524269
197431,11,9,9020501,Oberschîneweide West,2019,7,11,2,3,5,3,0,1,1,0,0,0,0,0,8064095666,5822969801,1351199,524707
197432,11,2,2010102,Mehringplatz,2019,7,9,2,3,2,6,0,1,0,0,0,0,0,0,7983461963,5825563927,1339596,5249842
197433,11,11,11051332,Karlshorst SÅd,2019,7,9,2,3,2,6,0,0,1,0,0,0,0,0,8072176113,5824022971,1352482,5247969
197434,11,3,3040614,Pankow Zentrum,2019,7,8,2,3,5,3,0,1,1,0,0,0,0,0,7986845131,5833804311,1340833,525721
197435,11,1,1011301,CharitÇviertel,2019,7,6,2,3,6,4,0,1,0,1,0,0,0,0,7970875049,5828852287,1338041,5252858
197436,11,5,5010101,Hakenfelde Nord,2019,7,10,2,3,5,2,0,1,1,0,0,0,0,0,7852026906,5831163583,1320768,5255565
197437,11,4,4020311,Reichsstra·e,2019,7,10,2,2,6,4,0,0,1,1,0,0,0,0,789756334,5826384785,132705,5251041
197438,11,3,3020210,Herthaplatz,2019,7,20,2,3,1,5,1,1,1,0,0,0,0,0,7981499737,5835473657,1340197,5258735
197439,11,5,5010103,Amorbacher Weg,2019,7,11,2,3,6,2,0,0,1,1,0,0,0,0,7839032146,5831186961,1318859,5255654
197440,11,9,9030901,Dorf Altglienicke,2019,7,14,1,3,6,4,0,0,1,1,0,0,0,0,8092779159,5817390902,1354892,5241909
197441,11,1,1044103,Westliche MÅllerstra·e,2019,7,19,1,3,2,6,0,0,1,0,0,0,0,0,7947066407,5830843821,1334718,5254773
197442,11,3,3040818,Pankow SÅd,2019,7,22,1,3,1,7,2,0,0,0,1,0,1,0,8001492991,5831877123,1342814,5255402
197443,11,4,4051445,Eisenzahnstra·e,2019,7,19,1,3,1,5,0,0,1,0,1,0,0,0,7919758154,5824146324,1330114,5248916
197444,11,3,3061131,Falkplatz,2019,7,19,1,3,5,3,0,1,1,0,0,0,0,0,79913613,5830553416,1341205,5254271
197445,11,6,6030503,Zehlendorf Mitte,2019,7,19,1,3,1,5,0,0,1,0,0,0,0,0,7906963993,5817892226,1327691,5243377
197446,11,8,8010301,Reuterkiez,2019,7,18,1,3,0,2,0,0,1,0,0,0,1,0,8007500551,5824332298,1343015,5248606
197447,11,9,9010202,Kîpenicker Landstra·e,2019,7,18,1,3,5,2,0,0,1,0,0,0,1,0,8038426567,5823840348,1347511,5247994
197448,11,9,9031202,Schmîckwitz/Rauchfangswerder,2019,7,17,1,2,5,3,0,0,1,0,1,0,0,0,818821531,5812575883,1368421,5237047
197449,11,11,11030720,Herzbergstra·e,2019,7,16,1,3,3,6,0,0,1,0,1,0,0,0,8055141552,5830038116,1350533,5253455
197450,11,11,11010309,Zingster Stra·e West,2019,7,16,1,2,6,4,0,0,1,1,0,0,0,0,805043606,5833518386,1350161,5256601
197451,11,11,11010102,Dorf Wartenberg,2019,7,16,1,3,4,6,0,0,1,0,1,0,0,0,8058308108,5834831459,135144,5257734
197452,11,2,2040701,Andreasviertel,2019,7,15,1,3,5,3,0,0,1,0,1,0,0,0,8006189241,5827215663,1343083,5251198
197453,11,5,5010207,Darbystra·e,2019,7,15,1,3,5,2,0,0,1,0,0,0,0,1,7836911223,5830167514,1318459,5254751
197454,11,4,4061757,Forst Grunewald,2019,7,14,1,3,2,6,0,1,1,0,0,0,0,0,7858174789,5825053083,1321147,5250055
197455,11,9,9020801,Spindlersfeld,2019,7,14,1,3,1,5,0,1,1,0,0,0,0,0,8105700901,5820665306,135709,524477
197456,11,4,4030930,George-Grosz-Platz,2019,7,14,1,3,1,5,0,1,1,0,0,0,0,0,7929336467,5825549874,1331645,5250123
197457,11,1,1022104,Emdener Stra·e,2019,7,15,1,3,8,1,0,0,1,0,0,0,1,0,7944238217,5828948138,1334134,5253089
197458,11,12,12301206,LÅbars,2019,7,10,1,3,5,3,0,0,1,0,0,0,0,1,7938905372,5837581197,1334115,5260857
197459,11,8,8010301,Reuterkiez,2019,7,2,1,2,1,5,2,1,1,0,0,0,0,1,8012184211,5824851347,134375,5249046
197460,11,1,1033102,Gesundbrunnen,2019,7,22,1,2,0,7,2,0,0,0,0,0,1,0,7974117651,5831253655,1338732,5254993
197461,11,3,3061228,Erich-Weinert-Stra·e,2019,7,20,7,3,5,2,1,1,1,0,0,0,0,0,8006241669,5831371523,1343467,5254923
197462,11,1,1033203,Humboldthain Nordwest,2019,7,18,7,3,6,4,0,0,1,1,0,0,0,0,7973515866,5831186295,1338638,5254936
197463,11,12,12224230,Heiligensee,2019,7,22,7,3,6,7,2,1,0,1,0,0,0,1,7872384723,5837814425,1324339,5261421
197464,11,7,7010104,Dennewitzplatz,2019,7,20,7,3,5,2,0,0,1,0,0,0,1,0,7960140049,5824955601,1336116,5249424
197465,11,12,12214424,Scharnweberstra·e,2019,7,20,7,3,2,2,0,0,1,0,0,0,0,0,7932676298,5832584139,1332756,5256411
197466,11,8,8010301,Reuterkiez,2019,7,18,7,2,5,2,0,0,1,0,1,0,0,0,8006639273,5824384824,1342894,5248658
197467,11,11,11010102,Dorf Wartenberg,2019,7,17,7,3,9,1,0,0,1,0,0,0,0,0,806362865,5835157976,1352253,5257996
197468,11,1,1022201,Stephankiez,2019,7,17,7,3,5,7,0,0,1,0,1,0,0,0,7950796277,5829098479,1335112,5253188
197469,11,7,7010102,Nollendorfplatz,2019,7,16,7,2,1,5,0,1,1,0,0,0,0,0,7949592689,5825281655,1334596,5249773
197470,11,4,4010101,Jungfernheide,2019,7,16,7,3,5,3,0,1,1,0,0,0,0,0,7906691179,5829639788,1328675,525391
197471,11,3,3050923,Wei·enseer Spitze,2019,7,16,7,3,8,1,0,0,0,0,0,0,1,0,8009104538,5832110499,1343954,5255569
197472,11,4,4051445,Eisenzahnstra·e,2019,7,15,7,3,5,2,0,1,1,0,0,0,0,0,792061585,5824052229,1330232,5248827
197473,11,4,4020314,MessegelÑnde,2019,7,14,7,3,2,6,0,0,1,0,1,0,0,0,7903633212,5825570779,132787,5250279
197474,11,4,4051654,Wilhelmsaue,2019,7,13,7,2,5,2,0,0,1,0,0,0,0,0,7934335209,582392936,1332236,5248643
197475,11,11,11030720,Herzbergstra·e,2019,7,12,7,2,2,6,0,0,1,0,0,0,0,0,8051120017,5829972509,1349936,5253419
197476,11,6,6020409,Kînigsberger Stra·e,2019,7,12,7,3,3,6,0,0,1,0,1,0,0,0,7932381486,5816841304,1331327,5242299
197477,11,7,7050502,Fritz-Werner-Stra·e,2019,7,11,7,3,5,2,0,0,1,0,0,0,0,0,79757681,5818421451,1337829,5243482
197478,11,7,7060604,Marienfelde SÅd,2019,7,11,7,3,5,3,0,1,1,0,0,0,0,0,7958897709,5815352929,1335083,5240822
197479,11,10,10020412,Alte Hellersdorfer Stra·e,2019,7,10,7,3,5,3,0,1,1,0,0,0,0,0,8113144224,5831721137,1359215,5254635
197480,11,3,3020307,Buchholz,2019,7,10,7,2,6,3,0,0,1,1,0,0,0,0,8000737201,5837478547,134321,5260427
197481,11,5,5030730,Zitadellenweg,2019,7,9,7,3,0,6,0,0,0,0,0,0,1,0,7860509259,5829162042,1321843,5253726
197482,11,9,9010201,Am Treptower Park SÅd,2019,7,9,7,2,6,2,0,0,1,1,0,0,0,0,802660822,5824427915,1345829,5248586
197483,11,12,12214421,Reinickes Hof,2019,7,8,7,3,5,3,0,0,1,0,1,0,0,0,7933093532,5833875298,1332931,5257566
197484,11,8,8020619,Buschkrugallee Nord,2019,7,18,7,3,5,3,0,0,1,0,0,0,0,0,8018601336,5821749947,1344411,524623
197485,11,3,3050923,Wei·enseer Spitze,2019,7,22,7,3,5,2,2,1,0,0,0,0,1,1,800598249,5831859304,1343473,5255361
197486,11,5,5010310,Eckschanze,2019,7,14,6,3,2,6,0,0,1,0,0,0,0,0,7847585282,5830452191,1320054,5254951
197487,11,6,6010209,Feuerbachstra·e,2019,7,16,6,3,5,3,0,0,1,0,0,0,0,0,7942970485,5820851728,1333233,5245838
197488,11,5,5020521,Dîberitzer Weg,2019,7,19,6,2,5,3,0,0,1,0,0,0,0,0,7800183664,5827865477,1312863,5252877
197489,11,1,1011201,Wilhelmstra·e,2019,7,18,6,3,5,3,0,0,1,0,1,0,0,0,7969712111,5826858103,1337692,5251077
197490,11,3,3061227,Humannplatz,2019,7,16,6,2,5,3,0,0,1,0,1,0,0,1,8000862845,5831671075,1342703,5255221
197491,11,12,12304314,Ziekowstra·e/Freie Scholle,2019,7,15,6,3,2,6,0,0,1,0,0,0,0,0,7912555223,5836431173,1330134,5259967
197492,11,11,11020516,Wei·e Taube,2019,7,14,6,3,4,6,0,0,1,0,0,1,0,0,805713464,5830900713,1350906,5254217
197493,11,2,2040702,Weberwiese,2019,7,13,6,3,2,7,0,0,0,0,1,1,0,0,8017777042,5827424505,1344804,5251321
197494,11,5,5020419,Magistratsweg,2019,7,12,6,3,5,2,0,0,1,0,0,0,0,0,7808730764,5828322241,1314159,5253243
197495,11,12,12301203,Wittenau SÅd,2019,7,11,6,3,0,5,0,1,1,0,0,0,1,0,7932357463,5835960562,1333008,5259439
197496,11,1,1011303,Alexanderplatzviertel,2019,7,10,6,3,2,6,0,0,0,0,1,0,1,0,799248351,5828469191,1341182,5252397
197497,11,6,6020303,Lankwitz Kirche,2019,7,10,6,3,5,2,0,1,1,0,0,0,0,0,7953489043,5818441799,1334563,5243621
197498,11,1,1011203,Unter den Linden SÅd,2019,7,8,6,3,5,3,0,1,1,0,0,0,0,0,7977619208,5827443002,1338906,5251558
197499,11,5,5010206,GÅtersloher Weg,2019,7,22,6,3,2,2,2,0,1,0,1,0,0,0,7823742671,5830505233,1316551,5255123
197500,11,8,8020620,Tempelhofer Weg,2019,7,20,6,3,5,3,2,0,1,0,0,0,0,0,8008937323,5821468207,1342968,5246031
197501,11,2,2050804,Stralauer Halbinsel,2019,7,16,6,3,0,1,0,0,0,0,1,0,0,1,8032120236,5825840015,1346767,5249821
197502,11,1,1011104,Kîrnerstra·e,2019,7,12,6,2,6,2,0,0,0,1,0,0,1,0,7966225384,5825637032,1337071,5250002
197503,11,4,4020313,Kînigin-Elisabeth-Stra·e,2019,7,10,6,2,5,3,0,0,1,0,0,0,0,0,790471356,5826697152,1328127,5251283
197504,11,11,11030619,Fennpfuhl Ost,2019,7,16,6,3,0,1,0,0,0,0,1,0,0,1,8041190134,5829830649,1348464,5253348
197505,11,1,1011302,Oranienburger Stra·e,2019,7,17,6,3,0,1,0,1,0,0,0,0,0,1,7985512712,5828965436,1340202,525288
197506,11,10,10030724,Oberfeldstra·e,2019,8,15,3,3,0,2,0,1,1,0,0,0,0,1,8091839232,583021501,1355943,5253407
197507,11,3,3040818,Pankow SÅd,2019,8,17,3,1,5,5,0,0,0,0,0,0,1,0,7996897096,58325779,1342201,5256055
197508,11,8,8020621,Mohriner Allee Nord,2019,8,13,2,3,3,6,0,1,1,0,0,0,0,0,8009888133,5819508749,1342931,5244269
197509,11,1,1011105,Nîrdlicher Landwehrkanal,2019,8,22,2,3,1,5,2,1,1,0,0,0,0,0,7966940784,5826907377,1337289,5251136
197510,11,4,4020311,Reichsstra·e,2019,8,17,2,3,0,1,0,0,0,0,1,0,0,0,7899347848,5826209149,1327296,5250874
197511,11,4,4030621,Spreestadt,2019,8,16,2,3,2,2,0,0,1,0,0,0,1,0,7935081029,5827633456,1332672,525196
197512,11,1,1011302,Oranienburger Stra·e,2019,8,16,2,3,3,6,0,1,1,0,0,0,0,0,7983431575,5828962346,1339896,5252888
197513,11,4,4030417,Schlo·stra·e,2019,8,16,2,3,5,3,0,1,1,0,0,0,0,0,7908556336,5826736783,1328696,5251298
197514,11,9,9020601,Schnellerstra·e,2019,8,9,2,3,5,2,0,1,0,0,0,0,1,0,805794606,582182533,1350192,5246079
197515,11,4,4051655,Babelsberger Stra·e,2019,8,17,2,3,3,6,0,1,1,0,0,0,0,0,7941780473,582412051,1333346,5248774
197516,11,9,9052001,Kîpenick Nord,2019,8,16,2,3,0,2,0,1,0,0,0,0,1,0,8092159385,5823033132,1355323,5246969
197517,11,3,3061430,Volkspark Prenzlauer Berg,2019,8,16,2,3,6,2,0,0,0,1,0,1,0,0,802304781,5829214319,1345741,5252896
197518,11,9,9020702,Adlershof Ost,2019,8,16,2,3,0,3,0,1,1,0,0,0,0,0,8091826593,5819531062,135495,5243832
197519,11,8,8010301,Reuterkiez,2019,8,15,2,3,2,6,0,0,1,0,0,0,0,0,8008451669,5824283899,1343151,5248558
197520,11,7,7020204,Schîneberger Insel,2019,8,15,2,2,1,5,0,1,1,0,0,0,0,0,7961457741,5824014932,1336226,5248573
197521,11,1,1022101,Huttenkiez,2019,8,15,2,3,0,2,0,1,1,0,0,0,0,0,7930982877,5828963683,1332187,5253174
197522,11,7,7030303,Grazer Platz,2019,8,13,2,3,0,1,0,0,0,0,1,0,0,1,7958895071,5820821862,1335567,5245725
197523,11,1,1011204,Leipziger Stra·e,2019,8,11,2,3,5,3,0,1,0,0,0,0,1,0,7979626729,582658054,1339124,5250774
197524,11,2,2020203,Viktoriapark,2019,8,11,2,3,1,5,0,1,1,0,0,0,0,0,7970357873,5823991334,1337531,5248504
197525,11,4,4030621,Spreestadt,2019,8,11,2,3,6,7,0,1,0,1,0,0,0,0,7931626303,5827770961,1332177,5252101
197526,11,8,8041035,Blumenviertel,2019,8,11,2,3,5,7,0,0,1,0,1,0,0,0,804345654,5818310531,1347745,524301
197527,11,6,6010206,Stadtpark,2019,8,11,2,3,5,3,0,0,1,0,0,0,0,0,7947309606,5820070642,13338,5245114
197528,11,1,1011202,Unter den Linden Nord,2019,8,8,2,2,5,3,0,1,1,0,0,0,0,0,7985502721,5827802738,1340097,5251838
197529,11,7,7070703,John-Locke-Stra·e,2019,8,8,2,3,5,2,0,1,1,0,0,0,0,0,7998026047,5813185422,1340624,5238667
197530,11,1,2040701,Andreasviertel,2019,8,8,2,3,2,6,0,0,1,0,0,0,1,0,8002518139,5827564013,1342575,525153
197531,11,8,8010117,Schillerpromenade,2019,8,8,2,3,5,2,0,1,1,0,0,0,0,0,8004771364,5823615274,134255,5247978
197532,11,4,4020311,Reichsstra·e,2019,8,7,2,3,2,6,0,0,1,0,0,0,0,0,7894315024,5826660338,1326596,5251305
197533,11,3,3040614,Pankow Zentrum,2019,8,7,2,3,2,7,0,0,1,0,0,0,0,0,7988464673,5834955918,1341176,5258233
197534,11,3,3040614,Pankow Zentrum,2019,8,10,2,3,0,3,0,1,0,0,0,0,1,0,799984783,5835246868,1342877,5258431
197535,11,3,3050925,Komponistenviertel Wei·ensee,2019,8,7,2,3,5,2,0,0,1,0,1,0,0,0,801962582,5831443645,1345441,5254913
197536,11,9,9010402,Johannisthal Ost,2019,8,6,2,3,5,3,0,1,1,0,0,0,0,0,806494525,5820614202,1351107,5244954
197537,11,2,2030401,Reichenberger Stra·e,2019,8,2,2,3,5,3,2,0,1,0,0,0,1,0,8005195831,5825464878,1342779,5249634
197538,11,1,1033203,Humboldthain Nordwest,2019,8,6,2,3,1,5,0,1,1,0,0,0,0,0,7970996089,5830996804,133825,525478
197539,11,3,3051017,Rennbahnstra·e,2019,8,10,2,3,2,6,0,0,1,0,0,0,0,0,802911368,5833188512,1346995,5256424
197540,11,6,6010208,Bergstra·e,2019,8,9,2,3,5,2,0,0,1,0,1,0,0,0,7941087055,5820903111,1332961,5245894
197541,11,10,10030725,Buckower Ring,2019,8,9,2,3,2,6,0,0,1,0,0,0,0,0,8095831018,5828033338,1356327,5251429
197542,11,5,5010313,Ackerstra·e,2019,8,9,2,3,5,2,0,1,1,0,0,0,0,0,7845804094,5829771713,1319733,525435
197543,11,7,7040401,Neu-Tempelhof,2019,8,4,1,3,2,6,2,0,1,0,0,0,0,0,7977510534,5823954123,1338578,5248432
197544,11,3,3051017,Rennbahnstra·e,2019,8,17,1,2,0,1,0,1,0,0,0,0,0,0,8041416584,5832425905,1348735,5255672
197545,11,1,1011201,Wilhelmstra·e,2019,8,13,1,3,0,1,0,0,0,0,1,0,0,0,796957468,5826861653,1337672,5251081
197546,11,1,1011303,Alexanderplatzviertel,2019,8,0,1,3,0,1,2,0,0,0,0,0,1,0,7991013121,5828264602,1340948,5252221
197547,11,5,5010314,Carl-Schurz-Stra·e,2019,8,12,1,3,2,6,0,0,1,0,1,0,1,0,7852771754,5829298541,1320717,5253889
197548,11,3,3030406,Alt-Karow,2019,8,17,1,3,5,3,0,0,1,0,1,0,0,0,8041481813,5838509244,1349303,5261124
197549,11,6,6020303,Lankwitz Kirche,2019,8,16,1,3,5,3,0,0,1,0,1,0,0,0,7953579475,5818459732,1334578,5243636
197550,11,5,5020522,Pillnitzer Weg,2019,8,13,1,3,2,6,0,0,1,0,0,0,0,0,7818315477,5827188266,1315472,5252176
197551,11,5,5030730,Zitadellenweg,2019,8,12,1,3,3,6,0,0,1,0,1,0,0,0,7856679962,5829287353,1321291,5253859
197552,11,4,4051447,Ludwigkirchplatz,2019,8,4,1,3,1,5,2,0,1,0,0,0,1,0,7932275015,5825204887,1332046,5249798
197553,11,3,3040614,Pankow Zentrum,2019,8,4,1,3,5,3,2,0,1,0,0,0,0,0,7986026767,5833049917,1340645,5256538
197554,11,11,11010101,Dorf Malchow,2019,8,18,1,3,0,7,0,1,0,0,0,0,0,0,8041376143,5834704442,1348938,5257715
197555,11,2,2030402,Wrangelkiez,2019,8,0,1,3,0,5,2,1,1,0,0,0,1,0,801991933,5825603084,1344954,5249677
197556,11,1,1011101,StÅlerstra·e,2019,8,21,1,3,1,5,2,1,1,0,0,0,0,0,7945256392,5826093588,1334031,5250524
197557,11,8,8020620,Tempelhofer Weg,2019,8,20,1,2,5,3,1,0,1,0,0,0,0,0,8011766426,5820600381,1343305,5245238
197558,11,2,2020204,Urbanstra·e,2019,8,19,1,3,0,1,0,1,0,0,0,0,0,0,798295803,5825335049,1339501,524964
197559,11,11,11051332,Karlshorst SÅd,2019,8,19,1,3,0,1,0,1,0,0,0,0,0,0,8072442199,5824179594,1352535,5248108
197560,11,12,12214424,Scharnweberstra·e,2019,8,21,7,3,2,6,0,0,1,0,0,0,0,0,792918752,5832171662,1332206,525606
197561,11,2,2030302,Lausitzer Platz,2019,8,14,7,3,4,6,0,1,0,0,0,0,1,0,8007596584,5825807211,1343163,5249928
197562,11,12,12214527,Alt-Tegel,2019,8,14,7,3,2,6,0,0,1,0,0,0,0,0,7904764778,5834680712,1328833,525844
197563,11,12,12214422,Klixstra·e,2019,8,19,7,3,5,3,0,0,1,0,0,0,0,0,791742429,5832955592,1330545,5256826
197564,11,4,4041136,Hagenplatz,2019,8,13,7,3,6,4,0,0,1,1,0,0,0,0,7896360109,5823315306,1326606,5248295
197565,11,8,8041035,Blumenviertel,2019,8,13,7,3,5,3,0,1,1,0,0,0,0,0,8043076774,5819649526,1347812,5244212
197566,11,2,2030301,Oranienplatz,2019,8,15,7,3,2,6,0,1,1,0,0,0,0,0,7999835511,5826185739,1342057,525031
197567,11,8,8020727,Buckow Mitte,2019,8,15,7,3,1,5,0,1,1,0,0,0,0,0,8014945371,5817761548,1343515,5242676
197568,11,8,8030831,Gropiusstadt Ost,2019,8,17,7,3,5,2,0,1,1,0,0,0,0,0,8041028817,5817517229,1347317,5242312
197569,11,12,12214424,Scharnweberstra·e,2019,8,15,7,3,5,2,0,0,1,0,0,0,0,0,7932979642,5832586726,1332801,5256411
197570,11,1,1033101,Soldiner Stra·e,2019,8,15,7,3,6,4,0,0,1,1,0,0,0,0,7969490676,5832582088,1338171,5256209
197571,11,3,3020209,Niederschînhausen,2019,8,17,7,2,5,3,0,0,1,0,1,0,0,0,7979588765,583593298,1339957,5259158
197572,11,5,5020625,Borkumer Stra·e,2019,8,16,7,3,0,2,0,1,1,0,0,0,0,0,7840291293,5828512442,1318815,525325
197573,11,9,9020701,Adlershof West,2019,8,17,7,2,2,6,0,0,1,0,1,0,0,0,809337736,5818509287,1355083,5242908
197574,11,10,10040828,Kaulsdorf Nord,2019,8,18,7,3,5,3,0,0,1,0,0,0,0,0,8124234106,5829322003,136062,5252422
197575,11,2,2050602,Samariterviertel,2019,8,19,7,3,0,1,0,1,0,0,0,0,0,0,8021922314,5828107844,1345475,5251911
197576,11,1,1011401,Invalidenstra·e,2019,8,19,7,2,1,5,0,1,0,0,0,0,1,0,797604817,5829222413,1338834,5253162
197577,11,12,12214424,Scharnweberstra·e,2019,8,23,7,3,5,2,2,0,1,0,1,0,0,0,7929089831,5832163636,1332191,5256053
197578,11,9,9010301,Baumschulenstra·e,2019,8,22,7,3,0,3,2,0,1,0,1,0,0,0,8047583299,5822290433,1348714,5246554
197579,11,6,6020410,Oberhofer Platz,2019,8,23,7,3,5,3,2,1,0,0,0,0,0,0,794133631,5817331112,1332683,524269
197580,11,12,12103117,Letteplatz,2019,8,13,7,2,2,7,0,1,1,0,0,0,0,0,7966972496,5832997085,1337838,5256595
197581,11,4,4020311,Reichsstra·e,2019,8,11,7,3,5,5,0,0,1,0,1,0,0,0,7891089976,5827326726,132618,525192
197582,11,4,4030931,Breitscheidplatz,2019,8,11,7,3,2,6,0,1,1,0,0,0,0,0,7940295785,5826123672,1333305,5250578
197583,11,4,4030725,Amtsgerichtsplatz,2019,8,11,7,3,2,6,0,1,1,0,0,0,0,0,7913234101,5826066443,1329324,5250672