OBJECTID,LAND,BEZ,LOR,STRASSE,UJAHR,UMONAT,USTUNDE,UWOCHENTAG,UKATEGORIE,UART,UTYP1,ULICHTVERH,IstRad,IstPKW,IstFuss,IstKrad,IstGkfz,IstSonstige,USTRZUSTAND,LINREFX,LINREFY,XGCSWGS84,YGCSWGS84
197584,11,1,1044201,Reinickendorfer Stra·e,2019,8,10,7,3,0,2,0,0,0,0,0,1,1,0,796977257,5831917222,1338153,5255612
197585,11,11,11051229,Rummelsburg,2019,8,1,7,2,6,4,2,0,1,1,0,0,0,0,8037923675,5826174458,134765,5250089
197586,11,8,8020727,Buckow Mitte,2019,8,14,6,2,6,4,0,0,1,1,0,0,0,0,8015275653,5817384764,134353,5242336
197587,11,5,5010313,Ackerstra·e,2019,8,0,6,3,6,2,2,0,0,1,0,0,1,0,7850390148,5829825629,1320413,5254374
197588,11,1,1044201,Reinickendorfer Stra·e,2019,8,16,6,3,5,3,0,1,1,0,0,0,0,0,795860801,5831121351,133644,5254959
197589,11,12,12103218,Teichstra·e,2019,8,18,6,3,0,2,0,1,1,0,0,0,0,0,7945115874,5834270775,1334735,5257855
197590,11,1,1011301,CharitÇviertel,2019,8,9,6,3,6,7,0,0,0,1,0,0,1,0,7975735057,5828588184,1338732,5252595
197591,11,1,1022201,Stephankiez,2019,8,14,6,2,5,3,0,0,1,0,1,0,0,0,7950911428,5828855464,1335107,525297
197592,11,2,2010101,Askanischer Platz,2019,8,18,6,3,0,2,0,1,1,0,0,0,0,1,797844167,5825634055,1338865,5249932
197593,11,1,1044201,Reinickendorfer Stra·e,2019,8,11,6,3,5,5,0,0,1,0,0,0,0,0,7966022082,5831240986,1337541,5255026
197594,11,3,3030406,Alt-Karow,2019,8,11,6,3,0,5,0,1,0,0,0,0,0,0,8030166304,5838438872,134763,5261124
197595,11,2,2040701,Andreasviertel,2019,8,15,6,3,5,2,0,1,1,0,0,0,0,0,8001546356,5827339713,1342412,5251335
197596,11,8,8010404,Rixdorf,2019,8,14,6,3,6,4,0,0,1,1,0,0,0,0,8020271344,5823490961,1344814,5247782
197597,11,4,4051445,Eisenzahnstra·e,2019,8,14,6,3,5,3,0,0,0,0,1,0,1,0,7924597366,5824274246,1330836,5249004
197598,11,6,6010102,Schlo·stra·e,2019,8,13,6,3,1,5,0,1,0,0,0,0,1,0,7932198801,5821326368,1331693,5246321
197599,11,7,7020203,Kaiser-Wilhelm-Platz,2019,8,13,6,3,2,6,0,0,1,0,1,0,0,0,7956660311,5824476945,1335563,5249013
197600,11,4,4010102,Plîtzensee,2019,8,12,6,3,5,7,0,0,1,0,1,0,0,0,7930413872,5829760398,1332174,5253891
197601,11,5,5020627,Tiefwerder,2019,8,11,6,3,2,6,0,0,1,0,0,0,0,0,7851360117,5828334744,1320427,5253033
197602,11,12,12214423,Mellerbogen,2019,8,11,6,2,5,3,0,0,1,0,1,0,0,0,7924810036,5833903364,1331715,5257636
197603,11,5,5010208,Germersheimer Platz,2019,8,10,6,3,1,5,0,0,1,0,0,0,1,0,7837553949,582985659,1318527,5254469
197604,11,6,6030608,Schweizer Viertel,2019,8,8,6,2,0,1,0,0,1,0,1,0,0,0,7910592378,5816495064,1328101,5242105
197605,11,2,2020204,Urbanstra·e,2019,8,8,6,3,5,3,0,1,0,0,0,0,0,0,7985230266,5825303253,1339832,5249599
197606,11,10,10030724,Oberfeldstra·e,2019,8,8,6,3,2,7,0,0,1,0,0,0,0,0,8095796071,5828544082,1356369,5251887
197607,11,12,12214421,Reinickes Hof,2019,8,8,6,3,2,6,0,0,1,0,0,0,0,0,7934631948,5833666784,1333139,5257371
197608,11,6,6030502,Zehlendorf SÅd,2019,8,8,6,3,5,2,0,1,1,0,0,0,0,0,7902270581,5814993992,1326751,5240804
197609,11,11,11040926,Weitlingstra·e,2019,8,19,6,3,0,2,1,0,1,0,1,0,0,1,8044960143,5826390017,1348703,5250243
197610,11,3,3040818,Pankow SÅd,2019,8,19,6,3,1,5,0,1,1,0,0,0,0,1,7991032468,5832206353,1341305,5255755
197611,11,9,9051901,Dammvorstadt,2019,8,18,6,3,2,2,0,0,1,0,0,0,0,1,8105255977,5821116219,1357067,5245177
197612,11,4,4030519,Kaiserin-Augusta-Allee,2019,8,18,6,2,5,3,0,0,1,0,1,0,0,1,7926667316,5827732154,1331444,5252093
197613,11,11,11051330,Karlshorst West,2019,8,18,6,3,1,5,1,1,1,0,0,0,0,1,8070896669,582439269,1352328,5248307
197614,11,3,3061430,Volkspark Prenzlauer Berg,2019,8,17,6,2,0,1,0,1,0,0,0,0,0,1,801788137,5829991342,1345053,5253621
197615,11,3,11030618,Fennpfuhl West,2019,8,17,6,3,2,6,0,0,1,0,0,0,0,1,8023393481,582917413,1345788,5252858
197616,11,4,4030828,Savignyplatz,2019,8,17,6,3,6,4,0,0,1,1,0,0,0,1,7931529979,582619093,1332023,5250686
197617,11,3,3061435,Conrad-Blenkle-Stra·e,2019,8,17,6,3,5,3,0,0,1,0,0,0,0,1,8017415648,5829168902,1344909,5252887
197618,11,4,4020311,Reichsstra·e,2019,8,16,6,3,5,3,0,0,1,0,0,0,0,1,7896382713,5826254713,1326865,525093
197619,11,1,1033203,Humboldthain Nordwest,2019,8,16,6,3,2,6,0,0,1,0,0,0,0,1,7967523643,5830496269,1337695,525435
197620,11,5,5020625,Borkumer Stra·e,2019,8,22,6,3,6,4,2,0,1,1,0,0,0,0,7845211104,5828649896,131955,5253347
197621,11,1,1044201,Reinickendorfer Stra·e,2019,8,20,6,3,0,1,0,1,0,0,0,0,0,0,7957816142,5831019172,1336314,5254872
197622,11,3,3061227,Humannplatz,2019,8,18,6,3,0,2,1,1,1,0,0,0,0,1,7995012195,583135633,1341814,5254971
197623,11,1,1033101,Soldiner Stra·e,2019,8,15,5,3,2,6,0,0,1,0,1,0,0,0,7972121013,5832020146,1338507,5255691
197624,11,4,4030931,Breitscheidplatz,2019,8,22,5,3,1,5,2,1,1,0,0,0,0,0,794274039,5825500123,1333609,5250006
197625,11,6,6010101,Fichtenberg,2019,8,21,5,2,5,2,2,0,1,0,0,0,0,0,7933138046,582074214,133178,5245792
197626,11,3,3050923,Wei·enseer Spitze,2019,8,21,5,2,5,3,1,1,0,0,0,0,1,0,8003966454,5831947294,1343184,5255451
197627,11,2,2050801,Traveplatz,2019,8,20,5,3,1,5,1,1,1,0,0,0,0,0,8030978769,5826934929,1346699,5250809
197628,11,2,2010101,Askanischer Platz,2019,8,20,5,3,6,4,1,1,0,1,0,0,0,0,7978176452,5825899514,133885,5250172
197629,11,3,3071536,Teutoburger Platz,2019,8,19,5,3,6,4,0,0,1,1,0,0,0,0,7990849113,5830225218,13411,525398
197630,11,10,10030726,Alt-Biesdorf,2019,8,19,5,3,5,3,0,1,1,0,0,0,0,0,8092261922,5827212697,1355726,5250714
197631,11,5,5010101,Hakenfelde Nord,2019,8,16,5,3,2,6,0,0,1,0,1,0,0,1,7852364594,5831826472,1320875,5256158
197632,11,8,8010117,Schillerpromenade,2019,8,18,5,3,1,5,0,1,1,0,0,0,0,0,8002065944,5823526513,1342145,5247914
197633,11,2,2030302,Lausitzer Platz,2019,8,18,5,3,0,3,0,0,1,0,1,0,0,0,8007333861,5826516318,1343188,5250565
197634,11,5,5010209,An der Kappe,2019,8,17,5,3,5,2,0,0,1,0,0,0,0,0,7832487712,5830289788,1317819,5254884
197635,11,4,4030620,Alt-Lietzow,2019,8,16,5,3,2,6,0,0,1,0,0,0,1,0,7924479746,5827189429,1331075,5251619
197636,11,7,7040404,Marienhîhe,2019,8,16,5,3,0,1,0,1,0,0,0,0,0,0,7965417762,5820099424,133646,5245042
197637,11,4,4051550,Leon-Jessel-Platz,2019,8,16,5,3,5,3,0,1,1,0,0,0,0,0,7928877282,5824294618,1331467,5249
197638,11,7,7040401,Neu-Tempelhof,2019,8,14,5,3,5,3,0,0,1,0,0,0,0,0,7973252524,5823511807,1337913,5248058
197639,11,5,5010311,Eiswerder,2019,8,14,5,3,2,6,0,0,1,0,0,0,0,0,7852316755,5830968843,1320794,5255389
197640,11,12,12302212,Rollbergesiedlung,2019,8,14,5,3,0,6,0,1,0,0,0,1,0,0,7926823423,5837413295,1332321,5260771
197641,11,3,3030715,Heinersdorf,2019,8,14,5,2,6,4,0,0,1,1,0,0,0,0,8006851946,5833668563,1343764,5256978
197642,11,4,4020204,OlympiagelÑnde,2019,8,13,5,3,5,2,0,0,1,0,1,0,0,0,7877021174,5826432639,1324035,5251192
197643,11,1,1033203,Humboldthain Nordwest,2019,8,15,5,3,5,3,0,0,1,0,0,0,0,0,796725178,5830441734,133765,5254303
197644,11,3,3061227,Humannplatz,2019,8,13,5,3,6,4,0,0,0,1,1,0,0,0,7994248288,583137147,1341703,5254989
197645,11,1,1011305,Heine-Viertel West,2019,8,13,5,2,6,4,0,0,1,1,0,0,0,0,7989010781,5826692217,1340512,5250823
197646,11,11,11040926,Weitlingstra·e,2019,8,13,5,3,5,2,0,1,1,0,0,0,0,0,805141918,5826177218,1349632,5250016
197647,11,10,10040829,Alt-Kaulsdorf,2019,8,12,5,3,0,6,0,1,1,0,0,0,0,0,8108782694,5827352626,1358165,5250746
197648,11,2,2020204,Urbanstra·e,2019,8,12,5,3,1,5,0,1,0,0,0,1,0,0,7984720431,5824764597,1339709,5249119
197649,11,3,3040614,Pankow Zentrum,2019,8,12,5,2,5,3,0,0,1,0,0,1,0,0,8000235387,5834675494,1342882,5257917
197650,11,4,4020310,Park Ruhwald,2019,8,12,5,3,2,6,0,0,1,0,0,0,0,0,790578244,5827355304,1328342,5251867
197651,11,8,8020621,Mohriner Allee Nord,2019,8,12,5,3,5,7,0,0,1,0,0,0,0,0,8002558668,5820518579,1341947,5245215
197652,11,4,4020311,Reichsstra·e,2019,8,10,5,3,5,3,0,0,1,0,0,0,0,0,7889935354,5826824874,1325967,5251476
197653,11,2,2020204,Urbanstra·e,2019,8,12,5,3,2,2,0,0,1,0,1,0,0,1,7983072909,5825319943,1339517,5249625
197654,11,3,3071536,Teutoburger Platz,2019,8,9,5,3,5,2,0,1,1,0,0,0,0,0,7990973877,5829119467,1341019,5252988
197655,11,11,11030618,Fennpfuhl West,2019,8,8,5,3,5,3,0,0,0,0,0,1,1,0,8029625382,5829199311,1346707,5252846
197656,11,3,3061227,Humannplatz,2019,8,11,5,3,5,7,0,0,1,0,0,0,0,0,8000914071,583167163,134271,5255221
197657,11,11,11030618,Fennpfuhl West,2019,8,8,5,3,5,5,0,0,1,0,1,0,0,1,8029619857,5829229121,1346709,5252873
197658,11,7,7010103,Barbarossaplatz,2019,8,10,5,3,0,6,0,1,1,0,0,0,0,0,7952225234,5824517249,1334915,5249074
197659,11,3,3020210,Herthaplatz,2019,8,10,5,3,1,5,0,0,1,0,0,0,0,0,7987139284,5835849209,1341061,5259041
197660,11,4,4041344,RÅdesheimer Platz,2019,8,8,5,3,0,3,0,0,1,0,1,0,0,0,7933454634,5822848241,1332012,5247679
197661,11,12,12103218,Teichstra·e,2019,8,8,5,3,5,2,0,1,1,0,0,0,0,0,7949737113,583312137,1335313,52568
197662,11,1,1011105,Nîrdlicher Landwehrkanal,2019,8,7,5,3,8,1,0,0,1,0,0,0,0,0,7961434566,5826287673,1336425,5250611
197663,11,2,2030402,Wrangelkiez,2019,8,6,5,3,0,4,0,1,0,1,0,0,0,1,8017016301,5825858256,1344551,5249921
197664,11,11,11040925,Victoriastadt,2019,8,6,5,3,2,6,0,0,1,0,1,0,0,0,8037146044,5826360447,1347553,525026
197665,11,1,1033201,Brunnenstra·e,2019,8,5,5,3,5,3,1,0,1,0,0,0,0,1,7979040587,5831002832,1339434,5254741
197666,11,4,4051655,Babelsberger Stra·e,2019,8,2,5,3,5,2,2,0,1,0,0,0,0,0,7940054386,5824068884,1333088,5248737
197667,11,2,2030302,Lausitzer Platz,2019,8,0,5,3,0,2,2,1,1,0,0,0,0,1,8014206965,5826071803,1344157,5250128
197668,11,12,12214421,Reinickes Hof,2019,7,2,4,3,0,7,2,1,0,0,0,0,0,0,7934579125,5833874317,133315,5257557
197669,11,4,4041136,Hagenplatz,2019,7,20,4,3,5,2,1,0,1,0,0,0,0,1,790688312,5822694722,1328097,5247683
197670,11,12,12103218,Teichstra·e,2019,7,20,4,3,1,5,2,0,1,0,0,0,0,1,7955161985,5834371925,1336223,5257892
197671,11,12,12103117,Letteplatz,2019,7,20,4,3,0,1,1,0,0,0,1,0,0,1,7957752458,5832574735,1336444,5256267
197672,11,2,2020203,Viktoriapark,2019,7,19,4,3,5,5,1,0,1,0,1,0,0,0,7976392191,5824583574,133847,5249002
197673,11,2,2040701,Andreasviertel,2019,7,23,4,3,5,7,2,0,1,0,1,0,0,1,8005503391,5826943713,1342958,5250958
197674,11,4,4051447,Ludwigkirchplatz,2019,7,22,4,3,0,1,2,0,0,0,1,0,0,1,7933836209,5824666596,1332228,5249307
197675,11,4,4030827,Karl-August-Platz,2019,7,18,4,3,5,2,0,0,1,0,0,0,0,0,79272501,5826102048,1331387,5250629
197676,11,8,8041036,Zittauer Stra·e,2019,7,18,4,3,5,3,0,0,1,0,0,0,0,0,8052539858,5817245999,134898,5242005
197677,11,1,1011303,Alexanderplatzviertel,2019,7,17,4,3,2,6,0,0,1,0,0,0,0,1,7991292984,5828985888,1341054,5252866
197678,11,4,4030929,Hindemithplatz,2019,7,17,4,3,0,6,0,0,1,0,1,0,0,1,7927097555,5825553248,1331316,5250138
197679,11,4,4030725,Amtsgerichtsplatz,2019,7,17,4,2,0,1,0,1,0,0,0,0,0,1,7914641874,5825787123,1329507,5250414
197680,11,10,10030727,Biesdorf SÅd,2019,7,17,4,3,6,4,0,0,1,1,0,0,0,1,809541086,5827065572,1356175,5250564
197681,11,1,1011303,Alexanderplatzviertel,2019,7,17,4,2,5,2,0,1,1,0,0,0,0,1,7987245164,5828298304,1340397,5252272
197682,11,1,1022106,Elberfelder Stra·e,2019,7,16,4,3,0,5,0,0,1,0,1,0,0,1,7944772405,5828352663,133416,5252552
197683,11,7,7050505,Hundsteinweg,2019,7,16,4,3,2,6,0,0,1,0,0,0,0,1,7983578334,5818989156,1339025,5243948
197684,11,1,1011301,CharitÇviertel,2019,7,16,4,3,5,3,0,0,1,0,0,0,0,1,7970374266,5829318799,1338009,5253279
197685,11,12,12231101,Hermsdorf,2019,7,15,4,3,5,2,0,1,1,0,0,0,0,1,7912924727,5838941212,1330409,5262216
197686,11,1,1011101,StÅlerstra·e,2019,7,15,4,3,2,6,0,0,1,0,0,0,0,1,795245906,5826623983,1335136,5250961
197687,11,4,4010102,Plîtzensee,2019,7,10,4,3,5,2,0,0,1,0,0,0,0,0,7933407633,5829719994,133261,5253839
197688,11,1,1022204,Thomasiusstra·e,2019,7,9,4,3,5,7,0,1,1,0,0,0,0,0,7947697231,58283134,1334586,5252501
197689,11,12,12214422,Klixstra·e,2019,7,9,4,2,4,6,0,1,0,0,0,0,0,0,7921068156,5832956029,1331081,5256806
197690,11,2,2020203,Viktoriapark,2019,7,9,4,3,2,6,0,0,1,0,1,0,0,0,797822382,5824931546,133877,5249304
197691,11,2,2030301,Oranienplatz,2019,7,7,4,3,5,2,0,1,1,0,0,0,0,0,7997200578,582605213,1341658,5250204
197692,11,1,1011302,Oranienburger Stra·e,2019,7,15,4,2,5,7,0,0,1,0,0,0,0,0,7983960525,5829040767,1339981,5252956
197693,11,1,1011402,Arkonaplatz,2019,7,7,4,3,5,3,0,1,0,0,0,0,1,0,7987154912,5829563106,1340497,5253407
197694,11,5,5030731,Gartenfelder Stra·e,2019,7,7,4,3,5,2,0,0,0,0,1,0,1,0,7875972147,5829401001,1324138,5253859
197695,11,12,12214422,Klixstra·e,2019,7,4,4,3,5,3,1,1,1,0,0,0,0,0,791496771,5833027919,133019,5256904
197696,11,11,11010204,Falkenberg Ost,2019,7,2,4,3,0,1,2,1,0,0,0,0,0,0,8066936647,5833980849,1352631,5256923
197697,11,5,5010312,Kurstra·e,2019,7,14,4,3,6,4,0,0,1,1,0,0,0,0,7852979785,5830407972,1320843,5254883
197698,11,1,1044101,Rehberge,2019,7,14,4,3,5,3,0,0,1,0,0,0,0,0,7935291778,5832017906,133309,5255889
197699,11,6,6040810,Dahlem,2019,7,12,4,3,5,3,0,0,0,0,1,0,1,0,7915743862,5821712915,1329312,5246756
197700,11,4,4030929,Hindemithplatz,2019,7,12,4,3,5,3,0,0,1,0,0,0,1,0,7924440765,5825425954,1330914,5250038
197701,11,12,12214527,Alt-Tegel,2019,7,11,4,2,5,7,0,0,1,0,1,0,0,0,7905849238,5834488186,1328976,5258261
197702,11,7,7020203,Kaiser-Wilhelm-Platz,2019,7,10,4,3,1,5,0,1,1,0,0,0,0,0,7955924922,5824160714,1335427,5248734
197703,11,4,4061757,Forst Grunewald,2019,7,10,4,3,5,3,0,1,0,0,0,0,0,0,788657619,5825722151,1325378,5250505
197704,11,8,8010118,Silbersteinstra·e,2019,7,10,4,3,6,4,0,0,1,1,0,0,0,0,8008980072,5822408954,1343059,5246874
197705,11,12,12103218,Teichstra·e,2019,7,9,3,3,0,6,0,1,1,0,0,0,0,0,794850991,5833071512,1335128,5256762
197706,11,3,3040818,Pankow SÅd,2019,7,7,3,3,6,7,0,0,1,1,0,0,0,0,7994432167,583274876,1341854,5256222
197707,11,10,10040933,Mahlsdorf SÅd,2019,7,9,3,3,5,3,0,0,1,0,0,0,0,0,8119896215,582685258,1359751,5250234
197708,11,3,3051017,Rennbahnstra·e,2019,7,8,3,3,2,2,0,0,1,0,0,0,0,1,8028397771,5832687346,1346844,5255979
197709,11,1,1011401,Invalidenstra·e,2019,7,8,3,3,3,6,0,1,0,0,0,0,0,0,7973006481,5829109322,1338377,5253077
197710,11,1,1011204,Leipziger Stra·e,2019,7,0,3,2,5,2,2,0,1,0,1,0,0,0,7989012925,5827345255,1340571,5251408
197711,11,9,9010401,Johannisthal West,2019,7,6,3,2,1,5,0,1,1,0,0,0,0,0,8060461012,5820006085,1350394,5244435
197712,11,11,11051331,Karlshorst Nord,2019,7,17,3,3,5,3,0,0,1,0,0,0,0,0,807676676,582453578,1353203,5248403
197713,11,4,4041241,Breite Stra·e,2019,7,16,3,2,1,5,0,1,1,0,0,0,0,0,7919540242,5822499632,1329938,5247441
197714,11,5,5020625,Borkumer Stra·e,2019,7,16,3,2,5,7,0,0,1,0,1,0,0,0,7847483734,582869496,1319888,5253376
197715,11,1,1044102,Schillerpark,2019,7,15,3,3,5,2,0,1,1,0,0,0,0,0,7947076267,5831780937,1334803,5255613
197716,11,4,4030828,Savignyplatz,2019,7,15,3,3,5,7,0,0,1,0,1,0,0,0,7929773795,5826184837,1331765,525069
197717,11,1,1011101,StÅlerstra·e,2019,7,15,3,3,0,3,0,0,1,0,1,0,0,0,7949633007,5826080539,1334673,5250489
197718,11,2,2020203,Viktoriapark,2019,7,23,3,3,0,1,2,1,0,0,0,0,0,0,7972477859,5824831582,1337917,5249245
197719,11,1,1033102,Gesundbrunnen,2019,7,15,3,3,6,4,0,0,0,1,1,0,0,0,797583724,5831293124,1338989,5255019
197720,11,3,3061228,Erich-Weinert-Stra·e,2019,7,20,3,3,1,5,1,1,1,0,0,0,0,0,8010223297,583079888,1344,5254387
197721,11,4,4020312,Branitzer Platz,2019,7,13,3,3,0,7,0,0,1,0,1,0,0,0,789598367,5827272506,1326895,5251845
197722,11,1,1011101,StÅlerstra·e,2019,7,20,3,2,0,1,0,1,0,0,0,0,0,0,7945492754,5826088225,1334065,5250518
197723,11,8,8010117,Schillerpromenade,2019,7,14,3,3,5,3,0,0,1,0,1,0,0,0,8003804474,5823330392,1342382,5247728
197724,11,1,1011101,StÅlerstra·e,2019,7,20,3,3,5,3,0,0,1,0,0,0,0,0,7953249037,5826261334,133522,5250632
197725,11,5,5020417,Staakener Stra·e,2019,7,20,3,3,5,3,0,1,1,0,0,0,0,0,7825735164,5828540581,1316677,5253351
197726,11,7,7010101,Wittenbergplatz/Viktoria-Luise-Platz,2019,7,19,3,3,5,7,0,0,1,0,1,0,0,0,7946241034,5825565122,1334129,5250045
197727,11,9,9010202,Kîpenicker Landstra·e,2019,7,13,3,3,3,1,0,1,0,0,0,0,1,0,8042795321,5823056603,1348081,5247267
197728,11,5,5040936,JÑgerallee,2019,7,12,3,3,2,2,0,1,1,0,0,0,0,0,7815513758,5819649201,1314423,5245431
197729,11,8,8010404,Rixdorf,2019,7,18,3,3,2,6,0,0,1,0,0,0,0,0,8018391619,5823625641,134455,5247913
197730,11,6,6040804,Krumme Lanke,2019,7,18,3,3,5,2,0,1,1,0,0,0,0,0,7887601197,581999454,1325032,5245365
197731,11,4,4030725,Amtsgerichtsplatz,2019,7,18,3,3,3,6,0,0,1,0,0,0,0,0,7918815694,5826501475,1330182,5251032
197732,11,9,9010402,Johannisthal Ost,2019,7,17,3,3,2,7,0,0,1,0,1,0,0,0,8062891047,5819201096,1350677,5243699
197733,11,8,8020728,Buckow Ost,2019,7,17,3,3,5,3,0,1,0,0,0,0,1,0,8018008908,5817488167,134394,5242414
197734,11,9,9051702,Bîlschestra·e,2019,7,10,3,2,1,5,0,0,1,0,1,0,0,0,8140305204,5820744837,1362173,5244644
197735,11,1,1033101,Soldiner Stra·e,2019,7,9,3,3,1,5,0,1,0,0,0,1,0,0,7979636549,5832408763,1339648,5255998
197736,11,8,8041037,Alt-Rudow,2019,7,12,3,3,5,2,0,0,1,0,0,0,1,0,8054388438,5818396446,1349356,5243026
197737,11,7,7010102,Nollendorfplatz,2019,7,14,3,1,6,2,0,0,0,1,0,1,0,0,7949501287,5825642635,1334615,5250097
197738,11,2,2040502,Friedenstra·e,2019,7,13,2,3,5,2,0,1,0,0,0,0,1,0,8012507933,5827844043,1344068,5251726
197739,11,7,7070701,Kettinger Stra·e/Schillerstra·e,2019,7,15,2,3,0,7,0,1,0,0,0,0,0,0,7991954451,5816141739,1339999,524135
197740,11,10,10040933,Mahlsdorf SÅd,2019,7,12,2,3,0,1,0,1,0,0,0,0,0,0,8124331499,5824753677,1360205,5248328
197741,11,1,1033102,Gesundbrunnen,2019,7,22,2,3,2,6,2,0,1,0,1,0,0,1,7976627325,5831882289,1339158,5255543
197742,11,3,3040614,Pankow Zentrum,2019,7,21,2,3,0,2,2,0,1,0,1,0,0,1,7986068339,5833049831,1340651,5256538
197743,11,2,2050802,Boxhagener Platz,2019,7,20,2,3,1,1,0,0,1,0,1,0,0,1,8025898442,5827014158,134596,5250908
197744,11,1,1033202,Humboldthain SÅd,2019,7,18,2,3,5,2,0,1,0,0,0,0,1,1,7977638745,5829744158,1339115,5253621
197745,11,4,4030930,George-Grosz-Platz,2019,7,18,2,3,0,6,0,0,1,0,1,0,0,1,7932930704,5825627007,1332179,5250172
197746,11,6,6030610,Lichterfelde West,2019,7,18,2,3,0,5,0,1,1,0,0,0,0,1,79184499,5818906647,1329464,5244225
197747,11,1,1033203,Humboldthain Nordwest,2019,7,18,2,3,2,6,0,0,1,0,0,0,0,1,7965863302,5831006272,1337497,5254816
197748,11,1,1011302,Oranienburger Stra·e,2019,7,16,2,3,2,6,0,0,1,0,0,0,0,0,7979783241,5828497041,1339318,5252491
197749,11,5,5010311,Eiswerder,2019,7,16,2,3,5,7,0,1,1,0,0,0,0,0,7853522748,5830155443,1320902,5254654
197750,11,6,6010210,Bismarckstra·e,2019,7,19,2,3,2,6,0,0,1,0,0,0,0,1,7949231007,5821446918,1334204,5246337
197751,11,1,1011203,Unter den Linden SÅd,2019,7,17,2,3,1,5,0,1,1,0,0,0,0,1,7980185797,5827089741,1339251,5251228
197752,11,4,4051655,Babelsberger Stra·e,2019,7,16,2,3,5,2,0,0,1,0,1,0,0,0,7941874403,5823111523,1333271,5247869
197753,11,1,1033102,Gesundbrunnen,2019,7,16,2,3,5,2,0,1,1,0,0,0,0,0,7977201863,5831257475,1339186,525498
197754,11,3,3030715,Heinersdorf,2019,7,19,2,3,0,7,0,0,1,0,0,0,0,1,8009950394,5833682888,1344221,5256974
197755,11,4,4051655,Babelsberger Stra·e,2019,7,15,2,2,5,3,0,1,1,0,0,0,0,0,7941854354,5823226393,1333278,5247972
197756,11,11,11020516,Wei·e Taube,2019,7,15,2,3,5,2,0,1,0,0,0,0,1,0,8062201135,5830350064,13516,5253695
197757,11,1,1011301,CharitÇviertel,2019,7,15,2,3,2,7,0,1,1,0,0,0,0,0,7971082794,5829252994,1338107,5253216
197758,11,4,4041342,Schlangenbader Stra·e,2019,7,14,2,2,2,6,0,0,1,0,1,0,0,0,7925419464,5822821104,133083,5247697
197759,11,9,9020502,Oberschîneweide Ost,2019,7,15,2,3,2,2,0,0,1,0,0,0,0,0,8093881246,5821483315,1355432,524557
197760,11,5,5010206,GÅtersloher Weg,2019,7,14,2,3,0,1,0,0,0,0,1,0,0,0,7813967463,5830734375,1315133,5255379
197761,11,4,4051446,Preu·enpark,2019,7,14,2,3,5,2,0,0,0,0,0,1,1,0,7926889222,5825321282,1331265,5249931
197762,11,2,2050802,Boxhagener Platz,2019,7,14,2,3,5,3,0,0,1,0,0,0,0,0,8029511655,5826800407,1346471,5250697
197763,11,9,9020701,Adlershof West,2019,7,13,2,3,3,2,0,0,1,0,1,0,0,0,8090544041,5818764105,1354691,5243152
197764,11,7,7020204,Schîneberger Insel,2019,7,12,2,2,6,7,0,0,0,1,0,0,1,0,7963347395,5822992284,1336413,5247646
197765,11,4,4020310,Park Ruhwald,2019,7,12,2,3,2,6,0,0,1,0,0,0,0,0,7900874081,5827345428,132762,5251884
197766,11,3,3061126,Arnimplatz,2019,7,12,2,3,5,2,0,1,1,0,0,0,0,0,7982188879,5831596932,133995,5255257
197767,11,2,2020203,Viktoriapark,2019,7,11,2,3,5,3,0,1,1,0,0,0,0,0,7977721162,5824035105,1338616,5248503
197768,11,10,10020622,Kaulsdorf Nord I,2019,7,11,2,2,5,2,0,0,1,0,0,0,0,0,8112096329,5828853203,1358792,5252071
197769,11,9,9030901,Dorf Altglienicke,2019,7,9,2,3,6,4,0,0,1,1,0,0,0,0,80858758,5817624475,1353902,5242157
197770,11,2,2040502,Friedenstra·e,2019,7,9,2,3,5,2,0,1,1,0,0,0,0,0,8012476083,582781705,1344061,5251702
197771,11,4,4051551,Brabanter Platz,2019,7,9,2,3,2,6,0,0,1,0,0,0,0,0,7929546976,5823333796,1331481,5248135
197772,11,5,5020627,Tiefwerder,2019,7,11,2,2,8,1,0,0,1,0,0,0,0,0,7854065245,582791712,1320789,5252644
197773,11,2,2030302,Lausitzer Platz,2019,7,18,2,3,0,1,0,1,0,0,0,0,0,1,8007449878,5826524979,1343206,5250572
197774,11,2,2010102,Mehringplatz,2019,7,19,2,3,0,1,0,1,0,0,0,0,0,1,79795421,5826221374,1339079,5250453
197775,11,4,4010102,Plîtzensee,2019,7,8,2,3,3,6,0,0,1,0,0,0,1,0,7933455481,5829701877,1332616,5253823
197776,11,8,8010118,Silbersteinstra·e,2019,7,7,2,3,2,2,0,1,1,0,0,0,0,0,8007709391,5822754222,1342904,524719
197777,11,2,2050802,Boxhagener Platz,2019,7,6,2,3,2,6,0,0,1,0,1,0,0,0,802034753,5827168587,1345159,5251077
197778,11,6,6020408,Lichterfelde SÅd,2019,7,20,1,3,0,1,0,1,0,0,0,0,0,0,7926853396,5816255374,1330465,5241804
197779,11,7,7010101,Wittenbergplatz/Viktoria-Luise-Platz,2019,7,14,1,3,2,6,0,0,1,0,1,0,0,0,7944909078,5824873772,1333872,5249433
197780,11,5,5030731,Gartenfelder Stra·e,2019,7,13,1,3,2,6,0,0,1,0,0,0,0,0,787405146,5829457203,132386,525392