OBJECTID,LAND,BEZ,LOR,STRASSE,UJAHR,UMONAT,USTUNDE,UWOCHENTAG,UKATEGORIE,UART,UTYP1,ULICHTVERH,IstRad,IstPKW,IstFuss,IstKrad,IstGkfz,IstSonstige,USTRZUSTAND,LINREFX,LINREFY,XGCSWGS84,YGCSWGS84
197781,11,1,1011202,Unter den Linden Nord,2019,7,17,1,3,0,7,0,0,0,0,0,0,1,0,7981494495,5828008425,1339526,5252044
197782,11,1,1011303,Alexanderplatzviertel,2019,7,22,1,3,0,4,2,0,0,1,1,0,0,0,7984992072,5828167118,1340054,5252167
197783,11,8,8010510,Gewerbegebiet Kîllnische Heide,2019,7,18,1,3,0,1,0,1,0,0,0,0,0,0,8025473641,5822134889,1345455,5246537
197784,11,8,8040933,Vogelviertel SÅd,2019,7,16,1,3,5,7,0,0,1,0,0,0,0,0,8035184075,581892521,1346588,5243607
197785,11,1,1011102,Gro·er Tiergarten,2019,7,16,1,3,1,5,0,0,1,0,0,0,1,0,7968166964,5827811613,133755,525194
197786,11,7,7030303,Grazer Platz,2019,7,15,1,2,2,6,0,0,1,0,1,0,0,0,7953404104,5821501027,1334821,5246363
197787,11,1,1011304,Karl-Marx-Allee,2019,7,15,1,3,0,1,0,0,0,0,0,0,1,0,7999548444,5828561921,1342229,5252441
197788,11,2,2050804,Stralauer Halbinsel,2019,7,9,1,3,5,2,0,1,0,0,0,0,1,0,803120208,5825676768,1346617,524968
197789,11,2,2010103,Moritzplatz,2019,7,10,7,3,0,1,0,1,0,0,0,0,0,0,7994862656,5826075855,1341316,5250238
197790,11,2,2040502,Friedenstra·e,2019,7,17,7,3,0,3,0,1,1,0,0,0,0,0,8009389236,5828520101,1343671,5252349
197791,11,8,8010404,Rixdorf,2019,7,23,7,3,0,7,2,1,0,0,0,0,1,0,8018085509,5823647437,1344507,5247934
197792,11,6,6030503,Zehlendorf Mitte,2019,7,18,7,3,5,3,0,1,1,0,0,0,0,0,7892590559,5818045547,1325596,5243591
197793,11,8,8010301,Reuterkiez,2019,7,18,7,3,0,6,0,0,1,0,1,0,0,0,8008029232,5825036241,1343156,5249234
197794,11,1,1022103,Westhafen,2019,7,17,7,3,2,6,0,0,1,0,0,0,0,0,7938782203,583005755,133343,5254113
197795,11,4,4051448,Schaperstra·e,2019,7,16,7,3,2,6,0,0,1,0,0,0,0,0,794310327,5825265978,1333642,5249794
197796,11,4,4030725,Amtsgerichtsplatz,2019,7,16,7,3,5,2,0,0,1,0,0,0,0,0,7919106703,5826241686,1330202,5250798
197797,11,1,1033101,Soldiner Stra·e,2019,7,16,7,3,5,2,0,1,1,0,0,0,0,0,7973805277,5832454199,1338794,5256071
197798,11,6,6040806,Fischtal,2019,7,15,7,2,6,4,0,0,1,1,0,0,0,0,7888134905,5819565809,1325073,5244977
197799,11,8,8010301,Reuterkiez,2019,7,23,7,3,0,6,2,0,0,0,1,0,0,0,8006936109,5824376777,1342936,5248649
197800,11,1,1022207,Hansaviertel,2019,8,7,4,3,6,4,0,0,1,1,0,0,0,0,79472214,58274032,1334436,5251688
197801,11,5,5020524,Weinmeisterhornweg,2019,8,6,4,3,5,2,0,0,1,0,0,0,0,0,7839020376,5826598354,1318465,525154
197802,11,9,9051702,Bîlschestra·e,2019,8,7,4,2,6,7,0,0,0,1,0,0,1,0,8140909362,5820779314,1362264,5244671
197803,11,5,5010101,Hakenfelde Nord,2019,8,7,4,3,0,1,0,1,0,0,0,0,0,0,7857529864,5833148226,1321749,5257316
197804,11,3,3061126,Arnimplatz,2019,8,18,3,3,0,5,0,1,1,0,0,0,0,0,7989905256,5831447339,1341071,525508
197805,11,1,1022206,LÅneburger Stra·e,2019,8,17,3,2,6,7,0,0,0,1,0,0,1,0,7957781337,5828197658,1336058,5252343
197806,11,1,1011202,Unter den Linden Nord,2019,8,13,3,3,6,4,0,1,0,1,0,0,0,0,7985036639,582786687,1340034,5251898
197807,11,3,3071536,Teutoburger Platz,2019,8,18,3,3,1,5,0,1,1,0,0,0,1,0,7990763458,5830209542,1341086,5253966
197808,11,9,9020502,Oberschîneweide Ost,2019,8,16,3,2,6,4,0,0,0,1,1,0,0,0,8080034203,5821567833,1353409,5245724
197809,11,3,3061429,Greifswalder Stra·e,2019,8,16,3,3,5,2,0,1,1,0,0,0,0,0,801324399,5831012737,1344464,5254562
197810,11,1,1022101,Huttenkiez,2019,8,15,3,3,2,6,0,0,1,0,0,0,0,0,7936203421,5828131124,1332881,52524
197811,11,8,8010406,Treptower Stra·e Nord,2019,8,18,3,3,1,5,1,1,1,0,0,0,0,0,801886179,5824407018,134469,524861
197812,11,7,7040403,Manteuffelstra·e,2019,8,18,3,3,6,2,0,0,1,1,0,0,0,0,7978394215,5822204983,1338552,5246859
197813,11,7,7010102,Nollendorfplatz,2019,8,18,3,3,6,4,0,0,1,1,0,0,0,0,7949498822,5825395214,1334593,5249875
197814,11,10,10040933,Mahlsdorf SÅd,2019,8,18,3,3,1,5,0,1,1,0,0,0,0,0,8121197102,5825410824,1359807,5248935
197815,11,3,3071633,ThÑlmannpark,2019,8,17,3,3,3,6,0,1,0,0,0,0,0,0,800030146,5830416315,1342507,5254099
197816,11,8,8010214,Glasower Stra·e,2019,8,17,3,3,5,2,0,1,1,0,0,0,0,0,8017514353,5822053178,1344279,5246508
197817,11,2,2050801,Traveplatz,2019,8,17,3,3,5,2,0,1,1,0,0,0,0,0,8027423509,5827484842,1346227,5251322
197818,11,7,7030301,Friedenau,2019,8,17,3,3,2,2,0,1,1,0,0,0,0,0,793962185,5822011868,1332843,5246896
197819,11,7,7040403,Manteuffelstra·e,2019,8,17,3,2,0,1,0,0,0,0,0,0,1,0,7976376352,5821170737,1338163,5245943
197820,11,1,1011303,Alexanderplatzviertel,2019,8,8,3,3,0,6,0,1,0,0,0,0,0,0,7991782548,5828665568,1341097,5252577
197821,11,2,2050803,Stralauer Kiez,2019,8,12,3,3,0,7,0,0,0,0,1,0,0,0,8020608305,5826223753,1345111,5250229
197822,11,1,1011204,Leipziger Stra·e,2019,8,16,3,3,5,3,0,1,1,0,1,0,0,0,79857817,5826868996,1340054,5250999
197823,11,7,7040403,Manteuffelstra·e,2019,8,15,3,3,5,2,0,0,1,0,1,0,0,0,7973488816,5821927388,1337807,5246637
197824,11,9,9010202,Kîpenicker Landstra·e,2019,8,15,3,3,2,1,0,0,1,0,0,0,0,0,8041368475,582292576,1347859,5247158
197825,11,4,4030725,Amtsgerichtsplatz,2019,8,14,3,3,5,3,0,0,1,0,1,0,0,0,7912898649,5826076601,1329276,5250683
197826,11,12,12214125,Waldidyll/Flughafensee,2019,8,14,3,3,2,6,0,0,1,0,0,0,0,0,7880356558,583093377,1324915,525521
197827,11,5,5020628,Graetschelsteig,2019,8,13,3,3,2,6,0,0,1,0,0,0,0,0,7847423057,5826399867,1319683,5251318
197828,11,4,4051653,Prager Platz,2019,8,13,3,3,5,2,0,1,0,0,0,1,0,0,7939702454,5824451222,133307,5249082
197829,11,3,3050925,Komponistenviertel Wei·ensee,2019,8,16,3,3,3,6,0,1,1,0,0,0,0,0,802435844,5831508359,1346143,5254945
197830,11,4,4051655,Babelsberger Stra·e,2019,8,15,3,2,5,2,0,0,1,0,0,0,0,0,793999777,5824056737,1333079,5248727
197831,11,9,9052001,Kîpenick Nord,2019,8,12,3,3,5,7,0,0,1,0,0,0,1,0,8111543715,5822083013,1358079,5246007
197832,11,8,8020727,Buckow Mitte,2019,8,15,3,3,1,5,0,0,1,0,0,0,0,0,8003876822,5816784153,1341804,524186
197833,11,9,9051702,Bîlschestra·e,2019,8,12,3,3,1,5,0,1,0,0,0,0,1,0,8142050237,5821576376,1362507,5245379
197834,11,1,1011304,Karl-Marx-Allee,2019,8,11,3,3,3,7,0,1,1,0,0,0,0,0,7997286442,5827524534,1341803,5251524
197835,11,1,1011103,LÅtzowstra·e,2019,8,8,3,3,2,6,0,1,1,0,0,0,0,0,7960895964,5825998886,133632,5250355
197836,11,5,5020626,Adamstra·e,2019,8,8,3,3,5,7,0,0,1,0,1,0,0,0,7834200777,5827703379,1317851,5252556
197837,11,10,10010310,Alt-Marzahn,2019,8,11,3,3,2,6,0,0,1,0,0,1,0,0,8084641155,5831133874,135497,5254271
197838,11,3,3061126,Arnimplatz,2019,8,6,3,2,0,7,0,1,0,0,0,0,0,0,7981794691,5831829763,1339913,5255468
197839,11,5,5020524,Weinmeisterhornweg,2019,8,10,3,3,0,2,0,1,1,0,0,0,0,0,7830491199,5826060425,1317166,5251102
197840,11,1,1044101,Rehberge,2019,8,6,3,3,5,2,0,1,1,0,0,0,0,0,7940208898,5830176827,1333651,5254212
197841,11,8,8010404,Rixdorf,2019,8,1,3,3,6,7,2,0,0,1,0,0,1,0,8016528494,5823740411,1344287,5248026
197842,11,9,9010302,SpÑthsfelde,2019,8,9,3,3,5,3,0,1,1,0,0,0,0,0,8043610633,5819757855,13479,5244306
197843,11,10,10020413,Gut Hellersdorf,2019,8,9,3,3,0,7,0,0,1,0,1,0,0,1,810838046,5831023101,1358449,5254037
197844,11,8,8010404,Rixdorf,2019,8,9,3,3,5,2,0,1,1,0,0,0,0,0,8015154081,5823855424,1344096,5248136
197845,11,2,2040502,Friedenstra·e,2019,8,8,3,3,5,3,0,0,1,0,1,0,0,0,8004188943,5828048477,1342864,5251955
197846,11,5,5020523,Maulbeerallee,2019,8,20,2,3,2,2,0,1,0,0,0,0,0,0,7828213343,5827119085,1316921,5252063
197847,11,7,7030301,Friedenau,2019,8,12,2,3,2,7,0,1,1,0,0,0,0,0,7941420076,582182856,1333091,5246722
197848,11,4,4020310,Park Ruhwald,2019,8,15,2,3,2,6,2,0,1,0,0,0,0,0,7901383992,5827315795,1327692,5251855
197849,11,8,8030829,Gropiusstadt Nord,2019,8,20,2,3,5,2,0,1,0,0,0,1,0,0,8031501434,5818453026,1346005,5243204
197850,11,11,11030618,Fennpfuhl West,2019,8,19,2,3,6,4,0,1,0,1,0,0,0,0,8030901344,5829555484,1346927,5253158
197851,11,10,10020416,Bîhlener Stra·e,2019,8,18,2,3,5,2,0,1,1,0,0,0,0,0,8132420154,583108286,1361988,5253953
197852,11,7,7050505,Hundsteinweg,2019,8,18,2,2,5,5,0,0,1,0,0,0,0,0,7996604191,58190257,1340939,5243909
197853,11,1,1011401,Invalidenstra·e,2019,8,20,2,2,1,5,1,1,0,0,0,0,1,0,7978884508,5829287764,1339257,5253205
197854,11,11,11020514,Gro·e-Leege-Stra·e,2019,8,15,2,3,0,2,0,0,1,0,1,0,0,0,8041967879,583067315,1348655,5254098
197855,11,5,5020627,Tiefwerder,2019,8,18,2,3,5,2,0,1,1,0,0,0,0,0,7859415643,5827986124,1321582,5252678
197856,11,1,1011204,Leipziger Stra·e,2019,8,17,2,3,5,2,0,0,1,0,1,0,0,0,7986190623,5826919345,1340118,5251042
197857,11,7,7010104,Dennewitzplatz,2019,8,13,2,3,6,7,0,1,0,1,0,0,0,0,7961382204,582493094,1336297,5249395
197858,11,2,2010101,Askanischer Platz,2019,8,13,2,3,2,6,0,1,0,0,0,0,0,0,7978600672,5825617782,1338887,5249917
197859,11,4,4041137,Flinsberger Platz,2019,8,13,2,3,5,3,0,0,1,0,0,0,0,0,7912659289,5823330345,1329001,5248222
197860,11,2,2020203,Viktoriapark,2019,8,17,2,3,0,2,0,0,1,0,1,0,0,0,7969463943,582439482,1337436,524887
197861,11,5,5020521,Dîberitzer Weg,2019,8,16,2,3,0,2,0,1,1,0,0,0,0,0,7797640754,5827777819,1312482,5252812
197862,11,11,11051229,Rummelsburg,2019,8,16,2,2,0,7,0,1,0,0,0,0,0,0,8048131794,582537469,1349076,5249315
197863,11,12,12301205,Waidmannslust,2019,8,16,2,3,5,3,0,1,1,0,0,0,0,0,7918680067,5836954407,1331082,5260404
197864,11,5,5020523,Maulbeerallee,2019,8,16,2,3,0,4,0,0,0,1,0,0,1,0,7832577747,5827579934,1317602,5252454
197865,11,5,5010314,Carl-Schurz-Stra·e,2019,8,15,2,3,2,2,0,0,1,0,0,0,1,0,7841007328,5829006197,1318963,5253689
197866,11,10,10010102,Havemannstra·e,2019,8,15,2,2,5,3,0,0,1,0,1,0,0,0,809134105,5833829102,1356206,5256649
197867,11,12,12214421,Reinickes Hof,2019,8,15,2,3,6,2,0,0,1,1,0,0,0,0,7933840558,5833148659,1332977,525691
197868,11,11,11030721,RÅdigerstra·e,2019,8,14,2,3,0,2,0,1,0,0,0,0,1,0,8037050328,5828330214,1347718,5252026
197869,11,1,1011301,CharitÇviertel,2019,8,14,2,3,3,5,0,1,1,0,0,0,0,0,7973064507,5829022234,1338378,5252999
197870,11,6,6030609,Augustaplatz,2019,8,15,2,3,5,3,0,0,1,0,0,0,0,0,793290113,5818935465,1331587,5244174
197871,11,4,4051551,Brabanter Platz,2019,8,10,2,3,5,3,0,1,1,0,0,0,0,0,7928633672,5823178646,1331333,5248001
197872,11,12,12214424,Scharnweberstra·e,2019,8,10,2,3,5,2,0,1,1,0,0,0,0,0,7930551391,5832658344,133245,5256489
197873,11,3,3020307,Buchholz,2019,8,9,2,3,6,3,0,0,1,1,0,0,0,0,8000870474,5837531421,1343234,5260473
197874,11,11,11041023,Gensinger Stra·e,2019,8,12,2,2,5,3,0,1,1,0,0,0,0,0,8075255288,5827503379,1353255,5251071
197875,11,2,2030302,Lausitzer Platz,2019,8,12,2,3,0,1,0,1,0,0,0,0,0,0,8006464438,582625401,1343037,5250334
197876,11,9,9041601,MÅggelheim,2019,8,10,2,3,5,5,0,0,1,0,0,0,0,0,8196450591,5816369295,1369988,5240398
197877,11,1,3071537,Kollwitzplatz,2019,8,8,2,3,2,6,0,0,1,0,1,0,0,0,7995004357,5828868571,1341589,5252741
197878,11,7,7010102,Nollendorfplatz,2019,8,8,2,3,5,3,0,1,1,0,0,0,0,0,7954237898,5825487401,1335297,5249932
197879,11,7,7020203,Kaiser-Wilhelm-Platz,2019,8,8,2,3,3,6,0,1,1,0,0,0,0,0,795874135,5824078934,1335833,5248645
197880,11,1,1033202,Humboldthain SÅd,2019,8,7,2,3,5,3,0,0,1,0,0,0,0,0,7977636967,5829744291,1339115,5253621
197881,11,4,4051446,Preu·enpark,2019,8,14,1,3,0,6,0,0,1,0,1,0,0,0,792381961,5825033942,1330789,524969
197882,11,8,8020623,Ortolanweg,2019,8,10,1,3,0,6,0,1,1,0,0,0,0,0,8041447695,5819483094,1347557,5244072
197883,11,8,8010117,Schillerpromenade,2019,8,22,1,3,5,2,2,1,1,0,0,0,0,0,8001112893,5822904316,1341949,5247361
197884,11,8,8010303,Donaustra·e,2019,8,21,1,3,0,1,2,0,0,0,1,0,0,0,8003396602,5824354172,1342415,5248648
197885,11,2,2020203,Viktoriapark,2019,8,14,1,3,5,3,0,1,1,0,0,0,0,0,7972759293,5824816059,1337957,524923
197886,11,12,12214423,Mellerbogen,2019,8,14,1,3,1,5,0,0,1,0,0,0,0,0,7928583941,5833870252,1332267,5257586
197887,11,6,6040808,HÅttenweg,2019,8,13,1,3,0,1,0,1,0,0,0,0,0,0,7895848989,5819810161,1326227,5245156
197888,11,4,4020311,Reichsstra·e,2019,8,13,1,3,5,3,0,0,1,0,1,0,0,0,7889960302,5826983544,1325984,5251618
197889,11,6,6020410,Oberhofer Platz,2019,8,13,1,3,2,6,0,0,1,0,1,0,0,0,7940855806,5817433194,1332621,5242784
197890,11,8,8010117,Schillerpromenade,2019,8,13,1,3,5,2,0,0,1,0,0,0,0,0,8001761067,582364815,1342111,5248024
197891,11,3,3061228,Erich-Weinert-Stra·e,2019,8,12,1,3,0,1,0,1,0,0,0,0,0,0,8009290775,583115984,1343896,5254716
197892,11,2,2030302,Lausitzer Platz,2019,8,12,1,3,5,3,0,0,1,0,0,0,0,0,8007968265,5826165377,134325,5250247
197893,11,4,4041134,Bismarckallee,2019,8,12,1,3,2,6,0,0,1,0,1,0,0,0,7907927268,5824821024,1328436,5249584
197894,11,1,1044201,Reinickendorfer Stra·e,2019,8,12,1,3,2,6,0,0,1,0,0,0,0,0,7969639598,583150218,1338096,525524
197895,11,9,9051702,Bîlschestra·e,2019,8,20,1,3,2,5,0,0,1,0,0,0,0,0,8143264736,5820802051,1362612,5244678
197896,11,11,11040926,Weitlingstra·e,2019,8,20,1,2,5,2,1,1,1,0,0,0,0,0,8044744056,582639677,1348672,525025
197897,11,1,1022106,Elberfelder Stra·e,2019,8,19,1,3,5,2,0,1,1,0,0,0,0,0,7939925718,5827833022,1333402,5252112
197898,11,9,9020802,Kîllnische Vorstadt,2019,8,18,1,3,5,2,0,1,1,0,0,0,0,0,8102161875,5819629706,1356475,5243862
197899,11,8,8010303,Donaustra·e,2019,8,18,1,3,5,3,0,0,1,0,1,0,0,0,8006787454,5824253229,1342903,5248539
197900,11,10,10040932,Alt-Mahlsdorf,2019,8,17,1,3,5,3,0,0,1,0,0,0,0,0,8129999339,5827621262,1361307,5250865
197901,11,12,12231102,Frohnau,2019,8,17,1,3,5,3,0,0,1,0,1,0,0,0,7896489775,5839735083,1328058,5263015
197902,11,5,5010207,Darbystra·e,2019,8,15,1,2,5,2,0,0,1,0,0,0,0,0,7836913294,5830169932,131846,5254753
197903,11,12,12302110,Dannenwalder Weg,2019,8,15,1,3,2,6,0,0,1,0,0,0,1,0,7945956775,5836263882,1335036,5259637
197904,11,6,6030503,Zehlendorf Mitte,2019,8,15,1,3,0,7,0,1,0,0,0,0,0,0,789964618,5817497545,1326583,5243062
197905,11,8,8020727,Buckow Mitte,2019,8,14,1,3,0,7,0,0,1,0,1,0,0,0,8015079577,5817670541,1343527,5242593
197906,11,1,1044202,Sparrplatz,2019,8,10,1,3,1,5,0,1,1,0,0,0,0,0,7951563639,5830167974,1335319,5254143
197907,11,9,9020702,Adlershof Ost,2019,8,8,1,3,5,3,0,0,1,0,0,0,1,0,8094440207,5820586841,1355431,5244764
197908,11,5,5010206,GÅtersloher Weg,2019,8,7,4,3,5,2,0,0,1,0,1,0,0,0,7812554552,5830769401,1314928,5255417
197909,11,5,5010314,Carl-Schurz-Stra·e,2019,8,8,1,3,6,2,0,0,1,1,0,0,0,0,7848018103,5828811508,1319977,5253478
197910,11,3,3020209,Niederschînhausen,2019,8,1,1,3,1,5,2,1,1,0,0,0,0,0,7981245781,5836519194,1340254,5259674
197911,11,3,3030716,MÑrchenland,2019,8,17,7,1,0,7,0,0,0,0,0,0,1,0,8029127804,5833425813,1347019,5256637
197912,11,3,3061131,Falkplatz,2019,8,12,7,3,0,4,0,1,0,1,0,0,0,0,798953688,5831063113,1340983,5254738
197913,11,3,3040614,Pankow Zentrum,2019,8,13,7,3,5,2,0,1,1,0,0,0,0,0,7977770326,5832954963,1339422,5256498
197914,11,4,4030623,Ernst-Reuter-Platz,2019,8,13,7,3,5,3,0,0,1,0,1,0,0,0,793817307,5826074512,1332989,5250545
197915,11,11,11020412,Hauptstra·e,2019,8,12,7,3,2,6,0,0,1,0,0,0,0,0,8055924681,5831602965,1350792,5254854
197916,11,3,3030406,Alt-Karow,2019,8,12,7,3,5,3,0,0,1,0,0,0,0,0,8029557318,5838465458,1347543,5261151
197917,11,9,9020501,Oberschîneweide West,2019,8,12,7,3,5,3,0,0,1,0,0,0,0,0,8066075516,5822051841,1351405,5246237
197918,11,4,4041241,Breite Stra·e,2019,8,11,7,3,5,3,0,1,1,0,0,0,0,0,7921542991,5821844666,1330175,5246843
197919,11,5,5010101,Hakenfelde Nord,2019,8,11,7,2,5,2,0,1,1,0,0,0,0,0,7852224213,5831822497,1320854,5256155
197920,11,6,6020410,Oberhofer Platz,2019,8,11,7,3,2,2,0,0,1,0,0,0,0,0,7942077702,5817194552,133278,5242564
197921,11,9,9031001,Bohnsdorf,2019,8,11,7,2,5,3,0,0,1,0,0,0,0,0,8111204039,5814751152,1357347,5239439
197922,11,5,5020419,Magistratsweg,2019,8,11,7,3,5,3,0,1,1,0,0,0,0,0,7818293196,5828449786,1315575,5253308
197923,11,9,9010302,SpÑthsfelde,2019,8,9,7,3,2,2,0,0,1,0,0,0,0,0,8049495365,5820715138,134885,5245131
197924,11,1,1011203,Unter den Linden SÅd,2019,8,9,7,3,5,3,0,0,1,0,0,0,0,0,7977594375,58274478,1338903,5251563
197925,11,12,12302212,Rollbergesiedlung,2019,8,0,7,3,4,6,2,0,1,0,0,0,0,1,7930798008,5837628807,1332926,5260943
197926,11,5,5030832,Rohrdamm,2019,8,19,7,3,2,6,0,0,1,0,0,0,0,0,7887291278,5830509299,1325898,5254793
197927,11,4,4051655,Babelsberger Stra·e,2019,8,18,7,3,2,6,0,0,1,0,0,0,0,0,79388277,582311087,1332824,5247885
197928,11,3,3071633,ThÑlmannpark,2019,8,17,7,3,2,2,0,0,1,0,0,0,0,0,8001118259,5830641833,1342647,5254297
197929,11,4,4051445,Eisenzahnstra·e,2019,8,17,7,3,0,1,0,0,0,0,1,0,0,0,7920379456,5824074031,1330199,5248848
197930,11,1,1044102,Schillerpark,2019,8,16,7,3,4,6,0,0,1,0,0,0,0,0,7955405251,5831979311,1336045,5255746
197931,11,9,9020502,Oberschîneweide Ost,2019,8,16,7,3,5,3,0,1,1,0,0,0,0,0,8079075725,5821556476,1353267,524572
197932,11,4,4010102,Plîtzensee,2019,8,15,7,3,5,2,0,0,1,0,0,0,0,0,7933411861,5829717405,1332611,5253837
197933,11,2,2010103,Moritzplatz,2019,8,23,7,3,5,3,2,0,1,0,0,0,0,0,7987706384,5825999081,1340258,5250209
197934,11,7,7070706,Horstwalder Stra·e/Paplitzer Stra·e,2019,8,20,7,3,5,3,0,0,1,0,0,0,0,0,8000375347,5812702574,1340925,5238221
197935,11,3,3061131,Falkplatz,2019,8,3,7,3,0,1,2,0,0,0,1,0,0,0,7988832974,5830388117,1340818,5254137
197936,11,1,1011301,CharitÇviertel,2019,8,17,6,3,5,2,0,1,1,0,0,0,0,0,7972580406,5829087652,1338313,525306
197937,11,2,2010101,Askanischer Platz,2019,8,16,6,3,0,4,0,1,0,1,0,0,0,0,797148417,5826436852,1337915,525069
197938,11,2,2020205,Chamissokiez,2019,8,19,6,3,1,7,0,0,1,0,0,0,0,0,7987145201,5824519354,1340043,5248886
197939,11,4,4030931,Breitscheidplatz,2019,8,21,6,3,3,6,2,1,1,0,0,0,0,0,793929439,5826192219,1333164,5250645
197940,11,12,12214424,Scharnweberstra·e,2019,8,17,6,3,2,6,0,1,1,0,0,0,0,0,7932485048,5832592229,1332728,5256419
197941,11,8,8010211,Flughafenstra·e,2019,8,22,6,3,1,5,2,1,1,0,0,0,0,0,8006597376,582378519,1342833,5248121
197942,11,2,2010102,Mehringplatz,2019,8,17,6,3,1,5,0,1,1,0,0,0,0,0,7982983349,5826175969,1339581,5250393
197943,11,2,2010103,Moritzplatz,2019,8,20,6,3,5,3,0,0,1,0,1,0,0,0,7993386006,5826194199,134111,5250353
197944,11,8,8010211,Flughafenstra·e,2019,8,17,6,3,3,6,0,1,1,0,0,0,0,0,8003561158,5824304261,1342434,5248603
197945,11,9,9031001,Bohnsdorf,2019,8,19,6,3,5,3,0,1,0,0,0,0,1,0,8106884516,5815694378,1356802,5240309
197946,11,3,3061227,Humannplatz,2019,8,18,6,3,5,7,0,0,1,0,0,0,0,0,7994998532,5831775949,134185,5255347
197947,11,6,6020409,Kînigsberger Stra·e,2019,8,21,6,3,1,7,2,0,1,0,0,0,0,0,793387491,5817067489,1331566,5242494
197948,11,4,4041238,Kissinger Stra·e,2019,8,17,6,2,1,5,0,1,1,0,0,0,0,0,7918203397,5823513589,1329831,5248357
197949,11,4,4030726,Droysenstra·e,2019,8,19,6,2,0,1,0,0,0,0,1,0,0,0,7916036581,5825598116,1329695,5250237
197950,11,8,8010211,Flughafenstra·e,2019,8,18,6,3,0,7,0,0,1,0,1,0,0,0,8004199731,5823845149,1342487,5248188
197951,11,7,7050503,Eisenacher Stra·e,2019,8,8,6,3,0,7,0,0,0,1,0,0,1,0,7991987516,5819999343,1340349,5244807
197952,11,9,9020502,Oberschîneweide Ost,2019,8,8,6,3,0,2,0,1,1,0,0,0,0,0,8073366604,5822153079,1352484,5246286
197953,11,12,12214125,Waldidyll/Flughafensee,2019,8,8,6,3,5,2,0,1,1,0,0,0,0,0,7913419922,5834083529,1330055,5257858
197954,11,7,7010102,Nollendorfplatz,2019,8,8,6,3,2,2,0,1,1,0,0,0,0,0,7955372264,5825528545,1335467,5249963
197955,11,12,12214527,Alt-Tegel,2019,8,8,6,3,3,6,0,0,1,0,0,1,0,0,7903006052,5835003475,1328603,5258739
197956,11,4,4010102,Plîtzensee,2019,8,7,6,3,0,7,0,0,1,0,1,0,0,0,7924847691,583007371,1331383,5254202
197957,11,12,12231102,Frohnau,2019,8,7,6,3,4,6,0,1,0,0,0,0,0,0,7897154631,5843084892,132845,5266015
197958,11,4,4061757,Forst Grunewald,2019,8,13,6,3,5,2,0,0,1,0,1,0,0,0,7850882086,5822378284,1319847,5247695
197959,11,1,1011401,Invalidenstra·e,2019,8,16,6,3,1,1,0,1,1,0,0,0,0,0,7978423148,5829276802,1339188,5253198
197960,11,9,9010202,Kîpenicker Landstra·e,2019,8,13,6,3,6,4,0,1,0,1,0,0,0,0,8044974794,58237513,1348464,5247878
197961,11,11,11020412,Hauptstra·e,2019,8,16,6,2,5,3,0,1,1,0,0,0,0,0,8058225923,58318594,1351154,525507
197962,11,1,1011301,CharitÇviertel,2019,8,13,6,3,1,5,0,1,1,0,0,0,0,0,7968558998,5828954382,133771,5252962
197963,11,7,7020204,Schîneberger Insel,2019,8,13,6,3,2,6,0,0,1,0,0,0,0,0,7962708572,5823270606,1336344,5247899
197964,11,3,3040513,Schînholz,2019,8,13,6,3,5,3,0,0,1,0,1,0,0,0,7979611937,5833667029,1339757,5257126
197965,11,9,9051901,Dammvorstadt,2019,8,11,6,3,0,1,0,1,0,0,0,0,0,0,8111366297,5821575653,1358006,5245554
197966,11,1,1011203,Unter den Linden SÅd,2019,8,11,6,3,2,7,0,0,1,0,1,0,0,0,7978234513,5827057684,1338962,525121
197967,11,12,12224230,Heiligensee,2019,8,10,6,2,6,4,0,0,1,1,0,0,0,0,7862606304,5838957347,1322998,5262497
197968,11,5,5010314,Carl-Schurz-Stra·e,2019,8,10,6,3,0,2,0,0,1,0,1,0,0,0,7847872588,5828801308,1319954,5253469
197969,11,3,3050920,Wei·er See,2019,8,9,6,3,5,2,0,1,0,0,0,0,0,0,8017138007,5831783336,1345106,5255231
197970,11,1,1044202,Sparrplatz,2019,8,9,6,3,5,2,0,1,1,0,0,0,0,0,7946280174,582987914,1334517,5253912
197971,11,9,9010101,Elsenstra·e,2019,8,9,6,3,5,2,0,1,1,0,0,0,0,0,8026281212,5824462347,1345785,5248619
197972,11,5,5020625,Borkumer Stra·e,2019,8,15,6,2,6,4,0,0,1,1,0,0,0,0,7845381313,5828641949,1319575,5253339
197973,11,1,1044103,Westliche MÅllerstra·e,2019,8,15,6,3,5,2,0,1,1,0,1,0,0,0,794988267,583117999,1335162,5255059
197974,11,2,2010101,Askanischer Platz,2019,8,14,6,3,3,6,0,1,0,0,0,0,1,0,7975324692,582600106,133844,5250278
197975,11,5,5010209,An der Kappe,2019,8,14,6,3,5,2,0,0,1,0,0,0,0,0,7819045467,5829571257,1315781,5254309
197976,11,11,11030619,Fennpfuhl Ost,2019,8,13,6,3,2,6,0,0,1,0,0,0,1,0,8036726347,5829500063,1347778,5253076
197977,11,4,4051549,Rathaus Wilmersdorf,2019,8,2,6,3,0,1,2,1,0,0,0,0,0,0,7924582732,5824011377,1330811,5248769
197978,11,3,3071536,Teutoburger Platz,2019,8,23,6,3,9,1,2,0,0,0,0,0,1,0,7991853849,5830027242,134123,5253797