OBJECTID,LAND,BEZ,LOR,STRASSE,UJAHR,UMONAT,USTUNDE,UWOCHENTAG,UKATEGORIE,UART,UTYP1,ULICHTVERH,IstRad,IstPKW,IstFuss,IstKrad,IstGkfz,IstSonstige,USTRZUSTAND,LINREFX,LINREFY,XGCSWGS84,YGCSWGS84
197979,11,4,4030931,Breitscheidplatz,2019,8,14,5,2,5,2,0,0,1,0,1,0,0,0,7939143833,5825527807,1333083,525005
197980,11,5,5020625,Borkumer Stra·e,2019,8,16,5,2,5,2,0,0,1,0,0,0,0,0,784452915,5828671699,1319452,525337
197981,11,11,11030618,Fennpfuhl West,2019,8,19,5,3,4,6,0,1,0,0,0,0,0,0,8038469648,5828899179,1347979,5252528
197982,11,4,4030931,Breitscheidplatz,2019,8,17,5,3,6,4,0,1,0,1,0,0,0,0,7939104477,5826223901,1333139,5250674
197983,11,9,9020501,Oberschîneweide West,2019,8,18,5,3,5,2,0,1,1,0,0,0,0,0,8066068689,5822047592,1351404,5246233
197984,11,6,6020301,Alt-Lankwitz,2019,8,17,5,3,2,6,0,0,1,0,1,0,0,0,7962755319,5818274425,1335907,524342
197985,11,6,6030504,Teltower Damm,2019,8,16,5,3,5,3,0,1,1,0,0,0,0,0,7902917049,5817165004,1327034,5242747
197986,11,1,1011101,StÅlerstra·e,2019,8,16,5,3,2,2,0,0,1,0,1,0,0,0,7951165643,5826507405,1334936,5250863
197987,11,1,1011305,Heine-Viertel West,2019,8,18,5,3,3,2,0,1,1,0,0,0,0,0,79949022,5826644834,1341373,5250748
197988,11,9,9020502,Oberschîneweide Ost,2019,8,16,5,2,5,2,0,1,1,0,0,0,0,0,807389932,5821730017,1352524,5245904
197989,11,8,8010405,Hertzbergplatz,2019,8,15,5,3,5,3,0,1,0,0,0,0,0,0,8024937404,5823233965,1345476,5247525
197990,11,2,2010102,Mehringplatz,2019,8,15,5,3,1,5,0,1,1,0,0,0,0,0,7979831023,5826068888,1339108,5250314
197991,11,1,1011204,Leipziger Stra·e,2019,8,15,5,3,2,6,0,1,1,0,0,0,0,0,7979680824,5826581411,1339132,5250775
197992,11,8,8010301,Reuterkiez,2019,8,14,5,3,0,3,0,0,1,0,0,0,1,0,8011011948,5824132292,1343513,5248408
197993,11,1,1033202,Humboldthain SÅd,2019,8,14,5,3,5,2,0,1,0,0,0,0,1,0,7969609901,5830140194,133797,525402
197994,11,5,5010314,Carl-Schurz-Stra·e,2019,8,14,5,3,3,6,0,0,1,0,1,0,0,0,7849882766,5829498698,132031,5254084
197995,11,2,2040701,Andreasviertel,2019,8,14,5,3,2,6,0,0,1,0,0,0,1,0,8003028577,5827593182,1342653,5251554
197996,11,8,8020619,Buschkrugallee Nord,2019,8,14,5,3,5,2,0,1,1,0,0,0,0,0,8026128087,5820747366,1345425,524529
197997,11,11,11010204,Falkenberg Ost,2019,8,13,5,3,5,3,0,1,1,0,0,0,0,0,8067210308,5833968491,135267,525691
197998,11,1,1022106,Elberfelder Stra·e,2019,8,10,5,3,5,2,0,1,1,0,0,0,0,0,7938428454,5827938222,1333191,5252215
197999,11,7,7020203,Kaiser-Wilhelm-Platz,2019,8,21,5,3,6,7,2,1,0,1,0,0,0,0,7956052521,5824203297,1335449,5248771
198000,11,4,4031032,Halensee,2019,8,19,5,2,5,2,0,0,1,0,1,0,0,0,790958544,5824828662,132868,5249582
198001,11,6,6040810,Dahlem,2019,8,8,5,3,5,5,0,1,1,0,0,0,0,0,7923900143,5821311806,1330474,5246352
198002,11,12,12304313,Borsigwalde,2019,8,10,5,2,5,3,0,0,1,0,0,0,0,0,7921431969,5834902424,1331306,5258549
198003,11,3,3051017,Rennbahnstra·e,2019,8,8,5,3,5,3,0,1,0,0,0,0,0,0,8029052808,5833190584,1346986,5256427
198004,11,3,3061430,Volkspark Prenzlauer Berg,2019,8,8,5,3,5,7,0,0,1,0,1,0,0,0,8025772722,5829421258,1346161,5253066
198005,11,1,1011201,Wilhelmstra·e,2019,8,9,5,3,0,1,0,1,0,0,0,0,0,1,7970451174,5826556027,1337774,5250802
198006,11,8,8020622,Parchimer Allee,2019,8,8,5,3,2,6,0,0,1,0,0,0,0,0,8012893341,5819652694,1343385,5244382
198007,11,5,5010205,An der TrÑnke,2019,8,8,5,3,5,3,0,1,1,0,0,0,0,0,7800961591,5830192289,1313174,525496
198008,11,10,10010204,Wuhletalstra·e,2019,8,6,5,2,6,4,0,0,1,1,0,0,0,0,8095831292,58326882,135676,5255601
198009,11,5,5030731,Gartenfelder Stra·e,2019,8,8,4,3,6,7,0,1,0,1,0,0,0,0,7869523021,5829373308,1323187,5253868
198010,11,1,1011203,Unter den Linden SÅd,2019,8,14,4,3,5,2,0,1,0,0,0,0,0,1,7978834172,58274683,1339087,5251574
198011,11,9,9020601,Schnellerstra·e,2019,8,12,4,2,6,7,0,1,0,1,0,0,0,0,8067556134,5821023154,1351528,5245306
198012,11,7,7040405,Rathaus Tempelhof,2019,8,11,4,3,3,6,0,0,1,0,0,0,0,0,7988710405,5821208386,1339976,5245909
198013,11,4,4051446,Preu·enpark,2019,8,11,4,2,6,4,0,0,1,1,0,0,0,0,7923795086,582504182,1330786,5249697
198014,11,2,2020203,Viktoriapark,2019,8,11,4,3,2,6,0,0,1,0,0,0,0,0,7972946702,5824859541,1337989,5249268
198015,11,2,2020204,Urbanstra·e,2019,8,9,4,3,6,4,0,1,0,1,0,0,0,0,7986466606,5825146559,134,5249451
198016,11,8,8020728,Buckow Ost,2019,8,9,4,3,6,4,0,0,1,1,0,0,0,0,8024500222,581721162,1344866,524213
198017,11,4,4030724,Lietzensee,2019,8,9,4,3,5,7,0,0,1,0,0,0,0,0,791053258,5826041686,1328925,5250664
198018,11,4,4051446,Preu·enpark,2019,8,9,4,3,5,3,0,1,1,0,0,0,0,0,7929124407,582439527,1331512,5249089
198019,11,6,6030608,Schweizer Viertel,2019,8,9,4,2,5,3,0,1,1,0,0,0,0,0,7919310031,5817469527,1329465,5242932
198020,11,1,1011402,Arkonaplatz,2019,8,8,4,3,0,6,0,0,1,0,1,0,0,0,7981533287,5829856451,1339697,52537
198021,11,1,1011201,Wilhelmstra·e,2019,8,7,4,3,2,2,0,0,1,0,1,0,0,0,7974716288,5826797767,1338422,5250996
198022,11,8,8010510,Gewerbegebiet Kîllnische Heide,2019,8,3,4,3,5,3,2,1,1,0,0,0,0,0,8029442055,5822480612,1346069,5246825
198023,11,1,1011103,LÅtzowstra·e,2019,8,20,4,3,5,3,0,0,1,0,1,0,0,0,7959484133,5825842049,1336099,5250222
198024,11,4,4051653,Prager Platz,2019,8,7,4,3,5,2,0,0,1,0,0,0,0,0,7939594928,5824711478,1333077,5249316
198025,11,12,12231101,Hermsdorf,2019,8,12,4,3,5,3,0,0,1,0,0,0,0,0,7910633653,5838521126,1330035,5261851
198026,11,12,12214424,Scharnweberstra·e,2019,8,12,4,3,0,1,0,1,0,0,0,0,0,0,7931664873,5832631332,1332611,5256458
198027,11,3,3040512,Wilhelmsruh,2019,8,7,4,3,2,6,0,0,1,0,0,0,0,0,7963517231,5835763049,1337577,5259093
198028,11,6,6020301,Alt-Lankwitz,2019,8,2,4,3,9,1,2,0,1,0,0,0,0,0,7957970108,5819015273,1335271,524411
198029,11,2,2020204,Urbanstra·e,2019,8,16,4,3,5,3,0,0,1,0,0,0,0,0,7984322293,5824775349,1339652,524913
198030,11,3,3040818,Pankow SÅd,2019,8,8,4,3,3,6,0,1,1,0,0,0,0,0,7998178277,5832027341,134234,5255555
198031,11,1,1011402,Arkonaplatz,2019,8,15,4,3,6,7,0,0,0,1,0,0,1,0,7987962729,5829200867,1340584,5253077
198032,11,7,7020204,Schîneberger Insel,2019,8,15,4,3,3,7,0,1,0,0,0,0,0,0,7962538663,5823582794,1336347,524818
198033,11,1,1011204,Leipziger Stra·e,2019,8,15,4,3,5,2,0,1,0,0,0,0,1,1,7981183084,5826806719,1339373,5250968
198034,11,2,2030402,Wrangelkiez,2019,8,14,4,3,0,6,0,1,1,0,0,0,0,0,8018404319,5825742687,1344744,524981
198035,11,1,1011303,Alexanderplatzviertel,2019,8,14,4,3,0,1,0,0,0,0,1,0,0,1,7995392574,5828242843,1341589,5252178
198036,11,7,7050501,Rathausstra·e,2019,8,14,4,3,0,3,0,1,1,0,0,0,0,1,7973419626,5818651203,1337505,52437
198037,11,2,2020204,Urbanstra·e,2019,8,14,4,3,0,2,0,0,0,0,1,0,1,1,798295634,5825321221,13395,5249627
198038,11,3,3061430,Volkspark Prenzlauer Berg,2019,8,14,4,3,5,2,0,1,1,0,0,0,0,1,8024175389,582923388,1345909,5252907
198039,11,4,4030623,Ernst-Reuter-Platz,2019,8,19,4,3,5,2,0,1,1,0,0,0,0,0,793021543,582695725,1331898,525138
198040,11,5,5020419,Magistratsweg,2019,8,18,4,3,5,3,0,0,1,0,0,0,0,0,78087455,5828327515,1314161,5253247
198041,11,11,11041128,Sewanstra·e,2019,8,17,4,3,5,3,0,0,1,0,1,0,0,0,8066692935,5825621953,1351824,5249433
198042,11,11,11030720,Herzbergstra·e,2019,8,13,4,3,5,7,0,0,1,0,0,1,0,1,8049304818,582870841,1349554,5252296
198043,11,10,10040828,Kaulsdorf Nord,2019,8,13,4,3,5,7,0,0,1,0,0,0,0,0,8115645324,5828250804,1359257,5251511
198044,11,1,1022106,Elberfelder Stra·e,2019,8,13,4,3,5,2,0,1,1,0,0,0,0,0,7943173858,5828375768,1333927,5252581
198045,11,1,1022104,Emdener Stra·e,2019,8,5,3,3,5,3,1,0,1,0,1,0,0,0,7939621842,5829147045,1333473,5253292
198046,11,6,6010209,Feuerbachstra·e,2019,8,12,3,2,1,5,0,1,1,0,0,0,0,0,7941627871,582147277,133309,5246402
198047,11,4,4051653,Prager Platz,2019,8,15,3,3,0,6,0,0,1,0,1,0,0,1,7939771132,5824687009,1333101,5249293
198048,11,7,7020202,Volkspark (Rudolf-Wilde-Park),2019,8,16,3,3,1,7,0,0,1,0,0,0,0,0,7952952721,5823410803,1334924,5248078
198049,11,4,4020310,Park Ruhwald,2019,8,10,3,3,2,2,0,0,1,0,1,0,0,0,7903462112,5827318973,1327998,5251847
198050,11,1,1011203,Unter den Linden SÅd,2019,8,20,3,3,5,3,2,1,1,0,0,0,0,0,7978774444,5827467313,1339078,5251574
198051,11,7,7010104,Dennewitzplatz,2019,8,20,3,3,3,6,0,1,0,0,0,0,1,0,7962784867,5824923285,1336502,524938
198052,11,6,6030501,Berlepschstra·e,2019,8,19,3,3,1,1,0,0,1,0,0,0,0,0,7890095406,5817158507,1325153,5242809
198053,11,7,7030301,Friedenau,2019,8,19,3,3,2,6,0,0,1,0,0,0,0,0,7942523651,5822055721,1333273,5246919
198054,11,5,5010314,Carl-Schurz-Stra·e,2019,8,18,3,3,0,2,0,0,1,0,0,0,1,0,7849947893,5829498224,1320319,5254083
198055,11,5,5020625,Borkumer Stra·e,2019,8,18,3,3,0,4,0,1,0,1,0,0,0,0,7844578651,5828663714,1319458,5253363
198056,11,1,1011301,CharitÇviertel,2019,8,18,3,3,2,2,0,1,1,0,0,0,0,0,7975117446,582832684,1338617,5252364
198057,11,1,1033203,Humboldthain Nordwest,2019,8,18,3,3,5,3,0,1,1,0,0,0,0,0,7966376403,5829799464,1337464,5253732
198058,11,2,2020206,Graefekiez,2019,8,16,3,3,0,7,0,1,1,0,0,0,0,1,7996600378,5825045622,1341479,5249305
198059,11,2,2020206,Graefekiez,2019,8,17,3,2,2,6,0,0,0,0,1,0,1,0,7993546489,5824553973,1340986,5248882
198060,11,9,9031101,GrÅnau,2019,8,17,3,3,3,6,0,1,1,0,0,0,0,0,8122724861,5816664686,1359213,5241088
198061,11,1,1011105,Nîrdlicher Landwehrkanal,2019,8,17,4,3,5,2,0,1,1,0,0,0,0,0,7961101835,5826714408,1336414,5250995
198062,11,1,1011204,Leipziger Stra·e,2019,8,17,3,3,0,3,0,0,1,0,1,0,0,1,7981471841,5826702157,1339406,5250873
198063,11,4,4030620,Alt-Lietzow,2019,8,17,3,3,5,7,0,1,1,0,0,0,0,0,792926052,5827451134,1331801,5251827
198064,11,1,1022202,Heidestra·e,2019,8,17,4,3,0,2,0,1,1,0,0,0,0,0,7956689129,5829732336,1336034,5253724
198065,11,3,3061126,Arnimplatz,2019,8,17,3,3,5,2,0,1,1,0,0,0,0,0,7984119276,5831802081,1340252,525543
198066,11,7,7070702,Alt-Lichtenrade/Tîpchiner Weg,2019,8,17,4,3,5,3,0,1,1,0,0,0,0,0,8006410362,5814918821,1342008,5240174
198067,11,1,1011203,Unter den Linden SÅd,2019,8,17,3,3,5,3,0,0,1,0,0,0,1,0,7977571703,5827447417,1338899,5251563
198068,11,10,10010203,Gewerbegebiet Bitterfelder Stra·e,2019,8,17,4,3,5,3,0,1,0,0,0,0,1,0,8076491373,5830820334,1353743,5254036
198069,11,6,6020303,Lankwitz Kirche,2019,8,17,3,3,5,2,0,0,1,0,1,0,0,0,7955778985,5818297475,1334886,5243479
198070,11,1,1011202,Unter den Linden Nord,2019,8,8,4,3,5,2,0,1,0,0,1,0,0,0,7976485536,5828123815,13388,5252175
198071,11,3,3051021,Buschallee,2019,8,11,3,3,2,5,0,0,1,0,1,0,0,0,8032990151,5832238536,1347479,5255551
198072,11,2,2010104,Wassertorplatz,2019,8,16,4,3,6,7,0,1,0,1,0,0,0,0,7990374848,5825525393,1340608,524977
198073,11,8,8010117,Schillerpromenade,2019,8,12,3,3,2,6,0,1,1,0,0,0,0,0,8005816621,5823235918,1342669,5247633
198074,11,1,1044201,Reinickendorfer Stra·e,2019,8,16,4,2,1,5,0,0,1,0,1,0,0,0,7966138589,5831758443,1337604,5255489
198075,11,1,1033101,Soldiner Stra·e,2019,8,11,3,3,5,3,0,0,1,0,1,0,0,0,7976812015,5832859991,1339273,5256418
198076,11,5,5030832,Rohrdamm,2019,8,11,3,3,6,7,0,0,1,1,0,0,0,0,7896829471,5829290225,1327195,5253649
198077,11,1,1044201,Reinickendorfer Stra·e,2019,8,15,4,3,5,2,0,0,1,0,1,0,0,0,7963158523,5831639222,1337155,5255399
198078,11,6,6040806,Fischtal,2019,8,10,3,3,1,5,0,1,1,0,0,0,0,0,7894321103,5819803077,1326002,5245157
198079,11,4,4030623,Ernst-Reuter-Platz,2019,8,15,4,2,5,2,0,1,0,0,0,0,1,0,793381001,5827323304,1332458,5251688
198080,11,8,8010117,Schillerpromenade,2019,8,9,3,3,5,3,0,0,1,0,1,0,1,0,8006103629,5823149809,1342704,5247554
198081,11,12,12214527,Alt-Tegel,2019,8,12,4,3,5,7,0,0,1,0,1,0,0,0,7903822859,5834609562,1328688,5258381
198082,11,3,3030406,Alt-Karow,2019,8,9,3,3,0,3,0,0,1,0,0,0,1,0,802745303,5839064717,1347288,52617
198083,11,6,6040703,Nikolassee,2019,8,11,4,3,5,3,0,0,1,0,0,0,0,0,7859406961,58172428,1320659,5243046
198084,11,8,8010510,Gewerbegebiet Kîllnische Heide,2019,8,8,3,3,5,2,0,1,1,0,0,0,0,0,802495323,5822550456,1345416,5246913
198085,11,4,4030620,Alt-Lietzow,2019,8,7,3,3,5,2,0,1,1,0,0,0,0,0,791904161,5827432757,1330297,5251866
198086,11,11,11030721,RÅdigerstra·e,2019,8,10,4,3,5,5,0,0,1,0,0,0,1,0,8050651366,5828068406,1349693,5251715
198087,11,1,1022105,Zwinglistra·e,2019,8,10,4,3,5,2,0,0,1,0,0,0,0,0,793708979,5828405774,1333036,5252641
198088,11,3,3040614,Pankow Zentrum,2019,8,7,3,3,5,3,0,1,1,0,0,0,0,0,7999826898,5835097359,134286,5258297
198089,11,11,11010103,Dorf Falkenberg,2019,8,7,3,2,3,6,0,0,0,0,1,0,1,0,8091498274,5834434031,1356286,525719
198090,11,1,1022206,LÅneburger Stra·e,2019,8,10,4,2,6,7,0,0,1,1,0,0,0,0,7962492749,582829377,1336759,5252403
198091,11,9,9020802,Kîllnische Vorstadt,2019,8,7,3,3,2,6,0,0,1,0,1,0,0,0,8101218602,582041714,135641,5244573
198092,11,9,9010201,Am Treptower Park SÅd,2019,8,9,4,3,5,2,0,1,1,0,0,0,0,0,8030874944,5824001539,1346417,524818
198093,11,4,4041238,Kissinger Stra·e,2019,8,15,3,3,1,5,0,0,1,0,0,0,0,0,7913255746,5822594394,1329024,5247559
198094,11,11,11030721,RÅdigerstra·e,2019,8,16,3,3,4,6,0,1,1,0,0,0,0,0,8052064246,5828089675,1349902,5251726
198095,11,7,7060603,Marienfelde Nordost,2019,8,9,4,3,5,2,0,1,1,0,0,0,0,0,7984580235,5816858123,1338982,5242032
198096,11,12,12231102,Frohnau,2019,8,15,3,3,0,3,0,0,0,0,1,0,1,1,7905979421,5839715374,1329454,5262947
198097,11,5,5010206,GÅtersloher Weg,2019,8,15,3,3,0,3,0,0,1,0,1,0,0,1,7812527204,583077005,1314924,5255418
198098,11,3,3071536,Teutoburger Platz,2019,8,7,4,3,5,2,0,1,0,0,0,0,1,0,7991439981,5829203411,1341095,5253061
198099,11,4,4020207,Flatowallee,2019,8,16,3,2,5,7,0,0,1,0,0,0,0,0,7881260595,5826660205,1324678,5251374
198100,11,5,5020628,Graetschelsteig,2019,8,15,3,3,0,3,0,0,1,0,1,0,0,0,7841074778,582657167,1318764,5251506
198101,11,1,1044201,Reinickendorfer Stra·e,2019,8,15,4,3,5,2,0,1,1,0,0,0,0,0,7967026521,583162593,1337723,5255366
198102,11,1,1044201,Reinickendorfer Stra·e,2019,8,14,3,3,6,4,0,1,0,1,0,0,0,0,7964840914,5831932031,1337429,5255652
198103,11,3,3071537,Kollwitzplatz,2019,8,15,4,3,4,5,0,1,1,0,0,0,0,0,7996615668,5830085927,1341935,5253823
198104,11,11,11030618,Fennpfuhl West,2019,8,16,3,3,3,6,0,1,0,0,0,0,0,0,8032420889,5829630813,1347157,5253217
198105,11,7,7010102,Nollendorfplatz,2019,8,15,4,3,3,6,0,1,1,0,0,0,0,0,7949586569,5825649153,1334628,5250103
198106,11,8,8010118,Silbersteinstra·e,2019,8,14,3,3,0,2,0,0,1,0,1,0,0,0,8006084452,5822055673,1342602,5246573
198107,11,3,3040614,Pankow Zentrum,2019,8,14,4,3,5,3,0,0,1,0,1,0,0,0,7981345278,5833144702,1339965,5256649
198108,11,9,9020701,Adlershof West,2019,8,14,3,2,5,2,0,0,1,0,1,0,0,0,8083285657,5818867728,1353636,5243286
198109,11,9,9051702,Bîlschestra·e,2019,8,16,3,3,5,7,0,0,1,0,1,0,0,0,8142782174,5822668957,1362717,5246354
198110,11,4,4020313,Kînigin-Elisabeth-Stra·e,2019,8,14,4,3,6,2,0,0,1,1,0,0,0,0,7906191232,5826514546,1328329,5251111
198111,11,12,12304314,Ziekowstra·e/Freie Scholle,2019,8,14,4,3,1,5,0,1,1,0,0,0,0,0,7913501453,5835733339,1330212,5259337
198112,11,5,5030730,Zitadellenweg,2019,8,13,3,3,5,2,0,1,1,0,0,0,0,0,7857409699,5829268777,1321397,5253838
198113,11,1,1011402,Arkonaplatz,2019,8,8,3,3,5,3,0,1,1,0,0,0,0,0,798594193,5829506506,1340314,5253362
198114,11,8,8010404,Rixdorf,2019,8,13,4,2,5,3,0,0,1,0,1,0,0,0,8013721812,5823768391,1343878,5248066
198115,11,4,4051550,Leon-Jessel-Platz,2019,8,12,3,3,5,7,0,1,1,0,0,0,0,0,7932103227,5824255775,1331937,5248948
198116,11,2,2040701,Andreasviertel,2019,8,13,4,3,5,3,0,0,1,0,0,0,0,0,8003131137,5827614722,134267,5251572
198117,11,12,12301203,Wittenau SÅd,2019,8,16,3,3,3,6,0,0,1,0,0,0,0,0,7929960588,583564384,1332627,5259168
198118,11,3,3050920,Wei·er See,2019,8,13,4,3,5,3,0,0,1,0,0,0,0,0,8021769,5832418005,1345845,5255775
198119,11,2,2050802,Boxhagener Platz,2019,8,15,3,3,5,3,0,0,1,0,0,0,0,1,8026744834,5827248385,1346106,5251113
198120,11,4,4030620,Alt-Lietzow,2019,8,13,4,2,1,5,0,0,1,0,0,0,1,0,7924634101,5827182441,1331097,5251611
198121,11,3,3061430,Volkspark Prenzlauer Berg,2019,8,15,3,3,5,2,0,1,1,0,0,0,0,1,8024161299,5829233278,1345907,5252907
198122,11,6,6040810,Dahlem,2019,8,7,4,3,0,2,0,0,1,0,1,0,0,0,7905732869,5819746916,1327671,5245046
198123,11,12,12301203,Wittenau SÅd,2019,8,15,3,3,0,1,0,0,0,0,1,0,0,1,7923713784,5834089693,133157,5257808
198124,11,7,7010102,Nollendorfplatz,2019,8,12,4,3,1,5,0,1,1,0,0,0,1,0,79590952,5825162448,1335981,5249615
198125,11,9,9051901,Dammvorstadt,2019,8,13,5,3,5,7,0,0,1,0,0,0,1,0,8107626809,5820884689,1357393,5244956
198126,11,10,10040829,Alt-Kaulsdorf,2019,8,13,5,3,1,5,0,1,1,0,0,0,0,0,8115237931,5827156263,1359095,5250533
198127,11,1,1044101,Rehberge,2019,8,13,5,3,5,2,0,1,1,0,0,0,0,0,7941654345,583031761,1333876,525433
198128,11,1,1011202,Unter den Linden Nord,2019,8,12,5,3,2,7,0,1,1,0,0,0,0,0,7977132172,5827742369,1338861,5251829
198129,11,1,1022106,Elberfelder Stra·e,2019,8,9,5,2,2,7,0,0,1,0,0,0,0,0,7939818463,5828213025,133342,5252454
198130,11,4,4020310,Park Ruhwald,2019,8,9,5,2,5,2,0,1,0,0,0,1,0,0,7903773342,5827305695,1328042,5251833
198131,11,1,1011306,Heine-Viertel Ost,2019,8,9,5,3,5,2,0,0,1,0,1,0,0,0,8002176184,582683619,1342459,525088
198132,11,1,1044202,Sparrplatz,2019,8,9,5,3,0,5,0,0,1,0,1,0,0,0,7946910916,5829867029,1334609,5253898
198133,11,11,11020411,Malchower Weg,2019,8,9,5,3,5,3,0,1,1,0,0,0,0,0,8044934617,5833106309,1349315,5256262
198134,11,1,1044201,Reinickendorfer Stra·e,2019,8,8,5,3,5,3,0,0,1,0,0,0,0,0,7966680538,5831919027,1337698,525563
198135,11,7,7030303,Grazer Platz,2019,8,8,5,3,5,2,0,0,1,0,1,0,0,0,7952431041,5822265217,1334746,5247054
198136,11,12,12214424,Scharnweberstra·e,2019,8,8,5,3,3,6,0,0,1,0,0,1,0,0,7933776881,5832523965,1332912,5256351
198137,11,1,1022206,LÅneburger Stra·e,2019,8,8,5,3,5,2,0,1,1,0,0,0,0,0,7955478192,5828216315,1335721,5252372
198138,11,2,2040502,Friedenstra·e,2019,8,8,5,3,5,2,0,1,1,0,0,0,0,0,8006829989,5828487434,1343292,5252334
198139,11,9,9020601,Schnellerstra·e,2019,8,7,5,3,5,2,0,1,1,0,0,0,0,0,8079934899,5820988578,1353341,5245206
198140,11,7,7010101,Wittenbergplatz/Viktoria-Luise-Platz,2019,8,3,5,3,6,6,2,0,0,1,0,0,1,0,7948717443,582515188,1334456,5249661
198141,11,12,12231101,Hermsdorf,2019,8,10,5,3,0,1,0,0,0,0,1,0,0,0,7909694582,5839059932,1329944,5262339
198142,11,12,12214424,Scharnweberstra·e,2019,8,16,4,3,5,2,0,1,1,0,0,0,0,0,7935493751,583236397,1333151,5256198
198143,11,12,12304314,Ziekowstra·e/Freie Scholle,2019,8,16,4,3,0,1,0,0,1,0,1,0,0,0,7909120196,5836075853,1329597,5259667
198144,11,2,2020202,Rathaus Yorckstra·e,2019,8,4,4,3,5,3,2,0,1,0,0,0,0,1,797613612,5825516809,1338516,524984
198145,11,3,3061126,Arnimplatz,2019,8,19,4,3,2,2,2,0,1,0,1,0,0,0,7982799804,583180693,1340059,5255442
198146,11,4,4030620,Alt-Lietzow,2019,8,19,4,3,5,3,1,0,1,0,1,0,0,0,7921539557,5827387865,133066,5251812
198147,11,6,6010205,SÅdende,2019,8,18,4,3,5,2,0,0,1,0,1,0,0,0,7953199544,581977699,1334639,5244819
198148,11,7,7030301,Friedenau,2019,8,18,4,3,5,7,0,1,0,0,0,0,1,0,7939755858,5821710854,1332837,5246625
198149,11,2,2010101,Askanischer Platz,2019,8,17,4,3,1,5,0,0,1,0,1,0,0,0,7977656944,5826033166,1338785,5250294
198150,11,2,2050602,Samariterviertel,2019,8,16,4,3,1,5,0,1,1,0,0,0,0,0,803387508,5827907456,1347213,5251665
198151,11,2,2020206,Graefekiez,2019,8,18,4,3,3,6,0,1,1,0,0,0,0,0,7998737068,5825357012,1341821,5249573
198152,11,5,5020521,Dîberitzer Weg,2019,8,17,4,3,0,3,0,1,1,0,0,0,0,0,7800777011,5827688408,1312936,5252715
198153,11,6,6020409,Kînigsberger Stra·e,2019,8,14,4,2,2,6,0,0,1,0,0,0,1,0,7935707253,5817998586,1331916,5243319
198154,11,7,7030301,Friedenau,2019,8,17,4,3,3,6,0,1,1,0,0,0,0,0,7943590268,5822247024,1333447,5247085
198155,11,4,4051652,Nikolsburger Platz,2019,8,17,4,3,0,4,0,1,0,1,0,0,0,0,7934637422,5824621626,1332341,5249262
198156,11,7,7010102,Nollendorfplatz,2019,8,15,4,3,3,6,0,1,1,0,0,0,0,0,7957272576,5824969538,1335697,5249452
198157,11,7,7040403,Manteuffelstra·e,2019,8,22,4,3,5,3,2,0,1,0,0,0,0,0,79764958,5822183979,1338271,524685
198158,11,7,7020203,Kaiser-Wilhelm-Platz,2019,8,19,4,3,5,2,0,1,1,0,0,0,0,0,7955247069,582382216,1335297,5248434
198159,11,1,1033201,Brunnenstra·e,2019,8,8,4,2,6,4,0,1,0,1,0,0,0,0,7978033082,5831143384,1339298,5254873
198160,11,1,1011204,Leipziger Stra·e,2019,8,8,4,3,5,3,0,1,1,0,0,0,0,0,797890573,5826670873,1339026,5250859
198161,11,5,5040934,Alt-Gatow,2019,8,8,4,3,5,3,0,0,1,0,1,0,0,0,7836902927,5824737193,1317995,5249882
198162,11,2,2040701,Andreasviertel,2019,8,7,4,3,5,2,0,0,1,0,0,0,0,0,8004254654,5827972786,1342867,5251887
198163,11,12,12214422,Klixstra·e,2019,8,7,4,3,6,2,0,0,1,1,0,0,0,0,7922148478,5833712562,1331306,5257479
198164,11,3,3020307,Buchholz,2019,8,7,4,3,6,2,0,0,1,1,0,0,0,0,7999018925,5838069646,1343011,5260966
198165,11,5,5010314,Carl-Schurz-Stra·e,2019,8,6,4,2,0,6,1,0,1,0,1,0,0,0,7852310284,5829322145,1320652,5253913
198166,11,8,8020622,Parchimer Allee,2019,8,6,4,3,5,3,0,1,0,0,0,0,1,0,8012586916,5819803717,1343353,5244519
198167,11,7,7050504,Imbrosweg,2019,8,9,4,3,9,1,0,0,1,0,0,0,1,0,7994452164,581961441,1340676,5244449
198168,11,10,10010308,Marzahner Chaussee,2019,8,17,4,2,5,2,0,0,1,0,1,0,0,0,806521665,5829883215,1352,525326
198169,11,1,1011203,Unter den Linden SÅd,2019,8,16,4,2,5,3,0,1,1,0,0,0,0,0,7979015781,5827372985,1339105,5251488
198170,11,7,7020203,Kaiser-Wilhelm-Platz,2019,8,15,4,3,0,1,0,0,1,0,1,0,0,0,7952412935,5823949464,1334892,5248564
198171,11,12,12214527,Alt-Tegel,2019,8,15,4,3,5,3,0,1,1,0,0,0,0,0,7903845358,5834864373,1328714,5258609
198172,11,10,10010308,Marzahner Chaussee,2019,8,15,4,3,5,3,0,1,1,0,0,0,0,0,8068249184,5830304099,1352484,525362
198173,11,9,9010401,Johannisthal West,2019,8,15,4,3,6,4,0,0,1,1,0,0,0,0,8062115535,5820346362,1350668,524473
198174,11,8,8010301,Reuterkiez,2019,8,15,4,3,5,2,0,1,1,0,0,0,0,0,8005259921,5824460619,1342698,5248733
198175,11,6,6040809,Thielallee,2019,8,14,4,2,5,3,0,1,1,0,0,0,0,0,7914525944,5820604459,1329037,5245768