OBJECTID,LAND,BEZ,LOR,STRASSE,UJAHR,UMONAT,USTUNDE,UWOCHENTAG,UKATEGORIE,UART,UTYP1,ULICHTVERH,IstRad,IstPKW,IstFuss,IstKrad,IstGkfz,IstSonstige,USTRZUSTAND,LINREFX,LINREFY,XGCSWGS84,YGCSWGS84
198176,11,9,9020701,Adlershof West,2019,8,14,4,3,5,2,0,0,1,0,0,0,0,0,8082523394,5818799369,1353518,5243229
198177,11,2,2010101,Askanischer Platz,2019,8,12,4,3,5,3,0,1,1,0,0,0,0,0,797704579,5825813425,1338676,5250101
198178,11,4,4030417,Schlo·stra·e,2019,8,11,4,3,5,2,0,1,0,0,1,0,0,0,7909550683,5826746159,1328842,5251301
198179,11,8,8020728,Buckow Ost,2019,8,10,4,2,2,6,0,0,1,0,1,0,0,0,8019596883,581676403,1344107,5241756
198180,11,9,9031101,GrÅnau,2019,8,9,4,3,5,3,0,0,1,0,0,0,1,0,8121142283,5816639083,1358979,5241074
198181,11,4,4010102,Plîtzensee,2019,8,9,4,2,5,3,0,0,1,0,1,0,0,0,7922073734,5830684093,1331029,5254764
198182,11,11,11010103,Dorf Falkenberg,2019,8,9,4,3,5,2,0,1,0,0,0,0,1,0,809245205,5834482632,1356431,5257228
198183,11,10,10020517,Adele-Sandrock-Stra·e,2019,8,11,3,2,0,7,0,1,0,0,0,0,0,0,812407897,5830384316,1360697,5253375
198184,11,7,7040405,Rathaus Tempelhof,2019,8,15,3,3,2,6,0,0,1,0,0,0,0,0,798046514,5821303393,1338775,5246039
198185,11,7,7010101,Wittenbergplatz/Viktoria-Luise-Platz,2019,8,8,3,3,5,3,0,1,0,0,0,0,0,0,7946778673,5825722047,1334222,5250183
198186,11,12,12214421,Reinickes Hof,2019,8,21,3,3,0,1,2,0,0,0,1,0,0,0,7933989803,5833160059,1333,525692
198187,11,3,3040614,Pankow Zentrum,2019,8,20,3,3,2,6,2,1,0,0,0,0,0,0,7986717682,5833084359,134075,5256565
198188,11,1,1011201,Wilhelmstra·e,2019,8,18,3,3,5,3,0,1,0,0,0,0,0,0,7969574022,5826860539,1337672,525108
198189,11,6,6030609,Augustaplatz,2019,8,16,3,3,5,3,0,0,1,0,0,0,0,0,7921947217,5819106539,1329995,5244386
198190,11,8,8030829,Gropiusstadt Nord,2019,8,19,3,2,1,1,0,0,1,0,0,0,1,0,8035035955,5818195812,13465,5242954
198191,11,2,2010102,Mehringplatz,2019,8,16,3,3,2,6,0,0,1,0,0,0,0,0,7979791195,5826093606,1339104,5250337
198192,11,8,8010303,Donaustra·e,2019,8,16,3,3,2,6,0,0,1,0,0,0,1,0,8013967181,5823859959,1343922,5248147
198193,11,12,12302110,Dannenwalder Weg,2019,8,15,3,3,0,1,0,0,1,0,1,0,0,0,7945772586,583578605,1334967,525921
198194,11,12,12224230,Heiligensee,2019,8,15,3,3,5,3,0,1,0,0,0,0,0,0,7863922808,5837057435,1323027,5260787
198195,11,2,2010102,Mehringplatz,2019,8,14,3,3,6,2,0,0,0,1,0,1,0,0,7984326276,5826539677,133981,5250712
198196,11,4,4010103,Paul-Hertz-Siedlung,2019,8,14,3,3,5,3,0,1,1,0,0,0,0,0,7912208483,5829150519,1329444,5253442
198197,11,1,1044202,Sparrplatz,2019,8,18,3,3,5,2,0,1,1,0,0,0,0,0,7946239212,5829871433,133451,5253906
198198,11,1,1011201,Wilhelmstra·e,2019,8,18,3,3,1,5,0,1,1,0,0,0,0,0,7972334964,5826903722,1338081,5251104
198199,11,2,2010103,Moritzplatz,2019,8,18,3,3,0,7,0,0,1,0,0,0,1,0,799739616,5825778625,1341662,5249958
198200,11,1,1022204,Thomasiusstra·e,2019,8,18,3,3,1,5,0,1,1,0,0,0,1,0,7951041432,5828175004,1335066,5252359
198201,11,4,4030931,Breitscheidplatz,2019,8,16,3,3,0,2,0,0,1,0,0,0,1,0,79401147,5826194454,1333285,5250643
198202,11,1,1011303,Alexanderplatzviertel,2019,8,9,3,3,0,5,0,1,0,0,0,1,0,0,7991509199,5828820352,1341071,5252717
198203,11,8,8041036,Zittauer Stra·e,2019,8,17,3,2,6,4,0,0,0,1,1,0,0,0,8050575418,5817553599,134872,5242292
198204,11,1,1011102,Gro·er Tiergarten,2019,8,17,3,2,6,7,0,1,0,1,0,0,0,0,7953429201,582739734,1335347,5251649
198205,11,5,5010339,Freiheit,2019,8,15,3,3,5,2,0,0,1,0,0,0,0,0,7875906037,5828023173,1324009,5252624
198206,11,9,9031001,Bohnsdorf,2019,8,15,3,2,5,2,0,1,1,0,0,0,0,0,8110480221,5814498062,1357218,5239216
198207,11,1,1044102,Schillerpark,2019,8,10,3,3,2,3,0,1,1,0,0,0,0,0,7959629381,5831990758,1336668,5255733
198208,11,3,3040614,Pankow Zentrum,2019,8,10,3,3,2,3,0,0,1,0,1,0,0,0,7999811293,5835329211,1342879,5258505
198209,11,3,3071638,Winsstra·e,2019,8,9,3,3,2,6,0,1,1,0,0,0,0,0,8000937381,58296253,1342529,5253387
198210,11,5,5020522,Pillnitzer Weg,2019,8,9,3,3,2,2,0,0,1,0,0,0,0,0,7810425065,5827415933,1314331,5252421
198211,11,12,12214125,Waldidyll/Flughafensee,2019,8,8,3,3,0,4,0,0,1,1,0,0,0,0,7911477429,5830923605,1329491,5255036
198212,11,7,7040405,Rathaus Tempelhof,2019,8,9,3,3,5,2,0,1,1,0,0,0,0,0,799585674,5820831576,1340991,5245532
198213,11,9,9041401,Allende I,2019,8,9,3,3,5,2,0,0,1,0,0,0,0,0,8119195806,582062062,1359065,5244653
198214,11,9,9020501,Oberschîneweide West,2019,8,7,3,3,5,2,0,1,0,0,0,1,0,0,806598453,5822779826,1351459,5246889
198215,11,2,2030302,Lausitzer Platz,2019,8,7,3,3,5,3,0,0,1,0,1,0,0,0,8013239531,5826153855,1344023,5250207
198216,11,7,7060604,Marienfelde SÅd,2019,8,8,3,1,6,4,0,0,0,1,0,1,0,0,7966700288,5815843282,133627,524122
198217,11,2,2020206,Graefekiez,2019,8,18,2,3,6,4,0,1,0,1,0,0,0,0,7997786326,582484884,1341635,5249123
198218,11,3,3030715,Heinersdorf,2019,8,10,2,3,3,6,0,1,0,0,0,0,0,0,800272575,5833800371,1343169,5257119
198219,11,1,1022104,Emdener Stra·e,2019,8,18,2,3,6,4,0,0,0,1,0,0,1,0,7939046059,5829146219,1333388,5253294
198220,11,3,3051022,Hansastra·e,2019,8,13,2,3,4,6,0,0,1,0,1,0,0,0,8036312672,5831996837,1347945,5255316
198221,11,3,3040614,Pankow Zentrum,2019,8,17,2,3,2,6,0,0,1,0,0,0,0,0,7997558458,5835488128,1342562,525866
198222,11,10,10030725,Buckower Ring,2019,8,17,2,2,2,7,0,0,1,0,0,0,0,0,810006438,5829652365,1357099,5252856
198223,11,4,4051445,Eisenzahnstra·e,2019,8,17,2,3,1,5,0,0,1,0,0,0,0,0,7920798298,582469835,1330316,5249405
198224,11,10,10040933,Mahlsdorf SÅd,2019,8,17,2,3,5,2,0,0,1,0,0,0,1,0,8125011675,5824933417,1360322,5248485
198225,11,7,7040406,Germaniagarten,2019,8,16,2,2,6,4,0,0,1,1,0,0,0,0,8002157048,5821548242,134198,524614
198226,11,7,7040403,Manteuffelstra·e,2019,8,16,2,3,5,2,0,0,1,0,1,0,0,0,7973254143,5821877618,1337768,5246593
198227,11,12,12301205,Waidmannslust,2019,8,15,2,3,5,3,0,0,1,0,1,0,0,0,7919702733,5837474412,1331278,5260864
198228,11,1,1044201,Reinickendorfer Stra·e,2019,8,15,2,3,5,3,0,0,1,0,0,0,0,0,7957747383,583102084,1336304,5254874
198229,11,7,7010102,Nollendorfplatz,2019,8,15,2,3,2,6,0,0,1,0,1,0,0,0,7949784465,5825688246,133466,5250137
198230,11,1,1022206,LÅneburger Stra·e,2019,8,23,2,3,6,4,2,0,1,1,0,0,0,0,7963387845,5828547046,1336913,5252625
198231,11,5,5010313,Ackerstra·e,2019,8,15,2,3,6,2,0,0,1,1,0,0,0,0,7843751759,5830008722,1319452,5254573
198232,11,3,3071536,Teutoburger Platz,2019,8,19,2,3,6,4,0,1,0,1,0,0,0,0,7991360159,5829207022,1341084,5253064
198233,11,11,11051331,Karlshorst Nord,2019,8,18,5,3,5,2,0,1,1,0,0,0,0,0,807349604,5825169976,1352781,5248989
198234,11,1,1011302,Oranienburger Stra·e,2019,8,19,2,3,5,2,0,1,1,0,0,0,0,0,7982448851,582901466,1339756,5252941
198235,11,6,6040810,Dahlem,2019,8,14,2,3,1,5,0,0,1,0,0,0,1,0,7905396198,5821340616,1327761,5246477
198236,11,4,4041343,Binger Stra·e,2019,8,19,2,3,5,2,0,1,1,0,0,0,0,0,7926568417,5823060347,1331019,5247906
198237,11,2,2040703,Wriezener Bahnhof/Entwicklungsgebiet,2019,8,14,2,3,5,3,0,1,0,0,0,0,1,0,8019474103,5826800343,1344997,5250752
198238,11,6,6010205,SÅdende,2019,8,19,2,2,5,7,0,0,0,0,1,0,1,0,7960748799,5819507961,1335722,5244537
198239,11,11,11041128,Sewanstra·e,2019,8,19,2,3,1,5,0,1,1,0,0,0,0,0,8058083264,5825333583,1350533,5249223
198240,11,3,3051022,Hansastra·e,2019,8,17,2,3,2,6,0,1,1,0,0,0,0,0,8028621921,5832030837,1346817,5255389
198241,11,1,1011303,Alexanderplatzviertel,2019,8,18,2,3,2,6,0,1,1,0,0,0,0,0,7992732421,5828505812,1341222,5252428
198242,11,1,1011102,Gro·er Tiergarten,2019,8,13,2,3,2,6,0,0,1,0,0,0,0,0,7952194702,5826719892,1335106,5251048
198243,11,10,10030726,Alt-Biesdorf,2019,8,18,2,3,5,2,0,0,1,0,0,0,0,0,808764221,5827432381,1355068,5250937
198244,11,12,12231102,Frohnau,2019,8,12,2,3,5,3,0,0,1,0,1,0,0,0,790591124,5839723553,1329445,5262954
198245,11,6,6040810,Dahlem,2019,8,12,2,3,5,7,0,0,1,0,0,0,0,0,7902411479,5820067965,1327212,5245352
198246,11,2,2030302,Lausitzer Platz,2019,8,12,2,3,2,2,0,0,1,0,0,1,0,0,8014531465,58260327,1344201,5250091
198247,11,2,2040501,Barnimkiez,2019,8,12,2,3,1,5,0,1,0,0,0,0,1,0,8002547405,5828886841,1342699,5252716
198248,11,2,2030302,Lausitzer Platz,2019,8,11,2,3,5,3,0,0,1,0,0,0,0,0,8006210143,5826265769,1343,5250346
198249,11,6,6010101,Fichtenberg,2019,8,11,2,3,5,2,0,1,1,0,0,0,0,0,7933106537,5820736578,1331775,5245787
198250,11,8,8030831,Gropiusstadt Ost,2019,8,11,2,2,6,2,0,0,1,1,0,0,0,0,8037163904,5818001884,1346795,5242768
198251,11,4,4051655,Babelsberger Stra·e,2019,8,10,2,3,2,2,0,1,1,0,0,0,0,0,7939467383,5823412781,1332944,5248152
198252,11,6,6020306,Lankwitz SÅd,2019,8,8,2,3,5,3,0,0,1,0,0,0,1,0,7965688556,5817625541,133628,5242823
198253,11,4,4030929,Hindemithplatz,2019,8,7,2,2,5,7,0,0,1,0,1,0,0,0,7927114673,5825636123,1331326,5250212
198254,11,6,6030605,Botanischer Garten,2019,8,6,2,3,2,6,0,0,1,0,1,0,0,0,7930221835,5820145473,13313,5245273
198255,11,1,1011102,Gro·er Tiergarten,2019,8,6,2,3,5,2,1,1,1,0,0,0,0,0,7965759464,582779689,1337195,525194
198256,11,9,9010401,Johannisthal West,2019,8,5,2,3,0,1,1,0,1,0,1,0,0,1,8061249918,5820123612,135052,5244535
198257,11,2,7040401,Neu-Tempelhof,2019,8,5,2,3,2,6,1,0,1,0,0,0,0,0,7971300683,5823973887,1337668,5248483
198258,11,12,12214126,Tegel SÅd,2019,8,11,2,3,0,7,0,0,1,0,0,0,0,0,7904576825,5834209576,1328764,5258018
198259,11,6,6020411,SchÅtte-Lanz-Stra·e,2019,8,19,1,3,2,6,0,0,1,0,0,0,0,0,7933868543,5816217313,133149,5241732
198260,11,5,5010314,Carl-Schurz-Stra·e,2019,8,19,1,3,0,6,0,0,0,0,1,0,1,1,784794722,5828863748,1319971,5253525
198261,11,8,8020622,Parchimer Allee,2019,8,21,1,3,5,3,2,0,1,0,0,0,0,1,8025415894,5819679866,1345224,5244337
198262,11,4,4020310,Park Ruhwald,2019,8,13,1,3,2,3,0,0,1,0,0,0,0,0,7898738949,5827398055,1327311,5251943
198263,11,9,9010402,Johannisthal Ost,2019,8,21,1,3,2,2,2,0,1,0,0,0,0,1,8057105759,5818789747,1349791,5243363
198264,11,1,1011401,Invalidenstra·e,2019,8,22,1,2,0,7,2,0,0,0,0,0,1,1,7983393894,5829327232,1339923,5253216
198265,11,7,7010104,Dennewitzplatz,2019,8,22,1,2,4,1,2,0,1,0,0,0,0,1,7962250232,5824322093,133637,5248844
198266,11,1,1011201,Wilhelmstra·e,2019,8,18,1,3,0,1,0,0,0,0,1,0,0,1,7969782488,5827086663,1337723,5251282
198267,11,11,11020412,Hauptstra·e,2019,8,20,1,2,0,1,1,0,0,0,1,0,0,1,8058433076,5831841497,1351183,5255053
198268,11,1,1011105,Nîrdlicher Landwehrkanal,2019,8,19,1,2,5,2,0,0,1,0,0,0,0,1,796574942,5826872141,1337111,5251111
198269,11,1,1022106,Elberfelder Stra·e,2019,8,19,1,3,2,6,0,0,1,0,0,0,0,1,7936673022,5827986539,1332937,5252268
198270,11,12,12302107,Schorfheidestra·e,2019,8,19,1,3,2,6,0,0,1,0,0,0,0,1,7938814145,5836161858,1333976,5259585
198271,11,4,4020312,Branitzer Platz,2019,8,18,1,3,5,3,0,1,1,0,0,0,0,1,7896300675,5827416167,1326954,5251972
198272,11,7,7070703,John-Locke-Stra·e,2019,8,18,1,3,5,2,0,1,1,0,0,0,0,1,7997726958,5813975333,1340651,5239376
198273,11,7,7020203,Kaiser-Wilhelm-Platz,2019,8,17,1,3,1,5,0,1,1,0,0,0,0,0,795693087,5824483021,1335603,5249017
198274,11,1,1011303,Alexanderplatzviertel,2019,8,17,1,3,5,2,0,0,1,0,0,0,1,1,7991297318,582765929,1340935,5251677
198275,11,2,2010103,Moritzplatz,2019,8,16,1,3,5,3,0,0,1,0,0,0,0,0,7995944348,5825831578,1341453,5250014
198276,11,8,8020625,Handwerker-Siedlung,2019,8,16,1,2,1,5,0,0,1,0,0,0,0,0,8024463083,58189581,1345019,5243695
198277,11,3,3020203,Blankenfelde,2019,8,16,1,3,5,2,0,0,1,0,0,0,0,1,798052632,5837196929,1340209,5260285
198278,11,12,12103219,SchÑfersee,2019,8,14,1,3,5,3,0,0,1,0,0,0,0,0,794075937,5832617451,1333948,5256397
198279,11,4,4030416,Klausenerplatz,2019,8,14,1,3,5,7,0,0,1,0,0,0,0,1,790911432,5826923551,1328794,5251462
198280,11,2,2020205,Chamissokiez,2019,8,13,1,3,6,2,0,1,0,1,0,0,0,1,7981408143,5824540511,1339203,5248936
198281,11,5,5030730,Zitadellenweg,2019,8,11,1,3,2,6,0,0,1,0,0,0,0,1,7866406781,5829240462,1322717,5253766
198282,11,6,6020306,Lankwitz SÅd,2019,8,11,1,2,5,3,0,0,1,0,0,0,0,1,7962308244,581702039,1335731,5242299
198283,11,7,7010102,Nollendorfplatz,2019,8,2,1,3,3,6,2,0,1,0,1,0,0,0,7952064072,5825599584,1334987,5250045
198284,11,9,9010202,Kîpenicker Landstra·e,2019,8,21,1,3,2,6,2,0,1,0,0,0,1,1,8037997747,5823297839,1347399,524751
198285,11,7,7020203,Kaiser-Wilhelm-Platz,2019,8,18,7,3,1,5,0,0,1,0,0,0,0,0,795014047,5824333292,1334593,524892
198286,11,2,2040702,Weberwiese,2019,8,4,7,3,1,1,2,0,1,0,0,0,0,0,8013843386,5827739978,1344255,5251626
198287,11,4,4030725,Amtsgerichtsplatz,2019,8,1,7,3,0,4,2,1,0,1,0,0,0,0,7913768671,58260724,1329403,5250674
198288,11,8,8010118,Silbersteinstra·e,2019,8,13,7,3,5,2,0,1,1,0,0,0,0,0,8009957581,582215543,134318,5246641
198289,11,12,12214126,Tegel SÅd,2019,8,13,7,3,5,2,0,0,1,0,1,0,0,0,7898890144,5833976529,1327907,525784
198290,11,2,2020203,Viktoriapark,2019,8,13,7,3,6,4,0,1,0,1,0,0,0,0,7977776624,5824942951,1338705,5249316
198291,11,1,1011102,Gro·er Tiergarten,2019,8,12,7,3,5,3,0,0,1,0,0,0,1,0,7965862338,5827816328,1337212,5251957
198292,11,7,7040403,Manteuffelstra·e,2019,8,12,7,3,5,2,0,0,1,0,0,0,0,0,7978423625,5822205153,1338556,5246859
198293,11,1,1011202,Unter den Linden Nord,2019,8,12,7,3,0,1,0,0,0,0,1,0,0,0,7977332955,5827622064,133888,525172
198294,11,1,1044201,Reinickendorfer Stra·e,2019,8,11,7,3,2,6,0,0,1,0,0,0,0,0,7969520671,5831899654,1338114,5255597
198295,11,2,2020204,Urbanstra·e,2019,8,0,7,3,0,1,2,0,0,0,0,0,1,0,7986135299,582515376,1339952,524946
198296,11,9,9020701,Adlershof West,2019,8,22,7,2,5,2,2,0,1,0,0,0,0,0,8089779832,5818113768,1354519,5242574
198297,11,1,1011304,Karl-Marx-Allee,2019,8,22,7,3,2,6,2,0,1,0,0,0,0,0,8002252432,5828426842,1342614,5252305
198298,11,6,6020411,SchÅtte-Lanz-Stra·e,2019,8,20,7,3,6,7,2,1,0,1,0,0,0,0,7942689484,5815533726,1332723,5241072
198299,11,7,7010104,Dennewitzplatz,2019,8,19,7,3,5,3,0,1,1,0,0,0,0,0,796046354,5825344573,1336199,5249771
198300,11,3,3030711,Blankenburg,2019,8,18,7,3,0,7,0,1,0,0,0,0,0,0,8011183191,5836034273,1344616,5259074
198301,11,9,9010202,Kîpenicker Landstra·e,2019,8,17,7,2,5,3,0,0,1,0,1,0,0,0,8044861935,5823237529,1348401,5247418
198302,11,6,6020409,Kînigsberger Stra·e,2019,8,17,7,3,2,6,0,0,1,0,0,0,0,0,7936550698,5818166124,1332054,5243465
198303,11,2,2030401,Reichenberger Stra·e,2019,8,16,7,3,2,7,0,0,1,0,0,0,1,0,8000906547,5825409807,1342144,5249608
198304,11,5,5020524,Weinmeisterhornweg,2019,8,16,7,2,0,1,0,1,0,0,0,0,0,0,7829632289,582686947,1317108,5251832
198305,11,5,5010314,Carl-Schurz-Stra·e,2019,8,15,7,3,2,6,0,0,1,0,0,0,0,0,7835783051,5829044822,1318198,5253751
198306,11,4,4041344,RÅdesheimer Platz,2019,8,15,7,3,5,3,0,1,1,0,0,0,0,0,7933726104,5822415331,1332013,5247289
198307,11,6,6040810,Dahlem,2019,8,15,7,3,2,6,0,0,1,0,0,0,0,0,7923363209,5820811341,1330352,5245907
198308,11,1,1044201,Reinickendorfer Stra·e,2019,8,15,7,3,1,5,0,0,1,0,1,0,0,0,7971078358,5831922896,1338345,525561
198309,11,2,2050802,Boxhagener Platz,2019,8,14,7,3,2,6,0,0,1,0,0,0,1,0,8019809387,5826926671,1345058,5250864
198310,11,7,7050501,Rathausstra·e,2019,8,14,7,3,2,6,0,1,1,0,0,0,0,0,7978171339,5819926011,1338316,5244817
198311,11,11,11051331,Karlshorst Nord,2019,8,8,6,2,5,3,0,1,1,0,0,0,0,0,8077130637,5825488764,1353344,5249255
198312,11,7,7030301,Friedenau,2019,8,19,6,3,6,7,0,0,1,1,0,0,0,0,7937335763,5821634544,1332475,524657
198313,11,12,12214421,Reinickes Hof,2019,8,20,6,3,5,2,0,0,1,0,1,0,0,0,793465116,5833646389,133314,5257352
198314,11,8,8010301,Reuterkiez,2019,8,19,6,3,3,6,0,1,1,0,0,0,0,0,8006646143,5824372159,1342893,5248647
198315,11,1,1011304,Karl-Marx-Allee,2019,8,18,6,3,5,2,0,0,1,0,1,0,0,0,7996725587,5827881637,1341753,5251847
198316,11,1,1011302,Oranienburger Stra·e,2019,8,17,6,3,3,6,0,0,1,0,1,0,0,0,7989804577,5829004514,1340837,5252891
198317,11,9,9020701,Adlershof West,2019,8,16,6,3,5,2,0,1,1,0,0,0,0,0,809055984,5818762711,1354693,5243151
198318,11,10,10040830,Kaulsdorf SÅd,2019,8,16,6,3,2,6,0,0,1,0,0,0,1,0,8107311928,5826407978,1357861,5249907
198319,11,1,1022101,Huttenkiez,2019,8,16,6,3,0,5,0,1,0,0,0,0,1,0,7932383312,5829015465,1332398,5253213
198320,11,4,4051655,Babelsberger Stra·e,2019,8,16,6,3,6,4,0,0,1,1,0,0,0,0,7939285465,582321057,13329,5247972
198321,11,1,1011305,Heine-Viertel West,2019,8,15,6,3,5,2,0,1,0,0,0,0,0,0,7993545552,5827167918,1341221,5251225
198322,11,4,4031032,Halensee,2019,8,15,6,3,2,6,0,0,1,0,0,0,0,0,7914599935,5825057813,1329437,524976
198323,11,6,6040804,Krumme Lanke,2019,8,15,6,3,5,2,0,1,1,0,0,0,0,0,7877652273,5818324519,1323428,524392
198324,11,1,1044201,Reinickendorfer Stra·e,2019,8,14,6,3,5,3,0,1,1,0,0,0,0,0,7962020406,5830765475,133691,5254622
198325,11,1,1022106,Elberfelder Stra·e,2019,8,15,6,3,2,6,0,0,1,0,0,0,0,0,7937640165,5828134004,1333092,5252395
198326,11,7,7050505,Hundsteinweg,2019,8,15,6,3,2,7,0,0,1,0,0,0,0,0,7994336575,5817747153,1340492,5242776
198327,11,9,9030902,Wohngebiet II,2019,8,16,6,3,5,2,0,1,1,0,0,0,0,0,807652934,5815400169,1352327,5240216
198328,11,12,12304314,Ziekowstra·e/Freie Scholle,2019,8,14,6,3,5,7,0,0,1,0,1,0,0,0,7906304004,5835827695,132916,525946
198329,11,4,4030518,Tegeler Weg,2019,8,18,6,3,0,7,0,0,0,0,0,0,1,0,7915121869,582813099,1329782,5252513
198330,11,9,9041301,Kietzer Feld/Nachtheide,2019,8,17,6,3,2,6,0,1,1,0,0,0,0,0,8114326706,5819474455,1358244,5243654
198331,11,7,7060604,Marienfelde SÅd,2019,8,2,6,2,8,7,2,1,1,0,0,0,0,0,7966450547,5815862454,1336236,5241238
198332,11,3,3061126,Arnimplatz,2019,8,7,6,3,2,6,0,0,1,0,1,0,0,0,7991821473,5831775365,1341383,5255364
198333,11,3,3051017,Rennbahnstra·e,2019,8,7,6,3,5,3,0,0,1,0,0,0,0,0,8033937433,5833112228,1347698,5256329
198334,11,10,10030724,Oberfeldstra·e,2019,8,7,6,3,1,5,0,1,1,0,0,0,0,0,8093663268,5829235102,135612,5252519
198335,11,11,11041128,Sewanstra·e,2019,8,6,6,3,1,7,0,0,1,0,0,0,0,0,8059784899,5826277409,135087,5250059
198336,11,1,1011305,Heine-Viertel West,2019,8,0,6,2,0,1,2,1,0,0,0,0,0,0,7994996351,5826668556,1341389,5250769
198337,11,1,1022104,Emdener Stra·e,2019,8,13,6,3,0,5,0,1,1,0,0,0,0,0,7945437657,5829040924,1334319,5253165
198338,11,4,4031032,Halensee,2019,8,13,6,3,2,6,0,0,1,0,0,0,0,0,7910391783,5824879449,1328803,5249623
198339,11,3,3030405,Karow Nord,2019,8,13,6,3,3,6,0,0,1,0,0,0,0,0,8037144017,583927364,1348734,5261833
198340,11,7,7040401,Neu-Tempelhof,2019,8,13,6,3,1,5,0,0,1,0,1,0,0,0,7971977923,5823488604,1337724,5248044
198341,11,10,10020413,Gut Hellersdorf,2019,8,12,6,3,8,1,0,0,0,0,1,0,0,0,8109817664,5830923061,1358651,5253939
198342,11,12,12214125,Waldidyll/Flughafensee,2019,8,12,6,3,5,2,0,1,1,0,0,0,0,0,7908078287,5834063812,1329267,5257869
198343,11,3,3030406,Alt-Karow,2019,8,11,6,3,5,3,0,1,1,0,0,0,0,0,803213496,5838294556,1347907,5260984
198344,11,4,4030622,Richard-Wagner-Stra·e,2019,8,11,6,3,5,2,0,0,1,0,0,0,0,0,7922151299,5826873904,1330705,5251348
198345,11,1,1033203,Humboldthain Nordwest,2019,8,11,6,2,0,7,0,0,1,0,0,0,1,0,7968055748,5831258191,1337841,525503
198346,11,2,2030402,Wrangelkiez,2019,8,10,6,3,2,6,0,0,1,0,0,0,0,0,8016868795,582586968,134453,5249932
198347,11,4,4030417,Schlo·stra·e,2019,8,10,6,2,6,2,0,0,1,1,0,0,0,0,7917781502,582705366,1330079,5251533
198348,11,3,3020203,Blankenfelde,2019,8,10,6,3,9,1,0,0,1,0,0,0,0,0,7976470186,5838779393,1339754,5261726
198349,11,4,4020209,Eichkamp,2019,8,10,6,3,5,3,0,1,0,0,0,0,1,0,7895144306,582466494,1326545,5249512
198350,11,1,1011302,Oranienburger Stra·e,2019,8,9,6,3,5,3,0,1,1,0,0,0,0,0,7982952768,5828774576,1339809,5252723
198351,11,1,1033201,Brunnenstra·e,2019,8,9,6,3,5,2,0,1,0,0,0,1,0,0,7980814207,58300011,1339605,5253834
198352,11,10,10010102,Havemannstra·e,2019,8,10,6,3,3,6,0,1,0,0,0,0,1,0,8098275043,5834061469,1357248,5256817
198353,11,3,3050923,Wei·enseer Spitze,2019,8,8,6,3,5,3,0,0,1,0,0,0,0,0,8007711214,5832134759,1343752,5255598
198354,11,8,8010301,Reuterkiez,2019,8,10,6,3,5,2,0,1,1,0,0,0,0,0,8010636899,5824921084,1343529,5249117
198355,11,5,5010312,Kurstra·e,2019,8,17,5,3,5,3,0,0,1,0,0,0,0,0,7851608257,5829594063,1320572,525416
198356,11,1,1022207,Hansaviertel,2019,8,8,6,3,1,5,0,0,1,0,1,0,0,0,7947371235,5827921657,1334504,5252152
198357,11,10,10020517,Adele-Sandrock-Stra·e,2019,8,8,6,3,5,2,0,1,1,0,0,0,0,0,8130560504,5830189813,1361631,5253163
198358,11,1,1011101,StÅlerstra·e,2019,8,16,5,3,1,7,0,1,1,0,0,0,0,0,7944717764,5826103989,1333953,5250537
198359,11,1,1033101,Soldiner Stra·e,2019,8,8,6,3,5,2,0,0,1,0,1,0,0,0,7966622414,5832016891,1337698,5255718
198360,11,4,4031032,Halensee,2019,8,9,6,3,1,5,0,1,1,0,0,0,0,0,7915193604,5825076898,1329525,5249774
198361,11,3,3061228,Erich-Weinert-Stra·e,2019,8,16,5,3,0,6,0,1,0,0,0,0,1,0,8006761451,5831379892,1343544,5254927
198362,11,4,4030929,Hindemithplatz,2019,8,9,6,3,1,5,0,1,0,0,0,0,1,0,7924969924,5825773292,1331023,5250346
198363,11,3,3061430,Volkspark Prenzlauer Berg,2019,8,9,5,2,5,2,0,1,1,0,0,0,0,0,8024132504,5829232049,1345902,5252906
198364,11,7,7010104,Dennewitzplatz,2019,8,15,6,2,5,2,0,1,0,0,0,0,1,0,7966875014,582481548,1337093,5249262
198365,11,3,3061228,Erich-Weinert-Stra·e,2019,8,14,5,3,5,2,0,1,1,0,0,0,0,0,8002378485,5831183083,1342881,5254775
198366,11,1,1044202,Sparrplatz,2019,8,15,6,3,0,1,0,0,0,0,1,0,0,0,7956233802,5830524891,1336038,5254437
198367,11,2,2010102,Mehringplatz,2019,8,9,5,3,6,7,0,0,1,1,0,0,0,0,797959767,582622235,1339087,5250453
198368,11,2,2040703,Wriezener Bahnhof/Entwicklungsgebiet,2019,8,9,6,3,5,3,0,1,1,0,0,0,0,0,8017554664,5826262313,1344666,5250281
198369,11,4,4030930,George-Grosz-Platz,2019,8,18,5,3,6,2,0,0,1,1,0,0,0,0,7931395995,5825769424,1331966,5250308
198370,11,1,1011104,Kîrnerstra·e,2019,8,14,6,2,5,3,0,1,1,0,0,0,0,0,7963224473,5825939404,1336657,5250289
198371,11,7,7050502,Fritz-Werner-Stra·e,2019,8,18,5,3,1,5,0,1,1,0,0,0,0,0,7980927355,5818431367,1338587,5243462
198372,11,8,8010301,Reuterkiez,2019,8,23,5,3,2,2,2,0,1,0,0,0,0,0,8007908062,5824328663,1343075,5248601