OBJECTID,LAND,BEZ,LOR,STRASSE,UJAHR,UMONAT,USTUNDE,UWOCHENTAG,UKATEGORIE,UART,UTYP1,ULICHTVERH,IstRad,IstPKW,IstFuss,IstKrad,IstGkfz,IstSonstige,USTRZUSTAND,LINREFX,LINREFY,XGCSWGS84,YGCSWGS84
198373,11,6,6010209,Feuerbachstra·e,2019,8,14,6,3,5,2,0,0,1,0,1,0,0,0,7946567601,5820891288,1333764,5245854
198374,11,11,11051229,Rummelsburg,2019,8,22,5,3,0,1,2,1,0,0,0,0,0,0,803787423,5826193366,1347644,5250106
198375,11,8,8030830,Gropiusstadt SÅd,2019,8,14,6,3,2,6,0,0,1,0,0,0,0,0,8026614427,5818106211,1345257,524292
198376,11,1,1011303,Alexanderplatzviertel,2019,8,22,5,3,2,6,2,0,1,0,1,0,0,0,7996390966,5828700216,1341777,5252582
198377,11,5,5020625,Borkumer Stra·e,2019,8,20,5,3,2,6,0,0,1,0,0,0,0,0,784654507,5828610657,1319743,5253305
198378,11,6,6020303,Lankwitz Kirche,2019,8,14,6,3,0,6,0,1,0,0,0,0,0,0,795421702,5818017868,1334632,5243237
198379,11,12,12302109,Treuenbrietzener Stra·e,2019,8,20,5,3,6,7,1,0,1,1,0,0,0,0,7956882284,5837006102,1336711,5260244
198380,11,3,3061227,Humannplatz,2019,8,9,6,3,5,3,0,1,1,0,0,0,0,0,8001078411,5831704331,1342737,5255249
198381,11,1,1044202,Sparrplatz,2019,8,18,5,3,2,7,0,1,1,0,0,0,0,0,795552037,5830735247,1335952,525463
198382,11,11,11020514,Gro·e-Leege-Stra·e,2019,8,14,6,2,2,2,0,1,1,0,0,0,0,0,8047356719,5831197811,1349496,5254538
198383,11,10,10040933,Mahlsdorf SÅd,2019,8,17,5,3,0,7,0,1,0,0,0,0,0,0,8125380793,5825004972,1360383,5248547
198384,11,6,6040703,Nikolassee,2019,8,13,6,2,0,3,0,1,0,0,1,0,0,0,7871371802,5817203306,1322411,5242947
198385,11,1,1011204,Leipziger Stra·e,2019,8,17,5,3,1,1,0,0,1,0,1,0,0,0,7988448777,5827406885,1340494,5251467
198386,11,1,1011305,Heine-Viertel West,2019,8,17,5,3,2,6,0,0,1,0,0,0,0,0,7994110447,5826447833,1341239,5250576
198387,11,8,8020622,Parchimer Allee,2019,8,13,6,3,5,2,0,0,1,0,0,0,0,0,8023641047,5819912369,1344985,5244555
198388,11,8,8041037,Alt-Rudow,2019,8,13,6,3,5,2,0,1,1,0,0,0,0,0,8052404291,5818112762,1349039,5242783
198389,11,11,11051330,Karlshorst West,2019,8,17,5,3,0,6,0,1,0,0,0,0,0,0,8072134817,582553511,1352615,5249324
198390,11,3,3040818,Pankow SÅd,2019,8,13,6,3,5,3,0,0,1,0,0,0,0,0,7994832694,5831961425,1341842,5255514
198391,11,1,1044202,Sparrplatz,2019,8,16,5,3,5,3,0,1,1,0,0,0,0,0,7954605523,5830151393,1335765,5254111
198392,11,7,7040405,Rathaus Tempelhof,2019,8,13,6,3,2,6,0,1,1,0,0,0,0,0,7980292977,5821092815,1338731,5245852
198393,11,3,3040508,Rosenthal,2019,8,16,5,2,0,1,0,0,0,0,1,0,0,1,7962528901,5836386066,1337487,5259657
198394,11,7,7040401,Neu-Tempelhof,2019,8,15,5,3,5,2,0,1,1,0,0,0,0,0,7987411515,5823947037,1340031,5248371
198395,11,1,1011102,Gro·er Tiergarten,2019,8,8,6,3,2,6,0,1,1,0,0,0,0,0,7951422051,5827068647,1335023,5251365
198396,11,1,1011201,Wilhelmstra·e,2019,8,8,6,2,4,6,0,1,1,0,0,0,0,0,797656124,5826533363,1338669,5250749
198397,11,9,9020802,Kîllnische Vorstadt,2019,8,15,5,3,0,6,0,1,1,0,0,0,0,0,8102905475,5820232745,135664,5244398
198398,11,7,7010102,Nollendorfplatz,2019,8,15,5,3,6,4,0,0,1,1,0,0,0,0,7951093886,5825630814,1334848,5250078
198399,11,6,6010209,Feuerbachstra·e,2019,8,7,6,3,5,3,0,1,1,0,0,0,0,0,7943058176,5820843585,1333245,524583
198400,11,9,9020502,Oberschîneweide Ost,2019,8,15,5,3,2,6,0,0,1,0,0,0,0,0,8085502719,5821662088,135422,5245778
198401,11,1,1022104,Emdener Stra·e,2019,8,7,6,3,4,4,0,1,0,1,0,0,0,0,7945655548,5828688546,133432,5252848
198402,11,1,1044201,Reinickendorfer Stra·e,2019,8,16,5,3,5,3,0,1,1,0,0,0,0,1,7967052814,5831623596,1337727,5255363
198403,11,1,1011202,Unter den Linden Nord,2019,8,16,5,3,5,3,0,1,1,0,0,0,0,0,7981643527,582765487,1339516,5251726
198404,11,8,8020619,Buschkrugallee Nord,2019,8,7,6,3,1,4,0,0,1,1,1,0,0,0,8015227374,582082628,1343833,5245421
198405,11,3,3050920,Wei·er See,2019,8,15,5,3,6,4,0,0,1,1,0,0,0,0,801899622,583198395,1345398,5255401
198406,11,4,4020313,Kînigin-Elisabeth-Stra·e,2019,8,6,6,3,5,3,0,0,1,0,1,0,0,0,7903135771,5826032152,1327838,5250695
198407,11,7,7010102,Nollendorfplatz,2019,8,15,5,3,5,7,0,1,1,0,0,0,0,0,7951387782,5825315223,1334863,5249793
198408,11,5,5010314,Carl-Schurz-Stra·e,2019,8,6,6,3,5,2,0,1,1,0,0,0,0,0,7851693366,5829353742,1320564,5253945
198409,11,2,3061435,Conrad-Blenkle-Stra·e,2019,8,14,5,2,6,4,0,0,1,1,0,0,0,0,8019661795,58290572,1345229,5252774
198410,11,3,3040818,Pankow SÅd,2019,8,14,5,3,5,3,0,1,1,0,0,0,0,0,7994985859,5831955332,1341864,5255508
198411,11,12,12301203,Wittenau SÅd,2019,8,13,5,3,2,6,0,0,1,0,0,0,0,0,792902968,5835251063,1332455,5258821
198412,11,1,1011401,Invalidenstra·e,2019,8,13,5,3,2,6,0,0,1,0,1,0,0,0,7982370972,5829359982,1339776,5253251
198413,11,1,1022206,LÅneburger Stra·e,2019,8,23,5,3,2,6,2,0,1,0,0,0,0,0,7962213014,5828479042,1336734,5252571
198414,11,12,12214125,Waldidyll/Flughafensee,2019,8,17,5,3,5,3,0,0,1,0,1,0,0,0,7883326224,5832049025,1325449,5256194
198415,11,3,3040818,Pankow SÅd,2019,8,12,5,3,2,6,0,0,1,0,0,0,0,0,7990622721,583319375,1341334,5256642
198416,11,1,1022106,Elberfelder Stra·e,2019,8,10,5,3,0,2,0,1,1,0,0,0,0,0,7936744089,5828112209,1332959,525238
198417,11,2,2010103,Moritzplatz,2019,8,17,5,3,5,2,0,1,1,0,0,0,0,0,7991134154,5826283725,1340787,5250445
198418,11,6,6030504,Teltower Damm,2019,8,10,5,3,5,2,0,0,1,0,1,0,0,0,790571965,5815974672,1327342,5241665
198419,11,10,10010311,Landsberger Tor,2019,8,17,5,3,5,2,0,1,1,0,0,0,0,0,8100536742,5831662224,1357356,5254655
198420,11,2,2030302,Lausitzer Platz,2019,8,10,5,3,2,6,0,0,1,0,0,0,0,0,801011697,5825883728,134354,5249982
198421,11,12,12214424,Scharnweberstra·e,2019,8,15,5,2,5,2,0,1,1,0,0,0,0,0,7934955542,5832425534,1333077,5256256
198422,11,5,5010339,Freiheit,2019,8,16,5,3,5,3,0,0,1,0,0,0,0,0,7877355191,5828231707,132424,5252804
198423,11,11,11030721,RÅdigerstra·e,2019,8,16,5,3,5,3,0,1,1,0,0,0,0,0,8042840592,5828424809,1348578,5252078
198424,11,12,12224230,Heiligensee,2019,8,12,5,3,0,7,0,0,1,0,0,0,0,0,788053427,5839250737,1325665,5262666
198425,11,11,11030618,Fennpfuhl West,2019,8,17,5,2,0,1,0,0,0,0,1,0,0,0,8031921709,5829600,1347081,5253192
198426,11,2,2020204,Urbanstra·e,2019,8,9,5,3,5,2,0,1,1,0,0,0,0,0,7983093794,5825390151,1339526,5249688
198427,11,2,2050803,Stralauer Kiez,2019,8,16,5,3,0,4,0,1,0,1,0,0,0,0,8023706601,5826043477,134555,525005
198428,11,7,7040405,Rathaus Tempelhof,2019,8,9,5,2,1,5,0,0,1,0,1,0,0,0,7984074927,5821902524,1339358,5246557
198429,11,1,1011401,Invalidenstra·e,2019,8,9,5,3,5,3,0,1,0,0,0,0,1,0,7978593259,5829059972,1339194,5253002
198430,11,2,2040502,Friedenstra·e,2019,8,16,5,3,5,2,0,0,1,0,1,0,0,0,801248901,5827827504,1344064,5251711
198431,11,4,4030623,Ernst-Reuter-Platz,2019,8,8,5,3,2,6,0,0,1,0,0,0,0,0,7930447455,5826934701,133193,5251358
198432,11,4,4030726,Droysenstra·e,2019,8,16,5,3,2,6,0,0,1,0,0,0,1,0,7920764537,5825815858,1330409,5250407
198433,11,7,7040401,Neu-Tempelhof,2019,8,8,5,3,2,6,0,1,1,0,0,0,0,0,7971790299,5823326309,1337682,52479
198434,11,5,5030730,Zitadellenweg,2019,8,16,5,3,2,6,0,0,1,0,0,0,0,0,7859812453,5829237792,1321748,5253798
198435,11,9,9010402,Johannisthal Ost,2019,8,8,5,3,3,6,0,1,0,0,0,0,1,0,8074856889,5819535716,1352462,5243932
198436,11,2,2020203,Viktoriapark,2019,8,15,5,2,5,3,0,1,0,0,1,0,0,0,7969969136,5823989132,1337474,5248504
198437,11,12,12214424,Scharnweberstra·e,2019,8,8,5,3,6,4,0,0,1,1,0,0,0,0,7933439246,583288172,1332894,5256673
198438,11,2,2020203,Viktoriapark,2019,8,7,5,3,0,1,0,1,0,0,0,0,0,0,7977269853,582459516,13386,5249007
198439,11,10,10020413,Gut Hellersdorf,2019,8,15,5,3,2,6,0,0,1,0,0,0,0,0,811541362,5830311123,1359416,5253359
198440,11,1,1033102,Gesundbrunnen,2019,8,15,5,3,3,6,0,0,1,0,0,0,0,0,7976661466,5831849729,133916,5255514
198441,11,12,12231102,Frohnau,2019,8,7,5,3,5,3,0,1,1,0,0,0,0,0,7902021849,5840072232,1328902,5263288
198442,11,8,8010212,Rollberg,2019,8,7,5,3,5,2,0,1,1,0,0,0,0,0,8014802777,5823165517,1343982,524752
198443,11,2,2030301,Oranienplatz,2019,8,23,5,2,6,6,2,0,1,1,0,0,0,0,7999704214,5825685209,1341992,5249862
198444,11,3,3071638,Winsstra·e,2019,8,7,5,3,1,5,0,1,1,0,0,0,0,0,8002739053,5829997352,1342827,525371
198445,11,2,2020206,Graefekiez,2019,8,22,5,3,1,5,2,1,1,0,1,0,0,0,7996467109,5825118546,1341466,5249372
198446,11,9,9030901,Dorf Altglienicke,2019,8,5,5,3,5,3,0,1,1,0,0,0,0,0,8077251774,581790697,1352663,5242459
198447,11,1,1044103,Westliche MÅllerstra·e,2019,8,7,5,3,5,3,0,0,1,0,0,0,0,0,7951717893,5830814274,1335399,5254721
198448,11,3,3040818,Pankow SÅd,2019,8,10,5,3,2,6,0,1,1,0,0,0,0,0,7984420595,5832220368,1340334,5255803
198449,11,8,8020622,Parchimer Allee,2019,8,7,5,3,2,6,0,0,1,0,1,0,0,0,8014416458,5820297887,1343666,5244952
198450,11,1,1011203,Unter den Linden SÅd,2019,8,18,4,2,6,4,1,1,0,1,0,0,0,0,798185736,5827419451,1339527,5251514
198451,11,4,4051654,Wilhelmsaue,2019,8,20,5,3,0,7,1,1,0,0,0,0,0,0,7934538798,5823877445,1332261,5248595
198452,11,4,4051652,Nikolsburger Platz,2019,8,8,4,3,5,3,0,0,1,0,0,0,0,0,7938227688,582445486,1332854,5249093
198453,11,1,1011203,Unter den Linden SÅd,2019,8,18,4,3,6,4,1,1,0,1,0,0,0,0,7981785838,5827418388,1339516,5251513
198454,11,11,2050803,Stralauer Kiez,2019,8,19,5,3,5,2,0,1,0,0,1,0,0,0,8032983376,582631112,1346937,5250239
198455,11,2,2010102,Mehringplatz,2019,8,12,4,3,5,2,0,1,0,0,0,0,1,0,79792237,5826457303,1339053,5250666
198456,11,3,3061434,Anton-Saefkow-Park,2019,8,18,5,2,5,3,0,1,0,0,0,0,0,0,8014656586,5829795009,1344561,5253463
198457,11,6,6010103,Markelstra·e,2019,8,9,4,3,2,7,0,0,1,0,0,0,0,0,7938729581,5820987437,1332622,5245982
198458,11,6,6020301,Alt-Lankwitz,2019,8,18,5,3,2,6,0,0,1,0,0,0,0,0,7958287491,5818153303,1335241,5243336
198459,11,6,6020304,Kaiser-Wilhelm-Stra·e,2019,8,12,4,3,0,6,0,1,1,0,0,0,0,0,7948955062,5817963441,1333856,5243216
198460,11,2,2030401,Reichenberger Stra·e,2019,8,18,5,3,5,2,0,0,1,0,1,0,0,0,8006387984,5825281293,1342938,5249463
198461,11,12,12214424,Scharnweberstra·e,2019,8,21,4,2,1,5,2,0,1,0,1,0,0,0,7928012499,5832751247,1332084,5256585
198462,11,10,10010309,Springpfuhl,2019,8,21,4,2,5,2,2,0,1,0,1,0,0,0,8079540506,5830178217,1354132,5253444
198463,11,7,7040403,Manteuffelstra·e,2019,8,14,5,3,2,6,0,0,1,0,0,0,1,0,7973261678,582216066,1337794,5246847
198464,11,4,4041134,Bismarckallee,2019,8,14,5,2,0,7,0,1,0,0,0,0,0,0,7904365368,5823930587,1327835,5248804
198465,11,6,6030605,Botanischer Garten,2019,8,19,4,3,5,3,0,1,1,0,0,0,0,0,7920326094,5819499555,1329791,5244747
198466,11,2,2030301,Oranienplatz,2019,8,18,4,3,5,3,0,1,0,0,0,0,1,0,8000870618,5825638252,1342159,5249813
198467,11,6,6040804,Krumme Lanke,2019,8,14,5,3,0,5,0,0,0,0,1,0,1,0,7878937713,5818427453,1323626,5244005
198468,11,4,4051445,Eisenzahnstra·e,2019,8,18,4,3,5,3,0,1,1,0,0,0,0,0,7923149976,5824568099,133065,5249276
198469,11,8,8020728,Buckow Ost,2019,8,14,5,3,5,3,0,0,1,0,0,0,1,0,8021459004,5817752848,1344469,5242632
198470,11,10,10010203,Gewerbegebiet Bitterfelder Stra·e,2019,8,19,4,2,1,1,0,0,1,0,1,0,0,0,8076041714,58327305,1353854,5255751
198471,11,7,7070703,John-Locke-Stra·e,2019,8,13,5,2,1,5,0,0,1,0,1,0,0,0,7996280443,5813972831,1340439,5239382
198472,11,12,12103115,Breitkopfbecken,2019,8,16,4,2,0,7,0,0,1,1,0,0,0,0,7956688017,5833194238,1336342,5256828
198473,11,1,1011302,Oranienburger Stra·e,2019,8,13,5,3,6,4,0,1,0,1,0,0,0,0,7986115993,5828991258,1340293,52529
198474,11,7,7040403,Manteuffelstra·e,2019,8,18,4,3,5,2,0,1,1,0,0,0,0,0,7968463782,5822343865,1337106,5247037
198475,11,9,9051901,Dammvorstadt,2019,8,12,5,3,3,6,0,0,1,0,0,0,0,0,8113029342,5821565655,1358249,5245535
198476,11,1,1011301,CharitÇviertel,2019,8,17,4,3,0,5,0,1,1,0,0,0,0,0,7966769797,5829751436,1337518,5253687
198477,11,4,4041137,Flinsberger Platz,2019,8,10,5,3,2,6,0,0,1,0,0,0,1,0,7918944379,5823948627,1329978,5248743
198478,11,2,2040703,Wriezener Bahnhof/Entwicklungsgebiet,2019,8,9,5,3,3,6,0,1,1,0,0,0,0,0,8014617987,5826399787,1344247,525042
198479,11,8,8010212,Rollberg,2019,8,9,5,3,5,2,0,1,1,0,0,0,0,0,8009753024,5823486157,134327,5247835
198480,11,6,6010103,Markelstra·e,2019,8,8,5,3,2,6,0,1,1,0,0,0,0,0,7930848394,5821596447,1331519,524657
198481,11,1,1011302,Oranienburger Stra·e,2019,8,8,5,3,2,6,0,0,1,0,1,1,0,0,7976407595,5828756597,1338845,5252742
198482,11,3,3030715,Heinersdorf,2019,8,7,5,3,5,3,0,1,1,0,0,0,0,0,801739727,5833471906,1345298,5256743
198483,11,2,2020206,Graefekiez,2019,8,7,5,3,2,6,0,0,1,0,0,0,0,0,7995819113,5824899881,1341351,5249179
198484,11,2,2010102,Mehringplatz,2019,8,7,5,3,5,2,0,1,1,0,0,0,0,0,7986752355,5826439932,1340158,5250609
198485,11,9,9052001,Kîpenick Nord,2019,8,7,5,3,5,2,0,1,1,0,0,0,0,0,8105387594,5823205449,135728,5247048
198486,11,11,11010206,Wartenberg SÅd,2019,8,18,5,2,1,1,0,0,1,0,1,0,0,0,806260768,5834078197,1352003,5257034
198487,11,9,9051702,Bîlschestra·e,2019,8,16,5,2,0,3,0,0,1,0,1,0,0,0,8142175797,5821995719,1362565,5245754
198488,11,6,6030606,Hindenburgdamm,2019,8,10,5,2,1,5,0,1,1,0,0,0,0,0,7936179659,5819199879,1332091,5244393
198489,11,7,7010104,Dennewitzplatz,2019,8,14,5,2,0,1,0,1,0,0,0,0,0,0,79602533,582450348,1336093,5249018
198490,11,5,5020628,Graetschelsteig,2019,8,14,5,2,5,3,0,0,1,0,0,0,0,0,7840960945,582656235,1318747,5251498
198491,11,5,5020420,Werkstra·e,2019,8,13,5,2,5,3,0,0,1,0,1,0,0,0,7799775741,5828118513,1312825,5253106
198492,11,8,8041037,Alt-Rudow,2019,8,9,5,2,5,3,0,0,1,0,1,0,0,0,8053153803,5817670599,1349109,5242382
198493,11,2,2030302,Lausitzer Platz,2019,8,7,5,2,2,6,0,0,1,0,1,0,0,0,8007610069,5826515127,1343228,5250562
198494,11,1,1044203,Leopoldplatz,2019,8,12,5,3,3,6,0,0,1,0,0,0,0,0,7956214101,5831727613,1336142,5255516
198495,11,7,7010104,Dennewitzplatz,2019,8,5,5,3,1,5,2,1,1,0,0,0,0,0,7963075454,5825096137,133656,5249534
198496,11,5,5010314,Carl-Schurz-Stra·e,2019,8,13,5,3,1,5,0,1,1,0,0,0,0,0,7847471307,5829286599,1319937,5253906
198497,11,3,3040818,Pankow SÅd,2019,8,7,4,3,6,4,0,1,0,1,0,0,0,0,7996182406,5832900919,1342126,5256349
198498,11,8,8010404,Rixdorf,2019,8,8,4,3,6,4,0,1,0,1,0,0,0,0,8023595687,5823235852,1345279,5247534
198499,11,6,6040808,HÅttenweg,2019,8,21,4,3,1,5,2,1,1,0,0,0,0,0,7886650191,582148392,1325021,5246705
198500,11,1,1011102,Gro·er Tiergarten,2019,8,20,4,3,0,7,1,0,0,0,1,0,1,1,7951561062,5827069006,1335044,5251365
198501,11,5,5010207,Darbystra·e,2019,8,20,4,3,0,2,0,0,1,0,1,0,0,0,7836912322,5830168797,131846,5254752
198502,11,7,7020203,Kaiser-Wilhelm-Platz,2019,8,18,4,3,0,3,0,0,1,0,1,0,0,0,7951507214,5824016297,1334765,5248628
198503,11,3,3061429,Greifswalder Stra·e,2019,8,17,4,3,6,4,0,1,0,1,0,0,0,0,8010352388,5830457001,1343988,525408
198504,11,2,2020206,Graefekiez,2019,8,18,4,3,3,6,0,1,1,0,0,0,0,0,7997360135,5825019823,1341588,5249278
198505,11,1,1033203,Humboldthain Nordwest,2019,8,18,4,3,2,6,0,0,1,0,1,0,0,0,7965004221,5829913214,1337273,5253841
198506,11,10,10040931,Mahlsdorf Nord,2019,8,17,4,3,1,5,0,1,1,0,0,0,0,0,8142595337,5829300919,1363315,5252298
198507,11,11,11051229,Rummelsburg,2019,8,17,4,3,5,2,0,1,0,0,0,0,1,0,8036880015,5826242168,1347503,5250155
198508,11,3,3050925,Komponistenviertel Wei·ensee,2019,8,15,4,3,6,2,0,0,1,1,0,0,0,0,8022636328,583157671,1345896,5255016
198509,11,2,2050601,Hausburgviertel,2019,8,17,4,3,5,3,0,1,1,0,0,0,0,0,8021682566,5828591814,1345484,5252346
198510,11,4,4030622,Richard-Wagner-Stra·e,2019,8,16,4,3,2,6,0,0,1,0,0,0,1,0,7927493428,582683047,1331486,5251281
198511,11,12,12214421,Reinickes Hof,2019,8,17,4,3,5,2,0,1,1,0,0,0,0,0,7934888642,5833874031,1333195,5257555
198512,11,2,2050802,Boxhagener Platz,2019,8,16,4,3,2,6,0,0,0,0,0,0,1,0,8029736343,5826889463,1346513,5250775
198513,11,2,2040502,Friedenstra·e,2019,8,16,4,3,0,3,0,0,1,0,1,0,0,0,8008688215,5828314388,134355,5252169
198514,11,8,8020625,Handwerker-Siedlung,2019,8,16,4,3,5,3,0,0,1,0,0,0,0,0,8014044802,5818946899,134349,5243743
198515,11,4,4051654,Wilhelmsaue,2019,8,15,4,3,6,4,0,1,0,1,0,0,0,0,7937427547,5823682,1332668,5248405
198516,11,6,6030605,Botanischer Garten,2019,8,15,4,3,0,1,0,1,0,0,0,0,0,0,7922674309,5819359743,1330123,5244609
198517,11,8,8020619,Buschkrugallee Nord,2019,8,15,4,3,5,2,0,0,1,0,0,0,0,0,801893317,5821840913,1344468,524631
198518,11,1,1022106,Elberfelder Stra·e,2019,8,15,4,3,0,6,0,0,1,0,1,0,0,0,7936642055,5827984187,1332932,5252266
198519,11,3,3061441,Eldenaer Stra·e,2019,8,15,4,3,5,3,0,1,0,0,0,0,0,0,8025674075,5828655475,1346076,5252381
198520,11,9,9020702,Adlershof Ost,2019,8,14,4,3,0,1,0,1,0,0,0,0,0,0,8091467124,5819518235,1354896,5243823
198521,11,9,9020501,Oberschîneweide West,2019,8,14,4,3,5,7,0,0,1,0,1,0,0,0,8062745894,582291738,1350996,5247031
198522,11,1,1044102,Schillerpark,2019,8,14,4,3,1,5,0,0,1,0,0,0,0,0,7951138365,5832342275,133545,5256094
198523,11,9,9051701,Hirschgarten,2019,8,14,4,3,5,3,0,0,1,0,0,0,1,0,8132602255,5821764933,1361139,5245602
198524,11,1,1044203,Leopoldplatz,2019,8,13,4,3,5,3,0,0,1,0,0,0,0,0,7956103147,5830993841,133606,5254858
198525,11,4,4041137,Flinsberger Platz,2019,8,13,4,3,2,6,0,0,1,0,0,0,0,0,7910229453,5823094627,1328623,5248024
198526,11,8,8010115,Hasenheide,2019,8,13,4,3,5,2,0,1,1,0,0,0,0,0,7998508722,582365482,1341634,5248048
198527,11,5,5030731,Gartenfelder Stra·e,2019,8,12,4,3,6,4,0,1,0,1,0,0,0,0,7879992505,5830184595,1324797,5254541
198528,11,1,1033101,Soldiner Stra·e,2019,8,12,4,3,1,5,0,1,1,0,0,0,0,0,7964308779,5831984639,1337355,5255702
198529,11,2,2020204,Urbanstra·e,2019,8,11,4,3,5,3,0,1,1,0,0,0,0,0,7984938601,5825222624,1339782,5249528
198530,11,1,1011401,Invalidenstra·e,2019,8,11,4,3,6,4,0,0,0,1,0,0,1,0,7974770948,5829029491,1338629,5252996
198531,11,8,8010117,Schillerpromenade,2019,8,10,4,3,2,6,0,0,1,0,1,0,0,0,8005968634,58231903,1342687,5247591
198532,11,4,4051655,Babelsberger Stra·e,2019,8,10,4,3,5,2,0,1,1,0,0,0,0,0,7939129731,5823084508,1332866,524786
198533,11,4,4041239,Stadion Wilmersdorf,2019,8,10,4,3,5,2,0,1,0,0,0,0,1,0,7923429002,5823120286,1330564,5247976
198534,11,1,1011302,Oranienburger Stra·e,2019,8,9,4,3,5,2,0,1,1,0,0,0,0,0,7977589468,5828569808,1339002,5252568
198535,11,12,12304314,Ziekowstra·e/Freie Scholle,2019,8,9,4,3,4,6,0,1,0,0,0,0,0,0,7906235039,5835959551,1329162,5259578
198536,11,3,3061430,Volkspark Prenzlauer Berg,2019,8,8,4,3,6,4,0,0,1,1,0,0,0,0,8020670127,582958473,1345426,5253241
198537,11,1,1044101,Rehberge,2019,8,8,4,3,2,7,0,0,1,0,0,0,0,0,7943251867,583133211,13342,5255231
198538,11,1,1033203,Humboldthain Nordwest,2019,8,7,4,3,6,4,0,1,0,1,0,0,0,0,7965352569,5829880186,1337321,525381
198539,11,1,1033102,Gesundbrunnen,2019,8,7,4,3,1,5,0,1,0,0,0,0,1,0,7972657959,583127637,133852,5255022
198540,11,5,5030731,Gartenfelder Stra·e,2019,8,7,4,3,3,6,0,0,1,0,0,1,0,0,7869757717,582947446,132323,5253958
198541,11,7,7040404,Marienhîhe,2019,8,1,4,3,8,1,2,0,1,0,0,0,0,0,7963936853,5819743565,1336211,5244731
198542,11,8,8010211,Flughafenstra·e,2019,8,1,4,3,5,2,2,0,1,0,0,0,0,0,8004190002,5823854194,1342486,5248196
198543,11,1,1022206,LÅneburger Stra·e,2019,8,20,4,3,5,2,1,1,1,0,0,0,0,0,7961535875,5828278068,1336617,5252394
198544,11,2,2050803,Stralauer Kiez,2019,8,12,4,3,0,2,0,1,1,0,0,0,0,0,8026205308,5826136051,1345925,5250119
198545,11,5,5010314,Carl-Schurz-Stra·e,2019,8,17,4,2,5,3,0,1,1,0,0,0,0,0,7848003362,5828788293,1319973,5253457
198546,11,9,9020601,Schnellerstra·e,2019,8,14,4,2,3,6,0,1,0,0,0,0,0,0,8057411314,5821782362,1350109,5246044
198547,11,1,1044102,Schillerpark,2019,8,12,4,2,6,4,0,0,0,1,1,0,0,0,7948120042,5831913829,1334968,5255726
198548,11,10,10040829,Alt-Kaulsdorf,2019,8,7,4,2,5,3,0,1,1,0,0,0,0,0,8113491206,582780652,1358899,5251125
198549,11,11,11020412,Hauptstra·e,2019,8,6,4,2,5,3,0,1,1,0,0,0,0,0,8058299658,5831862424,1351165,5255073
198550,11,4,4030519,Kaiserin-Augusta-Allee,2019,8,8,3,3,2,2,0,0,1,0,1,0,0,0,7923453308,5827971385,1330993,5252325
198551,11,6,6030608,Schweizer Viertel,2019,8,7,3,3,5,2,0,1,1,0,0,0,0,0,7909089877,5817458272,1327965,5242977
198552,11,4,4030518,Tegeler Weg,2019,8,20,3,3,5,3,2,0,1,0,0,0,1,0,7919315525,5828331141,1330416,525267
198553,11,1,1011304,Karl-Marx-Allee,2019,8,19,3,3,0,1,1,1,0,0,0,0,0,0,7996814884,5827573205,1341738,525157
198554,11,4,4020311,Reichsstra·e,2019,8,19,3,3,1,5,1,1,1,0,0,0,0,0,7886304235,5827480252,132549,5252083
198555,11,3,3061228,Erich-Weinert-Stra·e,2019,8,19,3,3,3,6,0,1,0,0,0,0,0,0,8001940116,5830930245,1342794,5254551
198556,11,1,1011301,CharitÇviertel,2019,8,18,3,3,0,1,0,1,0,0,0,0,0,0,7971267244,5827886753,1338012,5251991
198557,11,1,1011303,Alexanderplatzviertel,2019,8,18,3,3,1,5,0,1,1,0,0,0,1,0,7991615229,5828790194,1341084,5252689
198558,11,1,1011301,CharitÇviertel,2019,8,17,3,3,6,2,0,0,1,1,0,0,0,0,7970696214,5828181489,1337955,5252258
198559,11,3,3020210,Herthaplatz,2019,8,17,3,3,5,3,0,0,1,0,1,0,0,0,7984740529,583487182,134062,5258178
198560,11,1,1044202,Sparrplatz,2019,8,17,3,3,2,6,0,1,1,0,0,0,0,0,7955293862,5830044414,1335857,5254012
198561,11,4,4030725,Amtsgerichtsplatz,2019,8,17,3,3,6,4,0,0,1,1,0,0,0,0,7919719504,5826033756,1330274,5250608
198562,11,8,8030829,Gropiusstadt Nord,2019,8,17,3,3,2,6,0,0,1,0,0,0,0,0,8030120959,5818352712,1345794,5243122
198563,11,4,4030623,Ernst-Reuter-Platz,2019,8,16,3,3,5,3,0,1,1,0,0,0,0,0,7933007563,5827220259,1332331,52516
198564,11,9,9030901,Dorf Altglienicke,2019,8,16,3,3,5,2,0,0,1,0,0,0,0,0,8080835134,5816925765,1353098,5241559
198565,11,4,4041241,Breite Stra·e,2019,8,16,3,3,5,2,0,1,1,0,0,0,0,0,7914129934,5822544936,1329148,524751
198566,11,7,7040401,Neu-Tempelhof,2019,8,16,3,3,5,2,0,1,1,0,0,0,0,0,797787572,5823274241,1338571,524782
198567,11,10,10030724,Oberfeldstra·e,2019,8,15,3,3,1,5,0,1,1,0,0,0,0,0,8089951109,5830085957,1355654,5253302
198568,11,4,4030417,Schlo·stra·e,2019,8,9,3,3,5,2,0,1,1,0,0,0,0,0,7915709237,5826572581,1329732,5251112
198569,11,7,7010104,Dennewitzplatz,2019,8,12,1,2,0,7,0,1,0,0,0,0,0,0,7967619113,5824800805,1337201,5249244