OBJECTID,LAND,BEZ,LOR,STRASSE,UJAHR,UMONAT,USTUNDE,UWOCHENTAG,UKATEGORIE,UART,UTYP1,ULICHTVERH,IstRad,IstPKW,IstFuss,IstKrad,IstGkfz,IstSonstige,USTRZUSTAND,LINREFX,LINREFY,XGCSWGS84,YGCSWGS84
198769,11,4,4030827,Karl-August-Platz,2019,8,13,6,3,2,6,0,0,1,0,0,0,0,0,7924489879,5826117907,1330982,5250658
198770,11,4,4030519,Kaiserin-Augusta-Allee,2019,8,12,6,3,5,2,0,1,1,0,0,0,0,0,7921074487,5827719235,1330621,5252112
198771,11,9,9041501,Altstadt Kietz,2019,8,13,7,3,2,6,0,0,1,0,0,0,0,0,8110455384,5820290706,1357753,5244408
198772,11,8,8030831,Gropiusstadt Ost,2019,8,13,7,3,5,2,0,0,1,0,0,0,0,0,8033509864,5817402487,1346205,5242251
198773,11,9,9010302,SpÑthsfelde,2019,8,12,6,3,5,3,0,1,0,0,0,0,1,0,8052264819,5820576102,1349244,5244991
198774,11,3,3040614,Pankow Zentrum,2019,8,11,6,3,0,3,0,1,0,0,0,0,1,0,7993851194,5833902198,1341873,5257259
198775,11,9,9051901,Dammvorstadt,2019,8,12,7,3,5,3,0,1,0,0,0,0,0,0,8106402615,5821014471,1357225,5245079
198776,11,5,5020417,Staakener Stra·e,2019,8,11,6,3,0,3,0,0,1,0,1,0,0,0,7834122115,5828627715,1317918,5253385
198777,11,7,7030303,Grazer Platz,2019,8,11,7,3,5,2,0,1,1,0,0,0,0,0,7946637199,5821801518,1333855,5246669
198778,11,7,7050501,Rathausstra·e,2019,8,9,6,3,1,5,0,1,1,0,0,0,0,0,7975424664,5819885597,1337909,5244796
198779,11,1,1011204,Leipziger Stra·e,2019,8,9,6,3,5,3,0,1,1,0,0,0,0,0,798573097,5826806593,1340041,5250943
198780,11,9,9041601,MÅggelheim,2019,8,11,7,2,8,1,0,0,0,0,1,0,0,0,8176602736,5817833291,1367219,5241825
198781,11,8,8010404,Rixdorf,2019,8,9,6,3,2,6,0,0,1,0,0,0,0,0,8014738951,5823243846,134398,5247591
198782,11,4,4030931,Breitscheidplatz,2019,8,6,7,2,8,7,0,0,1,0,0,0,0,1,7940613912,5826259611,1333364,5250698
198783,11,12,12224229,Konradshîhe/Tegelort,2019,8,8,6,3,5,2,0,1,1,0,0,0,0,0,7863270895,5834462963,1322707,5258465
198784,11,2,2030401,Reichenberger Stra·e,2019,8,12,7,3,5,3,0,0,1,0,0,0,0,0,8005151044,5825456432,1342772,5249627
198785,11,8,8020727,Buckow Mitte,2019,8,8,6,3,6,4,0,0,1,1,0,0,0,0,8011893637,5817153938,1343013,5242148
198786,11,8,8010213,Kîrnerpark,2019,8,16,7,3,5,3,0,1,1,0,0,0,0,0,8011432076,5822844615,1343458,5247251
198787,11,1,1033101,Soldiner Stra·e,2019,8,8,6,3,5,2,0,1,1,0,0,0,0,0,7975677044,5832754761,1339096,525633
198788,11,7,7070701,Kettinger Stra·e/Schillerstra·e,2019,8,7,6,3,1,5,0,0,1,0,0,1,0,0,7994135123,581424753,1340149,523964
198789,11,3,3061434,Anton-Saefkow-Park,2019,8,3,6,3,6,4,2,0,1,1,0,0,0,0,80081211,5830226204,1343639,5253886
198790,11,7,7020201,Bayerischer Platz,2019,8,15,6,3,5,3,0,0,1,0,0,0,0,0,7949558231,5824307565,1334505,52489
198791,11,2,2040701,Andreasviertel,2019,8,7,6,3,5,2,0,1,1,0,0,0,0,0,8001431108,5827348243,1342396,5251343
198792,11,7,7040405,Rathaus Tempelhof,2019,8,9,6,3,6,4,0,0,1,1,0,0,0,0,7985388999,5821892512,133955,5246541
198793,11,6,6010207,Mittelstra·e,2019,8,19,6,3,5,3,0,0,1,0,1,0,0,0,7940437699,5820378322,1332819,5245427
198794,11,9,9051702,Bîlschestra·e,2019,8,16,6,2,5,7,0,0,1,0,1,0,0,0,814193138,5820923791,1362428,5244795
198795,11,2,2030302,Lausitzer Platz,2019,8,13,6,3,0,2,0,1,0,0,0,0,1,0,8011834424,5825936078,1343797,525002
198796,11,1,1011305,Heine-Viertel West,2019,8,16,6,2,1,5,0,0,1,0,0,0,1,0,7994218984,5827296344,1341332,5251336
198797,11,1,1011302,Oranienburger Stra·e,2019,8,1,6,3,0,1,2,0,0,0,0,0,1,0,79898661,5829022086,1340847,5252907
198798,11,1,1033101,Soldiner Stra·e,2019,8,13,6,2,5,2,0,0,1,0,0,0,0,0,7961603988,5832270675,1336983,5255973
198799,11,9,9051901,Dammvorstadt,2019,8,20,6,3,0,6,1,1,0,0,0,0,1,0,8106404998,5820337241,1357163,5244472
198800,11,3,3071638,Winsstra·e,2019,8,8,6,3,0,6,0,0,0,0,1,0,0,0,8002822281,5829601003,1342804,5253354
198801,11,3,3040818,Pankow SÅd,2019,8,20,6,3,5,2,1,1,1,0,0,0,0,0,7989336625,5832600919,1341092,5256118
198802,11,1,1022204,Thomasiusstra·e,2019,8,8,6,2,5,3,0,1,0,0,0,0,0,0,79497161,582799034,1334854,5252201
198803,11,9,9020701,Adlershof West,2019,8,17,6,3,5,2,0,1,1,0,0,0,0,0,8090543932,5818764115,1354691,5243152
198804,11,11,11051229,Rummelsburg,2019,8,11,6,3,0,6,0,0,1,0,0,0,0,0,8040922495,5826002545,1348075,5249918
198805,11,6,6030608,Schweizer Viertel,2019,8,9,6,2,1,5,0,1,1,0,0,0,0,0,7911443833,5816642349,1328239,5242233
198806,11,8,8020625,Handwerker-Siedlung,2019,8,19,6,2,0,2,0,0,1,0,0,0,1,0,8013852344,5819267137,1343491,5244031
198807,11,4,4030417,Schlo·stra·e,2019,8,4,6,3,1,5,2,1,1,0,0,0,0,0,7914610206,58271518,1329621,5251638
198808,11,6,6010102,Schlo·stra·e,2019,8,19,6,2,6,4,0,1,0,1,0,0,0,0,7933225098,5821172766,1331831,5246178
198809,11,1,1011401,Invalidenstra·e,2019,8,9,5,3,5,2,0,1,1,0,0,0,0,0,7973795354,5829301541,133851,5253245
198810,11,8,8010303,Donaustra·e,2019,8,18,6,3,2,6,0,1,1,0,0,0,0,0,8013709623,5823851961,1343884,5248141
198811,11,1,1044201,Reinickendorfer Stra·e,2019,8,21,5,3,1,5,2,1,1,0,0,0,0,0,7957927045,5831041738,1336333,5254891
198812,11,12,12103116,Hausotterplatz,2019,8,18,6,3,1,5,0,1,1,0,0,0,0,0,7960174944,5833250458,133686,5256859
198813,11,12,12231102,Frohnau,2019,8,19,5,3,3,6,1,1,1,0,0,0,0,0,7894684412,5840379386,1327848,5263602
198814,11,11,11030619,Fennpfuhl Ost,2019,8,18,5,3,5,3,0,1,0,0,0,0,0,0,8037591871,5829235688,1347881,5252834
198815,11,2,2020206,Graefekiez,2019,8,18,6,3,6,4,0,1,0,1,0,0,0,0,7997367661,5824839719,1341573,5249117
198816,11,1,1011305,Heine-Viertel West,2019,8,17,6,3,1,5,0,1,0,0,0,0,1,0,7993792786,5826369292,1341186,5250507
198817,11,7,7040405,Rathaus Tempelhof,2019,8,18,5,3,5,2,0,1,1,0,0,0,0,0,7990005262,5821696474,134021,524634
198818,11,1,1011105,Nîrdlicher Landwehrkanal,2019,8,18,5,3,2,6,0,0,1,0,0,0,0,0,7966103175,5826883108,1337164,5251119
198819,11,7,7030301,Friedenau,2019,8,16,6,2,5,2,0,1,1,0,0,0,0,0,7944034776,5822298878,1333516,5247129
198820,11,1,1011201,Wilhelmstra·e,2019,8,17,5,3,5,3,0,1,0,0,0,0,1,0,7972619793,5827013792,1338133,5251201
198821,11,4,4051655,Babelsberger Stra·e,2019,8,16,6,3,5,2,0,1,0,0,0,0,1,0,793992228,5824051211,1333067,5248722
198822,11,9,9030901,Dorf Altglienicke,2019,8,19,5,3,5,3,0,0,1,0,1,0,0,0,8084925222,5816654885,1353673,5241294
198823,11,1,1022106,Elberfelder Stra·e,2019,8,17,5,3,6,4,0,0,1,1,0,0,0,0,7944626131,5828354588,1334139,5252555
198824,11,1,1011105,Nîrdlicher Landwehrkanal,2019,8,22,6,3,2,2,2,1,1,0,0,0,0,0,7966357318,582666956,1337182,5250926
198825,11,4,4051654,Wilhelmsaue,2019,8,15,5,3,0,7,0,1,0,0,0,0,0,0,7934449141,5823947016,1332254,5248658
198826,11,1,1011204,Leipziger Stra·e,2019,8,15,5,3,5,3,0,1,1,0,0,0,0,0,7979901984,5826785715,1339182,5250957
198827,11,9,9031001,Bohnsdorf,2019,8,16,6,2,5,2,0,1,1,0,0,0,0,0,8090949643,5815181863,135442,523994
198828,11,3,3040614,Pankow Zentrum,2019,8,15,5,3,5,3,0,1,0,0,0,0,0,0,799256026,5833675786,1341663,5257063
198829,11,6,6020303,Lankwitz Kirche,2019,8,14,5,3,3,2,0,0,1,0,1,0,0,0,7959102272,5818720486,1335411,524384
198830,11,5,5030731,Gartenfelder Stra·e,2019,8,22,6,3,5,2,2,1,1,0,0,0,0,0,7879445893,5830040922,1324704,5254415
198831,11,7,7010102,Nollendorfplatz,2019,8,14,5,3,3,5,0,1,1,0,0,0,0,0,7949690567,5825163879,13346,5249667
198832,11,4,4041241,Breite Stra·e,2019,8,22,6,2,5,2,2,1,1,0,0,0,0,0,7919117383,5822279941,1329857,5247246
198833,11,3,3040614,Pankow Zentrum,2019,8,14,5,3,5,2,0,1,1,0,0,0,0,0,7987332711,5833689212,1340895,5257104
198834,11,4,4030930,George-Grosz-Platz,2019,8,21,6,3,5,2,1,1,1,0,0,0,0,0,7929498467,5825355458,1331651,5249947
198835,11,2,2030302,Lausitzer Platz,2019,8,14,5,3,4,7,0,1,0,0,0,0,0,0,8009019287,5825850269,1343375,5249958
198836,11,11,11030721,RÅdigerstra·e,2019,8,20,6,3,0,2,1,1,1,0,0,0,0,0,8042967051,5828423967,1348596,5252077
198837,11,5,5030832,Rohrdamm,2019,8,14,5,3,5,3,0,1,1,0,0,0,0,0,7894825517,5829420639,1326912,5253777
198838,11,5,5040936,JÑgerallee,2019,8,14,5,3,5,2,0,1,1,0,0,0,0,0,7807932334,5820422124,1313375,5246163
198839,11,8,8010117,Schillerpromenade,2019,8,16,6,2,3,6,0,0,1,0,1,0,0,0,8006843536,5822956681,1342795,5247377
198840,11,1,1011204,Leipziger Stra·e,2019,8,16,6,3,5,3,0,0,1,0,0,0,1,0,7978925412,5826671185,1339029,5250859
198841,11,4,4030620,Alt-Lietzow,2019,8,13,5,3,0,2,0,0,1,0,0,0,1,0,7927616933,5827053349,1331524,525148
198842,11,8,8040933,Vogelviertel SÅd,2019,8,14,5,2,2,6,0,0,1,0,0,0,0,0,8032848973,5818518329,1346209,5243255
198843,11,12,12304314,Ziekowstra·e/Freie Scholle,2019,8,15,6,3,5,2,0,0,1,0,1,0,0,0,7906204154,5835983302,1329159,52596
198844,11,1,1011204,Leipziger Stra·e,2019,8,12,5,3,5,3,0,1,0,0,0,0,0,0,7985303508,5827097396,1340004,5251206
198845,11,1,1044101,Rehberge,2019,8,15,6,3,5,2,0,1,1,0,0,0,0,0,7936735415,5832254633,1333324,5256093
198846,11,9,9010402,Johannisthal Ost,2019,8,12,5,3,5,3,0,0,1,0,0,0,0,0,805707206,5818798895,1349786,5243372
198847,11,5,5010339,Freiheit,2019,8,12,6,3,2,6,0,0,1,0,0,0,0,0,7868146828,5828209465,1322884,5252832
198848,11,12,12214424,Scharnweberstra·e,2019,8,10,5,3,0,6,0,0,1,0,1,0,0,0,7935196983,5832404885,1333111,5256236
198849,11,5,5010209,An der Kappe,2019,8,11,6,3,5,3,0,1,1,0,0,0,0,0,7829069944,5830340164,1317321,5254947
198850,11,7,7040405,Rathaus Tempelhof,2019,8,10,5,3,0,7,0,0,1,0,0,0,1,0,7984994783,5820934458,1339407,5245684
198851,11,1,1033201,Brunnenstra·e,2019,8,11,6,3,2,6,0,0,1,0,0,0,0,0,7976917347,583070985,1339095,525449
198852,11,3,3040818,Pankow SÅd,2019,8,13,1,3,5,3,0,0,1,0,0,0,0,0,7995586766,5832081076,1341964,5255617
198853,11,9,9051801,Rahnsdorf/Hessenwinkel,2019,9,8,2,3,5,3,0,0,1,0,0,0,0,1,8193837257,5819910702,1369943,5243586
198854,11,12,12304313,Borsigwalde,2019,9,7,2,3,5,3,0,0,1,0,0,0,1,1,7919318628,5834134627,1330927,5257872
198855,11,8,8010301,Reuterkiez,2019,9,7,2,3,5,3,0,0,1,0,0,0,0,1,8004322562,5824906288,13426,5249138
198856,11,7,7050501,Rathausstra·e,2019,9,6,2,3,2,2,2,0,1,0,0,0,1,1,7976023884,5819527446,1337965,5244472
198857,11,8,8030831,Gropiusstadt Ost,2019,9,14,2,3,6,2,0,0,1,1,0,0,0,1,8037259363,5818021095,134681,5242785
198858,11,11,11051229,Rummelsburg,2019,9,6,2,3,5,2,1,1,1,0,0,0,0,1,8040950153,5825995295,1348078,5249911
198859,11,4,4010102,Plîtzensee,2019,9,5,2,3,2,6,0,0,1,0,0,0,0,1,793350028,58296882,1332621,525381
198860,11,9,9051901,Dammvorstadt,2019,9,18,2,3,5,3,0,1,1,0,0,0,0,1,810821066,5821366703,1357523,5245385
198861,11,4,4030415,Schlo·garten,2019,9,22,1,3,5,3,2,1,1,0,0,0,0,0,7916554274,5827533803,1329941,525197
198862,11,1,1033203,Humboldthain Nordwest,2019,9,3,1,3,1,5,2,0,1,0,0,0,0,0,796689967,5830787498,1337629,5254615
198863,11,8,8010212,Rollberg,2019,9,21,1,3,1,5,2,0,1,0,0,0,0,0,8011018635,582327967,1343437,5247643
198864,11,8,8010212,Rollberg,2019,9,21,1,2,6,7,2,1,0,1,0,0,0,0,8008684076,5823457341,134311,5247815
198865,11,7,7060603,Marienfelde Nordost,2019,9,21,1,3,1,5,2,0,1,0,0,0,0,0,7983758146,5816892587,1338864,5242068
198866,11,7,7040403,Manteuffelstra·e,2019,9,18,1,3,2,7,0,0,1,0,1,0,0,0,7969173641,5820709001,1337065,5245568
198867,11,7,7050505,Hundsteinweg,2019,9,14,1,3,1,5,0,0,1,0,0,0,1,0,7992167651,5818158154,1340211,5243156
198868,11,8,8010212,Rollberg,2019,9,2,1,2,0,1,2,1,0,0,0,0,0,0,8011093563,5823523596,134347,5247861
198869,11,2,2050802,Boxhagener Platz,2019,9,1,1,3,0,7,2,0,0,0,0,0,1,0,8023907309,5826834694,1345651,5250758
198870,11,12,12231101,Hermsdorf,2019,9,0,1,2,0,1,2,1,0,0,0,0,0,0,7916561618,5838922166,1330943,5262179
198871,11,2,2030301,Oranienplatz,2019,9,0,1,3,2,7,2,1,1,0,0,0,0,1,7999262899,5826024477,1341958,5250168
198872,11,4,4030620,Alt-Lietzow,2019,9,0,1,3,5,3,2,0,1,0,0,0,0,0,7928440053,5827219739,133166,5251624
198873,11,12,12214125,Waldidyll/Flughafensee,2019,9,13,1,3,2,6,0,0,1,0,0,0,0,0,7910921623,5831074349,1329423,5255174
198874,11,1,1011105,Nîrdlicher Landwehrkanal,2019,9,13,1,3,0,7,0,0,0,0,0,0,1,0,7960684135,5826700602,1336352,5250985
198875,11,8,8010118,Silbersteinstra·e,2019,9,0,1,3,3,6,2,1,1,0,0,0,0,0,8010215817,5822118483,1343214,5246607
198876,11,1,1044102,Schillerpark,2019,9,11,1,3,5,2,0,0,1,0,0,0,0,0,7949082068,5832038059,1335121,5255832
198877,11,7,7070701,Kettinger Stra·e/Schillerstra·e,2019,9,11,1,3,2,2,0,0,1,0,0,0,0,0,798708516,581602392,1339275,5241271
198878,11,3,3030406,Alt-Karow,2019,9,11,1,3,5,3,0,0,1,0,0,0,0,0,8027476523,5839052537,134729,5261689
198879,11,11,11051330,Karlshorst West,2019,9,10,1,3,0,3,0,1,0,0,0,0,1,0,8072018172,5825560026,13526,5249347
198880,11,8,8010213,Kîrnerpark,2019,9,21,7,3,5,3,2,1,1,0,0,0,0,0,8012447925,5822459703,1343573,52469
198881,11,4,4030620,Alt-Lietzow,2019,9,23,7,2,0,1,2,0,0,0,0,0,1,0,7920950729,5827629059,1330595,5252032
198882,11,3,3040818,Pankow SÅd,2019,9,23,7,2,5,3,2,0,1,0,0,0,0,0,7997088119,5832505677,1342223,525599
198883,11,6,6040804,Krumme Lanke,2019,9,22,7,3,0,1,2,0,0,0,1,0,0,1,7876321569,5818122268,1323216,5243745
198884,11,1,1044103,Westliche MÅllerstra·e,2019,9,17,7,3,6,4,0,0,1,1,0,0,0,0,7952657077,5830733421,133553,5254644
198885,11,6,6030502,Zehlendorf SÅd,2019,9,14,7,3,5,3,0,0,1,0,1,0,0,0,7889898525,5816094207,1325032,5241856
198886,11,9,9051701,Hirschgarten,2019,9,16,7,3,5,3,0,1,1,0,0,0,0,0,8125059217,58212923,1359988,5245222
198887,11,5,5010101,Hakenfelde Nord,2019,9,16,7,2,4,6,0,0,1,0,1,0,0,0,7853466179,5832551037,1321099,5256802
198888,11,10,10030727,Biesdorf SÅd,2019,9,16,7,3,2,6,0,0,1,0,0,0,0,0,8095811445,5825572581,1356095,5249224
198889,11,8,8020625,Handwerker-Siedlung,2019,9,15,7,2,5,2,0,0,1,0,0,0,1,0,801377565,5819273,134348,5244037
198890,11,10,10040829,Alt-Kaulsdorf,2019,9,15,7,3,5,2,0,0,1,0,1,0,0,0,8115301429,5827808616,1359165,5251117
198891,11,8,8020621,Mohriner Allee Nord,2019,9,14,7,3,5,3,0,0,1,0,0,0,0,0,8000945961,5819151057,1341587,5243998
198892,11,4,4030417,Schlo·stra·e,2019,9,14,7,3,0,1,0,0,0,0,1,0,0,0,7915517077,5826692897,1329715,5251221
198893,11,3,3071536,Teutoburger Platz,2019,9,14,7,3,6,4,0,1,0,1,0,0,0,0,7989334401,5829951442,1340853,5253743
198894,11,3,3050925,Komponistenviertel Wei·ensee,2019,9,14,7,3,1,1,0,1,1,0,0,0,0,0,8023239951,5831316791,1345961,5254779
198895,11,4,4030726,Droysenstra·e,2019,9,14,7,3,2,6,0,0,1,0,0,0,0,0,792236113,582534099,1330601,5249973
198896,11,9,9020702,Adlershof Ost,2019,9,11,7,3,0,1,0,1,0,0,0,0,0,0,8091340658,5819509341,1354877,5243816
198897,11,1,1011401,Invalidenstra·e,2019,9,10,7,3,1,1,0,1,1,0,0,0,0,0,7978159117,5829270528,1339149,5253193
198898,11,7,7030301,Friedenau,2019,9,9,7,3,5,3,0,1,1,0,0,0,0,0,7939741274,5822306115,1332887,5247159
198899,11,8,8041039,Frauenviertel,2019,9,14,7,3,6,7,0,0,1,1,0,0,0,0,8065730322,5815723312,1350774,5240567
198900,11,2,2020203,Viktoriapark,2019,9,1,7,3,1,5,2,1,1,0,0,0,1,0,7976908606,5824591385,1338547,5249006
198901,11,2,2020205,Chamissokiez,2019,9,22,6,3,1,1,2,0,1,0,0,0,1,0,7983125537,582439381,1339442,5248795
198902,11,2,2010103,Moritzplatz,2019,9,21,6,3,0,1,2,1,0,0,0,0,0,0,7991730862,5826260654,1340873,5250421
198903,11,2,2050803,Stralauer Kiez,2019,9,21,6,3,5,2,2,1,1,0,0,0,0,0,8027536741,582610763,1346118,5250087
198904,11,3,3010101,Bucher Forst,2019,9,20,6,2,5,2,2,0,1,0,1,0,0,0,8038481382,5841440476,134913,5263768
198905,11,3,3061131,Falkplatz,2019,9,11,6,3,5,3,0,1,1,0,0,0,0,0,7991772716,5830743543,1341282,5254439
198906,11,1,1011203,Unter den Linden SÅd,2019,9,11,6,2,6,2,0,0,1,1,0,0,0,0,7979191207,5827278644,1339122,5251402
198907,11,4,4051655,Babelsberger Stra·e,2019,9,11,6,3,3,6,0,0,1,0,1,0,0,0,7939599067,5823446821,1332966,5248182
198908,11,1,1044102,Schillerpark,2019,9,10,6,3,2,6,0,0,1,0,0,0,0,0,7948774811,5832005641,1335072,5255805
198909,11,7,7050504,Imbrosweg,2019,9,19,6,3,1,5,2,0,1,0,0,0,1,0,7998369112,5820459634,1341327,5245185
198910,11,1,1011201,Wilhelmstra·e,2019,9,15,6,2,0,1,0,0,0,0,0,0,1,0,7970241038,5826580961,1337745,5250826
198911,11,1,1011306,Heine-Viertel Ost,2019,9,9,6,3,2,2,0,0,0,0,1,1,0,0,800080107,5826452345,1342223,5250543
198912,11,2,2020205,Chamissokiez,2019,9,19,6,3,6,4,1,0,1,1,0,0,0,0,7984509082,582455536,1339659,5248932
198913,11,9,9010402,Johannisthal Ost,2019,9,19,6,3,5,2,1,1,1,0,0,0,0,0,806104989,5819162606,1350403,5243675
198914,11,1,1011302,Oranienburger Stra·e,2019,9,8,6,3,2,2,0,1,1,0,0,0,0,0,7990911194,5828975067,1340997,5252859
198915,11,1,1022103,Westhafen,2019,9,14,6,3,2,6,0,0,1,0,0,0,0,0,793573896,5829815239,1332961,5253912
198916,11,1,1044201,Reinickendorfer Stra·e,2019,9,8,6,3,3,6,0,0,1,0,1,0,0,0,7966993435,583195132,1337747,5255657
198917,11,1,1011306,Heine-Viertel Ost,2019,9,14,6,3,1,7,0,1,1,0,0,0,0,0,8001089568,5826881932,1342304,5250927
198918,11,2,2040701,Andreasviertel,2019,9,8,6,3,0,7,0,0,0,0,0,1,0,0,8006179463,582720876,1343081,5251192
198919,11,11,11030720,Herzbergstra·e,2019,9,18,6,2,6,4,0,0,1,1,0,0,0,0,8051820009,5829607719,1350006,5253088
198920,11,8,8020727,Buckow Mitte,2019,9,7,6,2,6,4,0,0,1,1,0,0,0,0,8005171975,5816503812,1341969,5241602
198921,11,4,4030621,Spreestadt,2019,9,14,6,3,5,3,0,1,1,0,0,0,0,0,7932168433,5827791511,1332258,5252117
198922,11,8,8010118,Silbersteinstra·e,2019,9,18,6,3,1,5,0,0,1,0,0,0,0,0,8003933411,5821713802,1342256,5246279
198923,11,1,1044203,Leopoldplatz,2019,9,14,6,3,2,6,0,0,1,0,0,0,0,0,7962443684,5831948853,1337078,525568
198924,11,9,9020502,Oberschîneweide Ost,2019,9,6,6,3,5,3,0,0,1,0,0,0,0,0,8069378849,582229919,1351913,524644
198925,11,7,7010101,Wittenbergplatz/Viktoria-Luise-Platz,2019,9,16,6,3,2,2,0,1,1,0,0,0,0,0,794562963,5825786132,1334059,5250247
198926,11,4,4041136,Hagenplatz,2019,9,13,6,3,5,2,0,1,1,0,0,0,0,0,7906772585,5822691548,132808,5247681
198927,11,10,10030727,Biesdorf SÅd,2019,9,12,6,3,2,6,0,0,1,0,0,0,0,0,8095796671,582509655,1356049,5248798
198928,11,3,3050920,Wei·er See,2019,9,16,6,3,5,2,0,1,1,0,0,0,0,0,8023075556,5832626487,1346056,5255954
198929,11,5,5020627,Tiefwerder,2019,9,12,6,2,5,2,0,0,1,0,0,0,0,0,7856371357,5828028701,1321138,5252732
198930,11,1,1033102,Gesundbrunnen,2019,9,16,6,3,9,1,0,0,1,1,0,0,0,0,797157349,5831905615,1338417,5255591
198931,11,12,12214422,Klixstra·e,2019,9,12,6,3,2,6,0,0,1,0,0,0,1,0,7920679287,5832942158,1331022,5256796
198932,11,1,1044103,Westliche MÅllerstra·e,2019,9,16,6,3,5,2,0,1,1,0,0,0,0,0,7945098518,5830643201,1334411,5254604
198933,11,10,10020414,Helle Mitte,2019,9,12,6,3,2,2,0,0,1,0,1,0,0,0,8120699533,5830895591,1360248,5253852
198934,11,4,4020313,Kînigin-Elisabeth-Stra·e,2019,9,11,6,2,3,6,0,0,1,0,1,0,0,0,7904767969,5826782486,1328143,5251359
198935,11,1,1011402,Arkonaplatz,2019,9,15,6,3,0,1,0,1,0,0,0,0,0,0,7987189779,5829543158,1340501,5253388
198936,11,4,4030726,Droysenstra·e,2019,9,15,6,2,5,2,0,1,1,0,0,0,0,0,7920909959,582529191,1330384,5249937
198937,11,4,4030623,Ernst-Reuter-Platz,2019,9,12,6,3,5,2,0,1,0,0,0,1,0,0,793674295,5825995311,1332772,5250482
198938,11,1,1011401,Invalidenstra·e,2019,9,19,6,1,9,7,1,0,1,1,0,0,1,0,7981139677,5829348009,1339594,5253247
198939,11,4,4041343,Binger Stra·e,2019,9,6,5,2,0,7,0,1,1,0,0,0,0,0,7927426544,5823123808,1331151,5247958
198940,11,1,1011306,Heine-Viertel Ost,2019,9,4,5,2,6,2,2,0,1,1,0,0,0,1,7996628836,5827043626,1341663,5251096
198941,11,7,7040405,Rathaus Tempelhof,2019,9,22,5,3,5,2,2,0,1,0,0,0,0,0,798893609,5821213683,134001,5245913
198942,11,2,2020204,Urbanstra·e,2019,9,20,5,3,2,6,2,0,1,0,0,0,0,0,7982961892,582533996,1339503,5249644
198943,11,6,6040810,Dahlem,2019,9,20,5,3,5,2,2,1,1,0,0,0,0,0,7903523107,5820678943,1327428,5245894
198944,11,12,12214125,Waldidyll/Flughafensee,2019,9,18,5,2,0,7,0,1,0,0,0,0,0,0,7910614568,5833909291,1329627,5257717
198945,11,10,10030727,Biesdorf SÅd,2019,9,18,5,2,5,3,0,0,1,0,0,0,0,0,8098382586,5825689294,1356483,5249314
198946,11,3,3071639,Bîtzowstra·e,2019,9,21,5,3,5,3,2,1,1,0,0,0,0,0,8009624858,5829193916,1343767,5252952
198947,11,6,6020303,Lankwitz Kirche,2019,9,10,5,3,5,2,0,1,1,0,0,0,0,0,7951896191,5818764689,1334358,5243919
198948,11,1,1022104,Emdener Stra·e,2019,9,17,5,3,5,3,0,1,0,0,0,0,0,1,7943031401,5828462655,1333914,525266
198949,11,10,10030727,Biesdorf SÅd,2019,9,17,5,3,2,6,0,0,1,0,0,0,0,0,8097174314,5826033113,1356338,5249629
198950,11,1,1044202,Sparrplatz,2019,9,12,5,3,2,6,0,0,1,0,0,0,0,0,79540087,5830610899,1335718,5254526
198951,11,12,12103218,Teichstra·e,2019,9,11,5,3,5,2,0,1,1,0,0,0,0,0,7945651456,5833792474,1334772,5257424
198952,11,3,3061131,Falkplatz,2019,9,11,5,3,5,2,0,1,1,0,0,0,0,0,7991355132,583060135,1341208,5254314
198953,11,3,3020209,Niederschînhausen,2019,9,9,5,3,5,3,0,1,1,0,0,0,0,0,7978851622,5834642227,1339733,5258005
198954,11,10,10010310,Alt-Marzahn,2019,9,9,5,3,2,6,0,0,1,0,0,1,0,0,8080946883,5830922342,1354408,5254103
198955,11,4,4020313,Kînigin-Elisabeth-Stra·e,2019,9,8,5,3,3,6,0,0,1,0,0,0,0,0,7901512832,5826070444,1327602,5250738
198956,11,6,6030607,Goerzwerke,2019,9,8,5,3,2,6,0,0,1,0,0,1,0,0,7922243246,5816651021,1329823,5242183
198957,11,7,7040406,Germaniagarten,2019,9,8,5,3,5,2,0,1,1,0,0,0,0,0,8002537607,5821586116,1342039,5246172
198958,11,3,3040512,Wilhelmsruh,2019,9,8,5,3,0,2,0,1,1,0,0,0,0,0,7969162901,5835822402,1338413,5259116
198959,11,9,9010402,Johannisthal Ost,2019,9,8,5,3,0,2,0,0,1,0,1,0,0,1,8064911354,5820058823,1351051,5244457
198960,11,5,5030731,Gartenfelder Stra·e,2019,9,8,5,2,5,3,0,1,0,0,0,0,1,0,7880018548,5830207936,1324803,5254561
198961,11,4,4020209,Eichkamp,2019,9,17,5,3,0,5,0,0,0,0,1,0,1,0,7898168155,582490304,1327009,5249709
198962,11,8,8020726,Buckow West,2019,9,17,5,3,5,3,0,0,1,0,0,0,0,0,7999066176,581624514,1341051,5241404
198963,11,12,12224230,Heiligensee,2019,9,17,5,3,5,2,0,1,1,0,0,0,0,0,7872900051,5837899624,1324423,5261495
198964,11,4,4051654,Wilhelmsaue,2019,9,17,5,2,6,7,0,0,1,1,0,0,0,0,7935998418,5823944754,1332482,5248648
198965,11,4,4030726,Droysenstra·e,2019,9,17,5,3,5,3,0,0,1,0,0,0,0,0,7920908326,5825281779,1330383,5249927
198966,11,5,5040934,Alt-Gatow,2019,9,16,5,2,0,1,0,1,0,0,0,0,0,0,783826613,5823585922,1318097,5248843