OBJECTID,LAND,BEZ,LOR,STRASSE,UJAHR,UMONAT,USTUNDE,UWOCHENTAG,UKATEGORIE,UART,UTYP1,ULICHTVERH,IstRad,IstPKW,IstFuss,IstKrad,IstGkfz,IstSonstige,USTRZUSTAND,LINREFX,LINREFY,XGCSWGS84,YGCSWGS84
198967,11,5,5040936,JÑgerallee,2019,9,7,5,3,5,3,0,1,1,0,0,0,0,0,7807791452,5820414777,1313354,5246157
198968,11,4,4030931,Breitscheidplatz,2019,9,15,5,3,6,4,0,0,1,1,0,0,0,0,7944365297,5825886939,1333882,5250344
198969,11,9,9041401,Allende I,2019,9,7,5,2,6,4,0,0,1,1,0,0,0,0,8116495107,5820424135,1358651,5244493
198970,11,5,5010312,Kurstra·e,2019,9,15,6,2,5,3,0,0,1,0,1,0,0,0,7850882385,582987169,1320489,5254413
198971,11,10,10020414,Helle Mitte,2019,9,15,5,3,6,2,0,0,1,1,0,0,0,0,8122377694,5830686179,1360475,5253655
198972,11,1,1022104,Emdener Stra·e,2019,9,15,6,3,1,5,0,1,1,0,0,0,0,0,7943632458,5828435887,1334,5252633
198973,11,6,6040701,Wannsee,2019,9,15,6,3,5,3,0,1,1,0,0,0,0,0,7823345566,5815313249,1315206,5241503
198974,11,9,9020502,Oberschîneweide Ost,2019,9,7,5,3,0,1,0,0,0,0,1,0,0,1,8091019055,5821545987,1355018,5245643
198975,11,1,1033102,Gesundbrunnen,2019,9,15,5,3,5,2,0,1,1,0,0,0,0,0,7973176553,5831634203,1338628,5255339
198976,11,1,1011304,Karl-Marx-Allee,2019,9,21,6,3,2,6,2,0,1,0,0,0,0,0,7997730299,582753278,1341869,5251529
198977,11,4,4030518,Tegeler Weg,2019,9,15,5,3,5,3,0,0,1,0,0,0,0,0,7916993505,5828394776,1330081,5252739
198978,11,10,10020518,Schleipfuhl,2019,9,6,5,3,5,3,1,0,1,0,0,0,0,1,8129356646,5830025092,1361438,5253023
198979,11,4,4051549,Rathaus Wilmersdorf,2019,9,7,5,3,5,2,0,1,1,0,0,0,0,1,7933128333,5823634548,1332033,5248385
198980,11,6,6010102,Schlo·stra·e,2019,9,11,5,3,0,1,0,1,0,0,0,0,0,0,7937339796,5821072301,1332426,5246066
198981,11,2,2020205,Chamissokiez,2019,9,14,5,3,5,5,0,1,1,0,0,0,0,0,7983181772,5824281804,133944,5248694
198982,11,6,6040810,Dahlem,2019,9,16,5,3,5,2,0,1,1,0,0,0,0,0,7903879079,5820839826,1327494,5246036
198983,11,6,6040804,Krumme Lanke,2019,9,15,5,3,6,4,0,1,0,1,0,0,0,0,787606683,5818080596,1323175,5243709
198984,11,6,6030504,Teltower Damm,2019,9,6,5,2,2,7,0,0,1,0,0,0,1,1,7899697896,5816232012,1326481,5241927
198985,11,7,7020201,Bayerischer Platz,2019,9,16,5,3,2,2,0,1,1,0,0,0,0,0,7948604586,5824286138,1334363,5248886
198986,11,7,7020203,Kaiser-Wilhelm-Platz,2019,9,14,5,3,5,7,0,0,0,0,1,0,1,0,795520026,5824366932,1335339,5248923
198987,11,1,1011304,Karl-Marx-Allee,2019,9,16,5,3,0,5,0,0,1,0,1,0,0,0,7995251455,5827882935,1341536,5251856
198988,11,7,7010104,Dennewitzplatz,2019,9,14,5,3,5,3,0,1,1,0,0,0,0,0,7963174343,5824924649,1336559,5249379
198989,11,4,4030620,Alt-Lietzow,2019,9,16,5,2,5,2,0,0,1,0,0,0,1,0,7918600091,5827450856,1330234,5251884
198990,11,9,9010401,Johannisthal West,2019,9,14,5,3,0,2,0,0,1,0,1,0,0,0,8063182569,5820929401,1350878,5245247
198991,11,7,7040402,Lindenhofsiedlung,2019,9,15,5,3,0,6,0,0,1,0,0,0,1,0,7968150176,5822356345,1337061,524705
198992,11,12,12214125,Waldidyll/Flughafensee,2019,9,15,5,3,2,2,0,0,1,0,1,0,0,0,790950624,5833803845,1329454,5257628
198993,11,4,4020310,Park Ruhwald,2019,9,6,5,3,0,1,0,0,0,0,1,0,0,1,7902386465,5828094398,1327907,5252548
198994,11,12,12301204,Wittenau Nord,2019,9,6,5,3,5,3,0,0,1,0,1,0,0,1,7924599968,5835351616,1331812,5258935
198995,11,5,5010312,Kurstra·e,2019,9,15,5,3,1,5,0,1,1,0,0,0,0,0,7847792556,5830471799,1320086,5254967
198996,11,11,11030618,Fennpfuhl West,2019,9,15,5,3,1,5,0,0,1,0,0,0,0,0,8028708929,5828733706,134653,5252434
198997,11,12,12103117,Letteplatz,2019,9,6,5,2,0,3,1,0,1,0,1,0,0,1,7963973394,5832691147,1337369,5256337
198998,11,3,3010102,Buch,2019,9,14,5,3,5,3,0,0,1,0,0,0,0,0,804371698,58404246,1349808,5262828
198999,11,8,8020622,Parchimer Allee,2019,9,18,5,2,0,7,1,0,0,0,1,0,0,1,8012615273,5819679711,1343346,5244408
199000,11,11,11040926,Weitlingstra·e,2019,9,14,5,2,6,4,0,1,0,1,0,0,0,0,8050490543,5826744562,1349548,525053
199001,11,2,2040703,Wriezener Bahnhof/Entwicklungsgebiet,2019,9,13,5,3,5,3,0,1,0,0,0,0,1,0,80176778,5826253667,1344684,5250272
199002,11,11,11030720,Herzbergstra·e,2019,9,13,5,2,5,3,0,1,1,0,0,0,0,0,805186448,5829419154,1349995,5252919
199003,11,12,12231101,Hermsdorf,2019,9,14,5,3,5,3,0,1,1,0,0,0,0,0,7921048276,5837987676,1331522,5261317
199004,11,1,1044203,Leopoldplatz,2019,9,13,5,3,2,6,0,0,1,0,0,0,0,0,7954250095,5831585772,133584,5255399
199005,11,12,12214424,Scharnweberstra·e,2019,9,11,5,3,3,6,0,0,1,0,0,1,0,0,793380707,5832503054,1332915,5256332
199006,11,2,2040701,Andreasviertel,2019,9,11,5,3,2,6,0,1,0,0,0,0,0,0,800602469,5827039541,1343043,5251041
199007,11,4,4031032,Halensee,2019,9,23,5,2,5,7,2,0,1,0,0,0,0,0,7910187496,5824869104,1328772,5249615
199008,11,1,1022106,Elberfelder Stra·e,2019,9,14,5,3,6,4,0,0,0,1,0,0,1,0,794441445,5828357572,1334108,5252558
199009,11,10,10020414,Helle Mitte,2019,9,15,5,3,5,3,0,1,1,0,0,0,0,0,8120143105,5830885123,1360165,5253846
199010,11,2,2040502,Friedenstra·e,2019,9,12,4,3,2,6,0,1,1,0,0,0,0,0,800761124,5828450768,1343404,5252297
199011,11,2,2010102,Mehringplatz,2019,9,20,5,3,5,3,2,0,1,0,0,0,0,0,7981812702,5826512423,1339439,5250701
199012,11,1,3071536,Teutoburger Platz,2019,9,14,4,3,3,3,0,1,1,0,0,0,0,0,7990832619,5829018168,1340989,5252898
199013,11,3,3040818,Pankow SÅd,2019,9,19,5,3,0,4,2,0,0,1,1,0,0,0,7994729368,5831859933,1341818,5255424
199014,11,7,7020201,Bayerischer Platz,2019,9,18,5,2,3,6,0,0,1,0,0,0,0,0,7949599965,5824119398,1334494,5248731
199015,11,1,1011302,Oranienburger Stra·e,2019,9,20,4,3,3,6,2,0,1,0,0,0,0,0,7984408004,5829047187,1340047,5252959
199016,11,1,1044202,Sparrplatz,2019,9,19,4,3,5,2,0,1,1,0,0,0,0,0,7946107721,5829870924,1334491,5253906
199017,11,4,4031032,Halensee,2019,9,18,5,3,5,3,0,0,1,0,0,0,0,0,7909533799,5824833665,1328673,5249587
199018,11,5,5020523,Maulbeerallee,2019,9,18,5,2,5,3,0,1,1,0,0,0,0,0,7830479776,5827281903,1317268,5252197
199019,11,7,7050504,Imbrosweg,2019,9,19,4,2,1,5,0,0,1,0,0,0,0,0,799799871,582046521,1341273,5245192
199020,11,6,6030504,Teltower Damm,2019,9,17,5,2,5,2,0,0,1,0,1,0,0,0,7901596668,5815444938,1326691,5241212
199021,11,1,1011302,Oranienburger Stra·e,2019,9,18,4,3,1,5,0,1,0,0,0,1,1,0,7979780969,582849712,1339318,5252491
199022,11,12,12103116,Hausotterplatz,2019,9,17,5,2,6,4,0,0,1,1,0,0,0,0,7965866659,5833580743,1337727,5257124
199023,11,12,12103117,Letteplatz,2019,9,18,4,3,2,6,0,0,1,0,0,0,0,0,7966448088,5832450284,1337712,5256108
199024,11,4,4031032,Halensee,2019,9,10,5,3,1,5,0,1,1,0,0,0,0,0,7915363916,5825100987,1329553,5249795
199025,11,4,4030417,Schlo·stra·e,2019,9,18,4,3,1,5,0,0,1,0,0,0,0,0,7918136828,5826919663,1330119,5251411
199026,11,4,4051654,Wilhelmsaue,2019,9,10,5,3,5,3,0,0,1,0,1,0,0,0,793439655,5823835308,1332237,5248558
199027,11,5,5020417,Staakener Stra·e,2019,9,10,5,3,5,3,0,0,1,0,1,0,0,1,78282287,582857197,1317047,5253366
199028,11,8,8041037,Alt-Rudow,2019,9,18,4,3,5,3,0,0,1,0,1,0,0,0,8056982509,5816979992,1349607,5241742
199029,11,4,4051653,Prager Platz,2019,9,18,4,3,2,6,0,0,1,0,0,0,0,0,7939768586,5824691003,1333101,5249297
199030,11,1,1044101,Rehberge,2019,9,9,5,3,3,6,0,0,1,0,0,0,0,0,7945262502,5831578961,1334518,5255442
199031,11,5,5010314,Carl-Schurz-Stra·e,2019,9,18,4,3,3,6,0,0,0,0,1,0,1,0,7849400555,5829395125,132023,5253994
199032,11,3,3061429,Greifswalder Stra·e,2019,9,9,5,3,5,3,0,1,1,0,0,0,0,0,8014153715,5830908652,1344588,5254464
199033,11,9,9020502,Oberschîneweide Ost,2019,9,17,4,3,5,2,0,0,1,0,1,0,0,0,8070793213,5822532697,1352142,5246641
199034,11,4,4020310,Park Ruhwald,2019,9,9,5,3,3,6,0,0,0,0,1,0,1,0,7901425873,5827332632,13277,525187
199035,11,1,1011306,Heine-Viertel Ost,2019,9,17,4,3,5,2,0,1,0,0,1,0,0,0,799774106,5826561658,1341783,5250658
199036,11,8,8020622,Parchimer Allee,2019,9,7,5,3,2,7,0,1,1,0,0,0,0,0,8023160528,5819329018,1344861,5244035
199037,11,3,3040508,Rosenthal,2019,9,16,4,2,5,3,0,1,1,0,0,0,0,0,7958903772,5836466663,133696,5259749
199038,11,1,1011303,Alexanderplatzviertel,2019,9,8,5,3,5,3,0,1,0,0,1,0,0,1,7993500423,5828621446,1341345,5252528
199039,11,2,2020202,Rathaus Yorckstra·e,2019,9,7,5,3,5,2,0,1,1,0,0,0,0,1,7979430511,5825259136,1338977,5249591
199040,11,4,4031032,Halensee,2019,9,16,4,3,2,3,0,1,1,0,0,0,0,0,7914512681,5825070675,1329425,5249772
199041,11,12,12214424,Scharnweberstra·e,2019,9,5,5,2,0,3,2,1,1,0,0,0,0,1,7934713267,5832412124,133304,5256245
199042,11,2,2010103,Moritzplatz,2019,9,16,4,3,1,5,0,1,1,0,0,0,0,0,799553659,5826112818,1341419,5250268
199043,11,1,1022207,Hansaviertel,2019,9,16,5,2,6,4,0,1,0,1,0,0,0,0,7946354703,5827606908,1334326,5251875
199044,11,1,1011301,CharitÇviertel,2019,9,8,4,3,3,6,0,1,1,0,0,0,0,0,7976150966,5828331117,133877,5252362
199045,11,8,8020621,Mohriner Allee Nord,2019,9,15,4,3,3,6,0,1,0,0,0,0,0,0,8003400042,5819243086,1341955,5244067
199046,11,9,9020702,Adlershof Ost,2019,9,15,4,3,0,3,0,1,0,0,0,0,1,0,8093173531,5819371469,1355133,5243682
199047,11,6,6010101,Fichtenberg,2019,9,15,4,3,5,3,0,1,1,0,0,0,0,0,7931508323,5820833713,1331549,5245883
199048,11,8,8010213,Kîrnerpark,2019,9,16,4,3,2,2,0,1,0,0,0,0,1,0,801047945,5822427431,1343281,5246882
199049,11,1,1011204,Leipziger Stra·e,2019,9,15,4,3,2,2,0,1,0,0,0,0,1,0,7986741392,5827587342,1340259,5251638
199050,11,4,4010102,Plîtzensee,2019,9,21,4,3,2,6,2,0,1,0,0,0,0,0,792952391,5830401108,1332099,5254471
199051,11,9,9051702,Bîlschestra·e,2019,9,12,4,3,5,2,0,1,1,0,0,0,0,0,8142026549,5821326771,136248,5245155
199052,11,1,1011204,Leipziger Stra·e,2019,9,21,4,3,5,3,2,0,1,0,0,0,0,0,7979909746,5826785847,1339184,5250957
199053,11,5,5020524,Weinmeisterhornweg,2019,9,20,4,3,6,4,2,1,0,1,0,0,0,0,7833917432,5826748951,1317728,5251702
199054,11,7,7030301,Friedenau,2019,9,11,4,3,6,2,0,0,1,1,0,0,0,0,7942276175,5822417879,1333269,5247245
199055,11,1,1033203,Humboldthain Nordwest,2019,9,11,4,2,2,2,0,0,0,0,1,0,0,0,7964926671,583052707,1337316,5254392
199056,11,11,11030721,RÅdigerstra·e,2019,9,20,4,3,5,2,2,0,1,0,1,0,0,0,8042722537,582787391,134851,5251585
199057,11,1,1044101,Rehberge,2019,9,10,4,3,2,3,0,0,1,0,0,0,1,0,794315151,5830463331,1334109,5254453
199058,11,4,4041137,Flinsberger Platz,2019,9,20,4,2,6,4,2,0,1,1,0,0,0,0,7907209332,5822721683,1328147,5247705
199059,11,9,9020601,Schnellerstra·e,2019,9,0,4,3,5,3,2,0,1,0,0,0,0,0,805908598,582182427,1350359,5246072
199060,11,1,1033202,Humboldthain SÅd,2019,9,19,4,3,1,5,2,0,1,0,0,0,0,0,7977406014,5830210532,1339122,525404
199061,11,9,9041402,Siedlung KÑmmereiheide,2019,9,10,4,3,6,4,0,1,0,1,0,0,0,0,812133011,5820713967,1359387,5244725
199062,11,3,3030715,Heinersdorf,2019,9,19,4,3,5,2,1,0,1,0,0,0,0,0,8006257595,5833910766,1343699,5257198
199063,11,3,3061131,Falkplatz,2019,9,19,4,3,4,6,1,1,0,0,0,0,0,0,7986950606,5830312633,1340535,5254079
199064,11,4,4041344,RÅdesheimer Platz,2019,9,10,4,3,0,5,0,0,1,0,1,0,0,0,7928611548,582292114,1331307,524777
199065,11,3,3061131,Falkplatz,2019,9,19,4,3,3,6,0,1,0,0,0,0,0,0,7987253965,5830324222,134058,5254088
199066,11,6,6020304,Kaiser-Wilhelm-Stra·e,2019,9,15,4,3,5,3,0,1,0,0,0,0,1,0,7946284565,5817924641,1333461,5243196
199067,11,2,2050802,Boxhagener Platz,2019,9,18,4,3,0,1,0,1,1,0,0,0,0,0,8026973937,5827237595,1346138,5251103
199068,11,12,12214125,Waldidyll/Flughafensee,2019,9,10,4,2,5,2,0,0,1,0,0,0,0,0,7909692616,5833803375,1329482,5257627
199069,11,5,5030833,Motardstra·e,2019,9,17,4,3,5,3,0,0,1,0,0,0,0,0,788171866,5829380851,1324981,5253811
199070,11,5,5030730,Zitadellenweg,2019,9,14,4,3,5,2,0,1,0,0,0,0,1,0,7869168857,5829320829,132313,5253823
199071,11,11,11041022,Rosenfelder Ring,2019,9,17,4,3,2,6,0,0,1,0,0,0,0,0,8065764555,5827780152,1351886,5251372
199072,11,9,9051901,Dammvorstadt,2019,9,9,4,3,5,3,0,1,1,0,0,0,0,0,8108871485,5821450313,1357628,5245456
199073,11,4,4020313,Kînigin-Elisabeth-Stra·e,2019,9,10,4,3,5,3,0,0,1,0,0,0,0,0,7903990725,5826230519,132798,5250868
199074,11,3,3061430,Volkspark Prenzlauer Berg,2019,9,17,4,3,5,2,0,1,1,0,0,0,0,0,8023288842,5829223813,1345778,5252903
199075,11,7,7040403,Manteuffelstra·e,2019,9,14,4,3,5,2,0,1,1,0,0,0,0,0,7973297373,5822178812,1337801,5246863
199076,11,7,7040402,Lindenhofsiedlung,2019,9,16,4,3,5,3,0,0,1,0,0,0,1,0,7968230606,582217811,1337057,524689
199077,11,4,4031032,Halensee,2019,9,14,4,3,5,3,0,0,1,0,1,0,0,0,7918372607,582471541,1329961,5249433
199078,11,11,11020516,Wei·e Taube,2019,9,16,4,3,2,6,0,0,1,0,0,0,0,0,8060524786,5830622568,1351378,5253949
199079,11,6,6010101,Fichtenberg,2019,9,14,4,3,5,2,0,1,1,0,0,0,0,0,7931941765,5820228557,1331559,5245338
199080,11,1,1011202,Unter den Linden Nord,2019,9,7,4,3,5,2,0,1,0,0,1,0,0,0,7985513148,5827801312,1340098,5251836
199081,11,9,9020501,Oberschîneweide West,2019,9,12,4,3,5,3,0,0,0,0,0,0,1,0,8061041498,5822162186,1350677,5246364
199082,11,5,5010314,Carl-Schurz-Stra·e,2019,9,9,4,3,0,2,0,0,1,0,0,0,1,0,78483611,5829150252,1320056,5253779
199083,11,8,8041035,Blumenviertel,2019,9,14,4,3,5,2,0,0,1,0,1,0,0,0,804040276,5819198196,1347378,5243822
199084,11,12,12231102,Frohnau,2019,9,12,4,3,1,5,0,1,1,0,0,0,0,0,7903678558,5840191586,1329157,5263386
199085,11,6,6010210,Bismarckstra·e,2019,9,12,4,3,5,3,0,0,1,0,1,0,0,0,7949706958,5821024288,1334236,5245956
199086,11,4,4051549,Rathaus Wilmersdorf,2019,9,10,4,2,5,2,0,1,0,0,0,0,1,0,7933197835,5823612353,1332041,5248365
199087,11,2,2030401,Reichenberger Stra·e,2019,9,11,4,3,0,7,0,0,1,0,0,0,0,0,8006590783,5825676857,1343003,5249816
199088,11,4,4041137,Flinsberger Platz,2019,9,13,4,2,6,4,0,0,0,1,1,0,0,0,7914906579,5823561321,1329351,5248417
199089,11,9,9020501,Oberschîneweide West,2019,9,11,4,3,5,2,0,1,0,0,0,1,0,0,8065555223,5822315907,1351353,5246476
199090,11,1,1044203,Leopoldplatz,2019,9,10,4,3,1,5,0,1,1,0,0,0,1,0,7959554405,5831941016,1336652,5255689
199091,11,10,10030724,Oberfeldstra·e,2019,9,9,4,3,5,7,0,0,1,0,0,0,0,0,8095915677,5828542361,1356386,5251885
199092,11,8,8010301,Reuterkiez,2019,9,10,4,3,5,2,0,1,1,0,0,0,0,0,8005649943,5825143543,1342817,5249343
199093,11,4,4030622,Richard-Wagner-Stra·e,2019,9,9,4,3,1,5,0,1,1,0,0,0,0,0,7922158271,5826927208,1330711,5251396
199094,11,7,7020201,Bayerischer Platz,2019,9,12,4,3,5,2,0,0,1,0,0,0,0,0,7949356795,5824669576,1334507,5249226
199095,11,1,1011102,Gro·er Tiergarten,2019,9,8,4,3,2,2,0,0,1,0,1,0,0,0,7951261378,5827083722,1335001,5251379
199096,11,11,11040926,Weitlingstra·e,2019,9,8,4,3,5,2,0,1,1,0,0,0,0,0,8066843788,5826910934,1351965,5250587
199097,11,11,11030618,Fennpfuhl West,2019,9,9,4,3,0,6,0,0,1,0,0,1,0,0,8027883019,58294231,1346471,5253056
199098,11,2,2040703,Wriezener Bahnhof/Entwicklungsgebiet,2019,9,8,4,3,5,2,0,1,1,0,0,0,0,0,801754308,5826263126,1344665,5250281
199099,11,7,7010102,Nollendorfplatz,2019,9,7,4,3,6,7,0,0,0,0,0,0,1,0,7950612322,5825003237,1334721,5249518
199100,11,12,12304314,Ziekowstra·e/Freie Scholle,2019,9,7,4,3,5,2,0,1,1,0,0,0,0,0,7906168918,5835985806,1329154,5259602
199101,11,9,9051801,Rahnsdorf/Hessenwinkel,2019,9,12,4,3,5,3,0,1,1,0,0,0,0,0,8207243371,5819513518,137187,5243152
199102,11,2,2010102,Mehringplatz,2019,9,7,4,3,3,6,0,1,1,0,0,0,0,0,7980437731,5826515471,1339237,5250711
199103,11,4,4010101,Jungfernheide,2019,9,6,4,2,0,3,0,0,1,0,1,0,0,0,7913264554,583067159,1329732,52548
199104,11,12,12301203,Wittenau SÅd,2019,9,5,4,3,0,3,2,1,1,0,0,0,0,0,7932766137,5835161461,1332997,5258721
199105,11,5,5010101,Hakenfelde Nord,2019,9,5,4,3,0,7,1,0,0,0,1,0,0,0,7850401252,5834240211,1320793,5258332
199106,11,9,9051901,Dammvorstadt,2019,9,6,4,3,5,2,0,1,1,0,0,0,0,0,8102597449,5821449385,1356708,5245491
199107,11,9,9041402,Siedlung KÑmmereiheide,2019,9,14,4,3,0,2,0,0,1,0,0,0,1,0,8123580207,5820086447,1359658,524415
199108,11,5,5010101,Hakenfelde Nord,2019,9,0,4,3,6,4,2,0,0,1,0,0,1,0,7854222312,5831689592,1321136,5256026
199109,11,12,12214527,Alt-Tegel,2019,9,16,4,3,9,1,0,0,1,0,0,0,0,0,7901939973,5835155307,1328459,525888
199110,11,12,12214424,Scharnweberstra·e,2019,9,12,3,3,5,3,0,0,1,0,0,0,0,0,7929252331,5832701144,1332262,5256534
199111,11,8,8010117,Schillerpromenade,2019,9,15,4,3,5,2,0,1,1,0,0,0,0,0,8001789217,5823637139,1342114,5248014
199112,11,11,11030721,RÅdigerstra·e,2019,9,17,3,3,1,5,0,1,1,0,0,0,0,0,8051743836,5827754936,1349824,5251428
199113,11,12,12214424,Scharnweberstra·e,2019,9,15,4,3,3,6,0,0,1,0,1,0,0,0,7934224699,5832399664,1332967,5256237
199114,11,4,4030415,Schlo·garten,2019,9,15,4,2,0,7,0,1,1,0,0,0,0,0,7910917479,5827434103,1329104,525191
199115,11,11,11040926,Weitlingstra·e,2019,9,8,3,3,5,3,0,1,0,0,0,0,0,0,8066214483,5827363831,1351914,5250997
199116,11,11,11051330,Karlshorst West,2019,9,15,4,3,5,2,0,1,1,0,0,0,0,0,8072698838,5825414629,1352687,5249213
199117,11,10,10010310,Alt-Marzahn,2019,9,15,4,3,5,7,0,0,0,0,1,0,1,0,8090263136,5830230872,1355713,525343
199118,11,3,3040614,Pankow Zentrum,2019,9,14,3,3,5,3,0,0,1,0,1,0,0,0,8002006578,583597018,134326,5259068
199119,11,1,1011202,Unter den Linden Nord,2019,9,11,4,3,0,1,0,1,0,0,0,0,0,0,7981500458,5828007793,1339527,5252043
199120,11,2,2030402,Wrangelkiez,2019,9,23,3,3,1,5,2,0,0,0,0,0,1,0,8012961346,5825740862,1343944,5249839
199121,11,7,7040405,Rathaus Tempelhof,2019,9,13,4,3,5,3,0,0,1,0,0,0,0,0,7986233971,582065461,1339564,5245426
199122,11,1,1044201,Reinickendorfer Stra·e,2019,9,12,4,3,5,2,0,1,1,0,0,0,0,0,7969838306,5831935137,1338164,5255627
199123,11,1,1022202,Heidestra·e,2019,9,15,3,3,5,2,0,1,1,0,0,0,0,0,7956689129,5829732336,1336034,5253724
199124,11,5,5010314,Carl-Schurz-Stra·e,2019,9,20,3,2,6,4,1,0,1,1,0,0,0,0,7837654481,5829117539,1318479,5253806
199125,11,1,1022202,Heidestra·e,2019,9,8,4,2,0,7,0,0,1,0,0,0,0,0,7956693721,5829731688,1336035,5253724
199126,11,5,5020523,Maulbeerallee,2019,9,13,3,3,2,7,0,0,1,0,0,0,0,0,7827857808,5827465322,1316898,5252376
199127,11,1,1011201,Wilhelmstra·e,2019,9,20,3,3,2,6,2,1,1,0,0,0,0,0,7974813231,5826772855,1338434,5250973
199128,11,1,1033101,Soldiner Stra·e,2019,9,16,3,2,5,3,0,0,1,0,1,0,0,0,7964102756,5832008862,1337327,5255725
199129,11,12,12214527,Alt-Tegel,2019,9,15,3,3,5,3,0,1,1,0,0,0,0,0,7898776087,5835060533,1327985,5258812
199130,11,8,8020622,Parchimer Allee,2019,9,19,3,3,5,2,1,0,1,0,0,0,0,0,8023631518,5819912373,1344983,5244555
199131,11,6,6030606,Hindenburgdamm,2019,9,12,3,3,1,5,0,0,1,0,1,0,0,0,7935405988,5819465487,1332001,5244636
199132,11,5,5020625,Borkumer Stra·e,2019,9,16,3,3,5,2,0,0,1,0,0,0,0,0,7837575195,5828683632,131843,5253417
199133,11,1,1011202,Unter den Linden Nord,2019,9,14,3,2,0,1,0,0,0,0,0,0,1,0,7984507807,5828005653,1339969,5252025
199134,11,2,2030401,Reichenberger Stra·e,2019,9,16,3,3,3,6,0,0,1,0,1,0,0,0,8008344682,5825579742,1343252,524972
199135,11,9,9020802,Kîllnische Vorstadt,2019,9,18,3,3,2,6,0,0,1,0,0,0,0,0,8100706275,5820414385,1356334,5244574
199136,11,9,9010301,Baumschulenstra·e,2019,9,16,3,3,5,3,0,0,1,0,0,0,0,0,8046286442,5821692197,1348469,5246025
199137,11,2,2040502,Friedenstra·e,2019,9,14,3,3,2,7,0,1,1,0,0,0,0,0,8011806724,5827977197,1343977,5251849
199138,11,5,5010311,Eiswerder,2019,9,16,3,3,5,7,0,0,1,0,1,0,0,0,7854005526,5830329886,1320988,5254808
199139,11,6,6030607,Goerzwerke,2019,9,13,3,3,5,3,0,0,1,0,0,0,1,0,7914865556,5816162882,1328699,5241785
199140,11,4,4051446,Preu·enpark,2019,9,15,3,3,1,5,0,1,1,0,0,0,0,0,7930729901,5824882818,133179,5249517
199141,11,12,12103220,Humboldtstra·e,2019,9,16,3,3,5,3,0,0,1,0,1,0,0,0,7936928358,5833335839,1333448,5257062
199142,11,6,6030609,Augustaplatz,2019,9,15,3,3,2,6,0,0,1,0,0,0,1,0,7932189905,5819605761,1331541,5244779
199143,11,9,9020701,Adlershof West,2019,9,17,3,3,5,2,0,1,0,0,0,0,1,0,8077138476,5818106469,1352665,5242638
199144,11,1,1044102,Schillerpark,2019,9,15,3,3,2,6,0,1,1,0,0,0,0,0,7943360977,5831769219,1334255,5255622
199145,11,4,4030725,Amtsgerichtsplatz,2019,9,13,3,3,0,3,0,0,1,0,0,0,1,1,7912935924,5826056792,132928,5250665
199146,11,1,1022102,Beusselkiez,2019,9,15,3,3,0,4,0,0,0,1,0,0,1,0,7935676878,5828392281,1332827,5252637
199147,11,2,2030302,Lausitzer Platz,2019,9,15,3,3,2,7,0,1,1,0,0,0,0,0,8012673758,5826185358,1343942,5250239
199148,11,10,10020415,Hellersdorfer Promenade,2019,9,13,3,2,1,5,0,0,1,0,0,0,1,1,8121109654,5831312797,1360347,5254224
199149,11,12,12301205,Waidmannslust,2019,9,14,3,3,2,6,0,0,1,0,0,0,0,0,7924639496,5837305959,133199,5260687
199150,11,6,6030501,Berlepschstra·e,2019,9,16,3,2,5,3,0,1,1,0,0,0,0,0,7887350235,581631694,1324678,5242069
199151,11,10,10040933,Mahlsdorf SÅd,2019,9,14,3,3,3,6,0,1,1,0,0,0,0,0,8123742619,5824001542,1360048,5247657
199152,11,11,11040925,Victoriastadt,2019,9,14,3,3,5,3,0,1,1,0,0,0,0,0,8036261416,5826566052,1347442,5250449
199153,11,3,3040614,Pankow Zentrum,2019,9,12,3,3,5,2,0,1,1,0,0,0,0,0,7978528641,583303783,1339541,5256568
199154,11,10,10010310,Alt-Marzahn,2019,9,14,3,3,5,2,0,1,1,0,0,0,0,0,8094194542,5831091694,1356371,5254179
199155,11,8,8010211,Flughafenstra·e,2019,9,11,3,3,5,7,0,0,1,0,0,0,0,0,8004135958,5823917009,1342484,5248252
199156,11,4,4041342,Schlangenbader Stra·e,2019,9,13,3,3,0,5,0,0,1,0,1,0,0,0,7924215887,5822823074,1330653,5247706
199157,11,8,8020622,Parchimer Allee,2019,9,11,3,3,5,2,0,0,1,0,0,0,1,0,801315423,5819540193,1343413,524428
199158,11,4,4030931,Breitscheidplatz,2019,9,12,3,3,6,7,0,0,1,1,0,0,0,0,7944066246,5825879462,1333837,5250339
199159,11,2,2020202,Rathaus Yorckstra·e,2019,9,10,3,3,5,2,0,1,1,0,0,0,0,0,7979413924,5825259319,1338974,5249591
199160,11,3,3051017,Rennbahnstra·e,2019,9,10,3,3,0,2,0,0,0,0,1,1,0,0,8028991251,5833160605,1346975,52564
199161,11,8,8041036,Zittauer Stra·e,2019,9,10,3,2,5,7,0,0,1,0,1,0,0,0,8043370373,5817011978,1347615,5241846
199162,11,1,1011303,Alexanderplatzviertel,2019,9,10,3,3,5,2,0,0,1,0,0,0,1,0,7992440435,5828468698,1341176,5252397
199163,11,3,3040818,Pankow SÅd,2019,9,10,3,3,6,2,0,0,1,1,0,0,0,1,7998308493,5831972087,1342354,5255505