OBJECTID,LAND,BEZ,LOR,STRASSE,UJAHR,UMONAT,USTUNDE,UWOCHENTAG,UKATEGORIE,UART,UTYP1,ULICHTVERH,IstRad,IstPKW,IstFuss,IstKrad,IstGkfz,IstSonstige,USTRZUSTAND,LINREFX,LINREFY,XGCSWGS84,YGCSWGS84
199164,11,1,1044202,Sparrplatz,2019,9,10,3,3,5,2,0,1,1,0,0,0,0,0,7948968303,5830251901,1334945,5254232
199165,11,4,4030725,Amtsgerichtsplatz,2019,9,10,3,2,5,2,0,0,1,0,1,0,0,1,7919944482,5825975239,1330302,5250554
199166,11,9,9020701,Adlershof West,2019,9,9,3,3,6,2,0,0,1,1,0,0,0,0,8084906184,5819052531,1353891,5243443
199167,11,4,4030417,Schlo·stra·e,2019,9,10,3,3,0,1,0,1,0,0,0,0,0,1,7914856755,5827200012,1329662,525168
199168,11,3,3061126,Arnimplatz,2019,9,22,3,3,0,1,2,1,0,0,0,0,0,0,7987890635,5831459103,1340776,5255102
199169,11,11,11051229,Rummelsburg,2019,9,9,3,3,1,5,0,1,0,0,0,1,0,0,8038119533,5826162059,1347678,5250077
199170,11,1,1044103,Westliche MÅllerstra·e,2019,9,10,3,3,0,7,0,1,0,0,0,0,0,1,7946819076,583086732,1334684,5254795
199171,11,11,11030721,RÅdigerstra·e,2019,9,8,3,3,0,6,0,1,1,0,0,0,0,0,8044677607,5828170809,1348824,525184
199172,11,7,7040401,Neu-Tempelhof,2019,9,8,3,3,5,2,0,1,1,0,0,0,0,0,7987409929,5823947057,1340031,5248371
199173,11,5,5010101,Hakenfelde Nord,2019,9,8,3,3,2,6,0,0,1,0,0,0,1,0,785909409,5831720262,1321856,5256027
199174,11,8,8020727,Buckow Mitte,2019,9,9,3,3,6,7,0,0,1,1,0,0,0,0,801558392,5817398114,1343576,5242346
199175,11,4,4051448,Schaperstra·e,2019,9,8,3,3,5,3,0,0,1,0,0,0,0,0,794238835,5825413649,133355,524993
199176,11,2,2020203,Viktoriapark,2019,9,9,3,3,5,2,0,1,0,0,0,0,1,1,7974826737,5824555387,1338238,5248985
199177,11,11,11030618,Fennpfuhl West,2019,9,7,3,3,6,4,0,0,0,1,1,0,0,0,8038311037,5828730982,134794,5252378
199178,11,2,2020205,Chamissokiez,2019,9,21,3,2,3,7,2,1,1,0,0,0,0,0,7979533456,582457273,133893,5248975
199179,11,3,3051017,Rennbahnstra·e,2019,9,7,3,3,5,2,0,1,1,0,0,0,0,0,8038701244,5832202451,1348315,5255487
199180,11,1,1011103,LÅtzowstra·e,2019,9,7,3,3,2,6,0,0,1,0,0,0,0,1,7951975509,5825926792,1335003,5250339
199181,11,6,6010205,SÅdende,2019,9,7,3,2,6,4,0,0,1,1,0,0,0,0,7962898577,5819660137,1336051,5244662
199182,11,2,2050803,Stralauer Kiez,2019,9,7,3,3,5,2,0,1,1,0,0,0,0,1,8031033215,5826087077,134663,5250049
199183,11,1,1011202,Unter den Linden Nord,2019,9,6,3,3,5,3,0,1,1,0,0,0,0,0,7974986972,5827762657,1338548,5251859
199184,11,1,1011302,Oranienburger Stra·e,2019,9,23,3,3,5,3,2,1,0,0,1,0,0,0,7987661177,5828963647,1340518,5252866
199185,11,8,8041036,Zittauer Stra·e,2019,9,16,3,3,5,3,0,1,1,0,0,0,0,0,8045520816,5816532477,1347886,5241405
199186,11,10,10010205,Marzahn Ost,2019,9,18,3,3,5,3,0,1,1,0,0,0,0,0,8104047078,5832151285,1357918,5255073
199187,11,4,4030620,Alt-Lietzow,2019,9,17,3,3,0,4,0,1,0,1,0,0,0,0,791834156,582744507,1330196,5251881
199188,11,10,10030724,Oberfeldstra·e,2019,9,8,3,3,0,3,0,0,1,0,0,0,1,0,8095691481,582803471,1356306,5251431
199189,11,8,8010117,Schillerpromenade,2019,9,14,3,3,2,6,0,0,1,0,0,0,1,0,8006371323,5823074979,1342736,5247485
199190,11,4,4051652,Nikolsburger Platz,2019,9,17,3,2,5,2,0,0,1,0,1,0,0,0,7934492175,5824326268,1332294,5248998
199191,11,6,6020409,Kînigsberger Stra·e,2019,9,16,3,3,5,3,0,0,1,0,0,0,1,0,7937331144,5817611638,133212,5242963
199192,11,12,12301203,Wittenau SÅd,2019,9,19,3,1,5,3,2,0,1,0,1,0,0,0,7935530376,5834245492,1333323,5257885
199193,11,5,5010207,Darbystra·e,2019,9,11,3,3,2,6,0,0,1,0,0,0,1,0,7836907033,5830007714,1318445,5254608
199194,11,2,2030402,Wrangelkiez,2019,9,14,2,3,1,5,0,1,1,0,0,0,0,0,8017592969,5825810411,1344631,5249875
199195,11,3,3061228,Erich-Weinert-Stra·e,2019,9,1,3,3,5,3,2,0,1,0,0,0,0,1,8003231832,5831578622,1343043,5255125
199196,11,8,8010212,Rollberg,2019,9,14,2,3,2,2,0,0,1,0,1,0,0,0,8012945351,5823574771,1343746,5247897
199197,11,2,2040701,Andreasviertel,2019,9,14,3,3,1,5,0,0,1,0,0,0,1,0,8008163544,5826885741,1343343,5250891
199198,11,10,10040828,Kaulsdorf Nord,2019,9,10,2,3,5,3,0,1,0,0,0,0,1,0,811202376,5827915258,1358694,5251231
199199,11,11,11020513,Orankesee,2019,9,6,2,2,6,7,1,1,0,1,0,0,0,0,803020725,5831351302,1346988,5254772
199200,11,11,11051332,Karlshorst SÅd,2019,9,8,2,3,2,2,0,1,1,0,0,0,0,0,8071961272,5823898684,1352439,5247859
199201,11,11,11020411,Malchower Weg,2019,9,22,2,3,1,1,2,0,1,0,0,0,0,1,8063769955,5832409262,135202,5255532
199202,11,7,7030301,Friedenau,2019,9,16,2,3,5,3,0,1,0,0,0,0,0,0,7943959639,5822574251,133353,5247376
199203,11,7,7020204,Schîneberger Insel,2019,9,12,2,2,5,3,0,1,1,0,0,0,0,1,7961287732,5823309018,1336139,5247941
199204,11,11,11051331,Karlshorst Nord,2019,9,5,2,3,6,7,2,0,1,0,0,0,1,1,8072412649,5824227978,1352535,5248151
199205,11,12,12231101,Hermsdorf,2019,9,21,2,2,5,3,2,0,1,0,1,0,0,0,7914211803,5838754895,1330582,5262042
199206,11,12,12302109,Treuenbrietzener Stra·e,2019,9,20,2,3,5,3,2,0,1,0,0,0,0,1,7953984374,5836786537,1336265,5260062
199207,11,1,1011303,Alexanderplatzviertel,2019,9,18,2,3,6,7,0,0,1,1,0,0,0,0,7994621507,5828802335,1341526,5252684
199208,11,12,12103116,Hausotterplatz,2019,9,19,2,3,5,3,2,0,1,0,0,0,0,1,7965955714,5833589996,1337741,5257132
199209,11,1,1011203,Unter den Linden SÅd,2019,9,18,2,3,3,6,0,1,1,0,0,0,0,0,797936514,5827178645,1339139,5251312
199210,11,5,5020625,Borkumer Stra·e,2019,9,5,2,3,6,2,2,0,1,1,0,0,0,1,7835875244,5828663555,1318179,5253408
199211,11,12,12304313,Borsigwalde,2019,9,18,2,2,6,4,0,0,1,1,0,0,0,0,7925269752,5835157167,1331893,5258757
199212,11,1,1022101,Huttenkiez,2019,9,19,2,3,2,6,1,0,1,0,0,0,0,1,7936248542,5828129546,1332887,5252398
199213,11,1,1022206,LÅneburger Stra·e,2019,9,18,2,3,2,6,0,0,1,0,0,0,0,1,7962787354,5828481686,1336819,525257
199214,11,1,1011306,Heine-Viertel Ost,2019,9,17,2,3,5,3,0,1,1,0,0,0,0,0,7999004672,5826514857,1341964,5250609
199215,11,4,4051447,Ludwigkirchplatz,2019,9,17,2,3,5,2,0,1,1,0,0,0,0,0,7931923399,5824560764,1331937,5249222
199216,11,6,6030605,Botanischer Garten,2019,9,13,2,3,2,6,0,0,1,0,1,0,0,1,7918518983,581916282,1329497,5244455
199217,11,12,12214125,Waldidyll/Flughafensee,2019,9,16,2,3,6,4,0,0,1,1,0,0,0,1,790967218,583382777,1329481,5257649
199218,11,7,7040403,Manteuffelstra·e,2019,9,17,2,3,5,3,0,0,1,0,0,0,0,0,7969319476,582227501,1337226,5246971
199219,11,8,8020621,Mohriner Allee Nord,2019,9,12,2,3,2,6,0,0,1,0,0,0,1,1,8010317106,581953025,1342996,5244286
199220,11,4,4020311,Reichsstra·e,2019,9,17,2,3,5,2,0,1,1,0,0,0,0,0,790160772,5826651235,1327667,5251258
199221,11,12,12214423,Mellerbogen,2019,9,16,2,3,5,3,0,0,1,0,0,0,0,1,7928402616,5833652048,1332221,5257391
199222,11,6,6030503,Zehlendorf Mitte,2019,9,16,2,3,5,2,0,0,1,0,0,0,0,1,7908963841,5817757482,1327972,5243246
199223,11,5,5010311,Eiswerder,2019,9,17,2,3,5,3,0,1,1,0,0,0,0,0,785366267,5830245984,132093,5254734
199224,11,6,6040809,Thielallee,2019,9,10,2,3,2,7,0,0,1,0,0,0,0,1,7917465584,582065673,1329473,52458
199225,11,4,4020311,Reichsstra·e,2019,9,10,2,3,1,5,0,1,0,0,0,1,0,1,7888266515,5827229456,1325757,5251847
199226,11,4,4030623,Ernst-Reuter-Platz,2019,9,15,2,3,2,6,0,0,1,0,0,0,0,0,7937682777,5826572435,1332961,5250994
199227,11,1,1044201,Reinickendorfer Stra·e,2019,9,16,2,3,5,3,0,0,1,0,0,0,0,1,7964298997,5831177255,1337282,5254978
199228,11,5,5020524,Weinmeisterhornweg,2019,9,16,2,2,6,2,0,0,1,1,0,0,0,1,7830442063,5826062538,1317158,5251104
199229,11,7,7050506,Birnhornweg,2019,9,23,2,3,5,2,2,0,1,0,0,0,1,0,7988796515,5817218522,1339632,5242332
199230,11,4,4051447,Ludwigkirchplatz,2019,9,16,2,3,6,4,0,0,1,1,0,0,0,1,7932985023,5824966128,1332129,524958
199231,11,7,7050506,Birnhornweg,2019,9,16,2,3,5,2,0,0,1,0,0,0,0,0,7988121302,5817333857,1339544,5242439
199232,11,5,5020625,Borkumer Stra·e,2019,9,15,2,3,5,2,0,1,1,0,0,0,0,1,784641327,5828418543,1319707,5253134
199233,11,2,2020206,Graefekiez,2019,9,15,2,3,2,6,0,0,1,0,0,0,0,0,7994010256,5824533142,1341053,524886
199234,11,9,9051901,Dammvorstadt,2019,9,9,2,3,8,1,0,0,1,0,0,0,0,1,811937745,5821587346,1359182,5245519
199235,11,5,5010101,Hakenfelde Nord,2019,9,15,2,3,4,1,0,0,1,0,0,0,0,0,7817582312,5835374545,1316059,525952
199236,11,8,8010301,Reuterkiez,2019,9,15,2,3,5,3,0,1,1,0,0,0,0,1,8012983528,5824011839,1343791,5248289
199237,11,4,4030726,Droysenstra·e,2019,9,9,2,3,5,2,0,0,1,0,0,0,1,1,7920909624,5825290075,1330384,5249935
199238,11,8,8010508,Wei·e Siedlung,2019,9,8,2,3,2,6,0,0,1,0,0,0,0,0,8029199036,582286237,1346068,5247169
199239,11,5,5010207,Darbystra·e,2019,9,12,2,2,5,2,0,0,1,0,1,0,0,0,7836990539,5830176783,1318472,5254759
199240,11,5,5010339,Freiheit,2019,9,14,2,3,2,6,0,0,1,0,0,0,0,1,787564959,5828030057,1323972,5252632
199241,11,8,8020625,Handwerker-Siedlung,2019,9,9,2,3,0,6,0,0,1,0,1,0,0,1,8014681794,5819247226,134361,5244009
199242,11,8,8010510,Gewerbegebiet Kîllnische Heide,2019,9,12,2,2,5,3,0,1,1,0,0,0,0,0,8024833266,5822557436,1345399,524692
199243,11,4,4030622,Richard-Wagner-Stra·e,2019,9,14,2,3,6,4,0,1,0,1,0,0,0,1,7918925385,5827078756,1330249,5251549
199244,11,3,3040512,Wilhelmsruh,2019,9,15,2,3,2,6,0,0,1,0,0,0,0,0,7969482053,5835828635,133846,5259119
199245,11,2,2030402,Wrangelkiez,2019,9,14,2,3,5,3,0,1,1,0,0,0,0,1,8010696003,5825688959,1343607,5249805
199246,11,6,6040806,Fischtal,2019,9,12,2,2,5,2,0,0,1,0,1,0,0,0,7888374799,581959079,1325111,5244998
199247,11,2,2020205,Chamissokiez,2019,9,9,2,3,6,2,0,0,1,1,0,0,0,1,7984813412,5824501756,1339699,5248883
199248,11,3,3030405,Karow Nord,2019,9,7,2,3,2,7,0,0,1,0,1,0,0,0,8043317306,5838885208,1349607,5261451
199249,11,2,2050602,Samariterviertel,2019,9,14,2,3,2,6,1,0,1,0,0,1,0,1,8026714284,5828055316,1346175,5251837
199250,11,1,1011304,Karl-Marx-Allee,2019,9,8,2,3,0,3,0,1,0,0,1,0,0,0,7997363749,5827706607,1341831,5251686
199251,11,5,5020625,Borkumer Stra·e,2019,9,16,6,3,5,2,0,0,1,0,0,0,0,0,7845531795,5828171701,1319556,5252917
199252,11,12,12302212,Rollbergesiedlung,2019,9,16,6,3,2,6,0,0,1,0,0,0,0,0,7925642027,5837366709,1332143,5260736
199253,11,8,8041037,Alt-Rudow,2019,9,16,6,3,1,1,0,0,1,0,1,0,0,0,8064330293,5818009489,1350778,5242623
199254,11,1,1033102,Gesundbrunnen,2019,9,16,6,3,3,6,0,0,1,0,1,0,0,0,7973266033,5831224391,1338605,5254972
199255,11,1,1011303,Alexanderplatzviertel,2019,9,16,6,3,5,2,0,1,1,0,0,0,0,0,7997639716,5828636434,1341955,5252518
199256,11,8,8030831,Gropiusstadt Ost,2019,9,15,6,2,5,2,0,1,1,0,0,0,0,0,8037417327,5818005983,1346832,524277
199257,11,9,9010402,Johannisthal Ost,2019,9,15,6,3,0,1,0,1,0,0,0,0,0,0,8072377231,5819779808,1352121,5244165
199258,11,4,4041137,Flinsberger Platz,2019,9,14,6,3,2,6,0,0,1,0,0,0,0,0,7917118719,5823784459,1329695,5248605
199259,11,5,5030731,Gartenfelder Stra·e,2019,9,14,6,3,5,3,0,0,1,0,0,0,1,0,7869629069,582933446,1323199,5253833
199260,11,2,2010102,Mehringplatz,2019,9,14,6,3,0,5,0,0,1,0,1,0,0,0,7985599751,5826493242,1339993,5250663
199261,11,9,9020701,Adlershof West,2019,9,14,6,3,5,2,0,1,1,0,0,0,0,0,8083280567,5818867135,1353636,5243286
199262,11,11,11030618,Fennpfuhl West,2019,9,14,6,3,6,7,0,0,1,1,0,0,0,0,8028394044,5828775601,1346487,5252473
199263,11,4,4030623,Ernst-Reuter-Platz,2019,9,14,6,2,3,6,0,0,1,0,0,0,1,0,793017823,5826940126,1331891,5251364
199264,11,1,1011303,Alexanderplatzviertel,2019,9,13,6,3,2,6,0,1,1,0,0,0,0,0,7988405172,582796098,1340537,5251964
199265,11,4,4051446,Preu·enpark,2019,9,13,6,3,5,7,0,0,1,0,0,0,0,0,7925962039,5824883495,133109,5249543
199266,11,1,1022104,Emdener Stra·e,2019,9,21,6,3,0,1,2,0,0,0,1,0,0,0,7944021987,5828450341,1334058,5252644
199267,11,3,3071536,Teutoburger Platz,2019,9,21,6,3,0,1,2,0,0,0,0,0,1,0,7991683728,5829204579,1341131,525306
199268,11,9,9010202,Kîpenicker Landstra·e,2019,9,21,6,3,5,3,2,0,1,0,0,0,0,0,8038560545,5823854436,1347532,5248006
199269,11,1,1033101,Soldiner Stra·e,2019,9,13,6,3,2,6,0,0,1,0,0,0,0,0,797423466,5832535166,1338864,5256141
199270,11,5,5010103,Amorbacher Weg,2019,9,12,6,3,5,3,0,0,1,0,0,0,0,0,7839065818,583146273,1318887,5255901
199271,11,8,8020727,Buckow Mitte,2019,9,12,6,3,5,2,0,0,1,0,1,0,0,0,800308449,581674376,1341685,5241828
199272,11,12,12224230,Heiligensee,2019,9,12,6,2,2,6,0,0,1,0,1,0,0,0,7857491781,5838242517,1322183,5261884
199273,11,3,3010101,Bucher Forst,2019,9,7,6,3,3,6,0,1,1,0,0,0,0,0,803557821,5841732395,1348729,5264046
199274,11,9,9041301,Kietzer Feld/Nachtheide,2019,9,12,6,3,2,6,0,0,1,0,0,0,0,0,8155628825,5818060727,1364167,524215
199275,11,1,1011303,Alexanderplatzviertel,2019,9,7,6,3,0,3,0,0,0,0,1,0,0,0,798765179,5828215771,1340449,5252196
199276,11,10,10030724,Oberfeldstra·e,2019,9,12,6,3,5,3,0,0,1,0,0,0,0,0,8096425094,5829694455,1356568,5252915
199277,11,11,11010310,MÅhlengrund,2019,9,6,6,2,4,7,0,0,1,0,0,0,1,0,8067195759,583245202,1352528,5255551
199278,11,4,4030827,Karl-August-Platz,2019,9,11,6,3,1,5,0,1,1,0,0,0,0,0,7921390173,5826248238,1330538,5250791
199279,11,10,10040828,Kaulsdorf Nord,2019,9,9,6,3,5,3,0,1,1,0,0,0,0,0,8124258907,58293745,1360628,5252469
199280,11,7,7020204,Schîneberger Insel,2019,9,9,6,2,5,3,0,1,1,0,0,0,0,0,7962568098,5823525701,1336346,5248129
199281,11,11,11030721,RÅdigerstra·e,2019,9,9,6,3,0,7,0,0,1,0,0,0,0,0,8042971475,5828415983,1348596,525207
199282,11,8,8020728,Buckow Ost,2019,9,8,6,3,6,4,0,0,1,1,0,0,0,0,8018457974,5816753725,1343939,5241753
199283,11,4,4041134,Bismarckallee,2019,9,8,6,3,5,2,0,0,1,0,0,0,0,0,7908591368,5824577073,1328512,5249362
199284,11,7,7050502,Fritz-Werner-Stra·e,2019,9,8,6,3,1,1,0,0,1,0,0,0,0,0,7978781453,5818049586,1338238,5243132
199285,11,10,10020518,Schleipfuhl,2019,9,7,6,3,5,3,0,0,1,0,0,0,1,0,8131349396,5830152863,1361743,5253126
199286,11,1,1022206,LÅneburger Stra·e,2019,9,14,6,3,0,6,0,0,1,0,0,0,1,0,7962046487,5828469402,1336709,5252563
199287,11,10,10010308,Marzahner Chaussee,2019,9,15,5,2,5,2,0,1,0,0,0,0,0,0,8076391952,5829194103,1353578,525258
199288,11,4,4020310,Park Ruhwald,2019,9,11,5,3,5,7,0,0,1,0,0,0,0,0,7898433933,5827400564,1327266,5251947
199289,11,1,1011201,Wilhelmstra·e,2019,9,21,5,3,0,3,2,0,1,0,1,0,0,0,7969573332,5826859371,1337672,5251079
199290,11,4,4041137,Flinsberger Platz,2019,9,17,5,3,2,7,0,0,1,0,1,0,0,0,7915181696,5823588926,1329394,524844
199291,11,2,2020206,Graefekiez,2019,9,10,5,3,3,6,0,0,1,0,0,1,0,0,799868793,5824476687,1341734,5248784
199292,11,8,8010509,Schulenburgpark,2019,9,20,5,3,6,4,2,0,1,1,0,0,0,0,8037909135,5822146556,1347281,5246479
199293,11,5,5020625,Borkumer Stra·e,2019,9,10,5,3,2,7,0,0,1,0,1,0,0,0,7840354311,5828532345,1318826,5253267
199294,11,2,2020206,Graefekiez,2019,9,19,5,3,6,4,1,1,0,1,0,0,0,0,8000182454,5824454445,1341952,5248756
199295,11,2,2010102,Mehringplatz,2019,9,16,5,2,5,2,0,0,1,0,1,0,0,0,7982154145,5825859437,133943,5250114
199296,11,5,5020625,Borkumer Stra·e,2019,9,19,5,3,6,4,1,1,0,1,0,0,0,0,7840400282,5828716999,1318849,5253433
199297,11,1,1011105,Nîrdlicher Landwehrkanal,2019,9,9,5,3,1,5,0,1,1,0,0,0,0,0,7960697457,582643626,133633,5250748
199298,11,10,10020623,Rotes Viertel,2019,9,16,5,3,6,4,0,0,1,1,0,0,0,0,8115206154,5828709463,1359236,5251925
199299,11,1,1033101,Soldiner Stra·e,2019,9,9,5,3,0,6,0,0,1,0,0,0,1,0,7971687366,5831935452,1338436,5255618
199300,11,1,1022106,Elberfelder Stra·e,2019,9,15,5,3,5,3,0,0,1,0,0,0,0,0,7938194382,5827957116,1333158,5252233
199301,11,5,5020626,Adamstra·e,2019,9,15,5,3,2,6,0,0,1,0,0,0,0,0,784539145,5827992483,131952,5252757
199302,11,1,1011401,Invalidenstra·e,2019,9,14,5,3,2,3,0,0,1,0,1,0,0,0,7984090319,5829208321,1340015,5253105
199303,11,11,11010103,Dorf Falkenberg,2019,9,19,5,3,5,3,1,0,1,0,0,0,0,0,8082701148,5834024694,1354954,5256873
199304,11,8,8020622,Parchimer Allee,2019,9,8,5,3,0,2,0,1,1,0,0,0,0,0,8025738257,5819932359,1345294,5244562
199305,11,2,2050802,Boxhagener Platz,2019,9,8,5,3,5,2,0,1,1,0,0,0,0,0,8026735302,5827243944,1346104,525111
199306,11,8,8020622,Parchimer Allee,2019,9,7,5,2,5,2,0,1,1,0,0,0,0,0,8013129247,5819949854,1343446,5244647
199307,11,4,4020310,Park Ruhwald,2019,9,14,5,2,6,4,0,0,0,1,0,0,1,0,790344156,5827318613,1327995,5251847
199308,11,9,9051901,Dammvorstadt,2019,9,14,5,2,5,7,0,1,1,0,0,0,0,0,8099475866,5821593083,1356263,5245637
199309,11,7,7060604,Marienfelde SÅd,2019,9,7,5,3,5,3,0,1,1,0,0,0,0,0,7958153581,581520024,1334961,5240689
199310,11,8,8010404,Rixdorf,2019,9,17,5,2,5,3,0,0,1,0,0,0,0,0,8019981665,5823293071,1344754,5247606
199311,11,1,1011303,Alexanderplatzviertel,2019,9,14,5,3,6,4,0,1,0,1,0,0,0,0,7988163231,5828243611,1340527,5252218
199312,11,1,1022206,LÅneburger Stra·e,2019,9,17,5,2,5,2,0,1,1,0,0,0,0,0,7954535003,5827718071,1335538,525193
199313,11,5,5010209,An der Kappe,2019,9,14,5,3,1,1,0,1,1,0,0,0,0,0,7822416088,5829468191,1316268,52542
199314,11,11,11040926,Weitlingstra·e,2019,9,13,5,2,6,4,0,0,1,1,0,0,0,0,8051118204,5826190997,1349589,525003
199315,11,2,2030301,Oranienplatz,2019,9,2,5,3,1,5,2,0,1,0,0,0,0,0,8001170325,5826154524,134225,5250274
199316,11,1,1044101,Rehberge,2019,9,13,5,3,3,6,0,0,1,0,0,1,0,0,7940383912,5830240941,1333682,5254268
199317,11,8,8010508,Wei·e Siedlung,2019,9,12,5,3,5,2,0,0,1,0,0,0,0,0,8031966889,5822707794,134646,5247015
199318,11,5,5030731,Gartenfelder Stra·e,2019,9,11,5,3,1,5,0,0,1,0,0,0,1,0,7873978869,5830013945,1323898,5254419
199319,11,8,8010211,Flughafenstra·e,2019,9,5,5,3,5,7,1,0,1,0,0,0,0,0,8003860344,582411112,1342461,5248428
199320,11,1,1022201,Stephankiez,2019,9,14,5,3,0,6,0,0,0,0,0,0,1,0,7954265252,5829528294,133566,5253555
199321,11,3,3051017,Rennbahnstra·e,2019,9,13,5,2,5,3,0,0,1,0,0,0,0,0,8022078538,5832973994,1345941,5256271
199322,11,7,7010104,Dennewitzplatz,2019,9,4,5,3,6,2,2,0,1,1,0,0,0,0,7960366384,5825376201,1336187,52498
199323,11,1,1011101,StÅlerstra·e,2019,9,13,5,3,2,6,0,0,1,0,0,0,1,0,7952985254,5826408937,1335195,5250765
199324,11,12,12224229,Konradshîhe/Tegelort,2019,9,15,4,2,0,6,0,0,1,0,0,0,1,0,7863080057,5834361244,132267,5258374
199325,11,4,4030726,Droysenstra·e,2019,9,16,4,3,5,3,0,1,1,0,0,0,0,0,7919497623,5825233921,1330171,5249892
199326,11,1,1011204,Leipziger Stra·e,2019,9,9,4,3,5,3,0,1,1,0,0,0,0,0,7985571436,5826814789,1340018,5250952
199327,11,2,2030401,Reichenberger Stra·e,2019,9,8,4,3,6,4,0,0,1,1,0,0,0,0,8008788314,5825318875,1343293,5249483
199328,11,8,8041040,Waltersdorfer Chaussee Ost,2019,9,13,4,3,6,2,0,0,1,1,0,0,0,0,8057944972,5816849727,1349736,524162
199329,11,1,1011202,Unter den Linden Nord,2019,9,13,4,3,5,2,0,1,1,0,0,0,0,0,7975943006,5828064041,1338715,5252124
199330,11,9,9010101,Elsenstra·e,2019,9,23,4,3,0,1,2,1,0,0,0,0,0,0,8023068598,5825328781,1345391,5249413
199331,11,11,11040926,Weitlingstra·e,2019,9,16,4,3,5,3,0,1,1,0,0,0,0,0,8061330342,5826709065,1351137,5250437
199332,11,10,10040828,Kaulsdorf Nord,2019,9,8,4,3,5,3,0,0,1,0,0,0,0,0,8123390384,5829697126,1360531,5252763
199333,11,1,1022201,Stephankiez,2019,9,22,4,2,1,5,2,1,0,0,0,0,1,0,7956700169,5829262409,1335994,5253303
199334,11,1,1011301,CharitÇviertel,2019,9,21,4,3,1,1,2,1,1,0,0,0,0,0,7975796615,5828552126,1338737,5252562
199335,11,6,6040703,Nikolassee,2019,9,19,4,3,1,5,2,1,1,0,0,0,0,0,7870448768,581729397,1322283,5243034
199336,11,7,7020202,Volkspark (Rudolf-Wilde-Park),2019,9,19,4,3,2,6,1,0,1,0,0,0,0,0,7949900082,5823919772,1334521,5248551
199337,11,5,5010314,Carl-Schurz-Stra·e,2019,9,18,4,3,5,7,1,0,1,0,1,0,0,0,7842281337,5828948428,1319145,525363
199338,11,11,11030721,RÅdigerstra·e,2019,9,18,4,3,0,3,0,1,1,0,0,0,0,0,8048333841,5827748044,1349323,5251441
199339,11,4,4030623,Ernst-Reuter-Platz,2019,9,18,4,3,6,4,0,0,1,1,0,0,0,0,7939326594,5826512808,1333197,5250932
199340,11,3,3020307,Buchholz,2019,9,17,4,2,6,7,0,0,1,1,0,0,0,0,8001646902,5836534857,1343258,5259576
199341,11,1,1011201,Wilhelmstra·e,2019,9,17,4,3,6,2,0,0,1,1,0,0,0,0,796994338,5826617881,1337704,5250861
199342,11,2,2050803,Stralauer Kiez,2019,9,17,4,3,3,6,0,0,1,0,0,0,0,0,8028312277,582610602,1346232,5250081
199343,11,6,6030504,Teltower Damm,2019,9,17,4,3,1,7,0,0,1,0,0,0,0,0,7898018335,5816750096,132628,5242401
199344,11,5,5030730,Zitadellenweg,2019,9,16,4,3,2,3,0,1,1,0,0,0,0,0,786601792,5830059839,1322731,5254502
199345,11,9,9020701,Adlershof West,2019,9,8,4,3,0,6,0,0,1,0,0,0,0,0,8080297686,5819785087,1353283,5244125
199346,11,5,5020626,Adamstra·e,2019,9,16,4,3,5,3,0,0,1,0,0,0,0,0,7850914221,582759169,1320298,5252369
199347,11,3,3061429,Greifswalder Stra·e,2019,9,15,4,3,2,2,0,1,1,0,0,0,0,0,8013456202,583061599,1344459,5254205
199348,11,9,9051701,Hirschgarten,2019,9,6,4,3,5,2,1,1,0,0,0,0,1,0,812938755,5821379441,1360631,5245275
199349,11,9,9010302,SpÑthsfelde,2019,9,6,4,3,5,2,0,1,1,0,0,0,0,0,8038421722,5820985842,134725,5245436
199350,11,1,1011303,Alexanderplatzviertel,2019,9,15,4,3,6,4,0,0,0,1,0,0,1,0,7991519927,5828216802,1341018,5252176
199351,11,5,5010314,Carl-Schurz-Stra·e,2019,9,5,4,2,6,2,2,0,1,1,0,0,0,0,7848018195,5828811554,1319977,5253478
199352,11,12,12103115,Breitkopfbecken,2019,9,14,4,3,5,2,0,1,1,0,0,0,0,0,7953307214,5833842353,1335903,5257427
199353,11,7,7040405,Rathaus Tempelhof,2019,9,14,4,3,5,3,0,1,1,0,0,0,0,0,7991495234,5821299005,1340393,5245975
199354,11,4,4030620,Alt-Lietzow,2019,9,14,4,3,5,3,0,0,1,0,1,0,0,0,7921485538,582732256,1330647,5251754
199355,11,12,12302110,Dannenwalder Weg,2019,9,14,4,3,6,4,0,0,1,1,0,0,0,1,7945585311,5835783151,1334939,5259209
199356,11,7,7010102,Nollendorfplatz,2019,9,13,4,2,6,2,0,0,1,1,0,0,0,0,795518599,5825369819,1335426,5249822
199357,11,2,2030302,Lausitzer Platz,2019,9,13,4,3,0,3,0,1,0,0,1,0,0,0,800658209,5826577874,1343083,5250624
199358,11,11,11051331,Karlshorst Nord,2019,9,10,4,2,4,2,0,1,0,0,0,0,1,0,80775508,5824028585,1353271,5247944
199359,11,1,1033202,Humboldthain SÅd,2019,9,7,4,3,6,2,0,0,1,1,0,0,0,0,7977624783,5829745203,1339113,5253622
199360,11,12,12214422,Klixstra·e,2019,9,10,4,3,5,2,0,0,1,0,0,0,1,0,7922168217,5833724075,133131,5257489
199361,11,8,8010406,Treptower Stra·e Nord,2019,9,9,4,2,5,3,0,0,1,0,1,0,0,0,8026221608,582436573,1345767,5248533