OBJECTID,LAND,BEZ,LOR,STRASSE,UJAHR,UMONAT,USTUNDE,UWOCHENTAG,UKATEGORIE,UART,UTYP1,ULICHTVERH,IstRad,IstPKW,IstFuss,IstKrad,IstGkfz,IstSonstige,USTRZUSTAND,LINREFX,LINREFY,XGCSWGS84,YGCSWGS84
199362,11,5,5010208,Germersheimer Platz,2019,9,9,4,3,5,3,0,1,1,0,0,0,0,0,7838250211,5830154407,1318655,5254733
199363,11,10,10010308,Marzahner Chaussee,2019,9,9,4,3,5,2,0,1,1,0,0,0,0,0,8063183014,5830168815,1351727,5253527
199364,11,2,2040701,Andreasviertel,2019,9,8,4,3,5,2,0,1,1,0,0,0,0,0,8003155027,5827619739,1342674,5251577
199365,11,8,8020622,Parchimer Allee,2019,9,7,4,3,5,7,0,1,1,0,0,0,0,0,8020076944,581993188,1344464,5244593
199366,11,2,2030302,Lausitzer Platz,2019,9,6,4,3,5,3,0,1,0,0,1,0,0,1,8008472584,5826462001,134335,525051
199367,11,5,5020625,Borkumer Stra·e,2019,9,9,4,2,5,3,0,0,1,0,0,0,1,0,7847537049,5828627868,131989,5253315
199368,11,2,2020205,Chamissokiez,2019,9,16,3,3,1,5,0,1,1,0,0,0,0,0,7982807277,5824716338,1339424,5249086
199369,11,3,3050923,Wei·enseer Spitze,2019,9,22,3,3,5,3,2,0,1,0,0,0,0,1,8011091827,5831522157,1344193,5255031
199370,11,1,1022207,Hansaviertel,2019,9,22,3,2,6,4,2,1,0,1,0,0,0,1,7946966662,5827418746,13344,5251703
199371,11,1,1011401,Invalidenstra·e,2019,9,21,3,3,6,4,2,1,0,1,0,0,0,1,7981255857,5829345109,1339611,5253243
199372,11,10,10010206,Ringkolonnaden,2019,9,20,3,2,5,3,2,0,1,0,0,0,0,1,8099729529,5832046053,1357273,5255003
199373,11,1,1033102,Gesundbrunnen,2019,9,19,3,3,5,2,1,0,1,0,0,0,1,1,7976682903,5831309014,1339115,5255029
199374,11,5,5020627,Tiefwerder,2019,9,19,3,3,5,2,2,0,1,0,0,0,0,0,785983759,5827953427,1321641,5252646
199375,11,3,3061429,Greifswalder Stra·e,2019,9,19,3,2,6,4,0,0,1,1,0,0,0,1,8019244912,5830672398,1345315,5254224
199376,11,12,12103219,SchÑfersee,2019,9,18,3,3,2,6,1,0,1,0,0,0,0,1,7950978099,5832470406,1335438,525621
199377,11,2,2040502,Friedenstra·e,2019,9,18,3,3,2,7,1,0,1,0,1,0,0,1,8008730559,5828490519,1343572,5252326
199378,11,8,8010301,Reuterkiez,2019,9,18,3,3,6,4,2,0,0,1,1,0,0,1,8009847939,5824783452,1343401,5248998
199379,11,2,2040502,Friedenstra·e,2019,9,17,3,3,0,2,1,1,1,0,0,0,0,1,800483853,5828469113,1342998,5252329
199380,11,3,3040818,Pankow SÅd,2019,9,18,3,3,5,2,0,0,1,0,1,0,0,1,7987718206,5832593806,1340853,525612
199381,11,8,8040933,Vogelviertel SÅd,2019,9,15,3,3,0,2,0,1,1,0,0,0,0,0,8030199057,5819379025,1345898,5244041
199382,11,3,3061228,Erich-Weinert-Stra·e,2019,9,16,3,2,2,6,0,0,1,0,0,0,0,1,800346491,5830853643,1343011,5254474
199383,11,9,9051901,Dammvorstadt,2019,9,17,3,3,2,6,0,0,1,0,0,0,0,1,8107551729,5821229502,1357414,5245265
199384,11,10,10010102,Havemannstra·e,2019,9,17,3,3,5,3,1,0,1,0,1,0,0,1,8094488063,5834612584,1356742,5257333
199385,11,9,9051901,Dammvorstadt,2019,9,17,3,3,2,6,0,0,1,0,0,0,0,1,8096615489,5821478686,1355833,5245551
199386,11,2,2030302,Lausitzer Platz,2019,9,14,3,3,2,6,0,0,1,0,1,0,0,1,8003801051,5825798611,1342604,5249941
199387,11,5,5030730,Zitadellenweg,2019,9,14,3,3,2,6,0,0,1,0,0,0,0,1,7860085689,5829183617,1321783,5253748
199388,11,4,4030621,Spreestadt,2019,9,12,3,3,6,4,0,0,0,1,1,0,0,1,7930702898,5827668669,1332032,5252015
199389,11,11,11040926,Weitlingstra·e,2019,9,12,3,2,5,2,0,1,1,0,0,0,0,1,8066986441,5826916611,1351986,5250591
199390,11,2,2020203,Viktoriapark,2019,9,11,3,3,3,6,0,0,1,0,0,0,0,0,7978145167,5824907091,1338756,5249282
199391,11,10,10010308,Marzahner Chaussee,2019,9,11,3,3,5,2,0,0,1,0,0,0,0,0,8063132421,5830191255,1351722,5253548
199392,11,3,3050925,Komponistenviertel Wei·ensee,2019,9,11,3,2,5,2,0,0,1,0,0,0,1,0,8026911312,5831796914,1346544,5255189
199393,11,7,7010101,Wittenbergplatz/Viktoria-Luise-Platz,2019,9,10,3,3,5,7,0,0,0,0,1,0,1,0,7946471034,5825224383,1334133,5249739
199394,11,2,2010103,Moritzplatz,2019,9,12,4,3,2,6,0,0,1,0,0,1,0,1,7998255527,582574291,1341785,5249921
199395,11,3,3061228,Erich-Weinert-Stra·e,2019,9,10,3,3,5,3,0,0,1,0,1,0,0,0,8008043517,5830903534,1343689,5254493
199396,11,11,11030619,Fennpfuhl Ost,2019,9,5,3,3,7,7,1,1,0,0,0,0,0,0,8036139352,5829766808,1347716,5253318
199397,11,4,4051446,Preu·enpark,2019,9,10,3,3,5,2,0,1,1,0,0,0,0,0,7923169356,582523337,1330711,5249872
199398,11,4,4030623,Ernst-Reuter-Platz,2019,9,23,3,3,2,1,2,0,1,0,1,0,0,0,7932145067,5826767955,1332164,52512
199399,11,8,8010211,Flughafenstra·e,2019,9,9,3,3,2,6,0,0,1,0,0,0,0,0,8003560574,582430357,1342434,5248602
199400,11,3,3020307,Buchholz,2019,9,9,3,3,5,2,0,1,1,0,0,0,0,0,7992621692,583764899,1342031,5260624
199401,11,12,12301203,Wittenau SÅd,2019,9,23,3,3,5,3,2,1,1,0,0,0,0,0,7933522399,5836046457,1333187,525951
199402,11,6,6030504,Teltower Damm,2019,9,15,3,3,5,3,0,1,0,0,0,0,0,0,7896333304,581702924,1326057,524266
199403,11,2,2020203,Viktoriapark,2019,9,9,3,3,2,2,0,1,1,0,0,0,0,0,7971794874,5824753782,133781,5249179
199404,11,6,6020302,Komponistenviertel Lankwitz,2019,9,8,3,2,1,5,0,1,1,0,0,0,0,0,7944576023,5818806492,1333288,5243996
199405,11,5,5020626,Adamstra·e,2019,9,21,3,3,5,3,2,1,1,0,0,0,0,0,7842323396,5827368095,1319016,5252213
199406,11,5,5020419,Magistratsweg,2019,9,8,3,3,0,2,0,1,0,0,0,0,1,0,7808758989,5828336119,1314164,5253255
199407,11,3,3040818,Pankow SÅd,2019,9,8,3,3,6,7,0,1,0,1,0,0,0,0,7997837546,5832261794,1342311,5255767
199408,11,11,11010204,Falkenberg Ost,2019,9,6,3,3,5,2,0,1,1,0,0,0,0,0,8073514629,5833148318,1353521,5256139
199409,11,1,1044101,Rehberge,2019,9,16,3,3,1,1,0,0,1,0,0,0,0,1,7942272029,5829976776,1333936,5254022
199410,11,9,9052001,Kîpenick Nord,2019,9,16,3,2,5,7,0,0,1,0,0,0,1,0,8113560472,5822551204,1358419,5246416
199411,11,2,2010103,Moritzplatz,2019,9,17,3,2,6,4,0,0,0,1,1,0,0,0,799426758,582615045,1341236,5250309
199412,11,6,6010207,Mittelstra·e,2019,9,16,3,3,5,3,0,1,0,0,0,0,1,1,7937468588,5819871128,1332339,5244988
199413,11,2,2010103,Moritzplatz,2019,9,16,3,3,5,3,0,0,1,0,0,0,0,0,7990270443,58260619,1340641,5250251
199414,11,3,3040818,Pankow SÅd,2019,9,16,3,3,5,3,0,1,1,0,0,0,0,1,7999795224,5833095534,1342675,5256503
199415,11,2,2010103,Moritzplatz,2019,9,16,3,3,5,3,0,1,1,0,0,0,0,1,7989977806,582570703,1340566,5249935
199416,11,10,10040931,Mahlsdorf Nord,2019,9,16,3,2,2,6,0,0,1,0,0,0,0,0,8134796152,5829462134,1362184,5252487
199417,11,2,2020204,Urbanstra·e,2019,9,16,3,3,5,7,0,1,1,0,0,0,0,1,7980035985,5825270555,1339067,5249598
199418,11,11,11020515,Landsberger Allee,2019,9,15,3,3,0,3,0,0,1,0,0,0,1,0,8035615561,5830184887,1347677,5253696
199419,11,11,11030619,Fennpfuhl Ost,2019,9,6,3,3,6,4,0,0,0,1,1,0,0,0,8039973331,5829072752,1348216,5252675
199420,11,4,4030931,Breitscheidplatz,2019,9,15,3,2,3,6,0,0,1,0,1,0,0,0,7938772989,5826059281,1333076,5250529
199421,11,11,11020411,Malchower Weg,2019,9,16,3,2,5,3,0,0,1,0,1,0,0,1,805975021,5832534176,1351441,5255667
199422,11,1,1044103,Westliche MÅllerstra·e,2019,9,16,3,3,5,3,0,0,1,0,0,0,0,1,7946492725,5830520463,1334605,5254486
199423,11,5,5020625,Borkumer Stra·e,2019,9,15,3,3,5,7,0,1,1,0,0,0,0,0,7842724762,5828074443,1319135,5252844
199424,11,12,12103115,Breitkopfbecken,2019,9,15,3,3,6,4,0,0,1,1,0,0,0,0,7956483706,5833552446,1336344,525715
199425,11,2,2040502,Friedenstra·e,2019,9,15,3,3,2,7,0,0,1,0,0,0,0,1,800964159,5828226247,1343682,5252085
199426,11,2,2010103,Moritzplatz,2019,9,15,3,3,5,3,0,1,1,0,0,0,0,1,7995980653,5825841476,134146,5250022
199427,11,8,8041036,Zittauer Stra·e,2019,9,14,3,3,5,3,0,1,1,0,0,0,0,0,8051493517,5817087648,1348812,5241869
199428,11,11,11020514,Gro·e-Leege-Stra·e,2019,9,15,3,2,0,3,0,1,1,0,0,0,0,1,8047290296,5831191408,1349485,5254533
199429,11,1,1022201,Stephankiez,2019,9,13,3,3,5,2,0,0,1,0,0,0,0,0,7954763651,5829575127,1335737,5253594
199430,11,11,11030721,RÅdigerstra·e,2019,9,15,3,3,0,1,0,0,0,0,1,0,0,1,8039177583,5828019656,1348003,5251736
199431,11,1,1011103,LÅtzowstra·e,2019,9,13,3,3,5,2,0,0,1,0,0,0,0,0,7951838663,5825907426,1334982,5250322
199432,11,11,11030720,Herzbergstra·e,2019,9,14,3,2,2,6,0,0,1,0,0,1,1,1,8053991942,583001929,1350363,5253445
199433,11,1,1033101,Soldiner Stra·e,2019,9,10,3,3,5,2,0,0,1,0,1,0,0,0,7974245413,5832537194,1338866,5256143
199434,11,2,2010104,Wassertorplatz,2019,9,14,3,3,2,6,0,0,1,0,1,0,0,1,7996504775,5825661599,134152,5249858
199435,11,1,1011301,CharitÇviertel,2019,9,13,3,3,0,1,0,0,0,0,1,0,0,1,7970043761,58289456,1337927,5252947
199436,11,3,3071638,Winsstra·e,2019,9,10,3,3,2,5,0,0,1,0,0,0,0,0,7998159264,5829030512,1342067,5252869
199437,11,1,1011204,Leipziger Stra·e,2019,9,8,3,3,5,2,0,1,1,0,0,0,0,0,7988992338,582734778,1340568,5251411
199438,11,7,7010102,Nollendorfplatz,2019,9,17,3,3,5,3,0,1,1,0,0,0,0,0,7957043949,5825458968,1335706,5249892
199439,11,1,1044201,Reinickendorfer Stra·e,2019,9,8,3,3,5,2,0,1,1,0,0,0,0,0,7967052717,5831623605,1337727,5255363
199440,11,7,7040402,Lindenhofsiedlung,2019,9,17,2,3,0,7,0,0,0,0,1,0,1,1,7967144424,5821152197,1336807,5245976
199441,11,2,2030401,Reichenberger Stra·e,2019,9,8,3,3,0,2,0,1,0,0,1,0,0,0,8006955395,5825390879,1343031,5249558
199442,11,8,8010405,Hertzbergplatz,2019,9,13,2,3,2,7,0,0,1,0,0,0,1,0,8024996369,5823346993,1345495,5247626
199443,11,3,3050924,Behaimstra·e,2019,9,8,3,3,2,6,0,1,1,0,0,0,0,0,8016668832,5831709965,134503,5255168
199444,11,1,1044202,Sparrplatz,2019,9,7,2,3,5,2,0,0,1,0,0,1,0,0,7948985117,5830250079,1334947,525423
199445,11,2,2010102,Mehringplatz,2019,9,7,3,3,2,6,1,0,1,0,0,1,0,0,7984387048,5826520417,1339818,5250694
199446,11,4,4030827,Karl-August-Platz,2019,9,12,2,3,6,4,0,0,1,1,0,0,0,0,7919027984,582644592,1330209,5250981
199447,11,6,6010204,Munsterdamm,2019,9,22,2,3,1,5,2,0,1,0,0,0,0,0,7955331159,5820013394,1334972,5245019
199448,11,1,1011302,Oranienburger Stra·e,2019,9,7,3,3,3,6,0,1,1,0,0,0,0,0,7989512733,5828436422,1340743,5252384
199449,11,1,1022103,Westhafen,2019,9,18,2,3,5,2,0,0,1,0,1,0,0,0,7936937939,5829198269,1333083,5253352
199450,11,12,12231102,Frohnau,2019,9,7,3,3,2,7,0,0,1,0,0,0,0,0,7903718356,5839362474,132909,5262642
199451,11,12,12301206,LÅbars,2019,9,18,2,3,2,6,0,0,1,0,0,0,0,0,7950236499,5838070328,1335827,5261234
199452,11,1,1022101,Huttenkiez,2019,9,17,2,3,5,2,0,1,1,0,0,0,0,0,7932860525,5829033163,1332469,5253226
199453,11,4,4020313,Kînigin-Elisabeth-Stra·e,2019,9,7,3,3,2,2,1,0,1,0,0,0,0,0,7905371252,582637154,1328196,5250987
199454,11,3,3040614,Pankow Zentrum,2019,9,17,2,3,4,6,0,1,1,0,0,0,0,0,7981538869,5833694472,1340043,525714
199455,11,4,4030519,Kaiserin-Augusta-Allee,2019,9,5,3,3,6,4,2,0,0,1,1,0,0,0,7920599925,5828666278,1330635,5252963
199456,11,4,4010101,Jungfernheide,2019,9,17,2,3,3,6,0,0,1,0,0,0,0,0,7912675951,5830709721,1329649,5254838
199457,11,10,10020413,Gut Hellersdorf,2019,9,0,3,3,9,1,2,0,1,0,0,0,0,0,8109376757,5831628482,1358653,5254574
199458,11,7,7040402,Lindenhofsiedlung,2019,9,17,2,3,0,7,0,0,0,0,1,0,0,1,7967006153,5821137649,1336785,5245964
199459,11,2,2010102,Mehringplatz,2019,9,22,3,2,5,3,2,1,1,1,0,0,0,0,798346979,5825559333,1339597,5249838
199460,11,7,7040402,Lindenhofsiedlung,2019,9,17,2,3,0,7,0,0,0,0,1,0,1,1,7966165921,5821140171,1336662,5245971
199461,11,8,8030831,Gropiusstadt Ost,2019,9,16,2,2,5,2,0,1,0,0,0,0,1,0,8046972274,5817818177,1348216,5242549
199462,11,8,8010214,Glasower Stra·e,2019,9,9,2,3,0,3,0,1,0,0,0,1,0,0,8018595144,5822386125,1344468,5246801
199463,11,9,9020701,Adlershof West,2019,9,14,2,3,5,2,0,1,1,0,0,0,0,0,8077227203,5818115205,1352679,5242646
199464,11,7,7070702,Alt-Lichtenrade/Tîpchiner Weg,2019,9,16,2,2,5,3,0,0,1,0,0,0,0,0,7999627645,5815428304,134106,5240668
199465,11,3,3040818,Pankow SÅd,2019,9,20,2,3,0,6,2,1,1,0,0,0,0,0,7994778476,5832755627,1341906,5256226
199466,11,8,8010213,Kîrnerpark,2019,9,16,2,3,6,7,0,0,0,1,0,0,1,0,8016131822,5822562652,1344123,5246972
199467,11,4,4041238,Kissinger Stra·e,2019,9,16,2,3,5,3,0,1,1,0,0,0,0,0,791670024,5823246435,1329587,5248125
199468,11,9,9010202,Kîpenicker Landstra·e,2019,9,16,2,3,1,7,0,0,1,0,0,0,0,0,8039452714,5823118582,1347596,5247341
199469,11,11,11010205,Falkenberg West,2019,9,14,2,3,2,6,0,0,1,0,0,0,0,0,806324199,5833857704,1352076,5256833
199470,11,2,2050802,Boxhagener Platz,2019,9,15,2,3,1,5,0,1,1,0,0,0,0,0,8021797778,5827134503,1345369,5251039
199471,11,12,12214125,Waldidyll/Flughafensee,2019,9,15,2,3,2,6,0,0,1,0,0,0,0,0,7880468261,5831003044,1324938,5255272
199472,11,1,1011102,Gro·er Tiergarten,2019,9,9,2,3,2,2,0,0,1,0,0,1,0,0,79505264,582718491,1334902,5251474
199473,11,1,1044203,Leopoldplatz,2019,9,14,2,2,5,2,0,0,1,0,0,0,0,0,7958841997,5831962438,1336549,5255712
199474,11,9,9031001,Bohnsdorf,2019,9,8,2,3,5,3,0,1,1,0,0,0,0,0,8108477825,5815493752,1357017,524012
199475,11,8,8010211,Flughafenstra·e,2019,9,14,2,3,6,7,0,1,0,1,0,0,0,0,8003567239,5824213683,1342427,5248521
199476,11,5,5030731,Gartenfelder Stra·e,2019,9,8,2,3,2,6,0,0,1,0,0,0,0,0,788000774,5829367383,1324728,5253808
199477,11,12,12214424,Scharnweberstra·e,2019,9,11,2,2,5,3,0,0,0,0,1,0,1,0,7932980941,5832574536,13328,52564
199478,11,10,10010308,Marzahner Chaussee,2019,9,8,2,3,5,2,0,1,1,0,0,0,0,0,807200008,5829145792,1352929,5252561
199479,11,6,6020305,Gemeindepark Lankwitz,2019,9,14,2,3,2,7,0,0,1,0,1,0,0,0,7956233379,5817010639,1334839,5242323
199480,11,11,11041128,Sewanstra·e,2019,9,10,2,3,6,4,0,0,1,1,0,0,0,0,8060182982,5826452286,1350944,5250213
199481,11,4,4051447,Ludwigkirchplatz,2019,9,8,2,3,5,2,0,1,1,0,0,0,0,0,7931568504,5824516691,1331881,5249184
199482,11,1,1011203,Unter den Linden SÅd,2019,9,9,2,3,5,2,0,1,1,0,0,0,0,0,798201916,5827421858,1339551,5251515
199483,11,7,7050501,Rathausstra·e,2019,9,7,2,3,2,2,0,0,1,0,0,1,0,0,7977406491,5819114539,1338131,5244094
199484,11,1,1011302,Oranienburger Stra·e,2019,9,10,2,3,6,7,0,0,1,1,0,0,0,0,7977593471,5828330057,1338982,5252354
199485,11,1,1044203,Leopoldplatz,2019,9,21,2,2,6,4,2,0,1,1,0,0,0,0,796011652,5831416212,1336688,5255215
199486,11,5,5010313,Ackerstra·e,2019,9,14,2,3,2,6,0,0,1,0,0,0,1,0,7846516952,5829727756,1319835,5254307
199487,11,12,12214422,Klixstra·e,2019,9,19,2,3,3,6,2,0,1,0,1,0,0,0,7922346732,5833258689,1331296,5257071
199488,11,2,2020204,Urbanstra·e,2019,9,9,2,3,5,2,0,1,1,0,0,0,0,1,7987918838,5824920462,1340193,5249241
199489,11,6,6030502,Zehlendorf SÅd,2019,9,9,2,3,5,3,0,1,1,0,0,0,0,1,7890797188,5815764743,1325135,5241555
199490,11,9,9051801,Rahnsdorf/Hessenwinkel,2019,9,20,2,2,2,7,2,0,1,0,0,0,0,0,8193784385,5819906724,1369935,5243583
199491,11,1,1044203,Leopoldplatz,2019,9,20,2,3,2,6,2,0,1,0,0,0,0,0,7958645195,5831925,1336517,5255679
199492,11,4,4030931,Breitscheidplatz,2019,9,9,2,3,6,2,0,0,1,1,0,0,0,0,7939400975,5826080968,133317,5250545
199493,11,1,1011305,Heine-Viertel West,2019,9,9,2,3,3,6,0,1,1,0,0,0,0,0,7996606163,5827084328,1341663,5251133
199494,11,9,9041501,Altstadt Kietz,2019,9,16,2,3,2,6,0,0,1,0,0,0,0,0,8113633291,5820111286,1358202,5244229
199495,11,4,4030931,Breitscheidplatz,2019,9,8,2,3,2,6,0,1,1,0,0,0,0,1,7945625859,5826001987,1334077,525044
199496,11,7,7040405,Rathaus Tempelhof,2019,9,9,2,2,5,3,0,1,0,0,0,0,0,0,7979421079,5822041348,1338688,5246707
199497,11,1,1011301,CharitÇviertel,2019,9,8,2,3,5,2,0,1,1,0,0,0,0,0,7969694202,5828808357,1337863,5252825
199498,11,3,3061227,Humannplatz,2019,9,8,2,3,0,2,0,1,1,0,0,0,0,0,8001599217,5831670374,1342811,5255216
199499,11,3,3010104,Lietzengraben,2019,9,15,2,3,5,3,0,0,1,0,0,0,0,0,8001115445,584024522,1343517,5262904
199500,11,6,6020410,Oberhofer Platz,2019,9,7,2,2,5,3,0,1,1,0,0,0,0,0,7944451153,5817316057,1333138,524266
199501,11,12,12224230,Heiligensee,2019,9,13,2,3,0,7,0,0,1,0,0,0,0,0,7864858507,5837722426,1323223,5261378
199502,11,7,7020202,Volkspark (Rudolf-Wilde-Park),2019,9,14,2,3,5,3,0,1,1,0,0,0,0,0,7948920102,5823919138,1334377,5248555
199503,11,4,4030930,George-Grosz-Platz,2019,9,11,2,3,5,7,0,0,1,0,0,0,1,0,7928401671,5825515527,1331504,5250097
199504,11,1,1011302,Oranienburger Stra·e,2019,9,19,2,3,0,4,2,1,0,1,0,0,0,0,7986016565,5828879274,1340269,52528
199505,11,8,8010211,Flughafenstra·e,2019,9,11,2,3,5,3,0,0,1,0,0,0,0,0,800428241,582384924,1342499,5248191
199506,11,8,8010117,Schillerpromenade,2019,9,7,2,3,2,7,0,0,1,0,0,0,0,0,8004974097,5822869293,1342513,5247309
199507,11,4,4010103,Paul-Hertz-Siedlung,2019,9,13,2,3,6,4,0,0,1,1,0,0,0,0,7913179052,5829728403,1329637,5253955
199508,11,1,1033102,Gesundbrunnen,2019,9,15,1,3,1,5,0,1,1,0,0,0,0,0,7972772076,5831910735,1338593,525559
199509,11,5,5020521,Dîberitzer Weg,2019,9,17,2,3,0,3,0,1,1,0,0,0,0,0,7806860779,5827868001,1313845,5252845
199510,11,11,11051229,Rummelsburg,2019,9,8,1,3,6,4,0,0,1,1,0,0,0,0,8041033481,5825989753,134809,5249906
199511,11,1,1011302,Oranienburger Stra·e,2019,9,13,2,3,0,1,0,1,0,0,0,0,0,0,7978754282,5828531457,133917,5252528
199512,11,4,4030931,Breitscheidplatz,2019,9,16,1,3,5,2,0,1,1,0,0,0,0,0,7939866853,5826152492,1333245,5250606
199513,11,4,4030725,Amtsgerichtsplatz,2019,9,18,1,3,0,7,0,0,0,0,1,0,0,1,7917271721,5826104293,1329921,5250684
199514,11,8,8010301,Reuterkiez,2019,9,9,2,3,5,2,0,1,1,0,0,0,0,0,8011027883,582435822,1343536,524861
199515,11,3,3050924,Behaimstra·e,2019,9,18,2,3,4,1,1,1,0,0,0,0,1,0,8016083575,5831413342,1344917,5254906
199516,11,8,8010118,Silbersteinstra·e,2019,9,16,1,3,0,7,0,0,0,1,0,0,1,0,8009148116,582230825,1343075,5246783
199517,11,1,1011102,Gro·er Tiergarten,2019,9,16,1,3,0,1,0,0,0,0,0,0,1,0,7951834983,5826878868,1335067,5251193
199518,11,1,1033203,Humboldthain Nordwest,2019,9,12,2,3,5,3,0,0,1,0,0,0,0,0,7966837488,5830124311,1337561,5254021
199519,11,9,9010101,Elsenstra·e,2019,9,16,1,3,2,6,0,1,1,0,0,0,0,0,8022508945,5824849782,1345266,5248987
199520,11,9,9041601,MÅggelheim,2019,9,12,2,3,5,3,0,1,1,0,0,0,0,0,8166416225,5817425396,1365687,5241519
199521,11,4,4051551,Brabanter Platz,2019,9,15,1,3,1,5,0,1,1,0,0,0,0,0,7929376429,5823317294,1331454,5248121
199522,11,4,4030620,Alt-Lietzow,2019,9,14,1,3,2,3,0,1,1,0,0,0,0,0,7917932005,5827491668,1330139,5251925
199523,11,3,3071537,Kollwitzplatz,2019,9,18,2,3,2,6,2,0,1,0,0,0,0,0,799573724,5828977162,1341706,5252834
199524,11,4,4010101,Jungfernheide,2019,9,13,1,3,5,2,0,0,0,0,1,0,0,0,7912085889,5829731013,1329476,5253963
199525,11,4,4010103,Paul-Hertz-Siedlung,2019,9,20,1,3,3,2,2,0,1,0,0,0,0,0,7911276552,5829152348,1329307,5253449
199526,11,4,4051445,Eisenzahnstra·e,2019,9,17,2,3,5,2,0,0,1,0,0,0,0,0,7924411503,5824104158,1330794,5248853
199527,11,1,1044102,Schillerpark,2019,9,18,1,2,5,3,0,1,1,0,0,0,0,0,7952772446,5831732913,1335636,5255539
199528,11,1,1022207,Hansaviertel,2019,9,17,2,3,6,7,0,0,1,1,0,0,0,0,7947463495,5827405639,1334472,5251689
199529,11,9,9020701,Adlershof West,2019,9,18,1,3,5,2,0,0,1,0,0,0,0,0,8083294667,5818868776,1353638,5243287
199530,11,7,7040403,Manteuffelstra·e,2019,9,17,1,3,5,2,0,1,1,0,0,0,0,0,7978504669,5821927573,1338543,524661
199531,11,9,9041501,Altstadt Kietz,2019,9,14,2,3,1,1,0,1,1,0,0,0,0,0,8108556004,5820529909,1357496,5244633
199532,11,1,1033201,Brunnenstra·e,2019,9,17,2,3,1,5,0,1,1,0,0,0,0,0,7978430024,5830434097,1339293,5254235
199533,11,1,1011102,Gro·er Tiergarten,2019,9,7,1,3,0,1,0,0,0,0,1,0,0,0,7965697577,5827815267,1337187,5251957
199534,11,2,2030302,Lausitzer Platz,2019,9,0,1,3,0,7,2,1,0,0,0,0,0,0,8016455922,5826072385,1344488,5250116
199535,11,4,4030931,Breitscheidplatz,2019,9,17,2,3,6,7,0,0,0,1,0,0,1,0,7936610971,582579462,1332735,5250303
199536,11,9,9010101,Elsenstra·e,2019,9,6,1,3,5,3,0,1,1,0,0,0,0,0,8023193244,5825532826,1345428,5249596
199537,11,8,8010510,Gewerbegebiet Kîllnische Heide,2019,9,11,2,3,2,2,0,0,1,0,0,0,0,0,802132294,5822014777,1344835,5246453
199538,11,8,8010213,Kîrnerpark,2019,9,10,2,3,1,5,0,0,1,0,0,0,1,0,8012975221,5822646375,1343667,5247065
199539,11,4,4010102,Plîtzensee,2019,9,6,1,3,2,6,1,0,1,0,1,0,0,0,793337984,5829739853,1332608,5253857
199540,11,4,4030931,Breitscheidplatz,2019,9,4,1,3,5,2,2,0,1,0,0,0,0,0,7939810724,5826175468,1333238,5250627
199541,11,5,5010339,Freiheit,2019,9,10,2,2,1,5,0,0,1,0,0,0,0,0,7857175635,5828348616,1321283,5253015
199542,11,5,5010339,Freiheit,2019,9,1,1,3,1,1,2,0,1,0,0,0,0,0,7879648143,5828204338,1324575,5252767
199543,11,7,7070706,Horstwalder Stra·e/Paplitzer Stra·e,2019,9,10,2,3,5,3,0,0,1,0,0,0,0,0,7998275644,5812671292,1340615,5238204
199544,11,9,9030901,Dorf Altglienicke,2019,9,4,7,3,5,3,2,0,1,0,0,0,0,0,8080982776,5816928925,135312,5241561
199545,11,8,8020727,Buckow Mitte,2019,9,17,2,3,5,7,0,1,1,0,0,0,0,0,8015581274,5817506874,1343585,5242444
199546,11,7,7050503,Eisenacher Stra·e,2019,9,14,7,3,2,6,0,0,1,0,0,0,0,0,7990260647,5819683048,1340067,5244533
199547,11,3,3040818,Pankow SÅd,2019,9,16,2,3,5,2,0,1,1,0,0,0,0,0,7996490299,5831843833,1342075,52554
199548,11,12,12214421,Reinickes Hof,2019,9,14,7,3,6,4,0,0,1,1,0,0,0,0,7934484685,5833529341,1333105,5257248
199549,11,1,1044101,Rehberge,2019,9,10,2,3,5,3,0,0,1,0,0,0,0,0,7942458394,5831424382,1334092,5255318
199550,11,12,12301205,Waidmannslust,2019,9,14,7,2,0,1,0,1,0,0,0,0,0,0,7923120308,5837794064,133181,5261132
199551,11,9,9052001,Kîpenick Nord,2019,9,10,2,3,2,7,0,0,1,0,1,0,0,0,810618403,5822959066,1357374,5246823
199552,11,7,7010104,Dennewitzplatz,2019,9,14,7,2,5,2,0,1,1,0,0,0,0,0,7959987577,5824957224,1336094,5249426
199553,11,4,4030623,Ernst-Reuter-Platz,2019,9,13,2,3,0,2,0,0,0,0,0,0,1,0,7936808253,5826359548,1332814,5250808
199554,11,3,3050923,Wei·enseer Spitze,2019,9,13,7,3,5,3,0,0,1,0,0,0,0,0,8010628035,583142544,1344116,5254947
199555,11,9,9020802,Kîllnische Vorstadt,2019,9,13,7,3,5,3,0,1,1,0,0,0,0,0,810487611,5820100325,1356917,5244269
199556,11,1,1044101,Rehberge,2019,9,20,1,3,5,3,2,1,1,0,0,0,0,0,7940334905,5830175902,1333669,525421
199557,11,9,9051701,Hirschgarten,2019,9,21,7,3,3,6,2,0,1,0,1,0,0,0,8124747137,5821292557,1359942,5245224
199558,11,11,11040926,Weitlingstra·e,2019,9,23,1,3,5,3,2,0,1,0,0,0,0,0,8061392486,582683937,1351158,5250554