OBJECTID,LAND,BEZ,LOR,STRASSE,UJAHR,UMONAT,USTUNDE,UWOCHENTAG,UKATEGORIE,UART,UTYP1,ULICHTVERH,IstRad,IstPKW,IstFuss,IstKrad,IstGkfz,IstSonstige,USTRZUSTAND,LINREFX,LINREFY,XGCSWGS84,YGCSWGS84
199559,11,4,4051655,Babelsberger Stra·e,2019,9,21,7,3,0,1,2,0,0,0,0,0,1,0,7939365838,5823415268,1332929,5248155
199560,11,6,6010205,SÅdende,2019,9,23,7,3,6,4,2,0,1,1,0,0,0,0,796311292,5819684085,1336085,5244682
199561,11,2,2020203,Viktoriapark,2019,9,20,1,3,5,2,2,1,1,0,0,0,0,0,79775344,5824294292,1338612,5248736
199562,11,1,1044201,Reinickendorfer Stra·e,2019,9,22,7,2,6,4,1,0,1,1,0,0,0,0,796848177,5831560682,1337931,5255299
199563,11,3,3061228,Erich-Weinert-Stra·e,2019,9,21,1,2,5,2,2,1,1,0,0,0,0,0,8001697637,5830964025,1342762,5254582
199564,11,4,4020311,Reichsstra·e,2019,9,21,7,3,5,2,2,0,1,0,0,0,0,0,78963333,5826235657,1326856,5250914
199565,11,1,1033102,Gesundbrunnen,2019,9,21,1,3,3,6,2,0,1,0,0,0,0,0,7972608384,5831299634,1338515,5255043
199566,11,11,11041022,Rosenfelder Ring,2019,9,21,7,3,6,4,2,0,1,1,0,0,0,0,8066001979,582777459,1351921,5251366
199567,11,9,9051901,Dammvorstadt,2019,9,20,1,3,0,7,2,0,0,0,1,0,0,1,8096620848,5821476299,1355833,5245549
199568,11,1,1011402,Arkonaplatz,2019,9,13,7,3,0,7,0,1,0,0,0,0,0,0,7986278435,582936222,1340351,5253231
199569,11,7,7040404,Marienhîhe,2019,9,21,7,3,0,1,2,0,0,0,1,0,0,0,7974269099,5820387104,1337784,5245252
199570,11,7,7010102,Nollendorfplatz,2019,9,19,1,3,5,3,2,1,1,0,0,0,0,0,7959143453,5825161279,1335988,5249613
199571,11,4,4030518,Tegeler Weg,2019,9,19,1,3,5,2,2,0,1,0,0,0,1,0,7913885681,5828584858,1329641,5252926
199572,11,6,6010102,Schlo·stra·e,2019,9,13,7,3,5,2,0,0,1,0,1,0,0,0,7932908859,5821108013,1331779,5246121
199573,11,12,12103116,Hausotterplatz,2019,9,15,1,3,4,6,0,0,1,0,0,0,0,0,796119755,5833428732,1337027,5257013
199574,11,2,2020203,Viktoriapark,2019,9,20,7,3,1,5,2,1,1,0,0,0,0,0,7975140364,5824836529,1338309,5249235
199575,11,4,4030930,George-Grosz-Platz,2019,9,14,1,2,3,6,0,1,0,0,0,0,1,0,7934999205,5825729522,1332492,5250253
199576,11,6,6010205,SÅdende,2019,9,12,7,3,5,5,0,0,1,0,0,0,0,0,7952035158,581999706,1334487,5245023
199577,11,12,12214527,Alt-Tegel,2019,9,11,7,3,5,2,0,0,1,0,0,0,0,0,7903632449,5834875251,1328684,525862
199578,11,6,6030606,Hindenburgdamm,2019,9,14,1,3,1,5,0,0,1,0,1,0,0,0,7931881534,5818207465,1331373,5243527
199579,11,2,2010101,Askanischer Platz,2019,9,13,1,3,5,7,0,0,1,0,0,0,1,0,797274725,5826294892,1338088,5250556
199580,11,6,6030610,Lichterfelde West,2019,9,19,7,2,0,1,1,0,0,0,1,0,0,0,7920077453,5818968346,1329708,5244272
199581,11,6,6020303,Lankwitz Kirche,2019,9,18,7,2,2,6,0,0,1,0,0,0,0,0,7956387746,5818259439,1334972,5243441
199582,11,10,10010102,Havemannstra·e,2019,9,13,1,3,5,7,0,0,1,0,1,0,0,0,8093455685,5834284429,135656,5257045
199583,11,6,6020410,Oberhofer Platz,2019,9,10,7,3,0,6,0,0,1,0,1,0,0,0,7942625498,5817558012,1332892,5242887
199584,11,3,3061332,Helmholtzplatz,2019,9,13,1,2,5,7,0,1,1,0,0,0,0,0,7998711501,5830870556,1342314,5254515
199585,11,9,9010401,Johannisthal West,2019,9,9,7,3,3,6,0,1,0,0,0,0,0,0,8055805324,5821600976,1349857,524589
199586,11,3,3061126,Arnimplatz,2019,9,9,7,3,2,6,0,0,1,0,0,0,0,0,7992444862,5831804448,1341477,5255387
199587,11,12,12214421,Reinickes Hof,2019,9,12,1,3,5,3,0,0,1,0,1,0,0,0,7934019442,5833178733,1333006,5256936
199588,11,9,9020802,Kîllnische Vorstadt,2019,9,9,7,2,6,4,0,0,1,1,0,0,0,0,8106946384,581956636,1357171,5243778
199589,11,9,9041301,Kietzer Feld/Nachtheide,2019,9,12,1,2,5,3,0,0,1,0,1,0,0,0,8121043657,5819738934,1359254,5243853
199590,11,6,6040804,Krumme Lanke,2019,9,9,7,3,6,4,0,1,0,1,0,0,0,0,7876526747,5818154254,1323249,5243773
199591,11,6,6030610,Lichterfelde West,2019,9,19,1,2,2,2,1,1,1,0,0,0,0,0,7919803456,5818992746,132967,5244295
199592,11,3,3030716,MÑrchenland,2019,9,8,7,3,6,4,0,1,0,1,0,0,0,0,802507434,5833837412,134646,5257028
199593,11,11,11030619,Fennpfuhl Ost,2019,9,11,7,3,5,2,0,1,1,0,0,0,0,0,8035484357,5829724318,1347616,5253284
199594,11,1,1011202,Unter den Linden Nord,2019,9,16,7,3,1,6,0,1,1,0,0,0,0,0,7976738233,5827980122,1338825,5252045
199595,11,12,12301204,Wittenau Nord,2019,9,16,7,3,0,1,0,0,0,0,1,0,0,0,7927195791,5835819578,1332235,525934
199596,11,11,11030618,Fennpfuhl West,2019,9,20,7,3,1,5,2,0,1,0,0,0,1,0,8025060377,5828941563,1346012,525264
199597,11,1,1011105,Nîrdlicher Landwehrkanal,2019,9,19,7,3,5,3,2,0,1,0,0,0,0,0,7965833666,5826869169,1337123,5251108
199598,11,7,7040404,Marienhîhe,2019,9,15,7,3,3,6,0,1,1,0,0,0,0,0,7965757306,5820074555,1336507,5245018
199599,11,9,9010402,Johannisthal Ost,2019,9,14,7,3,5,2,0,0,1,0,0,0,1,0,8058878584,5818966153,1350067,5243511
199600,11,3,3061227,Humannplatz,2019,9,18,7,3,1,5,1,0,1,0,0,0,1,0,8001009269,5831154624,1342678,5254757
199601,11,12,12302110,Dannenwalder Weg,2019,9,2,7,3,1,5,2,0,1,0,0,0,0,0,7948084633,5836295863,1335352,5259655
199602,11,3,3030405,Karow Nord,2019,9,17,7,3,5,3,0,1,1,0,0,0,0,0,8041555217,5838842838,1349344,5261423
199603,11,7,7030303,Grazer Platz,2019,9,0,7,3,1,3,2,1,1,0,0,0,0,0,794864192,5821591994,133413,5246471
199604,11,9,9020701,Adlershof West,2019,9,16,7,2,5,2,0,0,1,0,0,0,0,0,8077113,5818115267,1352662,5242646
199605,11,7,7070706,Horstwalder Stra·e/Paplitzer Stra·e,2019,9,13,6,3,1,5,0,1,1,0,0,0,0,0,80002719,5813186206,1340954,5238655
199606,11,10,10020414,Helle Mitte,2019,9,13,7,3,1,5,0,1,1,0,0,0,0,0,8120552316,583089274,1360226,5253851
199607,11,4,4051448,Schaperstra·e,2019,9,10,6,3,0,7,0,1,0,0,0,0,0,0,7939966695,5825513957,1333203,5250033
199608,11,1,1022202,Heidestra·e,2019,9,10,7,3,5,2,0,0,1,0,0,0,0,0,7956673825,5829740731,1336033,5253732
199609,11,12,12214424,Scharnweberstra·e,2019,9,14,6,3,5,7,0,0,1,0,0,0,0,0,793104596,5832646916,1332521,5256476
199610,11,10,10040932,Alt-Mahlsdorf,2019,9,7,7,2,6,4,0,0,0,1,0,0,1,0,8129250706,5827945782,1361227,525116
199611,11,7,7040403,Manteuffelstra·e,2019,9,14,6,3,2,6,0,0,1,0,0,0,0,0,7973441268,5821896547,1337797,5246609
199612,11,5,5020626,Adamstra·e,2019,9,13,6,3,2,6,0,0,1,0,0,0,0,0,784540111,5827996487,1319522,525276
199613,11,12,12214424,Scharnweberstra·e,2019,9,15,7,3,1,5,0,1,1,0,0,0,1,0,7923083314,5832913652,1331374,5256758
199614,11,1,1011304,Karl-Marx-Allee,2019,9,13,6,3,3,6,0,1,0,0,0,0,0,0,7997399663,5827544148,1341821,5251541
199615,11,12,12304313,Borsigwalde,2019,9,15,7,3,2,7,0,0,1,0,0,0,0,0,7925899968,5835158451,1331986,5258755
199616,11,5,5030730,Zitadellenweg,2019,9,13,6,3,5,2,0,1,0,0,0,0,1,1,785746668,5829267844,1321405,5253837
199617,11,8,8010301,Reuterkiez,2019,9,14,7,3,3,6,0,1,1,0,0,0,0,0,8013674561,5823942513,1343887,5248223
199618,11,7,7030301,Friedenau,2019,9,12,6,3,0,7,0,1,1,0,0,0,0,0,7939400134,582253183,1332857,5247363
199619,11,7,7030301,Friedenau,2019,9,3,7,2,9,1,2,0,0,0,1,0,0,0,7939222957,5822824375,1332856,5247626
199620,11,7,7020203,Kaiser-Wilhelm-Platz,2019,9,12,6,3,0,7,0,1,1,0,0,0,0,0,7956510521,582412632,133551,52487
199621,11,5,5030730,Zitadellenweg,2019,9,11,6,3,2,6,0,0,1,0,0,0,0,0,7864182031,5831091441,132255,5255437
199622,11,1,1011201,Wilhelmstra·e,2019,9,14,7,3,2,2,0,0,1,0,0,0,0,0,7969676826,5827051795,1337704,5251251
199623,11,3,3061430,Volkspark Prenzlauer Berg,2019,9,14,7,3,0,1,0,0,0,0,1,0,0,0,8024412053,5829411586,134596,5253065
199624,11,5,5010101,Hakenfelde Nord,2019,9,11,6,3,0,7,0,0,1,0,0,0,1,0,7859326107,5831624467,1321882,525594
199625,11,9,9051901,Dammvorstadt,2019,9,10,6,3,1,5,0,0,1,0,0,0,0,0,811666116,5821148098,1358743,5245141
199626,11,9,9051702,Bîlschestra·e,2019,9,1,7,3,2,2,2,0,1,0,0,0,0,0,8144669649,5820801501,1362818,524467
199627,11,9,9010101,Elsenstra·e,2019,9,10,6,3,5,2,0,1,1,0,0,0,0,0,8023301912,5825303626,1345423,5249389
199628,11,8,8041035,Blumenviertel,2019,9,13,7,3,5,3,0,0,1,0,0,0,0,0,8043545329,5818318002,1347759,5243016
199629,11,4,4030929,Hindemithplatz,2019,9,9,6,3,6,7,0,0,1,1,0,0,0,0,7927111192,582561355,1331323,5250192
199630,11,12,12214424,Scharnweberstra·e,2019,9,21,6,3,4,6,2,1,1,0,0,0,0,0,7930267109,5832767263,1332418,5256588
199631,11,10,10020412,Alte Hellersdorfer Stra·e,2019,9,13,7,3,5,3,0,1,1,0,0,0,0,0,8113473244,5831933489,1359283,5254824
199632,11,4,4041133,GÅterbahnhof Grunewald,2019,9,9,6,2,0,1,0,0,0,0,1,0,0,0,7905213892,5825163137,1328067,5249905
199633,11,2,2040502,Friedenstra·e,2019,9,7,6,3,5,2,0,0,1,0,0,0,0,0,8004745294,5828468142,1342984,5252328
199634,11,2,2030302,Lausitzer Platz,2019,9,12,7,3,0,3,0,0,1,0,1,0,0,0,8008475588,5826461813,1343351,525051
199635,11,8,8010213,Kîrnerpark,2019,9,17,6,3,2,2,0,0,1,0,0,0,0,0,8016422779,5822559931,1344165,5246968
199636,11,12,12103117,Letteplatz,2019,9,3,6,3,0,1,2,0,0,0,1,0,0,0,7957821413,5832578007,1336454,5256269
199637,11,6,6010208,Bergstra·e,2019,9,12,7,3,2,6,0,0,1,0,0,0,0,0,79473321,5820088049,1333805,524513
199638,11,8,8041036,Zittauer Stra·e,2019,9,20,6,3,5,3,2,0,1,0,0,0,0,0,8049254067,5817687262,1348539,5242419
199639,11,4,4010102,Plîtzensee,2019,9,11,7,3,0,1,0,0,1,0,1,0,0,0,7931841137,5830143075,1332417,5254227
199640,11,12,12302108,MÑrkisches Zentrum,2019,9,18,6,3,2,6,0,0,1,0,0,0,0,0,7954533241,5837428416,1336403,5260635
199641,11,6,6040805,FischerhÅttenstra·e,2019,9,11,7,3,5,3,0,0,1,0,0,0,0,0,7894239495,5818031508,1325836,5243569
199642,11,1,1011301,CharitÇviertel,2019,9,18,6,3,6,4,0,0,1,1,0,0,0,0,7975220886,5828765463,1338672,5252757
199643,11,10,10010204,Wuhletalstra·e,2019,9,11,7,3,0,1,0,0,0,0,1,0,0,0,8087048425,5832826231,1355482,5255774
199644,11,5,5010205,An der TrÑnke,2019,9,17,6,2,5,3,0,0,1,0,1,0,0,0,7804592242,5830047252,1313696,5254811
199645,11,9,9051901,Dammvorstadt,2019,9,18,6,3,5,2,0,1,1,0,0,0,0,0,8099339053,5821623534,1356246,5245665
199646,11,5,5020417,Staakener Stra·e,2019,9,10,7,3,5,2,0,1,1,0,0,0,0,0,7835853891,5828663303,1318176,5253408
199647,11,2,2010104,Wassertorplatz,2019,9,10,7,3,5,7,0,1,1,0,0,0,0,0,7993335702,5825627564,1341052,5249845
199648,11,3,3040818,Pankow SÅd,2019,9,17,6,3,5,3,0,1,1,0,0,0,0,0,799657302,5832810173,1342175,5256265
199649,11,8,8010211,Flughafenstra·e,2019,9,17,6,3,2,6,0,0,1,0,0,0,0,0,8005579533,5823760505,1342682,5248104
199650,11,9,9051901,Dammvorstadt,2019,9,10,7,3,5,7,0,0,1,0,0,0,1,0,810716601,5820939985,1357331,5245008
199651,11,4,4030623,Ernst-Reuter-Platz,2019,9,16,6,3,5,3,0,1,1,0,0,0,0,0,79292273,5826761875,1331735,525121
199652,11,1,1011102,Gro·er Tiergarten,2019,9,12,7,3,1,5,0,1,1,0,0,0,0,0,796536571,5827613376,1337121,5251778
199653,11,1,1033201,Brunnenstra·e,2019,9,16,6,3,4,6,0,1,0,0,0,0,1,0,7977002577,5830671323,1339104,5254455
199654,11,1,1044201,Reinickendorfer Stra·e,2019,9,23,6,3,2,6,2,0,1,0,0,0,0,0,7964795476,5831966369,1337425,5255683
199655,11,1,1044101,Rehberge,2019,9,16,6,2,5,3,0,0,1,0,0,0,1,0,7946476042,5831460483,1334686,5255329
199656,11,4,4030623,Ernst-Reuter-Platz,2019,9,18,6,3,1,5,0,1,1,0,0,0,0,0,7937974518,5826075197,133296,5250547
199657,11,10,10010310,Alt-Marzahn,2019,9,16,6,3,2,6,0,0,1,0,0,0,1,0,8088954115,5830178447,1355516,5253391
199658,11,7,7040401,Neu-Tempelhof,2019,9,14,2,3,5,3,0,0,1,0,0,0,1,0,7974687575,582261528,1338044,5247247
199659,11,9,9010202,Kîpenicker Landstra·e,2019,9,16,2,3,2,6,0,0,1,0,0,0,0,1,8038169037,5823314356,1347425,5247524
199660,11,1,1044103,Westliche MÅllerstra·e,2019,9,15,2,3,2,6,0,0,1,0,0,0,0,1,7948553308,5830989059,133495,5254895
199661,11,12,12214527,Alt-Tegel,2019,9,16,2,2,6,4,0,0,1,1,0,0,0,0,7903019368,5834978205,1328602,5258716
199662,11,12,12214125,Waldidyll/Flughafensee,2019,9,16,2,3,0,4,0,0,1,1,0,0,0,0,7898461391,5833340274,1327788,5257272
199663,11,1,1011303,Alexanderplatzviertel,2019,9,16,2,2,5,3,0,0,0,0,1,0,1,1,799498019,5828344449,1341538,5252271
199664,11,2,2050601,Hausburgviertel,2019,9,16,2,3,5,3,0,0,1,0,0,0,0,1,8017636755,5828661466,1344896,525243
199665,11,5,5020626,Adamstra·e,2019,9,16,2,3,1,5,0,1,1,0,0,0,0,1,784595639,5827950281,13196,5252716
199666,11,9,9020701,Adlershof West,2019,9,16,2,3,5,3,0,0,1,0,0,0,1,0,808108893,5818397877,1353271,5242877
199667,11,1,1033102,Gesundbrunnen,2019,9,6,2,3,5,2,0,1,1,0,0,0,0,0,7971566552,5831919568,1338417,5255604
199668,11,6,6010206,Stadtpark,2019,9,12,2,3,3,6,0,0,1,0,0,0,1,1,7947714262,5819856533,1333841,524492
199669,11,6,6020301,Alt-Lankwitz,2019,9,12,2,2,6,2,0,0,1,1,0,0,0,1,7964763607,5818331854,1336207,5243461
199670,11,4,4030931,Breitscheidplatz,2019,9,12,2,2,2,7,0,0,1,0,0,0,0,1,794058881,5825944668,1333332,5250416
199671,11,6,6030503,Zehlendorf Mitte,2019,9,9,2,3,6,4,0,0,1,1,0,0,0,1,7895230995,5817482271,1325934,5243072
199672,11,5,5010103,Amorbacher Weg,2019,9,9,2,3,2,2,0,0,1,0,0,0,0,1,7847567722,5831112541,1320108,5255543
199673,11,8,8010405,Hertzbergplatz,2019,9,11,2,3,5,3,0,0,1,0,1,0,0,1,8022653909,5823531337,1345168,5247805
199674,11,3,3061131,Falkplatz,2019,9,10,2,3,2,6,0,0,1,0,0,0,0,1,79915444,5830837209,1341257,5254524
199675,11,4,4051551,Brabanter Platz,2019,9,9,2,3,5,2,0,0,1,0,0,0,0,1,7928946517,5823290128,1331389,5248099
199676,11,4,4030622,Richard-Wagner-Stra·e,2019,9,8,2,3,5,2,0,1,1,0,0,0,0,1,7927485023,5826737825,1331477,5251198
199677,11,2,2030302,Lausitzer Platz,2019,9,8,2,3,0,5,0,1,1,0,0,0,0,1,8015481655,5826038169,1344342,5250091
199678,11,4,4010101,Jungfernheide,2019,9,7,2,3,5,2,0,1,1,0,0,0,0,1,7904211521,5829043117,1328259,5253389
199679,11,4,4020314,MessegelÑnde,2019,9,7,2,3,2,6,0,0,1,0,0,0,0,1,7900487144,5825251599,132738,5250009
199680,11,1,1033201,Brunnenstra·e,2019,9,6,2,3,6,2,2,0,1,1,0,0,0,1,7979069299,5830316355,1339376,5254126
199681,11,7,7050501,Rathausstra·e,2019,9,6,2,2,6,2,2,0,1,1,0,0,0,1,7980013187,5819645445,1338561,5244556
199682,11,8,8020727,Buckow Mitte,2019,9,6,2,3,6,4,2,0,1,1,0,0,0,1,801754541,581674465,1343805,524175
199683,11,2,2050801,Traveplatz,2019,9,6,2,3,2,6,2,0,1,0,0,1,0,1,8033486358,5826721293,1347048,5250604
199684,11,6,6020305,Gemeindepark Lankwitz,2019,9,5,2,3,5,2,2,1,1,0,0,0,0,1,796064614,5817534143,1335533,5242768
199685,11,1,1033102,Gesundbrunnen,2019,9,18,2,3,5,2,0,1,1,0,0,0,0,0,7971611645,5831877887,133842,5255566
199686,11,8,8030831,Gropiusstadt Ost,2019,9,18,1,3,2,7,2,0,1,0,1,0,1,1,803533739,5817798818,1346508,5242596
199687,11,1,1011101,StÅlerstra·e,2019,9,17,1,3,0,4,0,0,0,1,1,0,0,1,7945731492,5826095612,1334101,5250524
199688,11,1,1011402,Arkonaplatz,2019,9,16,1,3,2,6,0,0,1,0,0,0,0,1,7983072058,582939776,1339882,5253281
199689,11,4,4030827,Karl-August-Platz,2019,9,16,1,2,5,3,0,0,1,0,0,0,0,1,7927149118,582609523,1331371,5250623
199690,11,5,5020419,Magistratsweg,2019,9,15,1,2,5,2,1,0,1,0,0,0,0,1,7808650524,5828328486,1314147,5253249
199691,11,1,1011301,CharitÇviertel,2019,9,14,1,3,0,1,0,0,0,0,0,0,1,1,7975713937,5828629265,1338732,5252632
199692,11,10,10020415,Hellersdorfer Promenade,2019,9,14,1,3,5,3,0,0,1,0,0,0,1,1,8126787223,5831108167,1361163,5254008
199693,11,8,8020726,Buckow West,2019,9,13,1,3,2,6,0,0,1,0,0,0,0,1,7993954504,5816313579,1340308,5241493
199694,11,7,7030301,Friedenau,2019,9,13,1,3,3,6,0,1,1,0,0,0,0,1,7947951817,5822894912,1334144,5247642
199695,11,4,4020313,Kînigin-Elisabeth-Stra·e,2019,9,12,1,3,3,6,0,0,1,0,0,0,0,1,7904721479,5826019601,1328069,5250675
199696,11,2,2030301,Oranienplatz,2019,9,12,1,2,4,7,0,1,0,0,0,0,1,1,8002773969,5826074643,1342478,5250194
199697,11,5,5030730,Zitadellenweg,2019,9,8,1,3,1,5,0,0,1,0,0,0,0,0,7869761343,5829856048,1323264,52543
199698,11,3,3061430,Volkspark Prenzlauer Berg,2019,9,19,1,3,0,6,2,0,1,0,0,0,0,1,8024386867,5829268854,1345943,5252937
199699,11,2,2020204,Urbanstra·e,2019,9,8,1,3,5,3,0,1,1,0,0,0,0,1,7982926721,5824821381,1339451,5249179
199700,11,1,1044101,Rehberge,2019,9,19,1,3,5,2,1,0,1,0,0,0,0,1,7937963796,5832177287,1333498,5256017
199701,11,6,6020303,Lankwitz Kirche,2019,9,18,1,3,5,7,1,0,1,0,1,0,0,1,7953127142,5818518894,1334517,5243692
199702,11,8,8010301,Reuterkiez,2019,9,17,1,3,5,2,0,1,0,0,0,0,1,1,8014127018,5824134458,134397,5248392
199703,11,4,4041136,Hagenplatz,2019,9,21,7,3,1,1,2,0,1,0,0,0,0,1,7895095326,5823525717,1326438,5248491
199704,11,7,7040401,Neu-Tempelhof,2019,10,17,3,3,2,6,1,0,1,0,1,0,0,1,7987215199,582394903,1340002,5248374
199705,11,1,1011102,Gro·er Tiergarten,2019,9,13,7,2,2,6,0,1,0,0,0,0,1,0,795155563,5827075522,1335044,5251371
199706,11,1,1011306,Heine-Viertel Ost,2019,10,17,3,3,1,5,0,1,1,0,0,0,0,1,8001254294,5826577673,1342301,5250653
199707,11,7,7040406,Germaniagarten,2019,9,15,7,3,1,5,1,0,1,0,0,0,0,1,8001601835,5821496765,1341894,5246097
199708,11,6,6020306,Lankwitz SÅd,2019,10,17,3,3,5,3,0,0,1,0,0,0,0,1,7962287557,5817019635,1335728,5242298
199709,11,4,4030931,Breitscheidplatz,2019,9,22,7,3,0,2,2,0,0,1,0,0,1,0,7939931674,5826148137,1333254,5250602
199710,11,6,6010205,SÅdende,2019,10,16,3,3,2,6,0,0,1,0,0,0,0,1,7961490946,5819832869,133586,5244824
199711,11,7,7050505,Hundsteinweg,2019,10,16,3,3,2,2,0,0,1,0,0,0,1,1,7989418003,5817278527,1339729,5242383
199712,11,1,1011301,CharitÇviertel,2019,9,23,7,3,5,2,2,1,1,0,0,0,0,0,797013799,58289423,1337941,5252943
199713,11,7,7010104,Dennewitzplatz,2019,10,16,3,3,2,6,0,0,1,0,1,0,0,1,7961777135,5825310447,1336388,5249733
199714,11,4,4041136,Hagenplatz,2019,9,21,7,3,8,1,2,0,1,0,0,0,0,1,7906913273,5822709206,1328103,5247696
199715,11,4,4020313,Kînigin-Elisabeth-Stra·e,2019,10,16,3,3,2,6,0,0,1,0,0,0,0,1,7903412915,5826678652,1327935,5251273
199716,11,8,8020621,Mohriner Allee Nord,2019,10,15,3,3,5,3,0,0,1,0,0,0,0,1,800481453,5819301646,1342168,5244112
199717,11,4,4041136,Hagenplatz,2019,9,19,7,2,5,2,2,0,1,0,1,0,0,1,7896176374,5823364563,1326583,524834
199718,11,11,11010310,MÅhlengrund,2019,10,15,3,3,6,4,0,0,1,1,0,0,0,1,8052714291,5833253957,1350472,5256351
199719,11,5,5010311,Eiswerder,2019,9,18,7,3,0,1,0,1,1,0,0,0,0,1,785941153,5830341528,1321784,525479
199720,11,8,8010213,Kîrnerpark,2019,10,15,3,3,2,2,0,0,1,0,0,0,0,1,8013615832,5822504441,1343748,5246934
199721,11,8,8010301,Reuterkiez,2019,9,18,7,3,0,5,0,1,1,0,0,0,0,1,8005018014,5824472817,1342663,5248746
199722,11,1,1033102,Gesundbrunnen,2019,10,14,3,3,5,2,0,1,1,0,0,0,0,1,797330942,5831873573,1338669,5255553
199723,11,9,9052001,Kîpenick Nord,2019,9,15,7,3,0,1,0,0,0,0,1,0,0,1,8111654511,5822101611,1358097,5246024
199724,11,12,12214424,Scharnweberstra·e,2019,10,10,3,3,0,5,0,0,1,0,0,0,1,1,7933462079,5832817875,1332892,5256616
199725,11,11,11020515,Landsberger Allee,2019,10,9,3,3,2,7,0,0,0,0,0,1,1,1,8050303309,5830404747,1349856,5253811
199726,11,1,1011305,Heine-Viertel West,2019,9,17,7,3,2,7,0,0,1,0,0,0,0,1,799061852,5826880233,1340765,5250983
199727,11,12,12214125,Waldidyll/Flughafensee,2019,9,15,7,3,0,6,0,0,1,0,1,0,0,1,7911774253,583088263,1329532,5254997
199728,11,9,9031202,Schmîckwitz/Rauchfangswerder,2019,10,9,3,3,5,2,0,0,1,0,0,0,1,1,8193780584,581274561,1369251,5237167
199729,11,10,10010311,Landsberger Tor,2019,9,16,7,3,0,5,0,0,1,0,0,0,0,0,8102355729,583109941,1357571,525414
199730,11,2,2030301,Oranienplatz,2019,10,14,3,3,5,3,0,1,1,0,0,0,0,1,8001072649,5825740862,1342198,5249904
199731,11,11,11020412,Hauptstra·e,2019,9,15,7,3,2,6,0,0,1,0,0,0,0,1,8056344408,5831787975,1350871,5255017
199732,11,1,1011202,Unter den Linden Nord,2019,10,2,3,3,0,7,2,0,0,0,0,0,1,0,7976805401,5827937483,1338831,5252006
199733,11,7,7050503,Eisenacher Stra·e,2019,10,13,3,3,5,2,0,0,1,0,0,0,0,1,7994743042,5820508998,1340799,5245249
199734,11,7,7050501,Rathausstra·e,2019,9,16,7,2,5,2,0,0,1,0,1,0,0,1,7972190693,5819544188,1337404,5244507
199735,11,1,1011204,Leipziger Stra·e,2019,9,14,7,3,2,6,0,0,1,0,0,0,0,1,798572527,5826859019,1340045,5250991
199736,11,2,2020203,Viktoriapark,2019,10,12,3,3,2,2,0,0,1,0,0,0,1,1,7970912081,582470482,1337676,524914
199737,11,12,12304314,Ziekowstra·e/Freie Scholle,2019,10,11,3,3,5,2,0,0,1,0,0,0,1,1,7907008519,5835384324,1329225,5259059
199738,11,6,6020411,SchÅtte-Lanz-Stra·e,2019,9,14,7,3,5,2,0,1,1,0,0,0,0,1,7952201495,5816173353,1334174,5241594
199739,11,5,5040935,Gro·-Glienicker Weg,2019,10,10,3,2,5,3,0,0,1,0,0,1,0,1,7824699125,5820629239,1315854,5246262
199740,11,2,2020204,Urbanstra·e,2019,9,12,7,3,3,6,0,1,0,0,0,0,1,1,7984049154,5824782567,1339612,5249138
199741,11,1,1033102,Gesundbrunnen,2019,10,20,2,3,5,2,0,0,1,0,0,0,1,0,797163233,5831921313,1338427,5255605
199742,11,11,11010205,Falkenberg West,2019,10,14,2,3,2,2,0,0,1,0,0,0,0,0,8068938215,5832610735,1352799,5255684
199743,11,4,4030931,Breitscheidplatz,2019,9,12,7,3,0,4,0,0,0,1,1,0,0,1,7940779284,5825724626,1333341,5250218
199744,11,3,3071537,Kollwitzplatz,2019,10,17,2,3,5,3,0,0,0,0,1,0,1,0,7994558625,5829339558,1341566,5253166
199745,11,5,5020629,Bîrnicker Stra·e,2019,9,9,7,3,0,1,0,0,0,0,1,0,0,1,7850312113,5826304242,1320099,5251218
199746,11,2,2030301,Oranienplatz,2019,10,20,2,2,5,2,2,0,1,0,1,0,0,0,7999080468,5825978769,1341927,5250128
199747,11,8,8010301,Reuterkiez,2019,9,9,7,3,0,1,0,0,0,0,1,0,0,1,8006577312,5824517154,1342896,5248777
199748,11,4,4030519,Kaiserin-Augusta-Allee,2019,10,20,2,3,5,2,2,0,1,0,0,0,0,0,7920849465,5827960648,1330609,5252329
199749,11,5,5030730,Zitadellenweg,2019,9,12,7,2,0,6,0,0,0,0,1,0,0,1,785486914,5829263084,1321023,5253847
199750,11,2,2010104,Wassertorplatz,2019,10,19,2,3,5,7,2,0,1,0,1,0,0,0,7993396612,582562845,1341061,5249845
199751,11,4,4030827,Karl-August-Platz,2019,10,19,2,3,2,7,2,0,1,0,0,0,0,0,7919268849,5826448976,1330244,5250983
199752,11,8,8010117,Schillerpromenade,2019,9,11,7,3,6,4,0,0,1,1,0,0,0,0,8006231038,5823113661,1342719,5247521
199753,11,6,6030503,Zehlendorf Mitte,2019,9,11,7,3,0,1,0,1,0,0,0,0,0,1,7893878071,5817890596,1325771,5243445
199754,11,1,1011304,Karl-Marx-Allee,2019,10,16,2,3,4,2,0,1,0,0,0,0,0,0,799672061,5827595643,1341726,525159
199755,11,2,2010101,Askanischer Platz,2019,10,18,2,3,2,6,2,0,1,0,0,0,1,0,7978654224,5825570448,133889,5249874