OBJECTID,LAND,BEZ,LOR,STRASSE,UJAHR,UMONAT,USTUNDE,UWOCHENTAG,UKATEGORIE,UART,UTYP1,ULICHTVERH,IstRad,IstPKW,IstFuss,IstKrad,IstGkfz,IstSonstige,USTRZUSTAND,LINREFX,LINREFY,XGCSWGS84,YGCSWGS84
199952,11,3,3061429,Greifswalder Stra·e,2019,9,18,5,3,5,3,1,1,1,0,0,0,0,0,8014135641,5830922624,1344586,5254477
199953,11,1,1011301,CharitÇviertel,2019,10,9,5,3,0,1,0,0,0,0,1,0,0,1,7969594011,5828920041,1337859,5252926
199954,11,9,9031101,GrÅnau,2019,9,18,5,3,5,3,2,1,1,0,0,0,0,0,8114689656,5817294982,1358094,5241699
199955,11,2,2010101,Askanischer Platz,2019,10,4,5,2,6,2,2,0,1,1,0,0,0,1,7976192044,5826418714,1338605,5250648
199956,11,4,4031032,Halensee,2019,9,16,5,3,5,2,0,0,1,0,0,0,0,0,7910196798,5824868039,1328773,5249614
199957,11,8,8010118,Silbersteinstra·e,2019,10,19,5,3,5,3,2,0,1,0,0,0,1,0,8010046777,5822160088,1343193,5246645
199958,11,3,3010104,Lietzengraben,2019,9,16,5,3,2,6,0,0,1,0,0,0,0,0,8012069914,5839213695,1345036,5261919
199959,11,1,1022102,Beusselkiez,2019,10,16,5,3,1,5,0,1,1,0,0,0,0,1,7935264367,5828513856,1332777,5252748
199960,11,4,4030415,Schlo·garten,2019,10,14,5,3,2,6,0,0,1,0,0,0,0,1,7906048143,5827359058,1328381,5251869
199961,11,1,1011204,Leipziger Stra·e,2019,9,16,5,3,5,2,0,1,1,0,0,0,0,0,7978550992,5826859091,1338991,525103
199962,11,11,11010103,Dorf Falkenberg,2019,10,14,5,3,1,1,0,0,1,0,0,0,0,1,807686205,5834012107,1354094,5256895
199963,11,12,12224230,Heiligensee,2019,9,18,5,3,6,6,1,0,1,1,0,0,0,0,7854520127,5835940778,1321546,5259835
199964,11,2,2010103,Moritzplatz,2019,10,18,5,2,5,3,2,0,1,0,0,0,1,0,7989291406,5826353905,1340523,5250518
199965,11,8,8020622,Parchimer Allee,2019,9,18,5,3,5,2,0,1,0,0,0,0,1,0,8012646138,581982128,1343364,5244534
199966,11,1,1011102,Gro·er Tiergarten,2019,10,18,4,2,6,4,1,0,1,1,0,0,0,1,7968522953,5827631073,1337586,5251776
199967,11,3,3061332,Helmholtzplatz,2019,9,15,5,3,3,6,0,1,1,0,0,0,0,0,8000689657,5830664635,1342586,525432
199968,11,9,9051901,Dammvorstadt,2019,10,7,4,3,6,2,0,0,1,1,0,0,0,1,8107773529,5821249144,1357448,5245282
199969,11,6,6040809,Thielallee,2019,10,7,4,3,0,1,2,0,0,0,1,0,0,1,792088239,5820289691,1329942,5245452
199970,11,11,11030720,Herzbergstra·e,2019,9,14,5,3,0,6,0,0,1,0,0,0,1,0,8051355436,5829989784,1349972,5253433
199971,11,4,4051655,Babelsberger Stra·e,2019,9,14,5,3,6,4,0,0,1,1,0,0,0,0,7941618937,5824104374,1333321,5248761
199972,11,8,8010405,Hertzbergplatz,2019,10,7,4,3,6,4,2,0,1,1,0,0,0,1,8020662658,582356448,1344878,5247845
199973,11,6,6010102,Schlo·stra·e,2019,10,7,4,3,3,6,0,1,0,0,0,0,1,0,793067913,5821401572,1331477,5246397
199974,11,7,7020201,Bayerischer Platz,2019,9,14,5,3,5,7,0,0,1,0,1,0,0,0,7948657374,5824287379,1334371,5248887
199975,11,3,3030715,Heinersdorf,2019,10,18,4,3,5,7,0,0,1,0,1,0,0,0,8001643491,5832725072,1342913,5256161
199976,11,1,1044102,Schillerpark,2019,9,14,5,3,2,7,0,0,1,0,0,0,0,0,7952598063,5831726628,133561,5255534
199977,11,1,1011102,Gro·er Tiergarten,2019,10,17,4,2,5,2,0,0,1,0,1,0,0,0,7943080391,5827029377,1333794,5251375
199978,11,5,5030731,Gartenfelder Stra·e,2019,10,17,4,3,2,6,0,0,1,0,0,0,0,1,7872122373,5829747838,1323602,5254191
199979,11,7,7010101,Wittenbergplatz/Viktoria-Luise-Platz,2019,9,18,5,3,2,6,1,0,1,0,0,0,0,0,794711604,5825757821,1334275,5250213
199980,11,8,8010404,Rixdorf,2019,10,16,4,3,6,2,0,0,1,1,0,0,0,0,8024887128,582316718,1345462,5247466
199981,11,1,1022101,Huttenkiez,2019,10,16,4,3,0,1,0,0,0,0,0,0,1,1,7929114455,5828884497,1331905,5253113
199982,11,1,1011104,Kîrnerstra·e,2019,9,17,5,2,3,6,0,0,1,0,1,0,0,0,7966253592,5826185085,1337124,5250493
199983,11,8,8010404,Rixdorf,2019,10,16,4,3,1,5,0,1,1,0,0,0,0,1,8017690084,5822674234,1344361,5247064
199984,11,2,7010104,Dennewitzplatz,2019,9,14,5,3,3,6,0,0,1,0,1,0,0,0,7970640339,58247212,1337638,5249157
199985,11,6,6030608,Schweizer Viertel,2019,10,16,4,3,0,2,0,1,0,0,0,0,1,0,79259108,5817200311,1330409,5242656
199986,11,7,7030301,Friedenau,2019,10,23,4,2,5,7,2,0,1,0,1,0,0,0,7939398717,5822533833,1332857,5247365
199987,11,12,12301204,Wittenau Nord,2019,9,18,5,3,5,2,0,1,1,0,0,0,0,0,7929075047,5835906835,133252,5259409
199988,11,8,8010301,Reuterkiez,2019,10,16,4,3,5,3,0,1,0,0,1,0,0,0,8009506568,5824716081,1343345,5248939
199989,11,7,7010102,Nollendorfplatz,2019,9,13,5,3,6,2,0,0,1,1,0,0,0,0,7949483978,5825411972,1334592,5249891
199990,11,1,1011306,Heine-Viertel Ost,2019,10,22,4,3,0,7,2,0,0,1,0,0,1,0,7998449362,5827199762,1341945,5251226
199991,11,1,1011401,Invalidenstra·e,2019,9,17,5,3,5,7,0,0,1,0,0,0,0,0,7974095746,582916438,1338542,5253121
199992,11,12,12214421,Reinickes Hof,2019,10,15,4,3,5,3,0,0,1,0,0,0,1,0,7934196062,5833379383,133305,5257115
199993,11,1,1044101,Rehberge,2019,10,15,4,3,2,6,0,0,1,0,0,0,0,0,7941595826,5830311935,1333867,5254326
199994,11,4,4030620,Alt-Lietzow,2019,9,17,5,3,1,5,0,0,1,0,1,0,0,0,792314307,5827249026,1330884,5251679
199995,11,1,1044103,Westliche MÅllerstra·e,2019,9,13,5,3,2,2,0,1,1,0,0,0,0,0,7946352898,5830512245,1334584,5254479
199996,11,1,1044202,Sparrplatz,2019,10,22,4,3,1,5,2,1,1,0,0,0,0,0,795685617,5830562211,1336133,5254467
199997,11,12,12214424,Scharnweberstra·e,2019,10,21,4,3,5,2,2,0,1,0,0,0,0,0,7929089831,5832163636,1332191,5256053
199998,11,4,4041241,Breite Stra·e,2019,9,17,5,3,2,6,0,0,1,0,0,0,0,0,7913306643,5822049407,1328984,524707
199999,11,3,3050920,Wei·er See,2019,10,13,4,2,6,4,0,0,1,1,0,0,0,1,8026680005,5832413832,1346567,5255744
200000,11,8,8010214,Glasower Stra·e,2019,9,17,5,3,5,3,0,0,1,0,0,0,0,1,8013976758,5821869302,1343744,5246363
200001,11,1,2010102,Mehringplatz,2019,10,13,4,3,2,6,0,0,1,0,0,0,1,0,7988515135,5826639107,1340435,5250778
200002,11,3,3040513,Schînholz,2019,10,13,4,3,2,6,0,0,1,0,0,1,0,0,7969021679,5833845709,1338215,5257344
200003,11,9,9030903,Kîlner Viertel,2019,9,0,5,3,1,1,2,0,1,0,0,0,0,1,808904775,5815634015,1354183,5240356
200004,11,7,7040405,Rathaus Tempelhof,2019,10,12,4,2,4,6,0,0,1,0,0,0,0,0,7995080176,5821801855,1340964,5246406
200005,11,8,8010303,Donaustra·e,2019,10,20,4,3,6,2,2,0,1,1,0,0,0,0,8006828737,5824118203,1342897,5248418
200006,11,2,2010103,Moritzplatz,2019,9,7,5,3,0,1,0,1,0,0,0,0,0,1,7992348326,5826244169,1340962,5250403
200007,11,6,6010208,Bergstra·e,2019,10,12,4,3,6,2,0,0,1,1,0,0,0,1,7941331764,5820815639,1332989,5245814
200008,11,9,9051801,Rahnsdorf/Hessenwinkel,2019,9,8,5,2,0,1,0,0,0,0,1,0,0,1,81824187,5820701209,1368344,5244361
200009,11,3,3040818,Pankow SÅd,2019,10,20,4,3,5,3,2,1,1,0,0,0,0,0,8000762618,5832605133,1342772,5256058
200010,11,8,8040933,Vogelviertel SÅd,2019,10,11,4,2,5,3,0,0,1,0,0,0,0,1,8030038207,5819366821,1345874,5244031
200011,11,2,2030301,Oranienplatz,2019,9,1,5,2,0,1,2,1,0,0,0,0,0,1,8000912226,5825739615,1342175,5249904
200012,11,3,3040513,Schînholz,2019,9,8,5,3,6,4,0,0,0,1,1,0,0,0,7966620878,5834126834,1337887,525761
200013,11,3,3020209,Niederschînhausen,2019,10,11,4,3,5,3,0,0,1,0,0,0,0,1,7978300334,5835393175,1339719,5258681
200014,11,1,1011301,CharitÇviertel,2019,10,18,4,3,2,6,2,1,1,0,0,0,0,0,7969113276,5828127803,1337717,5252219
200015,11,7,7070701,Kettinger Stra·e/Schillerstra·e,2019,9,19,4,3,2,6,1,0,1,0,0,0,0,0,7987246512,5816027788,1339299,5241273
200016,11,1,1022101,Huttenkiez,2019,10,10,4,3,2,6,0,0,1,0,0,0,0,1,7935273741,5829190739,1332838,5253355
200017,11,2,2050802,Boxhagener Platz,2019,9,10,4,3,0,3,0,1,0,0,0,0,0,0,8020292646,5827169856,1345151,5251079
200018,11,1,1011204,Leipziger Stra·e,2019,9,12,4,3,0,1,0,1,0,0,0,0,0,1,798898209,5827349037,1340567,5251412
200019,11,1,1033203,Humboldthain Nordwest,2019,10,8,4,3,5,2,0,1,1,0,0,0,0,1,7969169458,5830733379,1337958,5254554
200020,11,7,7010102,Nollendorfplatz,2019,10,10,4,3,2,6,0,0,1,0,0,0,0,1,7949728259,5825118917,1334602,5249626
200021,11,2,2010102,Mehringplatz,2019,9,9,4,3,5,3,0,1,1,0,0,0,0,1,798183347,582649956,1339441,525069
200022,11,1,1011203,Unter den Linden SÅd,2019,10,8,4,3,5,2,0,1,1,0,0,0,0,1,7976228021,5827024094,1338664,525119
200023,11,3,3030715,Heinersdorf,2019,9,16,4,3,5,3,0,0,1,0,0,0,0,1,8012516433,5833177634,1344553,5256507
200024,11,7,7050502,Fritz-Werner-Stra·e,2019,10,10,4,3,5,2,0,0,1,0,0,0,0,1,7983790754,581841879,1339005,5243435
200025,11,4,4051446,Preu·enpark,2019,9,23,4,3,5,7,2,1,1,0,0,0,0,0,7928608025,5825287913,1331514,5249892
200026,11,11,11030720,Herzbergstra·e,2019,10,10,4,2,2,1,0,0,1,0,0,0,1,1,8041616423,5829837567,1348527,5253351
200027,11,1,1011302,Oranienburger Stra·e,2019,9,21,4,3,0,6,2,1,0,1,0,0,0,1,7978627502,5828741636,133917,5252717
200028,11,2,2020204,Urbanstra·e,2019,10,8,4,3,0,2,0,1,1,0,0,0,0,1,7987478356,5824982852,1340134,5249299
200029,11,3,3040614,Pankow Zentrum,2019,9,21,4,3,0,7,2,0,0,0,0,0,1,1,7990864931,5833834763,1341428,5257215
200030,11,2,2040701,Andreasviertel,2019,10,8,4,2,5,2,0,0,1,0,1,0,0,1,8002838656,5827632192,1342628,525159
200031,11,11,11010205,Falkenberg West,2019,9,20,4,3,5,2,2,0,1,0,0,0,0,1,8069040089,5832625874,1352815,5255697
200032,11,11,11030720,Herzbergstra·e,2019,10,10,4,2,0,1,0,1,0,0,0,0,0,1,8043549313,5829081816,1348742,5252663
200033,11,1,1044203,Leopoldplatz,2019,9,20,4,3,6,4,2,0,1,1,0,0,0,1,7954524029,5831563756,1335879,5255378
200034,11,8,8020619,Buschkrugallee Nord,2019,10,6,4,3,8,1,2,0,1,0,0,0,0,1,8024939962,5820704856,1345247,5245258
200035,11,6,6010103,Markelstra·e,2019,10,9,4,3,0,1,0,0,0,0,1,0,0,1,7930402059,5821522584,1331447,5246507
200036,11,1,1044202,Sparrplatz,2019,9,20,4,3,0,7,2,1,1,0,0,0,0,0,7954567177,5830145365,1335759,5254106
200037,11,9,9010301,Baumschulenstra·e,2019,10,9,4,3,2,4,0,0,1,1,0,0,0,1,8047637451,5822310124,1348723,5246571
200038,11,10,10010310,Alt-Marzahn,2019,9,19,4,3,0,3,2,0,1,0,1,0,0,1,8078102725,5830799053,1353978,5254008
200039,11,4,4020310,Park Ruhwald,2019,10,9,4,2,6,4,0,0,1,1,0,0,0,1,7903824818,5827324543,1328052,525185
200040,11,10,10020415,Hellersdorfer Promenade,2019,10,16,4,3,2,6,0,0,1,0,0,0,1,0,8121797645,5831090099,1360428,525402
200041,11,1,1022206,LÅneburger Stra·e,2019,9,19,4,2,6,4,2,0,0,1,0,0,1,0,7965945326,5828710542,1337304,5252758
200042,11,9,9041501,Altstadt Kietz,2019,10,20,3,3,1,1,2,1,1,0,0,0,0,1,8111229864,5820269323,1357864,5244384
200043,11,2,2020206,Graefekiez,2019,9,19,4,3,5,2,2,1,1,0,0,0,0,1,8001907067,5824401536,13422,5248699
200044,11,8,8010404,Rixdorf,2019,10,19,3,3,6,4,2,0,1,1,0,0,0,1,8020119034,582348393,1344791,5247776
200045,11,10,10040828,Kaulsdorf Nord,2019,9,19,4,3,5,3,2,1,1,0,0,0,0,1,8124174698,5829366807,1360615,5252463
200046,11,11,11051229,Rummelsburg,2019,10,20,3,3,5,2,2,1,1,0,0,0,0,1,8040938475,5825996071,1348076,5249912
200047,11,7,7030301,Friedenau,2019,9,19,4,3,5,2,2,1,1,0,0,0,0,1,793496174,5822495199,1332202,5247354
200048,11,7,7020203,Kaiser-Wilhelm-Platz,2019,10,19,3,3,5,3,2,0,1,0,0,0,0,1,7951381739,5824105711,1334755,5248709
200049,11,5,5010314,Carl-Schurz-Stra·e,2019,10,18,3,3,5,2,0,0,1,0,0,0,0,0,7847942366,5828793417,1319964,5253462
200050,11,1,1011201,Wilhelmstra·e,2019,9,14,4,3,0,6,0,0,1,0,0,0,1,0,7974009106,5826956933,1338332,5251142
200051,11,1,1044203,Leopoldplatz,2019,9,18,4,3,1,1,1,0,1,0,0,0,0,1,7957449322,5831891931,1336338,5255656
200052,11,3,3061131,Falkplatz,2019,10,15,3,3,5,2,0,1,1,0,0,0,0,0,7991389572,5830367632,1341192,5254104
200053,11,12,1044101,Rehberge,2019,9,17,4,2,5,3,0,0,1,0,0,0,1,1,7935929998,5832344342,1333213,5256178
200054,11,11,11020411,Malchower Weg,2019,10,21,3,3,6,7,2,1,0,1,0,0,0,1,8066578028,5832305105,1352423,5255423
200055,11,2,2050802,Boxhagener Platz,2019,9,17,4,3,5,3,0,1,1,0,0,0,0,1,8028470699,5826941093,1346331,5250828
200056,11,8,8010303,Donaustra·e,2019,10,11,3,3,6,7,0,0,1,1,0,0,0,1,8011523426,5823781701,1343556,524809
200057,11,1,1044203,Leopoldplatz,2019,10,17,3,3,5,3,0,0,1,0,0,0,1,1,7959041559,5831965867,1336579,5255714
200058,11,2,2010102,Mehringplatz,2019,9,17,4,3,5,3,0,1,1,0,0,0,0,1,7983590802,5825560264,1339615,5249838
200059,11,1,1011402,Arkonaplatz,2019,9,17,4,3,5,3,0,1,1,0,0,0,0,1,79868218,5829453767,1340439,525331
200060,11,6,6010206,Stadtpark,2019,10,17,3,3,5,3,1,1,1,0,0,0,0,1,7947091216,5819452267,1333714,5244561
200061,11,1,1011101,StÅlerstra·e,2019,10,16,3,3,5,3,0,0,1,0,0,0,1,0,7950545128,5826301441,1334827,5250682
200062,11,7,7030301,Friedenau,2019,9,17,4,3,5,3,0,1,1,0,0,0,0,1,7939526241,5822454078,1332868,5247293
200063,11,1,1033201,Brunnenstra·e,2019,10,15,3,3,6,7,0,0,0,1,0,0,1,1,7977994788,5831148903,1339293,5254878
200064,11,6,6040702,DÅppel,2019,9,16,4,3,5,3,0,1,1,0,0,0,0,1,7874997932,5816884497,1322915,5242643
200065,11,7,7010102,Nollendorfplatz,2019,10,16,3,3,5,2,0,0,1,0,1,0,0,1,7949488556,582540718,1334592,5249886
200066,11,6,6040703,Nikolassee,2019,10,15,3,3,0,3,0,1,1,0,0,0,0,1,7866645538,5817724994,1321762,524344
200067,11,2,2010104,Wassertorplatz,2019,9,20,4,2,0,1,2,0,0,0,1,0,0,1,7997965223,5825719795,134174,5249902
200068,11,4,4030726,Droysenstra·e,2019,10,15,3,3,0,1,0,0,1,0,0,0,1,1,7918037673,5825397532,1329971,5250047
200069,11,5,5010206,GÅtersloher Weg,2019,9,16,4,3,6,4,0,0,1,1,0,0,0,1,781605644,5830242059,1315398,5254926
200070,11,5,5010312,Kurstra·e,2019,10,15,3,3,0,7,0,0,0,0,1,0,0,1,7852015099,582978166,1320648,5254326
200071,11,4,4051652,Nikolsburger Platz,2019,9,16,4,3,0,6,0,0,1,0,1,0,0,1,7934674978,5824700016,1332354,5249332
200072,11,4,4030518,Tegeler Weg,2019,10,15,3,2,5,2,0,0,1,0,0,0,0,1,791475626,5828279112,1329742,5252647
200073,11,1,1044201,Reinickendorfer Stra·e,2019,9,18,4,3,0,7,1,0,0,0,1,0,0,1,7969032427,5831902881,1338043,5255603
200074,11,4,4030623,Ernst-Reuter-Platz,2019,10,15,3,3,2,6,0,1,1,0,0,0,0,0,7937416685,582650593,1332916,5250936
200075,11,2,2050601,Hausburgviertel,2019,10,14,3,2,3,6,0,0,1,0,0,1,0,1,8017818902,5828940067,1344948,5252679
200076,11,5,5030730,Zitadellenweg,2019,9,16,4,3,4,1,0,0,1,0,0,0,0,1,7871725177,5830660967,1323622,5255011
200077,11,1,1022207,Hansaviertel,2019,9,8,4,3,5,2,0,1,1,0,0,0,0,0,794396663,5827608577,1333976,5251889
200078,11,2,2050601,Hausburgviertel,2019,10,14,3,3,3,6,0,1,1,0,0,0,0,1,8018990922,5828928055,1345119,5252662
200079,11,1,1044203,Leopoldplatz,2019,10,14,3,3,2,6,0,0,1,0,0,0,1,1,7954465156,5831558236,133587,5255373
200080,11,1,1011204,Leipziger Stra·e,2019,9,8,4,3,2,6,0,1,1,0,0,0,0,1,797956758,5827067006,1339159,5251211
200081,11,5,5010312,Kurstra·e,2019,10,14,3,3,5,3,0,1,1,0,0,0,0,1,7850751616,5829890506,1320471,5254431
200082,11,2,2030302,Lausitzer Platz,2019,9,16,4,3,8,1,0,0,1,1,0,0,0,1,8007357081,5826521418,1343192,5250569
200083,11,2,2040701,Andreasviertel,2019,10,14,3,3,2,3,0,0,1,0,0,0,0,1,800144213,5827333283,1342396,5251329
200084,11,11,11020513,Orankesee,2019,9,16,4,3,5,3,0,1,1,0,0,0,0,1,8041193978,5831903769,1348654,5255206
200085,11,4,4030621,Spreestadt,2019,10,14,3,3,5,2,0,1,1,0,0,0,0,1,7938812456,5826957554,1333161,5251334
200086,11,6,6010205,SÅdende,2019,9,16,4,3,0,6,0,0,0,0,1,0,0,1,7955310854,581993178,1334962,5244946
200087,11,4,4030930,George-Grosz-Platz,2019,10,14,3,3,6,4,0,1,0,1,0,0,0,1,7929541806,5825471501,1331668,5250051
200088,11,7,7040403,Manteuffelstra·e,2019,9,15,4,3,5,3,1,0,1,0,0,0,0,1,7970145451,5820706501,1337207,524556
200089,11,7,7050505,Hundsteinweg,2019,10,13,3,3,2,6,0,0,1,0,1,0,0,1,7982470487,5818947309,1338859,5243916
200090,11,5,5010103,Amorbacher Weg,2019,9,15,4,3,2,6,0,0,1,0,0,0,0,1,784464525,5831704002,1319729,5256089
200091,11,4,4030828,Savignyplatz,2019,10,13,3,3,2,6,0,0,1,0,0,0,0,1,7931707046,5826096086,1332041,52506
200092,11,4,4051445,Eisenzahnstra·e,2019,10,12,3,3,2,6,0,0,1,0,0,0,0,1,7919426926,5824762736,133012,524947
200093,11,6,6020301,Alt-Lankwitz,2019,9,12,4,3,2,6,0,0,1,0,0,0,1,1,795709649,5818214576,1335072,5243397
200094,11,1,1033101,Soldiner Stra·e,2019,10,12,3,3,5,3,0,1,0,0,0,0,1,1,7961557813,5832271126,1336976,5255974
200095,11,1,1044201,Reinickendorfer Stra·e,2019,9,15,4,3,2,6,0,0,1,0,1,0,0,1,7968584989,5831940532,133798,5255639
200096,11,12,12301203,Wittenau SÅd,2019,10,11,3,3,2,3,0,0,1,0,0,0,1,1,7935894693,5836124584,1333543,5259567
200097,11,2,2040502,Friedenstra·e,2019,9,12,4,3,5,3,0,1,1,0,0,0,0,1,8007690971,582849069,1343419,5252332
200098,11,9,9051702,Bîlschestra·e,2019,10,11,3,3,2,6,0,0,1,0,0,0,0,1,8137277986,5821729166,1361821,5245543
200099,11,10,10040828,Kaulsdorf Nord,2019,9,12,4,3,0,1,0,0,0,0,1,0,0,1,8114436549,5828147248,135907,5251425
200100,11,3,3040818,Pankow SÅd,2019,10,11,3,3,6,4,0,0,1,1,0,0,0,1,7996653943,5832817343,1342187,5256271
200101,11,4,4030417,Schlo·stra·e,2019,10,8,3,2,5,7,0,0,1,0,0,0,0,1,7917000636,5827390728,1329994,5251839
200102,11,7,7060601,Marienfelder Allee Nordwest,2019,9,11,4,3,1,5,0,0,1,0,0,0,0,1,7959938277,5816303913,133532,5241669
200103,11,3,3071639,Bîtzowstra·e,2019,9,11,4,3,6,4,0,0,1,1,0,0,0,1,8005626648,5829814307,1343235,525353
200104,11,3,3030716,MÑrchenland,2019,10,7,3,3,2,6,0,0,1,0,0,0,1,1,8036320852,5833484405,1348082,5256649
200105,11,9,9010101,Elsenstra·e,2019,10,7,3,2,6,4,0,0,1,1,0,0,0,1,8014826795,5824896038,1344142,5249071
200106,11,4,4041134,Bismarckallee,2019,9,11,4,3,0,5,0,1,1,0,0,0,0,0,7908583168,5824442692,1328499,5249241
200107,11,11,11020513,Orankesee,2019,10,11,3,3,5,2,0,0,1,0,0,0,1,1,8041363933,5831923024,1348681,5255222
200108,11,6,6020303,Lankwitz Kirche,2019,9,10,4,3,2,2,0,0,1,0,0,0,0,1,7954962539,5818348159,1334771,5243529
200109,11,3,3020203,Blankenfelde,2019,10,10,3,3,0,2,0,1,1,0,0,0,0,1,7971501966,5838895354,1339033,5261857
200110,11,9,9051702,Bîlschestra·e,2019,10,7,3,3,5,3,0,1,1,0,0,0,0,1,813761843,5821714099,136187,5245528
200111,11,7,7040403,Manteuffelstra·e,2019,9,10,4,3,2,2,0,0,1,0,0,0,0,1,797861339,5821928636,1338559,524661
200112,11,2,2010102,Mehringplatz,2019,10,10,3,3,6,2,0,0,1,1,0,0,0,1,798318183,5825553265,1339554,5249834
200113,11,1,1022104,Emdener Stra·e,2019,10,5,3,3,2,6,2,0,1,0,0,1,0,1,7936784152,5828492481,1332998,5252721
200114,11,4,4030415,Schlo·garten,2019,9,10,4,3,6,4,0,1,0,1,0,0,0,1,7909711836,5827411072,1328924,5251896
200115,11,4,4051447,Ludwigkirchplatz,2019,10,9,3,3,5,3,0,1,1,0,0,0,0,1,7933544942,5824665024,1332185,5249307
200116,11,2,2010104,Wassertorplatz,2019,10,0,3,3,1,6,2,0,1,0,0,1,1,0,7987871055,5825577628,1340245,524983
200117,11,6,6020409,Kînigsberger Stra·e,2019,9,15,4,2,5,3,0,0,1,0,0,1,0,1,7932410818,5816839532,1331331,5242298
200118,11,3,3050923,Wei·enseer Spitze,2019,10,9,3,3,5,3,0,1,0,0,0,0,0,1,8003282903,5831640141,1343056,525518
200119,11,1,1033102,Gesundbrunnen,2019,9,10,4,3,2,6,0,0,1,0,0,0,0,1,7975436459,5831285593,1338929,5255015
200120,11,11,11010206,Wartenberg SÅd,2019,9,9,2,3,2,6,0,0,1,0,0,0,0,1,8057545041,5833789503,1351232,5256804
200121,11,8,8020728,Buckow Ost,2019,9,10,4,3,5,3,0,0,1,0,0,0,0,1,8021466713,5817751715,134447,5242631
200122,11,1,1011301,CharitÇviertel,2019,9,16,2,2,1,5,0,0,1,0,1,0,0,1,7971100131,5828825788,1338072,5252833
200123,11,1,1044201,Reinickendorfer Stra·e,2019,9,15,4,3,0,3,0,0,0,0,1,0,1,1,7962153732,583076358,1336929,5254619
200124,11,10,10010310,Alt-Marzahn,2019,9,15,2,3,5,2,0,0,1,0,0,0,0,0,8077988059,5830767321,1353959,525398
200125,11,6,6010205,SÅdende,2019,9,19,2,3,2,6,1,0,1,0,0,0,0,1,795372916,5819974033,1334734,5244993
200126,11,9,9020602,Oberspree,2019,9,14,4,3,5,3,0,1,1,0,0,0,0,1,8075789646,5820222779,1352662,5244543
200127,11,1,1044203,Leopoldplatz,2019,9,9,4,3,2,6,0,0,1,0,0,0,0,1,7959174285,5831968169,1336599,5255715
200128,11,6,6020408,Lichterfelde SÅd,2019,9,19,2,3,5,3,2,1,1,0,0,0,0,1,7926502787,581522862,1330324,5240885
200129,11,10,10040931,Mahlsdorf Nord,2019,9,17,2,3,5,2,0,1,1,0,0,0,0,0,8137761244,5830051234,1362676,5252998
200130,11,4,4020311,Reichsstra·e,2019,9,14,4,3,3,6,0,0,1,0,0,0,0,1,7899863481,582617113,1327369,5250837
200131,11,4,4041137,Flinsberger Platz,2019,9,18,2,3,2,6,0,0,1,0,0,0,0,1,7918951351,5823949349,1329979,5248743
200132,11,12,12214528,Tegeler Forst,2019,9,14,4,3,0,7,0,0,0,0,1,0,0,1,7889149331,5836114599,132666,5259808
200133,11,1,1011204,Leipziger Stra·e,2019,9,17,2,3,5,3,2,0,1,0,0,0,0,0,7981350324,5827009464,1339415,5251149
200134,11,10,10020414,Helle Mitte,2019,9,13,4,3,6,2,0,0,1,1,0,0,0,0,8122377694,5830686179,1360475,5253655
200135,11,4,4051549,Rathaus Wilmersdorf,2019,9,14,2,3,5,7,0,0,1,0,0,0,0,1,7924794033,5824008287,1330842,5248765
200136,11,4,4051551,Brabanter Platz,2019,9,12,4,3,4,6,0,0,1,0,0,0,0,0,7933198618,5823075814,1331994,5247884
200137,11,4,4030929,Hindemithplatz,2019,10,18,4,3,0,4,1,1,0,1,0,0,0,1,7927186679,5825876242,1331357,5250427
200138,11,1,1011101,StÅlerstra·e,2019,10,18,4,3,0,3,1,1,1,0,0,0,0,1,7951126454,5826491871,1334929,525085
200139,11,9,9020502,Oberschîneweide Ost,2019,10,12,4,3,6,4,0,0,1,1,0,0,0,0,8067297071,5822299784,1351607,5246452
200140,11,5,5030730,Zitadellenweg,2019,10,17,4,3,2,6,0,0,1,0,0,0,1,1,7865144799,5829203901,1322529,525374
200141,11,1,1011302,Oranienburger Stra·e,2019,10,17,4,3,2,6,0,0,1,0,0,0,0,1,7984711312,582905299,1340092,5252963
200142,11,1,1011402,Arkonaplatz,2019,10,0,4,2,0,1,2,0,0,0,1,0,0,0,7986256807,5829487754,1340359,5253344
200143,11,7,7020204,Schîneberger Insel,2019,10,11,4,3,5,3,0,1,1,0,0,0,0,1,7962731528,5823229024,1336344,5247862
200144,11,4,4041342,Schlangenbader Stra·e,2019,10,11,4,2,6,2,0,0,1,1,0,0,0,1,7920433416,582245354,1330065,5247395
200145,11,3,3061332,Helmholtzplatz,2019,10,11,4,3,2,6,0,0,1,0,1,0,0,1,7992748978,5831102763,1341458,5254756
200146,11,9,9020802,Kîllnische Vorstadt,2019,10,9,4,3,5,3,0,1,1,0,0,0,0,1,8102580031,5820350587,1356603,5244506
200147,11,1,1033203,Humboldthain Nordwest,2019,10,9,4,3,5,7,0,0,0,0,1,0,1,1,7967481636,5830490221,1337688,5254345
200148,11,3,3061227,Humannplatz,2019,10,9,4,3,1,5,0,1,0,0,0,1,0,1,7999583374,5831098264,1342463,5254714
200149,11,5,5010314,Carl-Schurz-Stra·e,2019,10,9,4,3,2,6,0,0,1,0,0,0,1,1,7853176071,5829279719,1320775,525387