OBJECTID,LAND,BEZ,LOR,STRASSE,UJAHR,UMONAT,USTUNDE,UWOCHENTAG,UKATEGORIE,UART,UTYP1,ULICHTVERH,IstRad,IstPKW,IstFuss,IstKrad,IstGkfz,IstSonstige,USTRZUSTAND,LINREFX,LINREFY,XGCSWGS84,YGCSWGS84
200150,11,3,3061332,Helmholtzplatz,2019,10,9,4,3,5,2,0,1,1,0,0,0,0,1,7998411317,5830806315,1342264,5254459
200151,11,12,12302212,Rollbergesiedlung,2019,10,8,4,3,5,3,0,0,1,0,0,0,0,1,7934056053,5837764441,1333417,5261047
200152,11,1,1011301,CharitÇviertel,2019,10,8,4,3,0,7,0,0,1,0,0,0,1,1,7970105902,5828950046,1337937,525295
200153,11,9,9020701,Adlershof West,2019,10,8,4,3,0,3,0,0,1,0,1,0,0,1,8076455182,5819363087,1352681,5243768
200154,11,4,4051656,Hildegardstra·e,2019,10,7,4,3,5,5,0,1,1,0,0,0,0,1,7934360985,5823414389,1332195,5248181
200155,11,3,3030715,Heinersdorf,2019,10,7,4,3,6,4,1,0,0,1,1,0,0,0,800474667,583236735,1343337,5255823
200156,11,8,8020622,Parchimer Allee,2019,10,6,4,3,5,2,2,1,1,0,0,0,0,0,8014141694,5820246761,1343621,5244908
200157,11,4,4041238,Kissinger Stra·e,2019,10,19,4,1,6,4,2,0,1,1,1,0,0,1,7911371018,582280345,1328765,5247757
200158,11,9,9041501,Altstadt Kietz,2019,10,15,3,3,3,6,0,1,0,0,0,0,0,0,810875361,5820304965,1357504,524443
200159,11,2,2020206,Graefekiez,2019,10,18,3,3,0,1,1,0,0,0,1,0,0,0,7998920602,5825139923,1341828,5249377
200160,11,3,3061228,Erich-Weinert-Stra·e,2019,10,15,3,2,5,3,0,1,1,0,0,0,0,0,8012563256,5831050732,1344367,52546
200161,11,2,2030302,Lausitzer Platz,2019,10,22,3,3,1,5,2,1,1,0,0,0,1,0,8006671698,5826572416,1343096,5250619
200162,11,1,1011301,CharitÇviertel,2019,10,22,3,3,3,6,2,0,1,0,1,0,0,0,7970077151,5828948062,1337932,5252949
200163,11,1,1011105,Nîrdlicher Landwehrkanal,2019,10,13,4,3,6,2,0,0,1,1,0,0,0,1,7966414031,5826647515,1337189,5250906
200164,11,2,2050802,Boxhagener Platz,2019,10,21,3,3,1,5,2,1,1,0,0,0,0,0,8022595542,5827115811,1345484,5251018
200165,11,4,4031032,Halensee,2019,10,20,3,3,5,7,2,1,1,0,0,0,0,0,7914514074,5825070281,1329425,5249772
200166,11,7,7050505,Hundsteinweg,2019,10,20,3,3,2,6,2,0,1,0,0,0,0,0,7984641604,5819031153,1339185,524398
200167,11,1,1033102,Gesundbrunnen,2019,10,18,3,3,0,1,1,0,0,0,1,0,0,0,7971606567,5831885235,133842,5255573
200168,11,5,5010101,Hakenfelde Nord,2019,10,16,3,3,0,4,0,0,0,1,0,0,1,0,7859197154,5831523611,1321854,5255851
200169,11,10,10010310,Alt-Marzahn,2019,10,15,3,3,5,2,0,0,1,0,0,0,1,0,8077987167,5830767319,1353958,525398
200170,11,9,9052001,Kîpenick Nord,2019,10,15,3,3,4,6,0,0,1,0,0,0,0,0,8100882422,5823486426,1356645,5247326
200171,11,1,1011201,Wilhelmstra·e,2019,10,11,3,2,0,5,0,0,1,0,1,0,1,0,7970149262,5826591851,1337732,5250836
200172,11,7,7010102,Nollendorfplatz,2019,10,14,3,3,1,5,0,1,0,0,1,0,0,0,7955083041,5824981757,1335376,5249475
200173,11,11,11030721,RÅdigerstra·e,2019,10,11,3,2,5,3,0,0,1,1,0,0,0,0,803863519,5828372239,1347955,5252055
200174,11,6,6030605,Botanischer Garten,2019,10,11,3,3,0,1,0,1,0,0,0,0,0,1,7922116199,5819436844,1330048,5244681
200175,11,9,9020501,Oberschîneweide West,2019,10,11,3,3,5,2,0,1,0,0,0,1,0,0,8065980389,58227791,1351458,5246889
200176,11,1,1011302,Oranienburger Stra·e,2019,10,11,3,3,5,2,0,1,0,0,0,0,0,0,7983329919,5828961324,1339881,5252888
200177,11,5,5020626,Adamstra·e,2019,10,10,3,3,5,2,0,1,1,0,0,0,0,0,7845910754,5827964067,1319594,5252729
200178,11,4,4041344,RÅdesheimer Platz,2019,10,9,3,3,1,5,0,1,1,0,0,0,0,1,7931813353,5822105481,1331705,5247022
200179,11,1,1011201,Wilhelmstra·e,2019,10,8,3,3,5,3,0,1,0,1,0,0,0,0,7974652644,5826813493,1338414,525101
200180,11,4,4030623,Ernst-Reuter-Platz,2019,10,8,3,3,2,6,0,0,1,0,0,0,0,0,7933290983,5826683639,1332325,5251118
200181,11,1,1011306,Heine-Viertel Ost,2019,10,9,3,3,4,6,0,1,1,0,0,0,0,0,8001526886,5826865621,1342367,525091
200182,11,3,3071536,Teutoburger Platz,2019,10,14,3,3,6,4,0,1,0,1,0,0,0,0,7988251704,582922828,1340629,52531
200183,11,1,1011204,Leipziger Stra·e,2019,10,8,3,3,2,2,0,1,1,0,0,0,0,0,7978623539,5826764054,1338993,5250944
200184,11,7,7050505,Hundsteinweg,2019,10,14,3,3,6,7,0,0,0,1,0,0,1,0,7993175044,581905271,1340438,5243952
200185,11,1,1022101,Huttenkiez,2019,10,18,3,3,0,2,1,0,1,0,1,0,0,0,792670068,582852983,1331519,5252808
200186,11,1,1011103,LÅtzowstra·e,2019,10,14,3,3,2,6,0,0,1,0,0,0,0,0,7957704729,5825718429,1335827,5250121
200187,11,9,9010401,Johannisthal West,2019,10,8,3,3,0,3,0,0,1,0,1,0,0,0,8061229184,5820089933,1350514,5244505
200188,11,2,2010104,Wassertorplatz,2019,10,7,3,2,2,6,0,0,1,0,1,0,0,0,7998748651,5825697773,1341853,5249878
200189,11,10,10010102,Havemannstra·e,2019,10,18,3,3,2,7,1,0,1,0,0,0,0,0,8097879007,5834082526,1357191,5256839
200190,11,5,5030731,Gartenfelder Stra·e,2019,10,7,3,3,0,6,0,0,1,0,1,0,0,0,7876277566,5829396506,1324182,5253854
200191,11,5,5010312,Kurstra·e,2019,10,6,3,3,5,3,1,1,1,0,0,0,0,0,7851350443,5829611911,1320535,5254178
200192,11,5,5010209,An der Kappe,2019,10,17,3,3,5,2,0,1,1,0,0,0,0,0,78323872,5830269678,1317803,5254866
200193,11,2,2040701,Andreasviertel,2019,10,17,3,3,5,3,0,1,0,0,0,1,0,0,8006184866,5827307795,1343091,525128
200194,11,8,8010301,Reuterkiez,2019,10,13,3,3,2,6,0,0,1,0,0,0,0,0,8009111282,5824250323,1343244,5248524
200195,11,1,1022103,Westhafen,2019,10,17,3,3,5,2,0,0,1,0,1,0,0,0,7946709582,5829772421,1334571,5253814
200196,11,12,12301205,Waidmannslust,2019,10,12,3,3,6,2,0,0,0,1,0,0,1,0,7921072958,5837666818,1331497,5261029
200197,11,8,8020622,Parchimer Allee,2019,10,15,3,3,2,6,0,0,1,0,0,0,0,0,8013143612,5819571856,1343414,5244308
200198,11,3,3061228,Erich-Weinert-Stra·e,2019,10,12,3,3,5,2,0,0,0,0,1,0,1,0,8005014711,5830759314,1343231,5254381
200199,11,9,9020601,Schnellerstra·e,2019,10,16,3,3,2,6,0,0,0,0,0,0,1,0,8053611524,5822407533,1349609,5246625
200200,11,7,7040405,Rathaus Tempelhof,2019,10,21,2,2,5,3,2,0,1,0,1,0,0,0,7988948264,5821207113,1340011,5245907
200201,11,4,4010101,Jungfernheide,2019,10,21,2,3,6,7,2,0,0,1,0,1,0,0,7911188734,5829405361,1329316,5253676
200202,11,1,1022201,Stephankiez,2019,10,20,2,3,2,6,2,1,1,0,0,0,0,0,7953385265,58294456,1335523,5253485
200203,11,2,2050802,Boxhagener Platz,2019,10,19,2,3,5,2,2,1,1,0,0,0,0,0,8021073253,582735598,1345282,5251241
200204,11,3,3061430,Volkspark Prenzlauer Berg,2019,10,18,2,3,2,2,1,1,1,0,0,0,0,0,8023297699,5829224175,1345779,5252903
200205,11,1,1011201,Wilhelmstra·e,2019,10,18,2,3,6,4,1,1,0,1,0,0,0,0,7970452766,5826555838,1337774,5250802
200206,11,4,4041136,Hagenplatz,2019,10,18,2,3,5,2,1,1,1,0,0,0,0,0,7906899757,5822707533,1328101,5247694
200207,11,1,1011105,Nîrdlicher Landwehrkanal,2019,10,17,2,3,5,2,0,1,1,0,0,0,0,0,7961230942,5826718675,1336433,5250998
200208,11,8,8020625,Handwerker-Siedlung,2019,10,17,2,2,1,5,0,0,1,0,0,0,0,0,8014522462,5818597585,1343528,5243427
200209,11,12,12103218,Teichstra·e,2019,10,17,2,3,1,5,1,0,1,0,0,0,0,0,7948191969,5833121055,1335086,5256808
200210,11,6,6010101,Fichtenberg,2019,10,16,2,2,0,6,0,0,1,0,0,0,1,0,7933992935,5820373386,1331873,5245457
200211,11,10,10010309,Springpfuhl,2019,10,15,2,3,5,2,0,1,0,0,0,0,1,0,8079346073,5829198169,1354013,5252566
200212,11,3,3071536,Teutoburger Platz,2019,10,15,2,3,5,7,0,0,0,0,0,0,1,0,7990968184,583024701,134112,5253999
200213,11,2,2010102,Mehringplatz,2019,10,15,2,2,6,4,0,0,1,1,0,0,0,0,7982851742,5826523385,1339592,5250705
200214,11,2,2020204,Urbanstra·e,2019,10,9,2,3,2,2,0,1,1,0,0,0,0,0,7986220509,5825120332,1339961,5249429
200215,11,11,11051330,Karlshorst West,2019,10,15,2,3,5,5,0,0,1,0,0,0,0,0,8061487743,5825141232,1351016,5249031
200216,11,8,8010302,BouchÇstra·e,2019,10,15,2,3,0,6,0,1,0,0,0,0,1,0,8019546417,5824578349,1344806,524876
200217,11,5,5020625,Borkumer Stra·e,2019,10,11,2,2,5,3,0,1,0,0,1,0,0,0,78392389,5828516799,1318661,5253259
200218,11,9,9051702,Bîlschestra·e,2019,10,11,2,3,0,6,0,1,0,0,0,0,1,0,814203663,5821471993,1362495,5245286
200219,11,9,9041401,Allende I,2019,10,11,2,2,0,7,0,1,0,0,0,0,0,0,8119238645,5820624038,1359072,5244656
200220,11,1,1033202,Humboldthain SÅd,2019,10,15,2,3,2,6,0,0,1,0,1,0,0,0,797711577,5829672206,1339032,5253559
200221,11,2,2050803,Stralauer Kiez,2019,10,8,2,3,2,6,0,0,1,0,1,0,0,0,8032780457,5826314732,1346907,5250243
200222,11,5,5030731,Gartenfelder Stra·e,2019,10,14,2,3,2,2,0,0,1,0,0,0,0,0,7880164793,5829392203,1324753,5253829
200223,11,1,1044202,Sparrplatz,2019,10,8,2,3,2,6,0,0,1,0,0,0,0,0,7958889531,5830458619,1336422,5254363
200224,11,12,12214424,Scharnweberstra·e,2019,10,7,2,3,5,2,0,0,1,0,0,0,0,0,793352346,5832935645,1332911,5256721
200225,11,7,7060604,Marienfelde SÅd,2019,10,13,2,3,2,3,0,0,1,0,1,0,0,0,7980817082,5814502136,133822,5239941
200226,11,11,11020412,Hauptstra·e,2019,10,10,2,2,6,4,0,0,1,1,0,0,0,0,804921996,5831378202,1349786,525469
200227,11,6,6030609,Augustaplatz,2019,10,6,2,3,1,5,1,1,1,0,0,0,0,0,7927610765,5819039585,133082,5244296
200228,11,4,4031032,Halensee,2019,10,10,2,3,5,2,0,0,1,0,0,0,0,0,7909605488,5824830423,1328683,5249583
200229,11,8,8010118,Silbersteinstra·e,2019,10,14,2,3,6,2,0,0,1,1,0,0,0,0,8011200456,5821893385,1343338,52464
200230,11,3,3061435,Conrad-Blenkle-Stra·e,2019,10,6,2,3,5,3,2,1,1,0,0,0,0,1,8017420715,5829168244,134491,5252886
200231,11,9,9010401,Johannisthal West,2019,10,10,2,3,5,5,0,0,1,0,0,0,0,0,8062378816,5821002637,1350767,5245317
200232,11,10,10010309,Springpfuhl,2019,10,13,2,2,0,3,0,0,1,0,1,0,0,0,8078403894,5829077415,1353863,5252464
200233,11,4,4020310,Park Ruhwald,2019,10,10,2,3,5,2,0,0,1,0,1,0,0,0,7905381495,5827349791,1328283,5251864
200234,11,4,4030519,Kaiserin-Augusta-Allee,2019,10,13,2,3,5,3,0,1,1,0,0,0,0,0,7920755737,5828588712,1330651,5252893
200235,11,10,10020622,Kaulsdorf Nord I,2019,10,9,2,3,5,2,0,0,1,0,0,0,0,0,8109671152,5828193981,1358375,5251494
200236,11,2,2010104,Wassertorplatz,2019,10,9,2,3,2,6,0,0,1,0,1,0,0,0,798657317,5825583139,1340055,5249842
200237,11,3,3061131,Falkplatz,2019,10,12,2,2,5,3,0,1,1,0,0,0,0,0,799133853,5830368056,1341185,5254105
200238,11,7,7040401,Neu-Tempelhof,2019,10,9,2,3,0,1,0,1,0,0,0,0,0,0,7972305003,5823036913,1337732,5247638
200239,11,2,2010102,Mehringplatz,2019,10,8,2,3,0,7,0,0,0,0,1,0,0,1,7987650024,5826177331,1340266,5250369
200240,11,7,7040401,Neu-Tempelhof,2019,10,12,2,3,2,6,0,0,1,0,0,0,0,0,797298332,5822660079,1337798,5247296
200241,11,8,8010211,Flughafenstra·e,2019,10,16,1,3,5,3,0,1,1,0,0,0,0,0,800613685,5823773777,1342765,5248113
200242,11,3,3040614,Pankow Zentrum,2019,10,22,1,2,3,6,2,1,0,0,0,0,1,0,7987247687,5833121229,1340831,5256595
200243,11,3,3040614,Pankow Zentrum,2019,10,17,1,3,4,6,0,1,0,0,0,0,0,0,8000126048,5834827181,134288,5258054
200244,11,9,9041301,Kietzer Feld/Nachtheide,2019,10,16,1,3,2,6,0,0,1,0,0,0,0,1,8120973162,5819747558,1359244,5243861
200245,11,12,12302109,Treuenbrietzener Stra·e,2019,10,16,1,3,0,1,0,0,0,0,1,0,0,0,7955885991,5837241421,1336585,526046
200246,11,3,3040512,Wilhelmsruh,2019,10,15,1,3,2,6,0,0,1,0,1,0,0,0,7964074275,5834670146,1337561,525811
200247,11,1,1011101,StÅlerstra·e,2019,10,15,1,2,2,6,0,0,1,0,1,0,0,0,7951611505,5825917253,1334949,5250332
200248,11,1,1011105,Nîrdlicher Landwehrkanal,2019,10,13,1,3,5,3,0,1,0,0,1,0,0,0,796569367,5826870404,1337103,525111
200249,11,12,12214424,Scharnweberstra·e,2019,10,13,1,3,5,2,0,0,1,0,0,0,1,0,7929049639,5832167764,1332185,5256057
200250,11,4,4051445,Eisenzahnstra·e,2019,10,13,1,3,5,5,0,0,1,0,1,0,0,0,792690405,582443406,1331189,5249135
200251,11,4,4020313,Kînigin-Elisabeth-Stra·e,2019,10,12,1,3,2,6,0,0,1,0,0,0,0,0,7905187828,5826502506,132818,5251106
200252,11,8,8020727,Buckow Mitte,2019,10,11,1,3,6,2,0,0,1,1,0,0,0,0,8003209164,5816737267,1341702,5241822
200253,11,3,3051022,Hansastra·e,2019,10,10,1,3,5,3,0,0,1,0,0,0,0,0,8029994855,5832007236,1347017,5255361
200254,11,11,11010205,Falkenberg West,2019,10,9,1,3,5,7,0,1,1,0,0,0,0,0,8062999369,5833899636,1352044,5256872
200255,11,2,2040701,Andreasviertel,2019,10,7,1,3,6,7,0,0,1,1,0,0,0,0,8007171537,5827070231,1343214,5251062
200256,11,4,4010102,Plîtzensee,2019,10,6,1,3,5,7,2,0,1,0,0,0,0,0,7924998375,5830685669,1331459,525475
200257,11,1,1011306,Heine-Viertel Ost,2019,10,22,1,3,5,3,2,0,1,0,0,0,0,1,7997674694,582656454,1341774,5250661
200258,11,3,3040614,Pankow Zentrum,2019,10,22,1,2,3,6,2,1,0,0,0,0,1,0,798727584,5833123736,1340836,5256597
200259,11,2,2030302,Lausitzer Platz,2019,10,20,1,3,5,3,2,0,1,0,1,0,0,1,8009690399,5826064615,1343493,5250147
200260,11,4,4030620,Alt-Lietzow,2019,10,20,1,3,0,1,2,1,0,0,0,0,0,0,79263725,5827412208,1331373,5251808
200261,11,4,4031032,Halensee,2019,10,16,4,3,5,2,0,0,1,0,1,0,0,1,791871996,5824727729,1330013,5249442
200262,11,1,1011301,CharitÇviertel,2019,10,17,3,3,0,1,1,0,1,0,0,0,1,1,7974542812,5828850246,133858,5252837
200263,11,4,4041344,RÅdesheimer Platz,2019,10,19,1,3,0,1,2,0,0,0,1,0,0,1,7933889873,5821926968,1331995,524685
200264,11,11,2050801,Traveplatz,2019,10,19,1,3,0,1,2,0,0,0,1,0,0,1,8036644455,5827433484,1347577,5251224
200265,11,2,2010104,Wassertorplatz,2019,10,18,1,3,0,2,2,1,1,0,0,0,0,1,7994527651,5825659489,134123,5249867
200266,11,4,4030930,George-Grosz-Platz,2019,10,18,1,3,0,1,1,0,0,0,1,0,0,0,7931181093,5825589628,1331919,5250148
200267,11,7,7050501,Rathausstra·e,2019,10,13,7,3,2,2,0,0,1,0,0,0,0,0,7974648657,5820309025,1337833,524518
200268,11,6,6040810,Dahlem,2019,10,13,7,3,2,2,0,0,1,0,0,0,0,0,7903994568,5820898996,1327517,5246089
200269,11,1,1022103,Westhafen,2019,10,18,7,3,0,5,1,0,1,0,1,0,0,0,7948697904,5829770779,1334863,5253802
200270,11,2,2050803,Stralauer Kiez,2019,10,15,4,2,6,4,0,0,1,1,0,0,0,1,8032608595,582631779,1346882,5250247
200271,11,6,6030610,Lichterfelde West,2019,10,23,7,2,0,1,2,1,0,0,0,0,0,0,7922316245,5818664829,133001,5243988
200272,11,3,3061430,Volkspark Prenzlauer Berg,2019,10,23,7,2,2,6,2,0,1,0,1,0,0,0,8019508495,582975433,134527,52534
200273,11,1,1011302,Oranienburger Stra·e,2019,10,15,4,3,6,4,0,0,0,1,1,0,0,1,798110812,5828956112,1339554,5252896
200274,11,1,1044101,Rehberge,2019,10,22,7,2,5,2,1,1,1,0,0,0,0,0,7945194647,5831564763,1334507,5255429
200275,11,8,8010406,Treptower Stra·e Nord,2019,10,21,7,3,5,2,2,0,1,0,0,0,1,0,8023962353,5824048106,1345406,524826
200276,11,4,4010101,Jungfernheide,2019,10,22,7,3,5,2,2,0,1,0,0,0,1,0,791253327,5829731046,1329542,5253961
200277,11,1,1011305,Heine-Viertel West,2019,10,22,7,3,6,2,2,0,1,1,0,0,0,0,7992128314,5826976305,1340996,5251061
200278,11,8,8020619,Buschkrugallee Nord,2019,10,19,7,3,0,5,2,0,1,0,0,0,1,0,801249628,5821577712,13435,524611
200279,11,1,1044101,Rehberge,2019,10,18,7,3,1,5,2,0,1,0,0,0,1,0,7936952693,5832104063,1333342,5255957
200280,11,12,12214125,Waldidyll/Flughafensee,2019,10,18,7,3,6,2,2,0,0,1,0,0,1,0,7907053386,5834318303,1329138,5258103
200281,11,12,12301205,Waidmannslust,2019,10,16,7,2,5,3,0,1,1,0,0,0,0,0,7923748311,5837801268,1331903,5261136
200282,11,8,8030830,Gropiusstadt SÅd,2019,10,15,7,3,5,3,0,0,1,0,0,0,0,0,8024946983,5817963473,1345,5242801
200283,11,5,5020625,Borkumer Stra·e,2019,10,15,7,2,0,6,0,0,1,0,0,0,1,0,7845619674,5828221894,1319574,5252961
200284,11,7,7060604,Marienfelde SÅd,2019,10,14,7,3,5,2,0,1,1,0,0,0,0,0,7975959221,581555583,1337602,5240912
200285,11,7,7010102,Nollendorfplatz,2019,10,14,7,3,5,7,0,0,1,0,1,0,0,0,7949538235,5825404052,1334599,5249883
200286,11,10,10010207,Marzahner Promenade,2019,10,13,7,3,0,6,0,0,1,0,0,0,1,0,8080063209,5831072675,1354292,5254242
200287,11,4,4030827,Karl-August-Platz,2019,10,12,7,3,5,3,0,1,0,0,1,0,0,0,7927312633,5826591302,1331439,5251067
200288,11,10,10020620,Kaulsdorf Nord II,2019,10,12,7,3,5,2,0,0,0,0,0,0,1,0,8113159233,5829840502,1359041,525295
200289,11,9,9020701,Adlershof West,2019,10,12,7,3,5,3,0,1,1,0,0,0,0,0,8076433487,5819360774,1352677,5243767
200290,11,6,6010102,Schlo·stra·e,2019,10,12,7,3,5,3,0,0,1,0,0,0,0,0,7934202249,5820913372,1331951,524594
200291,11,11,11041128,Sewanstra·e,2019,10,11,7,3,5,3,0,1,1,0,0,0,0,0,8068453531,5826253121,1352141,5249988
200292,11,11,11030720,Herzbergstra·e,2019,10,11,7,3,3,6,0,1,0,0,0,0,1,0,8051949492,5829081116,1349976,5252616
200293,11,11,11030721,RÅdigerstra·e,2019,10,10,7,3,3,6,0,1,1,0,0,0,0,0,8042239317,5828690198,1348514,525232
200294,11,3,3030715,Heinersdorf,2019,10,10,7,3,5,3,0,0,1,0,0,0,0,0,8010823124,583397825,1344377,5257234
200295,11,11,11010206,Wartenberg SÅd,2019,10,10,7,3,0,3,0,0,1,0,1,0,0,0,8062873277,5834076302,1352042,5257031
200296,11,4,4030519,Kaiserin-Augusta-Allee,2019,10,9,7,3,5,7,0,0,1,0,1,0,0,0,7920779356,5828393753,1330637,5252718
200297,11,8,8010301,Reuterkiez,2019,10,1,7,3,5,3,2,0,1,0,1,0,0,0,8007333393,5825055919,1343056,5249256
200298,11,5,5010314,Carl-Schurz-Stra·e,2019,10,0,7,3,6,4,2,0,1,1,0,0,0,0,784897416,582875234,1320112,525342
200299,11,2,2040502,Friedenstra·e,2019,10,19,6,3,0,6,2,0,1,0,1,0,0,0,8008725704,5828502726,1343572,5252337
200300,11,1,1011202,Unter den Linden Nord,2019,10,10,6,2,6,4,0,1,0,1,0,0,0,1,7973638398,5827731613,1338347,5251839
200301,11,11,11051229,Rummelsburg,2019,10,20,6,3,6,4,2,0,1,1,0,0,0,1,8056087531,5824270522,1350143,5248281
200302,11,1,1011306,Heine-Viertel Ost,2019,10,14,6,3,5,7,0,1,0,0,0,0,1,0,8003489418,582676645,1342646,525081
200303,11,5,5020626,Adamstra·e,2019,10,13,6,3,5,2,0,0,1,0,0,0,0,0,7841465098,5827321068,1318886,5252175
200304,11,8,8010214,Glasower Stra·e,2019,10,13,6,3,2,6,0,0,1,0,0,0,0,0,8018103461,58219591,1344357,524642
200305,11,11,11030618,Fennpfuhl West,2019,10,19,6,2,5,3,2,0,1,0,0,0,1,1,8032587649,5829611208,134718,5253199
200306,11,1,1022201,Stephankiez,2019,10,10,6,3,0,6,0,1,1,0,0,0,0,0,795434827,5829536095,1335673,5253561
200307,11,6,6020301,Alt-Lankwitz,2019,10,19,6,3,5,3,2,0,1,0,0,0,0,1,7965569487,5818899652,1336376,5243966
200308,11,3,3071537,Kollwitzplatz,2019,10,19,6,3,1,5,2,1,1,0,0,0,0,1,7993161322,5830073473,1341426,5253831
200309,11,2,2030302,Lausitzer Platz,2019,10,17,6,3,5,2,1,1,1,0,0,0,0,1,8014535564,5826033276,1344202,5250092
200310,11,4,4020310,Park Ruhwald,2019,10,19,6,3,5,2,2,1,1,0,0,0,0,1,7903308425,58275378,1327994,5252044
200311,11,12,12224230,Heiligensee,2019,10,6,6,3,2,6,1,0,1,0,0,0,0,0,7860471777,5839154672,13227,5262686
200312,11,2,2050802,Boxhagener Platz,2019,10,12,4,3,0,3,0,1,1,0,0,0,0,1,802065394,582716095,1345203,5251069
200313,11,6,6040809,Thielallee,2019,10,18,6,3,5,3,2,0,1,0,0,0,0,1,7912037668,5819702399,1328593,5244973
200314,11,5,5030833,Motardstra·e,2019,10,5,6,3,6,4,2,0,0,1,1,0,0,0,790045767,5829151173,1327716,5253506
200315,11,2,2010104,Wassertorplatz,2019,10,17,6,3,5,3,1,1,1,0,0,0,0,1,7994425149,5825663703,1341215,5249871
200316,11,1,1033102,Gesundbrunnen,2019,10,17,6,3,5,7,1,0,1,0,1,0,0,0,7971416088,5831391189,1338347,5255131
200317,11,7,7060601,Marienfelder Allee Nordwest,2019,10,16,6,3,2,6,0,0,1,0,0,0,0,1,7966033296,5816059796,1336192,5241417
200318,11,6,6030504,Teltower Damm,2019,10,16,6,2,5,5,0,0,1,0,0,0,0,1,7900800272,5815803585,1326605,5241537
200319,11,7,7070703,John-Locke-Stra·e,2019,10,15,6,3,5,2,0,0,1,0,1,0,0,0,7995357778,5813171155,1340232,5238668
200320,11,11,11020514,Gro·e-Leege-Stra·e,2019,10,14,6,3,2,6,0,0,1,0,0,0,0,0,8042939031,5830770807,1348807,525418
200321,11,1,1022102,Beusselkiez,2019,10,14,6,3,0,5,0,0,0,1,0,0,1,0,7935722454,5828715819,1332862,5252926
200322,11,4,4030726,Droysenstra·e,2019,10,20,6,3,5,7,2,0,1,0,0,0,0,1,7916543203,5825546924,1329765,5250189
200323,11,8,8020620,Tempelhofer Weg,2019,10,14,4,3,3,6,0,0,1,0,0,0,1,1,8009104181,58208962,1342941,5245517
200324,11,4,4010101,Jungfernheide,2019,10,15,6,3,2,6,0,0,1,0,0,0,1,0,790432583,5829041632,1328275,5253387
200325,11,2,2010102,Mehringplatz,2019,10,16,5,3,6,6,0,0,0,1,0,0,1,1,7986883871,5826444053,1340178,5250612
200326,11,1,1011204,Leipziger Stra·e,2019,10,19,5,3,5,3,2,1,0,0,0,0,0,0,7981546201,5826611238,1339408,5250791
200327,11,8,8010117,Schillerpromenade,2019,10,23,5,3,2,6,2,0,1,0,0,0,0,1,8005586087,5823304929,1342642,5247696
200328,11,1,1044102,Schillerpark,2019,10,22,5,3,2,6,2,0,1,0,0,0,0,1,7949970931,5832147306,1335261,5255926
200329,11,3,3010102,Buch,2019,10,20,5,3,6,4,2,1,0,1,0,0,0,1,80420786,5841108333,134963,526345
200330,11,7,7030301,Friedenau,2019,10,20,5,3,6,4,2,0,1,1,0,0,0,1,7940002934,5821595306,1332863,524652
200331,11,10,10020415,Hellersdorfer Promenade,2019,10,19,5,2,3,6,2,1,1,0,0,0,0,1,8121233615,5831381379,1360372,5254285
200332,11,5,5010314,Carl-Schurz-Stra·e,2019,10,19,5,2,6,4,2,0,1,1,0,0,0,0,7847457169,5828819495,1319895,5253488
200333,11,1,1011204,Leipziger Stra·e,2019,10,17,5,3,5,2,0,0,1,0,0,0,0,1,7986987888,5827084172,134025,5251185
200334,11,7,7040403,Manteuffelstra·e,2019,10,13,4,3,6,7,0,0,0,1,0,1,0,1,7970247131,5820931394,1337242,5245761
200335,11,8,8010117,Schillerpromenade,2019,10,17,5,3,0,3,0,0,1,0,1,0,0,1,8003796815,5823330192,1342381,5247728
200336,11,11,11051330,Karlshorst West,2019,10,14,4,3,3,6,0,1,1,0,0,0,0,1,8064710537,5824864903,1351463,5248765
200337,11,1,1011402,Arkonaplatz,2019,10,9,5,3,0,1,0,1,0,0,0,0,0,1,7986398797,5829385556,134037,5253252
200338,11,6,6030503,Zehlendorf Mitte,2019,10,9,5,3,3,6,0,1,1,0,0,0,0,0,7895081295,5817489554,1325913,5243079
200339,11,7,7040404,Marienhîhe,2019,10,8,5,3,2,6,0,0,1,0,0,0,0,1,7966820862,5820010687,1336658,5244955
200340,11,2,2040701,Andreasviertel,2019,10,6,5,2,5,3,1,0,1,0,0,0,0,1,8002743438,5827632348,1342614,525159
200341,11,3,3040512,Wilhelmsruh,2019,10,6,5,3,6,2,2,0,1,1,0,0,0,1,7949298112,5835422445,1335453,5258865
200342,11,3,3051022,Hansastra·e,2019,10,13,4,3,5,2,0,1,1,0,0,0,0,1,8036642351,5832011892,1347995,5255328
200343,11,1,1011305,Heine-Viertel West,2019,10,4,5,3,0,1,2,0,0,0,0,0,1,1,7992700162,5826523627,1341039,5250652
200344,11,7,7060603,Marienfelde Nordost,2019,10,16,5,3,5,2,0,1,1,0,0,0,0,0,7986696373,5816135923,1339228,5241373