OBJECTID,LAND,BEZ,LOR,STRASSE,UJAHR,UMONAT,USTUNDE,UWOCHENTAG,UKATEGORIE,UART,UTYP1,ULICHTVERH,IstRad,IstPKW,IstFuss,IstKrad,IstGkfz,IstSonstige,USTRZUSTAND,LINREFX,LINREFY,XGCSWGS84,YGCSWGS84
200345,11,2,2040502,Friedenstra·e,2019,10,15,5,3,5,2,0,0,0,0,0,0,1,0,8004731867,5828448628,134298,5252311
200346,11,2,2050602,Samariterviertel,2019,10,15,5,3,1,5,0,1,0,0,0,0,1,0,8031097577,5828297384,1346841,5252029
200347,11,1,1033101,Soldiner Stra·e,2019,10,14,5,3,5,2,0,0,1,0,0,0,0,1,796158338,5832268331,133698,5255971
200348,11,1,1011202,Unter den Linden Nord,2019,10,12,5,3,5,3,0,0,1,0,1,0,0,0,7985554334,5827795676,1340103,5251831
200349,11,2,2020203,Viktoriapark,2019,10,10,5,3,5,7,0,0,1,0,1,0,0,1,7976375755,5824022329,1338418,5248499
200350,11,5,5010314,Carl-Schurz-Stra·e,2019,10,21,4,2,9,1,2,0,1,0,0,0,0,0,7848312864,5829234485,1320056,5253855
200351,11,11,11010310,MÅhlengrund,2019,10,10,5,3,6,6,0,1,0,1,0,0,0,0,8052806314,5833242424,1350485,525634
200352,11,5,5010339,Freiheit,2019,10,6,5,3,2,6,1,0,0,0,1,0,1,1,7879696426,5827900288,1324555,5252494
200353,11,1,1011201,Wilhelmstra·e,2019,10,23,4,3,5,2,2,0,1,0,0,0,0,1,7969601811,5826708465,1337662,5250944
200354,11,1,1011304,Karl-Marx-Allee,2019,10,23,4,3,0,1,2,1,0,0,0,0,0,1,7998685754,5827486026,1342005,5251481
200355,11,3,3040614,Pankow Zentrum,2019,10,18,4,2,5,2,0,0,1,0,0,0,1,0,8000187303,583549256,1342949,525865
200356,11,10,10010205,Marzahn Ost,2019,10,18,4,2,6,4,2,0,1,1,0,0,0,1,8103526413,5832178925,1357844,5255101
200357,11,9,9041401,Allende I,2019,10,17,4,3,5,2,0,0,1,0,0,0,0,0,8118600133,5820572884,1358973,5244614
200358,11,1,1044103,Westliche MÅllerstra·e,2019,10,16,4,3,1,5,0,1,1,0,0,0,0,0,7950024866,5830872717,1335156,5254783
200359,11,7,7010102,Nollendorfplatz,2019,10,16,4,2,6,4,0,0,1,1,0,0,0,0,7950404296,5825627048,1334746,5250078
200360,11,1,1011302,Oranienburger Stra·e,2019,10,21,4,3,0,3,2,0,1,0,0,0,1,1,7985304876,5828982306,1340173,5252896
200361,11,4,4030929,Hindemithplatz,2019,10,17,4,3,2,6,0,0,1,0,1,0,0,0,7926835326,5825410219,1331265,5250011
200362,11,11,11010102,Dorf Wartenberg,2019,10,15,4,3,0,6,0,0,1,0,0,0,1,0,8061623505,5834548528,1351902,5257461
200363,11,11,11040926,Weitlingstra·e,2019,10,15,4,3,6,4,0,0,0,1,0,0,1,0,8052371286,5827312232,1349876,5251028
200364,11,4,4010102,Plîtzensee,2019,10,12,4,3,2,6,0,0,1,0,0,0,0,1,7932589701,5830063567,133252,5254151
200365,11,2,2030301,Oranienplatz,2019,10,21,4,3,0,4,2,1,0,1,0,0,0,1,8000101585,5825476881,1342032,5249673
200366,11,4,4030931,Breitscheidplatz,2019,10,15,4,3,0,3,0,1,0,0,1,0,0,0,7939360516,5825810985,133314,5250303
200367,11,11,11030617,Hohenschînhausener Stra·e,2019,10,12,4,3,6,4,0,1,0,1,0,0,0,1,8029546319,5829811631,1346751,5253395
200368,11,1,1011302,Oranienburger Stra·e,2019,10,9,4,3,1,1,0,1,1,0,0,0,0,0,7982924346,5828387174,133977,5252376
200369,11,3,3040614,Pankow Zentrum,2019,10,21,4,3,5,3,2,1,0,0,1,0,0,1,798646044,5833926375,1340788,5257321
200370,11,6,6030502,Zehlendorf SÅd,2019,10,20,4,3,0,2,2,0,1,0,1,0,0,1,789934616,5815344595,1326353,5241133
200371,11,12,12214527,Alt-Tegel,2019,10,8,4,3,1,5,0,1,1,0,0,0,0,1,7901608782,5835199566,1328414,5258922
200372,11,11,11020412,Hauptstra·e,2019,10,7,4,3,1,7,0,0,1,0,0,0,0,1,8053195502,5831625059,1350393,5254889
200373,11,12,12214424,Scharnweberstra·e,2019,10,14,4,3,2,6,0,0,1,0,0,0,0,1,7928720647,5832144876,1332135,5256038
200374,11,11,11040925,Victoriastadt,2019,10,12,4,3,2,6,0,0,1,0,0,0,0,1,803435705,5826639058,1347168,5250525
200375,11,3,3061227,Humannplatz,2019,10,7,4,2,5,2,0,0,1,0,0,0,1,0,7994929757,583175559,1341838,5255329
200376,11,10,10010102,Havemannstra·e,2019,10,20,4,3,0,7,2,0,1,0,1,0,0,1,8094848353,58346441,1356798,5257359
200377,11,8,8020620,Tempelhofer Weg,2019,10,14,4,3,2,6,0,0,1,0,0,0,0,1,8010445271,5820603122,1343111,5245247
200378,11,3,3061126,Arnimplatz,2019,10,14,4,3,5,2,0,0,1,0,0,0,0,0,798412419,5831802063,1340253,525543
200379,11,9,9041601,MÅggelheim,2019,10,13,4,3,0,6,0,0,1,0,0,0,1,0,817504649,5816679308,1366881,52408
200380,11,7,7030301,Friedenau,2019,10,12,4,3,1,5,0,1,1,0,0,0,0,1,7947627418,5822889721,1334096,5247639
200381,11,1,4030931,Breitscheidplatz,2019,10,19,4,3,0,7,2,0,0,0,0,0,1,1,7944244449,5826092597,1333882,5250529
200382,11,7,7010102,Nollendorfplatz,2019,10,19,4,3,5,2,2,1,1,0,0,0,0,0,7955445928,5825255692,1335454,5249718
200383,11,8,8010301,Reuterkiez,2019,10,5,4,3,0,3,2,1,1,0,0,0,0,1,8005734921,5824574974,1342778,5248833
200384,11,2,2030301,Oranienplatz,2019,10,19,4,3,3,6,2,0,1,0,0,1,0,1,800113389,582590274,1342222,5250049
200385,11,6,6040810,Dahlem,2019,10,11,4,2,5,2,0,1,1,0,0,0,0,0,7918481002,5821374381,1329684,5246438
200386,11,3,3040818,Pankow SÅd,2019,10,10,4,3,2,6,0,1,1,0,0,0,0,0,7990825543,5833200495,1341365,5256647
200387,11,2,2020204,Urbanstra·e,2019,10,22,4,3,5,3,2,0,1,0,0,0,1,1,7988521896,5825103702,1340298,5249402
200388,11,12,12214424,Scharnweberstra·e,2019,10,7,4,3,2,6,0,0,1,0,0,0,0,0,7931774684,5832618173,1332626,5256446
200389,11,5,5010312,Kurstra·e,2019,10,10,4,3,6,7,0,0,1,1,0,0,0,0,7852787242,5830283814,1320804,5254773
200390,11,1,1011401,Invalidenstra·e,2019,10,14,4,3,0,1,0,0,0,0,1,0,0,1,7973651073,5829142319,1338475,5253103
200391,11,3,3020210,Herthaplatz,2019,10,6,4,3,5,3,0,1,0,0,0,0,1,1,7983740568,5835330255,1340514,5258595
200392,11,1,1011306,Heine-Viertel Ost,2019,10,18,4,3,2,6,2,0,1,0,0,0,0,0,8004604859,5826698016,1342804,5250743
200393,11,9,9051702,Bîlschestra·e,2019,10,6,4,2,5,3,2,1,1,0,0,0,0,1,8136635187,5821700741,1361724,5245522
200394,11,4,4020310,Park Ruhwald,2019,10,18,4,3,2,6,2,0,1,0,0,0,0,0,7893460959,5827519142,1326545,525208
200395,11,1,1033101,Soldiner Stra·e,2019,10,6,4,3,6,4,2,1,0,1,0,0,0,1,7975171016,5832691415,1339016,5256276
200396,11,12,12301203,Wittenau SÅd,2019,10,6,4,3,5,2,1,0,1,0,0,0,0,1,7928899567,5835223939,1332433,5258797
200397,11,1,1022106,Elberfelder Stra·e,2019,10,10,3,3,5,2,0,1,1,0,0,0,0,1,794042045,5828244089,1333511,5252478
200398,11,9,9010301,Baumschulenstra·e,2019,10,21,3,3,5,2,2,0,1,0,0,0,0,1,8050162416,5822702897,134913,5246909
200399,11,2,2020203,Viktoriapark,2019,10,19,4,3,2,6,2,0,1,0,1,0,0,1,7974529376,58245496,1338193,5248982
200400,11,1,1011302,Oranienburger Stra·e,2019,10,20,3,3,1,5,2,1,0,0,0,0,1,1,7985768684,5828987425,1340242,5252898
200401,11,3,3071536,Teutoburger Platz,2019,10,18,3,3,2,6,0,0,1,0,1,0,0,1,799248495,5829411039,1341267,5253241
200402,11,2,2040503,Richard-Sorge-Viertel,2019,10,17,3,3,6,7,0,0,1,1,0,0,0,1,8016677068,5828000622,1344695,5251843
200403,11,4,4041344,RÅdesheimer Platz,2019,10,18,3,2,0,1,2,1,0,0,0,0,0,1,7930503485,5822018814,1331505,5246951
200404,11,12,12103117,Letteplatz,2019,10,19,4,2,6,4,2,0,0,1,1,0,0,1,7963513921,5832526088,1337287,5256192
200405,11,1,1033101,Soldiner Stra·e,2019,10,20,3,3,6,4,2,0,1,1,0,0,0,1,7976943263,583287296,1339293,5256429
200406,11,10,10030724,Oberfeldstra·e,2019,10,7,5,3,0,3,0,0,0,0,1,0,1,1,8090921386,5829467773,1355739,5252743
200407,11,1,1011303,Alexanderplatzviertel,2019,10,13,5,3,2,2,0,1,1,0,0,0,0,0,7991121114,5828970207,1341027,5252853
200408,11,12,12103218,Teichstra·e,2019,10,5,5,3,5,7,2,0,1,0,0,0,1,1,7945444686,5832971912,1334668,5256689
200409,11,5,5030731,Gartenfelder Stra·e,2019,10,6,5,3,2,2,1,0,1,0,0,0,0,1,7869516118,5829438433,1323192,5253927
200410,11,7,7040406,Germaniagarten,2019,10,13,5,3,1,5,0,0,0,0,0,1,1,0,8000494022,5821401548,1341723,5246018
200411,11,8,8010118,Silbersteinstra·e,2019,10,6,5,3,2,2,2,0,1,0,1,0,0,1,8008230816,5822597453,1342966,5247047
200412,11,5,5030833,Motardstra·e,2019,10,12,5,3,2,7,0,0,1,0,0,0,0,1,7889228469,5829321099,132608,5253718
200413,11,7,7060603,Marienfelde Nordost,2019,10,12,5,3,0,1,0,1,0,0,0,0,0,1,7980762146,5815816234,1338329,5241119
200414,11,1,1033101,Soldiner Stra·e,2019,10,6,5,3,0,1,2,0,0,0,1,0,0,1,7973189129,5832315815,1338691,525595
200415,11,1,1033102,Gesundbrunnen,2019,10,9,5,3,2,2,0,0,1,0,0,0,0,1,79715159,5831402986,1338363,5255141
200416,11,1,1033202,Humboldthain SÅd,2019,10,6,5,3,2,6,2,0,1,0,0,1,0,1,797776586,5829748833,1339134,5253624
200417,11,1,1011102,Gro·er Tiergarten,2019,10,8,5,2,1,5,0,1,0,0,0,0,1,1,7966755996,5827888541,1337349,5252017
200418,11,7,7060603,Marienfelde Nordost,2019,10,10,5,3,2,6,0,0,1,0,0,0,0,1,7986638953,5816235109,1339228,5241462
200419,11,7,7040404,Marienhîhe,2019,10,8,5,3,5,2,0,1,1,0,0,0,0,1,7966363451,5819967861,1336587,5244919
200420,11,1,1033101,Soldiner Stra·e,2019,10,9,5,3,1,5,0,1,1,0,0,0,0,0,796658047,5832068865,1337697,5255765
200421,11,3,3030716,MÑrchenland,2019,10,8,5,3,2,6,0,0,1,0,0,0,0,1,8034048593,5833517819,1347751,5256692
200422,11,12,12103219,SchÑfersee,2019,10,8,5,3,2,6,0,0,1,0,0,0,0,1,7938117502,5832725583,1333569,5256508
200423,11,1,1011301,CharitÇviertel,2019,10,8,5,3,5,2,0,1,1,0,0,0,0,1,7970697332,5829297978,1338055,5253259
200424,11,4,4020310,Park Ruhwald,2019,10,8,5,2,0,7,0,1,0,0,0,0,0,1,790452154,5827317797,1328153,525184
200425,11,6,6030609,Augustaplatz,2019,10,12,4,3,5,3,0,1,1,0,0,0,0,0,7925846327,5818923088,1330551,5244201
200426,11,5,5020626,Adamstra·e,2019,10,18,4,3,5,3,2,0,1,0,1,0,0,0,7845930631,5827958062,1319597,5252723
200427,11,3,3071536,Teutoburger Platz,2019,10,9,4,3,5,2,0,1,0,0,0,0,1,0,7991534738,5829211586,134111,5253067
200428,11,4,4030931,Breitscheidplatz,2019,10,18,4,3,5,3,2,1,1,0,0,0,0,0,7935223399,5825730336,1332525,5250253
200429,11,7,7070703,John-Locke-Stra·e,2019,10,20,4,3,5,2,2,0,1,0,0,0,0,0,799789777,581397696,1340676,5239377
200430,11,4,4030620,Alt-Lietzow,2019,10,10,5,3,5,3,0,1,1,0,0,0,0,0,7926504718,5827115402,1331366,5251541
200431,11,3,3051021,Buschallee,2019,10,20,4,3,5,3,2,1,1,0,0,0,0,0,8028587853,5832380872,1346844,5255703
200432,11,3,3071537,Kollwitzplatz,2019,10,19,4,3,5,3,2,1,1,0,0,0,0,0,7996006658,5829902821,1341829,5253662
200433,11,4,4010103,Paul-Hertz-Siedlung,2019,10,6,5,3,0,6,1,0,1,0,1,0,0,0,7911875649,5829062964,1329387,5253366
200434,11,8,8030830,Gropiusstadt SÅd,2019,10,14,5,3,5,7,0,0,1,0,0,0,0,0,8024984342,5817982276,1345007,5242818
200435,11,6,6020411,SchÅtte-Lanz-Stra·e,2019,10,16,4,3,5,3,0,0,1,0,0,0,0,0,7944442774,5815557707,1332982,5241084
200436,11,4,4020209,Eichkamp,2019,10,14,4,2,5,3,0,1,0,0,0,0,0,0,7893450694,5825247166,1326346,5250043
200437,11,8,8041035,Blumenviertel,2019,10,14,4,3,5,3,0,1,1,0,0,0,0,0,8042416529,5818820214,1347639,5243472
200438,11,1,1033102,Gesundbrunnen,2019,10,17,4,3,6,4,2,1,0,1,0,0,0,0,7977110604,5831788025,133922,5255456
200439,11,12,12301204,Wittenau Nord,2019,10,13,4,3,1,5,0,0,1,0,0,0,0,0,7926916059,5836009289,1332211,5259512
200440,11,5,5030730,Zitadellenweg,2019,10,17,4,2,0,1,0,0,0,0,1,0,0,0,7856831713,5829288713,1321314,5253859
200441,11,4,4020311,Reichsstra·e,2019,10,13,4,3,6,4,0,0,1,1,0,0,0,0,788786072,582698437,1325676,525163
200442,11,4,4020209,Eichkamp,2019,10,17,4,3,5,2,0,1,1,0,0,0,0,0,7894633794,5824385387,1326445,5249264
200443,11,2,2050601,Hausburgviertel,2019,10,9,5,2,6,4,0,1,0,1,0,0,0,0,8016344609,5828883747,1344726,5252637
200444,11,3,3040818,Pankow SÅd,2019,10,17,4,3,1,5,1,1,1,0,0,0,1,1,7991329869,5832828225,1341405,525631
200445,11,6,6010206,Stadtpark,2019,10,7,5,2,0,4,0,1,0,1,0,0,0,0,7945231186,5820034946,1333492,5245093
200446,11,2,2010102,Mehringplatz,2019,10,14,4,3,6,7,0,0,1,1,0,0,0,0,798102137,5825973659,1339274,5250223
200447,11,2,2020203,Viktoriapark,2019,10,16,4,3,5,2,0,1,1,0,0,0,0,0,7971100616,5824260426,1337664,5248741
200448,11,9,9010101,Elsenstra·e,2019,10,7,4,3,5,2,0,1,0,0,0,0,1,0,8023525717,5824748049,1345406,524889
200449,11,1,1044101,Rehberge,2019,10,16,4,2,1,5,0,0,1,0,0,0,0,0,7941013824,5830105792,1333763,5254144
200450,11,8,8041037,Alt-Rudow,2019,10,16,4,3,5,7,0,0,1,0,1,0,0,0,8054096822,5818354482,134931,524299
200451,11,1,1022207,Hansaviertel,2019,10,16,4,3,3,6,0,1,0,0,0,1,0,0,7942533112,5827263074,1333734,5251587
200452,11,8,8030829,Gropiusstadt Nord,2019,10,15,4,3,2,6,0,0,1,0,0,0,0,0,8031046648,5818515151,1345944,5243262
200453,11,12,12231101,Hermsdorf,2019,10,15,4,3,3,6,0,0,1,0,1,0,0,0,7927423008,5839395499,1332585,5262545
200454,11,6,6020409,Kînigsberger Stra·e,2019,10,15,4,3,5,2,0,1,1,0,0,0,0,0,7931228759,5817654469,1331229,5243034
200455,11,11,11040926,Weitlingstra·e,2019,10,15,4,3,5,3,0,1,1,0,0,0,0,0,805123427,5826543654,1349639,5250345
200456,11,2,2020202,Rathaus Yorckstra·e,2019,10,8,5,3,0,6,0,0,0,0,1,0,1,0,7975691047,5825209037,1338423,5249566
200457,11,5,5020625,Borkumer Stra·e,2019,10,12,4,3,6,7,0,0,1,1,0,0,0,0,7845251555,582865999,1319557,5253356
200458,11,3,3020209,Niederschînhausen,2019,10,10,4,3,5,2,0,1,0,0,0,0,1,0,7984720474,583486124,1340616,5258169
200459,11,7,7040405,Rathaus Tempelhof,2019,10,7,5,3,2,6,0,0,1,0,0,0,1,1,7981915665,5820938462,1338955,5245704
200460,11,1,1044103,Westliche MÅllerstra·e,2019,10,10,4,3,5,2,0,1,1,0,0,0,0,0,7950202991,5831150044,1335206,525503
200461,11,10,10030726,Alt-Biesdorf,2019,10,10,4,3,5,3,0,1,0,0,0,0,0,0,8089180234,58270244,1355256,5250563
200462,11,1,1011105,Nîrdlicher Landwehrkanal,2019,10,9,4,3,6,4,0,0,1,1,0,0,0,0,7969586342,5826531491,1337644,5250785
200463,11,3,3040614,Pankow Zentrum,2019,10,8,4,3,5,3,0,1,0,0,0,0,1,0,7982138952,5833046098,1340073,5256556
200464,11,7,7020204,Schîneberger Insel,2019,10,8,4,3,5,2,0,1,0,0,0,0,0,0,7965429105,5823745717,1336786,524831
200465,11,7,7010101,Wittenbergplatz/Viktoria-Luise-Platz,2019,10,8,4,3,2,6,0,0,1,0,0,0,0,0,79450198,5825462438,1333941,524996
200466,11,2,2030401,Reichenberger Stra·e,2019,10,13,4,3,1,7,0,1,1,0,0,0,0,0,8009306581,5825418054,1343379,5249569
200467,11,10,10010310,Alt-Marzahn,2019,10,7,4,3,0,7,0,0,1,0,0,0,0,0,8097853275,583154528,1356951,5254565
200468,11,2,2010104,Wassertorplatz,2019,10,7,4,3,0,6,0,0,1,0,1,0,0,0,7988060785,5825578863,1340273,524983
200469,11,1,1033202,Humboldthain SÅd,2019,10,7,4,3,5,7,0,1,1,0,0,0,0,0,7974080283,583003076,1338617,5253897
200470,11,7,7020202,Volkspark (Rudolf-Wilde-Park),2019,10,7,4,3,2,7,0,0,1,0,0,0,0,0,7949503886,58239255,1334463,5248558
200471,11,9,9052001,Kîpenick Nord,2019,10,7,4,3,2,6,0,0,1,0,0,0,0,0,809219005,582301352,1355326,5246951
200472,11,5,5010206,GÅtersloher Weg,2019,10,6,5,3,0,1,2,0,0,0,1,0,0,1,782294944,5830523846,1316436,5255143
200473,11,8,8010508,Wei·e Siedlung,2019,10,13,4,3,0,2,0,0,1,1,0,0,0,0,8027529315,5822954654,1345831,5247261
200474,11,5,5040934,Alt-Gatow,2019,10,7,4,2,6,4,2,0,1,1,0,0,0,0,783955418,5823333468,1318265,524861
200475,11,12,12214527,Alt-Tegel,2019,10,13,4,3,5,2,0,1,1,0,0,0,0,0,789955265,5835567446,1328144,5259263
200476,11,8,8010214,Glasower Stra·e,2019,10,12,4,3,5,7,0,1,1,0,0,0,0,0,8016437124,5821918913,1344109,5246394
200477,11,9,9030901,Dorf Altglienicke,2019,10,6,4,3,1,5,2,1,1,0,0,0,0,0,8083679671,5817693736,1353586,5242232
200478,11,12,12214423,Mellerbogen,2019,10,5,4,3,1,5,2,0,1,0,0,0,1,1,7927109143,5833872378,133205,5257595
200479,11,9,9020701,Adlershof West,2019,10,12,4,3,0,7,0,0,1,0,1,0,0,0,8078176294,5818415802,1352846,524291
200480,11,11,11030619,Fennpfuhl Ost,2019,10,12,4,3,5,2,0,0,1,0,0,0,1,0,8035361597,5829730398,1347598,525329
200481,11,5,5020626,Adamstra·e,2019,10,11,4,3,1,5,0,1,0,0,0,0,1,0,784745877,5827428849,1319776,5252241
200482,11,1,1044203,Leopoldplatz,2019,10,11,4,3,2,6,0,0,1,0,0,0,0,0,7952811495,5831447563,1335617,5255283
200483,11,6,6040703,Nikolassee,2019,10,1,4,2,9,1,2,0,1,0,0,0,0,0,785437637,5818403184,132002,5244112
200484,11,4,4030623,Ernst-Reuter-Platz,2019,10,16,3,3,2,6,0,1,1,0,0,0,0,0,7933375981,5826652048,1332335,5251089
200485,11,1,1011301,CharitÇviertel,2019,10,8,5,3,5,2,0,1,1,0,0,0,0,0,7971307653,5828201595,1338046,5252273
200486,11,3,3061429,Greifswalder Stra·e,2019,10,18,3,3,6,7,1,0,1,1,0,0,0,0,8010717651,5830454087,1344042,5254075
200487,11,4,4051446,Preu·enpark,2019,10,19,3,3,2,6,2,0,1,0,1,0,0,0,7924338997,5824907049,1330854,5249573
200488,11,10,10010309,Springpfuhl,2019,10,19,3,3,5,3,2,0,1,0,0,0,0,0,807836996,5829075917,1353858,5252462
200489,11,8,8020619,Buschkrugallee Nord,2019,10,19,3,3,5,7,2,0,1,0,1,0,0,0,8022699711,5820682625,1344916,5245251
200490,11,2,2030402,Wrangelkiez,2019,10,19,3,3,1,5,2,1,0,0,0,0,1,0,8018085699,582576953,13447,5249836
200491,11,11,2050602,Samariterviertel,2019,10,19,3,3,2,6,2,0,1,0,0,0,0,0,8037667688,582771034,1347753,5251467
200492,11,5,5010209,An der Kappe,2019,10,19,3,2,6,4,2,0,1,1,0,0,0,0,7824734873,5829470275,1316609,5254189
200493,11,11,11020412,Hauptstra·e,2019,10,22,3,3,5,2,2,0,1,0,0,0,0,0,8057206448,5831369468,1350959,5254637
200494,11,3,3020209,Niederschînhausen,2019,10,22,3,3,5,2,2,0,1,0,1,0,0,0,798100879,5834696274,1340055,5258041
200495,11,4,4030623,Ernst-Reuter-Platz,2019,10,15,3,3,0,6,0,1,0,0,0,0,1,0,7934317299,5826578303,1332467,5251018
200496,11,1,1033203,Humboldthain Nordwest,2019,10,13,3,3,2,2,0,1,1,0,0,0,0,0,7963017352,5830675722,1337049,5254536
200497,11,9,9010202,Kîpenicker Landstra·e,2019,10,12,3,3,5,3,0,0,1,0,0,0,0,0,8041112517,5824359419,1347953,5248444
200498,11,3,3061227,Humannplatz,2019,10,19,5,3,3,6,2,0,1,0,1,0,0,0,7999229171,5831120586,1342413,5254736
200499,11,12,12214424,Scharnweberstra·e,2019,10,12,3,3,6,4,0,0,0,1,0,0,1,0,7933068169,5832644209,1332819,5256462
200500,11,5,5010314,Carl-Schurz-Stra·e,2019,10,10,3,3,0,2,0,0,1,0,0,0,1,0,7848328559,5829010142,1320039,5253654
200501,11,9,9010301,Baumschulenstra·e,2019,10,10,3,3,5,2,0,1,1,0,0,0,0,0,8049220362,5822558474,1348978,5246785
200502,11,3,3040818,Pankow SÅd,2019,10,22,5,3,1,5,2,0,1,0,0,0,0,0,8000661383,5832052271,1342708,5255563
200503,11,6,6030609,Augustaplatz,2019,10,9,3,3,2,6,0,1,1,0,0,0,0,0,7932374258,5819389367,1331549,5244584
200504,11,7,7060603,Marienfelde Nordost,2019,10,17,3,3,2,2,0,0,1,0,1,0,0,0,7980229492,5815799186,133825,5241107
200505,11,3,3040818,Pankow SÅd,2019,10,17,3,3,6,4,0,0,1,1,0,0,0,0,7990074664,5832777151,1341216,5256271
200506,11,8,8010404,Rixdorf,2019,10,17,3,3,0,7,0,1,0,0,0,0,0,0,8014297309,5823695878,1343956,5247998
200507,11,9,9010202,Kîpenicker Landstra·e,2019,10,16,3,3,2,6,0,0,1,0,0,0,0,0,8041450496,5822930821,1347872,5247162
200508,11,7,7060603,Marienfelde Nordost,2019,10,8,3,3,2,6,0,0,1,0,0,0,1,0,7977993162,581721065,1338048,5242384
200509,11,9,9020701,Adlershof West,2019,10,6,3,3,5,3,0,1,1,0,0,0,0,0,808194618,5819624748,135351,5243972
200510,11,12,12301203,Wittenau SÅd,2019,10,1,3,2,9,1,2,0,1,0,0,0,0,0,7939568122,5835301075,133401,5258809
200511,11,7,7050502,Fritz-Werner-Stra·e,2019,10,7,5,3,0,1,0,1,0,0,0,0,0,1,7973377935,5818372412,1337474,5243451
200512,11,5,5030731,Gartenfelder Stra·e,2019,10,7,3,3,5,3,0,0,1,0,1,0,0,0,7876949024,5829990551,1324332,5254383
200513,11,12,12301206,LÅbars,2019,10,16,3,3,1,5,0,0,1,0,1,0,0,0,794077362,5837496509,1334383,526077
200514,11,4,4031032,Halensee,2019,10,16,3,3,2,6,0,0,1,0,1,0,0,0,7918371501,5824686225,1329958,5249407
200515,11,1,1022103,Westhafen,2019,10,15,3,3,5,2,0,1,0,0,0,1,0,0,7952682807,5829656978,1335438,5253679
200516,11,2,2020203,Viktoriapark,2019,10,16,3,3,1,5,0,1,1,0,0,0,0,0,7971179436,5824087878,133766,5248586
200517,11,1,1022204,Thomasiusstra·e,2019,10,7,3,3,6,2,1,0,1,1,0,0,0,0,7948140992,582830701,1334651,5252493
200518,11,5,5020627,Tiefwerder,2019,10,15,3,3,2,6,0,0,1,0,0,0,0,0,7855224677,5828078065,1320973,5252782
200519,11,6,6020305,Gemeindepark Lankwitz,2019,10,15,3,3,6,2,0,0,1,1,0,0,0,0,7958694195,5818141173,13353,5243323
200520,11,12,12214125,Waldidyll/Flughafensee,2019,10,7,3,3,2,6,0,0,1,0,0,0,0,0,7913061722,5834150096,1330008,525792
200521,11,6,6010207,Mittelstra·e,2019,10,15,3,3,3,6,0,1,1,0,0,0,0,0,793454543,5820116432,1331932,5245224
200522,11,4,4030725,Amtsgerichtsplatz,2019,10,15,3,3,6,4,0,0,0,1,1,0,0,0,791561435,5826495988,1329712,5251044
200523,11,5,5030833,Motardstra·e,2019,10,15,3,3,5,2,0,1,1,0,0,0,0,0,788173529,5829380732,1324983,5253811
200524,11,6,6020305,Gemeindepark Lankwitz,2019,10,14,3,3,6,4,0,0,1,1,0,0,0,0,7955890263,5817107837,1334797,5242412
200525,11,2,2040503,Richard-Sorge-Viertel,2019,10,6,3,3,5,3,0,0,1,0,1,0,0,0,8014303295,5827930446,134434,5251794
200526,11,8,8041036,Zittauer Stra·e,2019,10,7,3,3,0,3,2,1,1,0,0,0,0,1,8045505177,5817094643,1347935,5241909
200527,11,1,1011105,Nîrdlicher Landwehrkanal,2019,10,17,2,3,5,3,1,1,1,0,0,0,0,0,7957563459,5826351216,1335862,5250689
200528,11,5,5020627,Tiefwerder,2019,10,17,2,3,2,6,0,0,1,0,0,0,0,0,7854455757,5828137524,1320865,525284
200529,11,1,1033202,Humboldthain SÅd,2019,10,15,2,3,6,2,0,0,1,1,0,0,0,0,7971634286,5830379222,1338289,5254223
200530,11,3,3040513,Schînholz,2019,10,16,2,3,2,2,0,0,1,0,0,0,1,0,7967963364,5833946587,1338068,5257441
200531,11,8,8041038,Wa·mannsdorfer Chaussee,2019,10,16,2,3,5,3,0,1,0,0,0,0,1,0,8059171848,581621002,1349858,5241039
200532,11,3,3030711,Blankenburg,2019,10,16,2,3,5,3,0,0,1,0,0,0,0,0,8011130072,583654771,1344655,5259535
200533,11,4,4030417,Schlo·stra·e,2019,10,15,2,3,5,3,0,1,1,0,0,0,0,0,7917972987,5827063929,1330108,5251541
200534,11,8,8041039,Frauenviertel,2019,10,15,2,3,5,2,0,1,1,0,0,0,0,0,8061242393,5815162165,1350065,5240089
200535,11,3,3061131,Falkplatz,2019,10,13,2,3,6,7,0,0,0,1,0,0,1,0,7984727977,5830961089,1340266,5254673
200536,11,6,6040703,Nikolassee,2019,10,19,2,2,5,2,0,0,1,0,0,0,0,0,787136364,5817205235,132241,5242949
200537,11,3,3071536,Teutoburger Platz,2019,10,15,2,3,1,5,0,1,0,0,0,0,1,0,7989807236,5830035775,134093,5253816
200538,11,11,11030824,Frankfurter Allee SÅd,2019,10,14,2,2,5,3,0,1,0,0,0,0,1,0,80372922,5827145144,1347646,5250962
200539,11,5,5010312,Kurstra·e,2019,10,14,2,2,5,3,0,1,1,0,0,0,0,0,7848258816,5830254049,1320136,525477
200540,11,4,4051448,Schaperstra·e,2019,10,14,2,3,2,6,0,0,1,0,0,0,0,0,7942609805,5825421772,1333583,5249936
200541,11,7,7040401,Neu-Tempelhof,2019,10,8,5,2,6,4,0,0,0,1,1,0,0,0,7983377781,582395116,1339439,5248397