OBJECTID,LAND,BEZ,LOR,STRASSE,UJAHR,UMONAT,USTUNDE,UWOCHENTAG,UKATEGORIE,UART,UTYP1,ULICHTVERH,IstRad,IstPKW,IstFuss,IstKrad,IstGkfz,IstSonstige,USTRZUSTAND,LINREFX,LINREFY,XGCSWGS84,YGCSWGS84
200542,11,5,5020523,Maulbeerallee,2019,10,14,2,2,2,6,0,0,1,0,0,0,0,0,7824869633,5827002234,1316419,5251976
200543,11,6,6040805,FischerhÅttenstra·e,2019,10,14,2,3,5,3,0,1,0,0,0,0,1,0,78880121,5818057261,1324925,5243625
200544,11,11,11040926,Weitlingstra·e,2019,10,13,2,3,5,3,0,1,1,0,0,0,0,0,805757965,5827181083,1350629,5250881
200545,11,2,2040701,Andreasviertel,2019,10,19,2,3,5,2,2,1,0,0,0,0,1,0,8012064482,5827467238,1343969,5251391
200546,11,6,6010204,Munsterdamm,2019,10,19,2,3,0,2,2,0,1,0,1,0,0,0,795411585,5820128619,1334804,5245129
200547,11,8,8010406,Treptower Stra·e Nord,2019,10,19,2,3,1,5,2,1,1,0,0,0,0,0,8019688498,5824220581,1344795,5248439
200548,11,1,1011305,Heine-Viertel West,2019,10,19,2,3,5,2,2,1,1,0,0,0,0,0,7991240588,5827123737,1340879,5251198
200549,11,9,9010302,SpÑthsfelde,2019,10,19,2,3,4,6,2,0,1,0,0,0,0,0,8047612364,5820427958,1348548,5244884
200550,11,1,1044102,Schillerpark,2019,10,8,5,3,1,7,0,0,1,0,0,0,0,1,795954929,5832037956,133666,5255776
200551,11,2,2030302,Lausitzer Platz,2019,10,19,2,3,1,5,2,1,1,0,0,0,0,0,8003335379,5825943511,1342549,5250073
200552,11,1,1011302,Oranienburger Stra·e,2019,10,18,2,3,0,1,1,1,0,0,0,0,0,1,7979792838,5828496709,133932,5252491
200553,11,1,1011203,Unter den Linden SÅd,2019,10,8,5,3,5,3,0,0,1,0,0,0,0,0,7979605998,582708044,1339165,5251222
200554,11,1,1011305,Heine-Viertel West,2019,10,1,2,3,0,1,2,1,0,0,0,0,0,0,799446613,5826756236,1341319,525085
200555,11,6,6030608,Schweizer Viertel,2019,10,19,5,2,0,3,2,0,1,0,1,0,0,0,7923859566,5816868446,1330079,5242369
200556,11,5,5030730,Zitadellenweg,2019,10,11,2,3,2,6,0,0,1,0,0,1,0,0,7869588377,5829804928,1323234,5254255
200557,11,3,3030711,Blankenburg,2019,10,12,2,3,2,6,0,0,1,0,0,0,0,0,8010022863,5836004294,1344443,5259054
200558,11,7,7030301,Friedenau,2019,10,12,2,3,5,3,0,0,1,0,0,0,0,0,7934855848,5822489171,1332186,5247349
200559,11,11,11020515,Landsberger Allee,2019,10,10,2,3,1,7,0,0,1,0,0,0,0,0,8047490965,5830196978,1349423,5253641
200560,11,3,3050924,Behaimstra·e,2019,10,9,2,3,5,3,0,0,1,0,1,0,0,0,8014038976,5831496335,1344624,5254991
200561,11,4,4051653,Prager Platz,2019,10,8,2,3,2,6,0,0,1,0,0,0,0,0,7940038523,5824264683,1333103,5248913
200562,11,9,9051901,Dammvorstadt,2019,10,8,2,3,0,2,0,1,1,0,0,0,0,0,8120507804,5821282944,1359319,5245239
200563,11,1,2040701,Andreasviertel,2019,10,8,2,3,0,6,0,1,1,0,0,0,0,0,8001677355,5827387503,1342436,5251377
200564,11,11,11030824,Frankfurter Allee SÅd,2019,10,6,5,3,5,3,2,1,1,0,0,0,0,1,803692264,5827471396,1347621,5251257
200565,11,1,1011301,CharitÇviertel,2019,10,8,2,3,5,3,0,1,1,0,0,0,0,0,796894091,5829203728,1337788,5253184
200566,11,10,10020414,Helle Mitte,2019,10,8,2,3,5,3,0,1,1,0,0,0,0,0,812064889,583062537,1360215,5253611
200567,11,12,12224230,Heiligensee,2019,10,7,2,3,4,6,1,1,0,0,0,0,0,1,787073216,5838229101,1324132,5261802
200568,11,2,2050602,Samariterviertel,2019,10,7,2,3,0,1,0,0,1,0,1,0,0,1,8033196888,5827756481,13471,5251533
200569,11,4,4020310,Park Ruhwald,2019,10,7,5,3,0,6,0,0,0,0,1,0,0,1,7901300406,5828221836,1327759,5252668
200570,11,6,6030504,Teltower Damm,2019,10,7,2,3,0,2,1,1,1,0,0,0,0,1,7899667903,5816242925,1326478,5241937
200571,11,9,9020701,Adlershof West,2019,10,6,2,3,5,2,2,0,1,0,0,0,0,0,8093270386,5818519358,1355068,5242918
200572,11,8,8020728,Buckow Ost,2019,10,15,1,2,2,6,0,0,1,0,0,0,0,0,8022200374,5816787543,1344491,5241762
200573,11,6,6040810,Dahlem,2019,10,10,1,2,1,1,0,0,1,0,0,0,0,0,7905271785,5821382998,1327746,5246516
200574,11,1,1044101,Rehberge,2019,10,21,1,3,5,2,2,0,1,0,0,0,0,0,793980205,5832017921,1333754,5255865
200575,11,12,12103117,Letteplatz,2019,10,19,1,2,5,2,2,1,1,0,0,0,0,0,7961750752,5832754284,1337048,5256406
200576,11,5,5020419,Magistratsweg,2019,10,17,1,3,5,2,1,0,1,0,0,0,0,0,7808730764,5828322241,1314159,5253243
200577,11,12,12103218,Teichstra·e,2019,10,16,1,3,2,6,0,0,1,0,0,0,0,0,7938413304,583277667,1333617,5256552
200578,11,9,9010402,Johannisthal Ost,2019,10,3,1,2,8,1,2,0,1,0,0,0,0,0,8067770284,581839178,1351318,5242947
200579,11,8,8010214,Glasower Stra·e,2019,10,9,1,3,1,5,0,0,1,0,0,0,1,0,8020614751,5821981047,1344728,5246426
200580,11,4,4031032,Halensee,2019,10,12,1,3,2,6,0,0,1,0,0,0,0,0,791236294,5824986867,1329102,5249709
200581,11,2,2040502,Friedenstra·e,2019,10,15,1,3,6,4,0,0,1,1,0,0,0,0,8006165426,5828462289,1343192,5252315
200582,11,2,2020203,Viktoriapark,2019,10,11,7,3,0,7,0,1,1,0,0,0,0,0,7970927863,5824685556,1337677,5249123
200583,11,7,7060604,Marienfelde SÅd,2019,10,12,7,3,0,6,0,0,1,0,0,0,0,0,797210052,5815560852,1337037,5240937
200584,11,9,9010101,Elsenstra·e,2019,10,19,7,2,5,2,2,0,1,0,1,0,0,0,8023613223,5825340343,1345472,5249421
200585,11,5,5030730,Zitadellenweg,2019,10,18,7,2,2,7,0,0,1,0,1,0,1,0,7858954608,5829230555,1321621,5253796
200586,11,1,1011303,Alexanderplatzviertel,2019,10,22,7,3,0,1,2,0,0,0,0,0,1,0,799190121,5827726447,134103,5251734
200587,11,8,8010508,Wei·e Siedlung,2019,10,19,7,3,5,3,2,0,1,0,0,0,0,0,8032037266,5822728925,1346472,5247033
200588,11,6,6020407,Thermometersiedlung,2019,10,17,7,3,5,3,1,0,1,0,0,0,1,0,7933678094,5815508079,13314,5241097
200589,11,8,8010214,Glasower Stra·e,2019,10,17,7,2,6,4,1,0,1,1,0,0,0,1,8015651184,58219002,1343992,5246381
200590,11,6,6010207,Mittelstra·e,2019,10,16,7,3,2,2,0,0,1,0,0,0,0,0,7935495069,5820062644,1332066,524517
200591,11,1,1022106,Elberfelder Stra·e,2019,10,16,7,3,3,6,0,0,1,0,1,0,0,0,7939627996,5828206051,1333391,5252448
200592,11,5,5030832,Rohrdamm,2019,10,15,7,3,5,2,0,0,1,0,0,0,0,0,789675122,5829303071,1327184,5253661
200593,11,2,2030301,Oranienplatz,2019,10,15,7,3,5,3,0,1,1,0,0,0,0,0,799925802,582574309,1341932,5249916
200594,11,7,7010101,Wittenbergplatz/Viktoria-Luise-Platz,2019,10,16,7,2,0,1,0,0,0,0,0,0,1,1,7947316164,582521343,1334256,5249724
200595,11,4,4030931,Breitscheidplatz,2019,10,8,5,3,5,2,0,0,1,0,0,0,0,0,7939141033,582551999,1333082,5250043
200596,11,5,5010101,Hakenfelde Nord,2019,10,14,7,3,6,4,0,0,1,1,0,0,0,0,7856202611,5832199466,1321472,5256472
200597,11,11,11020411,Malchower Weg,2019,10,19,5,3,6,4,2,0,0,1,0,0,1,0,804903367,5832974478,1349905,5256121
200598,11,1,1011302,Oranienburger Stra·e,2019,10,14,7,3,1,5,0,1,1,0,0,0,0,0,797762443,5828323726,1338986,5252348
200599,11,8,8010214,Glasower Stra·e,2019,10,13,7,3,6,4,0,1,0,1,0,0,0,1,8013310956,5822166562,1343673,5246633
200600,11,11,11010207,Wartenberg Nord,2019,10,11,7,3,6,7,0,0,0,1,0,0,1,0,8055267018,583471475,1350982,5257646
200601,11,2,2030302,Lausitzer Platz,2019,10,2,7,3,1,5,2,1,1,0,0,0,1,1,8009292293,5825858591,1343416,5249964
200602,11,7,7010102,Nollendorfplatz,2019,10,18,6,3,5,2,2,1,0,0,1,0,0,1,7949516794,582564497,1334617,5250099
200603,11,7,7010104,Dennewitzplatz,2019,10,3,6,2,0,1,2,1,0,0,0,0,0,1,7966560172,5824828398,1337048,5249275
200604,11,8,8010405,Hertzbergplatz,2019,10,3,6,3,5,2,2,1,0,0,0,0,1,0,8017359068,5823907623,1344424,5248171
200605,11,7,7010102,Nollendorfplatz,2019,10,11,6,3,5,2,0,1,1,0,0,0,0,0,7949994432,582563349,1334686,5250086
200606,11,7,7010103,Barbarossaplatz,2019,10,11,6,3,1,7,0,0,1,0,1,0,0,0,7957099693,5824869101,1335662,5249363
200607,11,3,3020307,Buchholz,2019,10,8,5,3,5,3,0,1,0,0,0,0,1,1,8004848877,583640321,1343718,525944
200608,11,4,4030726,Droysenstra·e,2019,10,11,6,3,6,7,0,0,1,1,0,0,0,0,7919810203,5825245731,1330218,5249901
200609,11,4,4030417,Schlo·stra·e,2019,10,19,5,3,1,5,2,1,1,0,0,0,0,0,7912770803,5826601557,1329303,5251154
200610,11,11,11010205,Falkenberg West,2019,10,11,6,3,5,3,0,0,1,0,0,0,1,0,8069096123,5832626655,1352823,5255697
200611,11,2,2020203,Viktoriapark,2019,10,12,6,3,5,3,0,1,0,0,0,0,0,0,7969459811,5824295834,1337426,5248782
200612,11,2,2040502,Friedenstra·e,2019,10,12,6,3,5,2,0,0,0,0,0,1,1,0,8011347721,5828570372,1343963,5252384
200613,11,8,8020622,Parchimer Allee,2019,10,12,6,3,5,2,0,0,0,0,0,1,1,0,8013185201,5819558361,1343419,5244296
200614,11,11,11010205,Falkenberg West,2019,10,10,6,3,0,4,0,0,0,1,0,0,1,1,8066251896,5833176332,1352456,5256206
200615,11,4,4020314,MessegelÑnde,2019,10,10,6,3,3,2,0,0,1,0,0,1,0,0,7903751343,5825656171,1327895,5250355
200616,11,1,1022206,LÅneburger Stra·e,2019,10,10,6,3,2,6,0,1,1,0,0,0,0,1,796454888,5828233178,1337056,5252338
200617,11,4,4051448,Schaperstra·e,2019,10,9,6,3,0,1,0,0,0,0,1,0,0,1,7938478786,5824906846,1332931,5249497
200618,11,1,1033202,Humboldthain SÅd,2019,10,9,6,2,5,3,0,1,1,0,0,0,0,1,7969716266,5830138511,1337985,5254018
200619,11,2,2010101,Askanischer Platz,2019,10,5,5,3,9,1,1,0,1,0,0,0,0,0,7977565989,5826062437,1338775,5250321
200620,11,2,2040701,Andreasviertel,2019,10,8,6,3,1,5,0,1,1,0,0,0,0,0,8003596266,5827741206,134275,5251683
200621,11,5,5020419,Magistratsweg,2019,10,7,5,3,2,6,0,0,1,0,0,0,1,0,781427193,5828391093,1314979,5253276
200622,11,7,7040405,Rathaus Tempelhof,2019,10,8,6,3,5,2,0,0,1,0,0,1,0,1,7990707128,5821704512,1340314,5246343
200623,11,4,4051655,Babelsberger Stra·e,2019,10,8,6,3,2,7,0,0,0,0,1,1,0,1,7938677906,5823094564,13328,5247871
200624,11,11,11030721,RÅdigerstra·e,2019,10,7,5,3,2,7,0,0,1,0,0,1,0,1,8042923107,5828449448,1348592,52521
200625,11,4,4030930,George-Grosz-Platz,2019,10,7,6,3,5,3,0,1,1,0,0,0,0,1,7929683524,5825890668,1331725,5250426
200626,11,11,11020515,Landsberger Allee,2019,10,6,6,3,5,3,1,0,1,0,0,0,1,1,8033311196,5830081399,1347329,5253616
200627,11,1,1044101,Rehberge,2019,10,6,6,3,2,7,2,0,1,0,0,0,0,1,7941185043,5830088228,1333786,5254127
200628,11,11,11040926,Weitlingstra·e,2019,10,11,5,3,5,3,0,0,1,0,0,0,0,1,805987963,5826846082,1350936,5250568
200629,11,12,12302107,Schorfheidestra·e,2019,10,0,6,2,6,4,2,0,1,1,0,0,0,1,7943282067,5836224713,1334639,5259617
200630,11,1,1011304,Karl-Marx-Allee,2019,10,19,6,3,6,4,2,1,0,1,0,0,0,1,7995805301,5828027678,1341631,5251983
200631,11,3,3040818,Pankow SÅd,2019,10,19,6,3,5,3,2,1,1,0,0,0,0,1,799081773,5833201546,1341364,5256648
200632,11,6,6040806,Fischtal,2019,10,19,6,3,5,3,2,0,1,0,0,0,0,1,7888351428,5819582218,1325107,5244991
200633,11,3,3061429,Greifswalder Stra·e,2019,10,17,6,3,5,3,1,1,1,0,0,0,0,0,8020912437,5830587042,1345552,5254138
200634,11,11,11030720,Herzbergstra·e,2019,10,17,6,3,6,4,0,0,1,1,0,0,0,0,8051979422,5828964356,134997,5252511
200635,11,2,2040701,Andreasviertel,2019,10,22,6,3,5,2,2,1,1,0,0,0,0,1,8003742415,5827890698,1342785,5251816
200636,11,5,5020626,Adamstra·e,2019,10,2,5,2,6,4,2,0,0,1,0,0,1,1,7841398448,5827330738,1318877,5252184
200637,11,2,2020206,Graefekiez,2019,10,21,6,3,0,2,2,0,1,0,1,0,0,1,80027247,5824372183,1342318,5248668
200638,11,1,1033102,Gesundbrunnen,2019,10,16,6,2,6,4,0,0,1,1,0,0,0,0,7974119966,5831253866,1338733,5254993
200639,11,2,7040401,Neu-Tempelhof,2019,10,13,5,3,2,6,0,0,1,0,1,0,0,0,7977945967,5824033021,1338649,52485
200640,11,6,6020303,Lankwitz Kirche,2019,10,16,6,3,0,7,0,0,0,0,1,0,1,1,795388428,5818321762,1334611,5243511
200641,11,3,3071536,Teutoburger Platz,2019,10,16,6,3,5,2,0,1,1,0,1,0,0,0,7990819672,583021983,1341095,5253975
200642,11,2,2040703,Wriezener Bahnhof/Entwicklungsgebiet,2019,10,20,6,3,5,2,2,1,1,0,0,0,0,1,8017543231,5826263116,1344665,5250281
200643,11,12,12224230,Heiligensee,2019,10,11,5,3,5,7,0,1,1,0,0,0,0,1,7864095229,5838821013,1323205,5262367
200644,11,1,1033101,Soldiner Stra·e,2019,10,15,6,3,2,6,0,0,1,0,0,0,0,0,797205792,583200287,1338497,5255676
200645,11,10,10030727,Biesdorf SÅd,2019,10,14,6,3,5,3,0,0,1,0,1,0,0,0,8095703222,5825056652,1356031,5248762
200646,11,6,6010102,Schlo·stra·e,2019,10,20,6,3,2,6,2,0,1,0,0,0,0,1,7935239933,5820665367,1332082,5245712
200647,11,1,1011105,Nîrdlicher Landwehrkanal,2019,10,10,5,3,1,5,0,1,1,0,0,0,1,0,7969224691,5826850694,133762,5251073
200648,11,9,9052001,Kîpenick Nord,2019,10,20,6,3,0,1,2,1,0,0,0,0,0,1,8111491169,5822074307,1358071,5246
200649,11,2,2050802,Boxhagener Platz,2019,10,19,6,2,0,1,2,0,0,0,1,0,1,1,8028125983,5826942628,1346281,5250832
200650,11,11,11041128,Sewanstra·e,2019,10,14,6,3,6,2,0,0,1,1,0,0,0,0,8069968561,5825780812,135232,5249557
200651,11,6,6010102,Schlo·stra·e,2019,10,18,5,3,5,3,1,0,1,0,0,0,0,1,793425588,5820368851,1331911,5245452
200652,11,6,6020303,Lankwitz Kirche,2019,10,14,6,3,5,3,0,1,1,0,0,0,0,0,7952823621,5818607528,133448,5243773
200653,11,10,10020416,Bîhlener Stra·e,2019,10,14,6,3,5,3,0,1,1,0,0,0,0,0,8130120507,5831230063,1361664,5254098
200654,11,6,6030610,Lichterfelde West,2019,10,9,4,1,6,4,0,0,0,1,0,1,0,1,7920714789,5818874158,1329793,5244184
200655,11,8,8030831,Gropiusstadt Ost,2019,10,19,6,3,2,3,2,1,1,0,0,0,0,1,8036039798,5817861697,1346617,5242649
200656,11,9,9031101,GrÅnau,2019,10,15,4,3,5,3,0,0,1,0,0,0,0,1,8108378768,5818460836,1357278,5242779
200657,11,12,12231101,Hermsdorf,2019,10,6,4,3,3,6,1,1,1,0,0,0,0,1,7926017739,5839326422,1332372,5262491
200658,11,3,3061228,Erich-Weinert-Stra·e,2019,10,9,6,3,2,6,0,0,1,0,0,0,0,0,8009175406,5831204107,1343883,5254756
200659,11,6,6020410,Oberhofer Platz,2019,10,18,5,3,5,3,0,0,1,0,0,0,1,0,79431662,5816909457,1332914,5242303
200660,11,1,1011305,Heine-Viertel West,2019,10,13,5,3,1,5,0,1,1,0,0,0,0,0,7994418442,5826523985,1341292,5250643
200661,11,1,1022202,Heidestra·e,2019,10,17,4,3,5,2,0,1,1,0,0,0,0,0,795669217,5829731907,1336035,5253724
200662,11,2,2050601,Hausburgviertel,2019,10,9,5,3,5,2,0,1,0,0,0,1,0,0,8017872272,5828672998,1344932,525244
200663,11,12,12214423,Mellerbogen,2019,10,16,4,3,5,3,0,0,1,0,0,0,0,1,7926097264,5833527327,1331871,5257292
200664,11,8,8010404,Rixdorf,2019,10,6,5,2,8,1,1,0,1,0,0,0,0,1,8017204873,5823052464,1344324,5247405
200665,11,10,10010204,Wuhletalstra·e,2019,10,1,5,2,5,2,2,1,0,0,0,0,1,1,8095775151,5832688883,1356752,5255602
200666,11,1,1011204,Leipziger Stra·e,2019,10,22,5,3,5,2,2,0,1,0,0,0,1,0,79784519,5826961291,1338985,5251122
200667,11,4,4020311,Reichsstra·e,2019,10,16,4,3,5,3,0,0,1,0,0,0,0,1,7890805715,5827172497,1326125,5251783
200668,11,10,10010308,Marzahner Chaussee,2019,10,21,5,2,6,4,2,0,1,1,0,0,0,0,8064644174,5829702705,1351899,5253101
200669,11,1,1011304,Karl-Marx-Allee,2019,10,20,5,3,0,2,2,1,1,0,0,0,0,0,799609613,5827987189,134167,5251945
200670,11,4,4051448,Schaperstra·e,2019,10,20,5,3,1,5,2,1,1,0,0,0,0,0,7934802728,5824972062,1332397,5249575
200671,11,4,4051445,Eisenzahnstra·e,2019,10,19,5,3,5,2,2,1,1,0,0,0,0,0,7926002479,582420452,1331037,5248934
200672,11,4,4030623,Ernst-Reuter-Platz,2019,10,15,5,3,2,6,0,0,1,0,1,0,0,0,7937754919,582658428,1332972,5251005
200673,11,2,2050803,Stralauer Kiez,2019,10,14,5,3,3,6,0,0,1,0,1,0,0,0,8027485924,5826124566,1346112,5250102
200674,11,4,4030931,Breitscheidplatz,2019,10,12,5,3,5,7,0,1,1,0,0,0,0,0,7939196422,5825534677,1333092,5250056
200675,11,8,8010212,Rollberg,2019,10,14,5,3,6,7,0,0,1,1,0,0,0,0,8011938541,5823546929,1343596,5247878
200676,11,11,11051331,Karlshorst Nord,2019,10,7,5,3,5,3,0,1,0,0,0,0,0,1,8073499054,5825174202,1352782,5248993
200677,11,1,1011103,LÅtzowstra·e,2019,10,18,5,3,6,4,2,0,1,1,0,0,0,0,7952912002,5826136153,133516,5250521
200678,11,5,5020625,Borkumer Stra·e,2019,10,7,5,3,3,5,0,0,1,0,0,1,0,0,7843849396,582869659,1319354,5253396
200679,11,7,7010104,Dennewitzplatz,2019,10,18,5,2,5,2,2,1,1,0,0,0,0,0,7960007501,5824957171,1336097,5249426
200680,11,4,4051654,Wilhelmsaue,2019,10,17,5,3,5,2,0,1,1,0,0,0,0,0,7936350695,582395388,1332534,5248654
200681,11,2,2020204,Urbanstra·e,2019,10,21,5,2,3,6,2,1,1,0,0,0,0,1,7983476965,5825310518,1339576,5249615
200682,11,1,1011306,Heine-Viertel Ost,2019,10,14,5,2,6,4,0,0,1,1,0,0,0,0,7999204924,5826585652,1342,5250672
200683,11,1,1011306,Heine-Viertel Ost,2019,10,17,5,3,5,2,0,1,1,0,0,0,0,0,8000448568,5827113457,134223,5251138
200684,11,7,7060604,Marienfelde SÅd,2019,10,13,5,3,0,4,0,0,0,1,0,0,1,0,7966803096,5815838478,1336285,5241215
200685,11,11,11030721,RÅdigerstra·e,2019,10,16,5,2,5,7,0,0,1,0,0,0,1,0,803795279,5827699225,1347793,5251455
200686,11,6,6040810,Dahlem,2019,10,16,5,3,5,2,0,0,1,0,0,0,0,0,7902449942,5820069745,1327218,5245353
200687,11,4,4030623,Ernst-Reuter-Platz,2019,10,15,5,2,5,3,0,1,1,0,0,0,0,0,7937963756,5826908208,1333032,5251294
200688,11,11,11040925,Victoriastadt,2019,10,16,4,3,4,5,1,0,1,0,0,1,0,1,8035059773,5826621619,134727,5250506
200689,11,9,9030902,Wohngebiet II,2019,10,15,5,2,6,4,0,1,0,1,0,0,0,0,8076113522,5815414643,1352267,5240232
200690,11,3,3030406,Alt-Karow,2019,10,13,5,3,5,3,0,1,1,0,0,0,0,0,8032252649,583802916,13479,5260745
200691,11,9,9010201,Am Treptower Park SÅd,2019,10,15,5,2,6,7,0,0,1,1,0,0,0,0,8035093058,5824119129,1347047,5248262
200692,11,4,4030828,Savignyplatz,2019,10,15,5,2,3,6,0,1,1,0,0,0,0,0,7928605913,5826142195,1331589,5250658
200693,11,10,10010308,Marzahner Chaussee,2019,10,10,5,3,3,6,0,0,1,0,0,1,0,0,807607956,5830678905,135367,5253912
200694,11,4,4041137,Flinsberger Platz,2019,10,16,4,3,5,2,0,1,1,0,0,0,0,1,7909678749,5823011108,1328535,5247952
200695,11,9,9010202,Kîpenicker Landstra·e,2019,10,6,5,3,5,7,2,0,1,0,0,0,0,1,8046673622,5823483469,1348689,5247628
200696,11,4,4030623,Ernst-Reuter-Platz,2019,10,8,2,3,6,4,0,0,1,1,0,0,0,0,793493862,5826491535,133255,5250937
200697,11,1,1044102,Schillerpark,2019,10,23,5,3,1,5,2,0,1,0,0,1,0,0,7948594115,5831985521,1335044,5255788
200698,11,12,12103218,Teichstra·e,2019,11,15,7,3,5,7,0,0,1,0,0,0,0,1,7936649933,5832607627,1333342,525641
200699,11,12,12301203,Wittenau SÅd,2019,10,21,7,2,4,6,2,0,1,0,0,0,0,0,7929450578,5835345391,1332525,5258903
200700,11,2,2020203,Viktoriapark,2019,10,0,3,3,0,3,2,1,0,0,1,0,0,1,7975406837,5824968729,133836,5249352
200701,11,3,3050924,Behaimstra·e,2019,11,10,6,3,5,7,0,1,1,0,0,0,0,0,801631262,5831292173,134494,5254796
200702,11,2,2020203,Viktoriapark,2019,10,14,6,3,1,5,0,0,1,0,1,0,0,0,7976024728,5824020433,1338366,5248499
200703,11,12,12302211,LÅbarser Stra·e,2019,10,17,2,2,6,2,2,0,1,1,0,0,0,1,7935560295,5836912148,1333563,5260275
200704,11,1,1011102,Gro·er Tiergarten,2019,10,12,5,3,3,6,0,0,1,0,1,0,0,0,7952552403,5827309031,1335211,5251574
200705,11,2,2010103,Moritzplatz,2019,10,1,1,2,5,3,2,0,1,0,0,0,0,0,7991480138,5825786315,1340794,5249997
200706,11,4,4051448,Schaperstra·e,2019,10,16,4,3,1,1,0,1,1,0,0,0,0,1,7941875407,5824946116,1333433,5249514
200707,11,3,3020307,Buchholz,2019,11,18,6,3,5,2,2,1,1,0,0,0,0,0,8001488953,5837867431,1343356,5260771
200708,11,3,3071639,Bîtzowstra·e,2019,10,0,7,2,0,1,2,0,0,0,0,0,1,0,8009565757,5829213349,134376,525297
200709,11,7,7050505,Hundsteinweg,2019,10,10,3,3,2,6,0,0,1,0,0,0,0,0,7991528495,5819065035,1340198,5243972
200710,11,6,6040806,Fischtal,2019,11,16,6,3,0,6,1,0,0,0,0,0,1,1,7893553484,5819226286,1325839,5244644
200711,11,4,4030930,George-Grosz-Platz,2019,10,19,6,3,5,7,2,0,1,0,0,0,0,0,7928653402,5825527278,1331542,5250106
200712,11,4,4030417,Schlo·stra·e,2019,10,11,3,3,5,2,0,0,1,0,1,0,0,0,791783584,5827061712,1330088,525154
200713,11,5,5020626,Adamstra·e,2019,11,9,6,3,2,6,0,0,1,0,1,0,0,0,785065487,5827598676,132026,5252376
200714,11,4,4030828,Savignyplatz,2019,10,23,6,3,1,5,2,1,1,0,0,0,1,0,7931928007,5826095453,1332073,5250598
200715,11,4,4030622,Richard-Wagner-Stra·e,2019,10,16,2,3,2,6,1,0,1,0,0,0,0,1,7927494254,5826850985,1331488,5251299
200716,11,4,4020310,Park Ruhwald,2019,10,10,5,3,5,2,0,0,1,0,0,0,0,0,7903678256,582730428,1328028,5251833
200717,11,12,12103218,Teichstra·e,2019,10,18,1,3,1,5,2,0,1,0,0,0,0,0,7940801111,5832881644,1333977,5256633
200718,11,4,4020311,Reichsstra·e,2019,10,13,4,3,5,3,0,0,1,0,1,0,0,0,7895947378,5826764453,1326845,525139
200719,11,1,1022104,Emdener Stra·e,2019,11,20,6,2,6,4,2,0,1,1,0,0,0,1,7937228612,5828499919,1333064,5252725
200720,11,2,2010102,Mehringplatz,2019,10,13,7,2,1,5,0,1,1,0,0,0,0,0,7982913152,582567262,1339525,5249942
200721,11,2,2020203,Viktoriapark,2019,10,7,3,3,0,7,1,0,0,0,1,0,0,1,7971114904,5824745129,1337709,5249175
200722,11,8,8010510,Gewerbegebiet Kîllnische Heide,2019,10,10,6,3,2,6,0,0,1,0,0,1,0,0,8020566529,5822123546,1344734,5246554
200723,11,10,10040830,Kaulsdorf SÅd,2019,10,18,5,3,5,3,2,1,0,0,0,0,1,1,8106398182,5826003194,1357689,524955
200724,11,1,1044102,Schillerpark,2019,10,12,6,3,0,2,0,1,1,0,0,0,0,0,795860551,5832062544,1336523,5255803
200725,11,4,4020209,Eichkamp,2019,10,7,2,3,2,6,0,1,1,0,0,0,0,0,7895045482,5825149176,1326572,5249946
200726,11,10,10010309,Springpfuhl,2019,10,18,5,3,6,4,2,0,1,1,0,0,0,0,80793485,5829268787,135402,525263
200727,11,8,8041039,Frauenviertel,2019,11,21,7,3,6,2,2,0,1,1,0,0,0,1,8064974522,5815419516,1350636,5240299
200728,11,1,1011302,Oranienburger Stra·e,2019,10,16,7,3,6,4,0,1,0,1,0,0,0,0,7980168831,5828889664,133941,5252841
200729,11,1,1044103,Westliche MÅllerstra·e,2019,10,18,2,2,0,1,2,0,0,0,1,0,0,1,7944903807,5830681135,1334386,5254639
200730,11,8,2020206,Graefekiez,2019,10,19,5,3,6,4,2,0,1,1,0,0,0,0,8003750484,5824520516,1342482,5248795
200731,11,11,11030720,Herzbergstra·e,2019,11,8,7,2,3,6,0,0,0,0,1,0,1,1,8050185994,5829961172,1349798,5253414
200732,11,3,3010102,Buch,2019,10,17,7,3,2,4,2,0,1,1,0,0,0,0,8053600371,5841928744,1351403,5264121
200733,11,1,1033101,Soldiner Stra·e,2019,10,10,4,3,2,2,0,0,1,0,0,0,0,0,7961651434,5832275698,133699,5255977
200734,11,12,12301204,Wittenau Nord,2019,10,8,4,2,5,2,0,0,1,0,0,0,0,0,7926468471,5835833999,1332129,5259357
200735,11,1,1011201,Wilhelmstra·e,2019,11,17,6,2,5,3,2,1,1,0,0,0,0,1,7969553758,5826855715,1337668,5251076
200736,11,2,2010102,Mehringplatz,2019,10,18,6,3,1,5,2,1,1,0,0,0,0,0,7979922933,5826474921,1339158,5250678
200737,11,9,9051901,Dammvorstadt,2019,10,11,3,2,6,4,0,0,0,1,0,1,0,0,8110078645,5821782643,1357836,5245747