OBJECTID,LAND,BEZ,LOR,STRASSE,UJAHR,UMONAT,USTUNDE,UWOCHENTAG,UKATEGORIE,UART,UTYP1,ULICHTVERH,IstRad,IstPKW,IstFuss,IstKrad,IstGkfz,IstSonstige,USTRZUSTAND,LINREFX,LINREFY,XGCSWGS84,YGCSWGS84
200738,11,1,1044201,Reinickendorfer Stra·e,2019,10,15,5,3,6,7,0,0,1,1,0,0,0,0,7955911786,5830809248,1336016,5254694
200739,11,3,3020209,Niederschînhausen,2019,10,12,6,3,2,6,0,0,1,0,0,0,0,0,7980546107,5835828995,1340089,5259059
200740,11,11,11040926,Weitlingstra·e,2019,10,8,2,3,6,4,0,0,1,1,0,0,0,0,8064404184,582688992,1351605,5250582
200741,11,8,8010212,Rollberg,2019,10,10,5,2,5,5,0,0,1,0,1,0,0,0,8010561659,5823509942,1343391,5247852
200742,11,3,3020203,Blankenfelde,2019,11,16,7,2,5,3,2,0,1,0,0,0,1,1,7971403172,5838891198,1339018,5261854
200743,11,9,9020502,Oberschîneweide Ost,2019,10,15,7,3,0,6,0,0,0,0,1,0,1,0,8095585881,582150631,1355684,5245581
200744,11,7,7040405,Rathaus Tempelhof,2019,10,16,3,3,3,6,2,0,1,0,1,0,0,0,7980625046,582189969,1338852,5246573
200745,11,1,1011204,Leipziger Stra·e,2019,11,12,6,3,2,2,0,0,1,0,0,0,0,0,7978552477,5826858219,1338991,5251029
200746,11,2,2010101,Askanischer Platz,2019,10,15,6,2,5,2,0,0,1,0,1,0,0,0,7976986187,5825812174,1338667,52501
200747,11,2,2020204,Urbanstra·e,2019,10,18,2,3,2,6,2,0,1,0,0,0,0,1,7986394642,5824687859,1339948,5249041
200748,11,4,4041134,Bismarckallee,2019,10,7,4,3,1,6,0,0,1,0,0,0,1,0,7906986274,5824569293,1328276,5249363
200749,11,9,9020501,Oberschîneweide West,2019,10,19,3,3,5,3,2,1,1,0,0,0,0,0,8063557324,5822134691,1351043,5246325
200750,11,2,2010102,Mehringplatz,2019,11,14,6,3,5,3,0,1,1,0,0,0,0,0,7986684792,5826432568,1340147,5250603
200751,11,8,8010508,Wei·e Siedlung,2019,10,16,6,3,5,2,0,1,1,0,0,0,0,0,8031891687,5822738882,1346452,5247043
200752,11,6,6020410,Oberhofer Platz,2019,10,13,2,3,0,2,0,1,1,0,0,0,0,1,7943218584,5817572681,133298,5242897
200753,11,8,8010303,Donaustra·e,2019,10,13,5,3,1,5,0,1,1,0,0,0,1,0,8012434506,5823811442,1343693,5248112
200754,11,1,1022206,LÅneburger Stra·e,2019,10,12,6,3,2,2,0,0,1,0,0,0,0,0,7962518713,5828496738,1336781,5252585
200755,11,4,4061757,Forst Grunewald,2019,10,20,2,1,0,7,2,0,1,0,0,0,0,1,7889826565,582225124,1325554,5247376
200756,11,8,8010213,Kîrnerpark,2019,10,14,5,1,6,7,0,0,0,1,0,1,0,0,8015929434,5822558458,1344092,524697
200757,11,5,5020626,Adamstra·e,2019,11,14,7,3,1,5,0,0,1,0,0,0,0,1,7847643827,5827169804,1319781,5252008
200758,11,1,1033102,Gesundbrunnen,2019,10,21,7,3,1,5,2,0,1,0,0,0,1,0,7974679184,5831464623,1338834,5255179
200759,11,2,2020206,Graefekiez,2019,10,12,3,3,5,2,0,1,1,0,0,0,0,0,7990783491,5824615065,1340586,5248951
200760,11,11,11041128,Sewanstra·e,2019,11,10,6,3,6,2,0,0,1,1,0,0,0,0,8058839948,5825863228,1350693,5249693
200761,11,2,2030302,Lausitzer Platz,2019,10,14,6,3,1,5,0,0,1,0,0,0,0,0,8006903382,5826558303,1343129,5250605
200762,11,8,8010508,Wei·e Siedlung,2019,10,17,2,3,2,6,2,0,1,0,0,0,0,1,8027776297,5823387819,1345906,5247648
200763,11,12,12103115,Breitkopfbecken,2019,10,7,5,3,2,6,0,0,1,0,0,0,0,0,7954018398,5834030659,1336024,5257592
200764,11,2,2030402,Wrangelkiez,2019,10,4,1,3,1,5,2,0,1,0,0,0,0,0,8017330741,5825832168,1344594,5249896
200765,11,1,1011202,Unter den Linden Nord,2019,10,14,4,3,3,6,0,0,1,0,0,0,0,0,7977341463,582761686,1338881,5251716
200766,11,2,2020202,Rathaus Yorckstra·e,2019,10,12,5,3,0,5,0,1,1,0,0,0,0,0,7975691047,5825209037,1338423,5249566
200767,11,1,1011305,Heine-Viertel West,2019,10,11,6,3,0,5,0,1,1,0,0,0,0,0,7990409321,5827077151,1340752,525116
200768,11,9,9010401,Johannisthal West,2019,10,13,1,3,5,3,0,1,1,0,0,0,0,0,805814123,5820339766,1350084,5244747
200769,11,1,1011101,StÅlerstra·e,2019,10,17,4,3,5,2,2,1,1,0,0,0,0,0,7952305272,5826625853,1335114,5250963
200770,11,4,4051448,Schaperstra·e,2019,11,19,6,3,5,2,2,1,1,0,0,0,0,1,7939179272,5824957728,1333038,5249539
200771,11,4,4051652,Nikolsburger Platz,2019,10,19,7,3,6,4,2,0,0,1,0,0,1,0,793441826,5824086583,1332262,5248784
200772,11,5,5020625,Borkumer Stra·e,2019,10,10,3,3,5,3,0,0,1,0,1,0,0,0,78413427,582872993,1318988,5253439
200773,11,12,12103219,SchÑfersee,2019,11,8,6,3,0,6,0,0,1,0,0,0,1,0,7950627316,5832467535,1335386,5256209
200774,11,3,3061429,Greifswalder Stra·e,2019,10,13,6,3,5,3,0,0,1,0,0,0,1,0,8019061729,5830326968,1345257,5253915
200775,11,10,10010102,Havemannstra·e,2019,10,16,2,2,6,4,0,0,1,1,0,0,0,0,8097622803,5834464449,1357189,5257182
200776,11,8,8020726,Buckow West,2019,10,10,5,3,0,1,0,1,0,0,0,0,0,0,7995633662,5816390255,1340561,5241552
200777,11,12,12214421,Reinickes Hof,2019,10,14,7,3,5,3,0,0,1,0,0,0,0,0,7931250274,5833868991,133266,525757
200778,11,11,11030720,Herzbergstra·e,2019,10,11,4,3,1,5,0,0,1,0,0,0,0,0,8051920518,5829220731,1349985,5252741
200779,11,4,4030519,Kaiserin-Augusta-Allee,2019,10,17,4,2,4,7,2,1,0,0,0,0,1,0,79125354,58289564,1329475,5253267
200780,11,9,9041301,Kietzer Feld/Nachtheide,2019,11,18,6,2,5,2,2,0,1,0,1,0,0,0,811761438,5818271175,1358614,5242557
200781,11,8,8020622,Parchimer Allee,2019,10,12,7,3,5,3,0,0,1,0,0,0,0,0,8015884907,5820150019,1343868,5244811
200782,11,3,3040818,Pankow SÅd,2019,10,17,3,2,0,7,2,1,0,0,0,0,0,0,7994763914,5833291105,1341952,5256706
200783,11,4,4051446,Preu·enpark,2019,11,18,6,3,5,3,2,1,1,0,0,0,0,1,792912178,5824395732,1331511,5249089
200784,11,2,2050801,Traveplatz,2019,10,1,7,3,5,3,2,1,1,0,0,0,0,0,803102327,5827119047,1346722,5250974
200785,11,5,5030730,Zitadellenweg,2019,10,6,3,3,5,2,1,1,1,0,0,0,0,0,7866453069,5829241803,1322724,5253767
200786,11,3,3050919,Gustav-Adolf-Stra·e,2019,10,9,5,3,0,3,0,0,1,0,1,0,0,0,8007803715,5832464909,1343795,5255894
200787,11,4,4051652,Nikolsburger Platz,2019,10,13,6,3,5,2,0,0,1,0,1,0,0,0,7934505777,5824353441,1332298,5249022
200788,11,7,7050502,Fritz-Werner-Stra·e,2019,10,11,2,2,5,3,0,0,1,0,1,0,0,0,7975432582,5818305609,1337769,524338
200789,11,7,7020204,Schîneberger Insel,2019,10,19,5,3,6,4,2,1,0,1,0,0,0,0,7960390863,5823519794,1336026,5248135
200790,11,8,8041038,Wa·mannsdorfer Chaussee,2019,11,8,7,3,5,3,0,0,1,0,1,0,0,1,8059213755,5816218958,1349865,5241047
200791,11,2,2050602,Samariterviertel,2019,10,17,7,3,5,2,2,1,1,0,0,0,0,0,802636038,5827910317,1346109,5251709
200792,11,1,1011202,Unter den Linden Nord,2019,10,8,4,3,2,6,0,1,1,0,0,0,0,0,7971795752,5827492875,1338055,5251635
200793,11,4,4051656,Hildegardstra·e,2019,10,18,4,1,5,5,2,0,1,0,1,0,0,0,7937578731,582308938,1332638,5247873
200794,11,7,7030301,Friedenau,2019,11,16,6,3,5,3,2,1,1,0,0,0,0,0,7937548158,5822077792,1332545,5246966
200795,11,10,10010308,Marzahner Chaussee,2019,10,17,6,3,0,3,1,0,1,0,0,0,1,0,806310981,5830175027,1351717,5253533
200796,11,12,12301206,LÅbars,2019,10,14,3,3,6,2,0,0,1,1,0,0,0,0,7940292009,5838135186,1334369,5261346
200797,11,1,1011302,Oranienburger Stra·e,2019,10,15,5,3,3,6,0,1,1,0,0,0,0,0,7985792213,5828918001,1340239,5252836
200798,11,4,4020310,Park Ruhwald,2019,10,11,6,3,5,7,0,0,1,0,0,0,0,0,790249744,5828028306,1327918,5252488
200799,11,6,6030501,Berlepschstra·e,2019,10,8,2,3,5,3,0,1,1,0,0,0,0,0,7885058321,5816873118,132439,5242579
200800,11,4,4041342,Schlangenbader Stra·e,2019,10,9,5,3,6,2,0,0,0,1,1,0,0,0,7919767164,582237698,1329961,5247329
200801,11,4,4031032,Halensee,2019,10,17,5,3,1,5,1,1,1,0,0,0,0,0,7918485583,5825272007,1330026,5249932
200802,11,12,12214424,Scharnweberstra·e,2019,10,9,6,3,6,2,0,0,1,1,0,0,0,0,7925614087,5832814226,1331737,5256655
200803,11,11,11040925,Victoriastadt,2019,10,9,2,3,5,2,0,1,1,0,0,0,0,0,8037095786,5826763361,1347582,5250621
200804,11,6,6030504,Teltower Damm,2019,10,16,5,2,6,4,2,0,1,1,0,0,0,1,7901402616,5815557942,1326673,5241314
200805,11,6,6020303,Lankwitz Kirche,2019,11,22,7,3,5,3,2,1,1,0,0,0,0,1,7951433537,5818244083,1334244,5243454
200806,11,5,5010206,GÅtersloher Weg,2019,10,16,7,3,2,6,0,1,1,0,0,0,0,0,7823918917,58304847,1316576,5255103
200807,11,3,3010101,Bucher Forst,2019,10,5,4,3,6,6,2,0,1,1,0,0,0,0,8031772949,5841356731,1348134,526373
200808,11,8,8010509,Schulenburgpark,2019,10,17,3,3,6,4,2,0,0,1,1,0,0,0,8033315879,5822481402,1346637,5246804
200809,11,12,12103219,SchÑfersee,2019,11,14,6,3,6,4,0,0,1,1,0,0,0,0,7951652662,5832495946,1335539,5256229
200810,11,4,4020313,Kînigin-Elisabeth-Stra·e,2019,10,16,6,3,5,2,0,1,0,0,0,0,1,0,7904937503,5826547439,1328147,5251147
200811,11,12,12103115,Breitkopfbecken,2019,10,17,2,2,2,6,2,0,1,0,0,0,0,0,7955061855,5833434726,1336124,5257052
200812,11,1,1022106,Elberfelder Stra·e,2019,10,13,5,3,0,1,0,0,0,0,1,0,0,0,7939916194,582783356,13334,5252113
200813,11,6,6020305,Gemeindepark Lankwitz,2019,10,8,6,3,2,6,0,0,1,0,0,0,0,0,7956545226,581694363,1334879,5242261
200814,11,12,12214527,Alt-Tegel,2019,10,17,1,3,2,6,2,0,1,0,0,0,0,0,7898749143,5835741609,1328041,5259423
200815,11,4,4041343,Binger Stra·e,2019,10,19,4,3,6,2,2,0,1,1,0,0,0,0,792670019,5823057226,1331038,5247902
200816,11,12,12301203,Wittenau SÅd,2019,11,17,6,3,5,3,1,0,1,0,0,0,0,1,7929923033,5835645553,1332621,525917
200817,11,4,4051447,Ludwigkirchplatz,2019,10,14,7,3,0,7,0,0,0,0,0,0,1,0,7934008964,5825195136,13323,524978
200818,11,10,10020413,Gut Hellersdorf,2019,10,11,3,3,9,7,0,0,0,0,0,0,1,0,8117752797,5831465037,1359868,525438
200819,11,2,2050803,Stralauer Kiez,2019,11,10,6,3,2,2,0,0,1,0,0,0,0,0,8024464768,5826267328,1345682,5250247
200820,11,2,2040701,Andreasviertel,2019,10,22,6,2,5,3,2,0,1,0,0,0,1,0,8005866249,5827028739,1343019,5251032
200821,11,7,7070704,Nahariyastra·e,2019,11,15,7,3,6,2,0,0,0,1,0,0,1,1,800651746,5814136408,1341954,5239472
200822,11,9,9052001,Kîpenick Nord,2019,10,14,7,3,5,3,0,0,1,0,0,0,0,0,8092208547,5823023457,135533,524696
200823,11,7,7040404,Marienhîhe,2019,10,14,3,3,2,6,0,0,1,0,0,0,0,0,7964105697,5819759128,1336237,5244744
200824,11,8,8020619,Buschkrugallee Nord,2019,11,10,6,2,2,6,0,0,1,0,1,0,0,0,8015657967,5820650015,134388,5245261
200825,11,11,11030619,Fennpfuhl Ost,2019,10,15,6,3,0,2,0,0,1,0,0,0,1,0,8035385047,5829731344,1347602,5253291
200826,11,4,4020313,Kînigin-Elisabeth-Stra·e,2019,10,18,2,3,5,3,2,0,1,0,0,0,0,1,7905199564,5826494613,1328181,5251099
200827,11,2,2050802,Boxhagener Platz,2019,10,12,5,3,2,6,0,0,1,0,0,0,0,0,8030381182,5826971265,1346615,5250845
200828,11,2,2050803,Stralauer Kiez,2019,10,2,1,3,5,3,2,0,1,0,0,0,0,0,8021137322,5826365461,1345202,5250353
200829,11,7,7030303,Grazer Platz,2019,10,16,4,3,5,2,0,0,1,0,1,0,0,0,7954164971,5820986527,1334887,5245898
200830,11,12,12302110,Dannenwalder Weg,2019,11,18,6,3,6,2,2,0,1,1,0,0,0,1,7952695409,5836363999,1336037,5259691
200831,11,4,4020311,Reichsstra·e,2019,10,11,7,3,5,3,0,0,1,0,0,0,0,0,789642567,5826509277,1326893,5251158
200832,11,9,9020701,Adlershof West,2019,10,10,3,3,1,5,0,1,1,0,0,0,1,0,8086251428,5818622192,1354049,5243049
200833,11,2,2030402,Wrangelkiez,2019,11,1,6,2,5,5,2,0,1,0,0,0,0,0,8016872348,5825869412,134453,5249932
200834,11,2,2030402,Wrangelkiez,2019,10,19,6,3,5,7,2,1,1,0,0,0,0,0,8016799369,5825874933,134452,5249938
200835,11,1,1011302,Oranienburger Stra·e,2019,10,23,2,2,4,6,2,1,1,0,0,0,0,1,7979017387,5828522794,1339208,5252519
200836,11,8,8030830,Gropiusstadt SÅd,2019,10,22,5,3,1,5,2,0,1,0,0,0,0,0,8024639209,5817940487,1344953,5242782
200837,11,6,6030610,Lichterfelde West,2019,10,17,2,3,5,3,2,0,1,0,0,0,0,1,7924107339,5817836247,13302,5243236
200838,11,3,3061227,Humannplatz,2019,10,4,5,3,5,2,2,0,1,0,1,0,0,0,7994948286,5831770177,1341842,5255342
200839,11,4,4051445,Eisenzahnstra·e,2019,10,19,1,3,6,2,2,0,1,1,0,0,0,0,7921944105,5824737689,1330487,5249434
200840,11,12,12103115,Breitkopfbecken,2019,10,13,4,3,2,6,0,0,1,0,0,0,0,0,7954133581,583406748,1336044,5257624
200841,11,9,9051901,Dammvorstadt,2019,11,21,6,2,0,1,2,1,0,0,0,0,0,1,812039819,5821397372,1359314,5245343
200842,11,6,6020409,Kînigsberger Stra·e,2019,10,13,7,3,0,1,0,1,0,0,0,0,0,0,7931952119,5817486798,133132,524288
200843,11,3,3071537,Kollwitzplatz,2019,10,8,3,3,5,2,0,1,1,0,0,0,0,0,7997856324,5829587119,1342073,5253369
200844,11,1,1011202,Unter den Linden Nord,2019,10,17,5,3,5,3,2,1,1,0,0,0,0,0,7985483247,5827805403,1340094,525184
200845,11,5,5020625,Borkumer Stra·e,2019,10,10,2,3,5,2,0,1,1,0,0,0,0,0,7845517063,5828174892,1319555,525292
200846,11,5,5020419,Magistratsweg,2019,10,18,5,3,6,4,2,0,1,1,0,0,0,0,7816069658,5828424264,1315246,5253296
200847,11,1,1044103,Westliche MÅllerstra·e,2019,11,0,7,3,2,6,2,0,1,0,0,0,0,1,7951900997,5831031164,1335446,5254915
200848,11,4,4051448,Schaperstra·e,2019,10,17,7,3,5,3,1,1,1,0,0,0,0,0,7942062843,5824955356,1333461,5249521
200849,11,4,4030519,Kaiserin-Augusta-Allee,2019,10,8,4,3,2,6,0,0,1,0,0,0,1,0,7912381602,5828951869,1329452,5253263
200850,11,12,12214125,Waldidyll/Flughafensee,2019,10,19,3,3,5,2,2,1,1,0,0,0,0,0,7899750747,5833680452,1328008,525757
200851,11,12,12103218,Teichstra·e,2019,11,16,6,3,1,5,0,0,1,0,0,0,0,0,7948227921,5833366786,1335113,5257028
200852,11,9,9052001,Kîpenick Nord,2019,10,14,6,3,0,6,0,1,0,0,0,0,0,0,8115759133,5823108873,1358793,5246903
200853,11,6,6020408,Lichterfelde SÅd,2019,11,9,7,3,2,2,0,0,1,0,0,0,0,1,7927175044,5816241905,1330511,524179
200854,11,5,5020417,Staakener Stra·e,2019,10,17,7,3,0,7,1,1,1,0,0,0,0,0,7817391776,5828463441,1315444,5253325
200855,11,6,6010210,Bismarckstra·e,2019,10,10,4,3,5,3,0,0,1,0,0,0,0,0,7951896858,5821190029,1334572,5246093
200856,11,1,1022206,LÅneburger Stra·e,2019,10,13,4,2,2,6,0,0,0,0,1,1,0,0,796259301,5828501038,1336792,5252589
200857,11,2,2040701,Andreasviertel,2019,11,21,6,3,5,3,2,1,1,0,0,0,0,1,8006134675,5827116752,1343066,5251109
200858,11,1,1011202,Unter den Linden Nord,2019,10,19,6,3,5,2,2,1,1,0,0,0,0,0,7976487189,582812982,1338801,525218
200859,11,7,7040403,Manteuffelstra·e,2019,10,12,3,2,5,3,0,1,0,0,1,0,0,0,7977055543,5822197892,1338354,524686
200860,11,11,11030619,Fennpfuhl Ost,2019,10,15,5,3,0,2,1,0,1,0,0,0,1,0,803855963,5829056612,1348007,5252668
200861,11,4,4030519,Kaiserin-Augusta-Allee,2019,10,8,6,3,6,4,0,0,1,1,0,0,0,0,7924574185,5828245645,1331182,5252565
200862,11,1,1033203,Humboldthain Nordwest,2019,10,8,2,3,5,3,0,1,1,0,0,0,0,0,7957385815,5829803558,1336143,5253784
200863,11,1,1011302,Oranienburger Stra·e,2019,10,14,5,2,5,3,0,1,1,0,0,0,0,0,7987166772,582879741,134043,525272
200864,11,1,1044202,Sparrplatz,2019,11,17,7,3,2,2,2,0,1,0,0,0,0,1,7949615176,5830169495,1335033,5254155
200865,11,1,1044101,Rehberge,2019,10,15,7,3,2,6,0,0,1,0,0,0,0,0,7941366063,583006965,1333811,525411
200866,11,11,11020516,Wei·e Taube,2019,10,16,3,3,5,2,1,1,0,0,0,0,1,0,8061790321,5830425853,1351546,5253766
200867,11,4,4051446,Preu·enpark,2019,11,13,6,3,5,3,0,1,1,0,0,0,0,0,7929119613,5824396112,1331511,524909
200868,11,8,8030829,Gropiusstadt Nord,2019,10,15,6,2,5,3,0,0,1,0,1,0,0,0,803157712,581843257,1346015,5243185
200869,11,1,1011203,Unter den Linden SÅd,2019,10,18,2,3,1,5,2,1,1,0,0,0,0,1,7980023069,5827389997,1339254,5251498
200870,11,9,9020501,Oberschîneweide West,2019,10,8,5,3,5,2,0,1,1,0,0,0,0,0,8064559138,5822104697,1351188,5246292
200871,11,4,4041136,Hagenplatz,2019,10,8,6,3,5,2,0,1,1,0,0,0,0,0,790732265,5823473343,1328229,5248379
200872,11,11,11040925,Victoriastadt,2019,10,13,1,3,2,6,0,1,1,0,0,0,0,0,8038689361,582682286,1347822,5250666
200873,11,3,3030406,Alt-Karow,2019,10,6,2,3,5,2,0,1,1,0,0,0,0,0,803364647,5838250406,1348125,5260936
200874,11,3,3010102,Buch,2019,10,10,5,3,0,1,0,0,1,0,0,0,0,0,8043764145,5841199153,1349886,5263522
200875,11,7,7040401,Neu-Tempelhof,2019,10,7,6,3,6,2,0,0,1,1,0,0,0,0,7972913477,5822595909,1337782,5247239
200876,11,5,5020625,Borkumer Stra·e,2019,10,5,2,3,2,6,1,0,1,0,0,0,0,0,7847134409,5828562663,1319826,5253259
200877,11,2,2010102,Mehringplatz,2019,10,19,5,3,1,5,2,1,0,0,0,0,1,0,7982426948,5826010181,1339484,5250248
200878,11,7,7020204,Schîneberger Insel,2019,11,15,7,3,6,4,0,0,1,1,0,0,0,1,7965338587,5823967767,1336792,524851
200879,11,7,7010101,Wittenbergplatz/Viktoria-Luise-Platz,2019,10,14,7,3,0,5,0,1,0,0,1,0,0,0,7946428383,5825743445,1334172,5250204
200880,11,3,3020307,Buchholz,2019,10,13,3,3,2,6,0,0,1,0,0,0,0,0,800193878,5836563441,1343304,52596
200881,11,6,6010101,Fichtenberg,2019,11,10,6,3,2,6,0,0,1,0,0,0,0,0,7935095507,5820610857,1332056,5245664
200882,11,5,5010314,Carl-Schurz-Stra·e,2019,10,15,6,2,0,2,0,0,1,0,0,0,1,0,7847832326,5828813675,131995,525348
200883,11,3,3071536,Teutoburger Platz,2019,10,17,2,3,5,3,2,0,1,0,0,0,0,1,7992189776,5829267878,1341211,5253114
200884,11,6,6010209,Feuerbachstra·e,2019,10,7,5,3,2,6,0,0,1,0,0,0,0,1,7940539189,5821008487,133289,5245991
200885,11,2,2010102,Mehringplatz,2019,10,1,1,3,5,2,2,0,1,0,0,0,0,0,7982152303,5825860673,133943,5250115
200886,11,9,9020701,Adlershof West,2019,10,15,4,3,5,2,0,0,1,0,0,0,0,0,8077134615,5818118863,1352666,524265
200887,11,7,7010103,Barbarossaplatz,2019,11,18,6,3,2,2,2,1,1,0,0,0,0,1,7952219977,5824488663,1334912,5249048
200888,11,4,4041134,Bismarckallee,2019,10,0,7,2,1,5,2,1,1,0,0,0,0,0,7908586792,5824502071,1328505,5249294
200889,11,4,4030726,Droysenstra·e,2019,10,20,4,3,5,3,1,0,1,0,0,0,0,0,7920909042,5825307878,1330385,5249951
200890,11,1,1033203,Humboldthain Nordwest,2019,11,20,6,3,5,3,2,0,1,0,0,0,0,1,7968069472,5831270429,1337845,5255041
200891,11,7,7040404,Marienhîhe,2019,10,20,7,3,1,7,2,0,1,0,0,0,0,0,7970830069,5820484097,1337288,5245357
200892,11,8,8020727,Buckow Mitte,2019,10,16,3,3,0,3,0,0,0,0,1,0,1,1,8015144451,5817626549,1343532,5242553
200893,11,7,7020203,Kaiser-Wilhelm-Platz,2019,11,9,6,3,2,2,0,0,1,0,0,0,0,0,7954347478,5824426855,1335219,5248981
200894,11,12,12214424,Scharnweberstra·e,2019,10,14,6,3,5,7,0,0,1,0,1,0,0,0,793104596,5832646916,1332521,5256476
200895,11,8,8010117,Schillerpromenade,2019,10,16,2,3,3,6,0,0,1,0,1,0,0,0,8005231407,5823413835,1342599,5247795
200896,11,9,9010301,Baumschulenstra·e,2019,10,10,5,3,3,6,0,0,1,0,0,0,0,0,8044533185,5821832963,1348224,5246161
200897,11,8,8020625,Handwerker-Siedlung,2019,10,12,7,3,5,3,0,1,1,0,0,0,0,0,8015090479,5819224169,1343668,5243986
200898,11,1,1011302,Oranienburger Stra·e,2019,10,12,4,3,6,4,0,0,1,1,0,0,0,0,7986895434,5828337196,1340349,5252309
200899,11,9,9031101,GrÅnau,2019,10,17,4,2,0,6,2,0,0,0,1,0,1,0,8102717156,5817601982,1356368,5242042
200900,11,2,2010104,Wassertorplatz,2019,11,23,6,3,2,6,2,0,1,0,0,0,0,1,7997904627,5825718124,1341731,5249901
200901,11,10,10020517,Adele-Sandrock-Stra·e,2019,10,12,7,3,0,5,0,0,1,0,1,0,0,0,8123830188,5830461381,1360667,5253445
200902,11,6,6040804,Krumme Lanke,2019,10,8,3,3,5,3,0,1,1,0,0,0,0,1,7874787932,5817705579,1322955,524338
200903,11,4,4031032,Halensee,2019,10,17,5,3,6,4,2,0,1,1,0,0,0,0,7914259044,5825065636,1329387,5249769
200904,11,3,3030405,Karow Nord,2019,10,7,6,3,7,7,1,0,0,0,1,0,0,0,8037381755,5838767043,1348723,5261378
200905,11,10,10030727,Biesdorf SÅd,2019,10,9,2,3,5,2,0,0,1,0,1,0,0,0,8097203354,5826204999,1356358,5249783
200906,11,1,1011204,Leipziger Stra·e,2019,10,9,3,3,5,2,0,1,0,0,0,0,0,0,7986193621,5826919148,1340119,5251042
200907,11,4,4030828,Savignyplatz,2019,10,9,5,3,1,5,0,1,1,0,0,0,0,0,7932883397,5826150346,1332218,5250642
200908,11,10,10040933,Mahlsdorf SÅd,2019,10,16,6,3,0,1,0,1,0,0,0,0,0,0,8130706194,5826639624,1361318,5249981
200909,11,8,8010510,Gewerbegebiet Kîllnische Heide,2019,10,11,2,3,3,6,0,0,1,0,0,0,0,0,8026363606,5823041539,1345668,5247345
200910,11,10,10020414,Helle Mitte,2019,10,19,5,3,6,4,2,0,1,1,0,0,0,0,812033074,5830790045,1360184,525376
200911,11,3,3061228,Erich-Weinert-Stra·e,2019,11,8,7,3,5,2,1,1,1,0,0,0,0,1,8003211097,5831579784,134304,5255126
200912,11,3,3050920,Wei·er See,2019,10,17,7,3,1,5,0,1,1,0,0,0,0,0,8023132779,5831899236,1345998,5255302
200913,11,9,9010302,SpÑthsfelde,2019,10,10,4,3,4,7,0,0,1,0,0,0,1,0,8054473099,5820488705,134956,5244901
200914,11,7,7030303,Grazer Platz,2019,10,8,4,3,6,2,0,0,1,1,0,0,0,0,7952391515,5822271429,1334741,5247059
200915,11,11,11020411,Malchower Weg,2019,11,22,6,2,5,3,2,0,1,0,1,0,0,1,8059636403,583253243,1351424,5255666
200916,11,10,10020517,Adele-Sandrock-Stra·e,2019,10,18,6,3,2,6,1,0,1,0,0,0,0,0,8133915313,5830122898,1362117,5253084
200917,11,6,6030607,Goerzwerke,2019,10,8,3,2,5,3,0,0,1,0,0,0,1,0,7908677157,5815636884,1327746,5241346
200918,11,6,6020306,Lankwitz SÅd,2019,10,15,5,3,5,3,0,0,1,0,0,0,0,0,7962398333,581701662,1335744,5242295
200919,11,7,7020202,Volkspark (Rudolf-Wilde-Park),2019,10,7,6,3,2,6,0,0,1,0,0,0,0,0,7950139041,5823241555,1334496,5247941
200920,11,12,12302110,Dannenwalder Weg,2019,10,8,2,3,2,6,0,0,1,0,0,0,0,0,7947335274,5836284457,1335241,5259648
200921,11,10,10010310,Alt-Marzahn,2019,10,1,5,2,2,3,2,0,1,0,0,0,0,0,8084953235,5831147436,1355018,5254282
200922,11,1,1022206,LÅneburger Stra·e,2019,11,16,7,3,5,3,0,0,1,0,0,0,1,1,7957265363,5828198358,1335982,5252346
200923,11,1,1022106,Elberfelder Stra·e,2019,10,15,7,2,6,2,0,0,1,1,0,0,0,0,7942100106,5828326643,1333765,5252543
200924,11,10,10020413,Gut Hellersdorf,2019,10,14,3,3,6,6,0,1,0,1,0,0,0,0,811674311,5831506565,1359724,5254423
200925,11,8,8010117,Schillerpromenade,2019,10,19,5,2,5,5,2,0,1,0,1,0,0,0,8005505975,5823327892,1342632,5247717
200926,11,4,4030828,Savignyplatz,2019,11,20,7,3,2,6,2,0,1,0,0,0,0,1,7933799684,5826089269,1332348,5250582
200927,11,7,7010102,Nollendorfplatz,2019,10,16,7,3,6,7,0,1,0,1,0,0,0,0,7956075901,5824986034,1335522,5249473
200928,11,3,3030716,MÑrchenland,2019,10,7,4,3,2,6,0,0,1,0,0,0,0,1,8035765568,5833492571,1348001,525666
200929,11,11,11040926,Weitlingstra·e,2019,10,18,3,3,0,1,2,0,0,0,1,0,0,0,80490598,5826256179,1349293,52501
200930,11,1,1011102,Gro·er Tiergarten,2019,10,9,6,3,5,7,0,0,1,0,1,0,0,0,7966713146,5827620679,1337319,5251777
200931,11,7,7040403,Manteuffelstra·e,2019,11,15,6,3,5,3,0,1,1,0,0,0,0,0,7972777836,5821223949,133764,524601
200932,11,9,9030903,Kîlner Viertel,2019,10,16,6,3,6,4,0,0,0,1,0,0,1,0,8087219464,5815559018,1353908,5240299