OBJECTID,LAND,BEZ,LOR,STRASSE,UJAHR,UMONAT,USTUNDE,UWOCHENTAG,UKATEGORIE,UART,UTYP1,ULICHTVERH,IstRad,IstPKW,IstFuss,IstKrad,IstGkfz,IstSonstige,USTRZUSTAND,LINREFX,LINREFY,XGCSWGS84,YGCSWGS84
200933,11,4,4020310,Park Ruhwald,2019,10,20,2,3,5,3,2,0,1,0,0,0,0,1,7903542491,5827309282,1328009,5251838
200934,11,6,6030606,Hindenburgdamm,2019,10,13,5,3,5,3,0,1,1,0,0,0,0,0,7932417988,5819537451,1331569,5244716
200935,11,5,5040936,JÑgerallee,2019,10,3,6,3,9,1,2,0,1,0,0,0,0,1,780636472,5821693056,1313252,5247311
200936,11,7,7010102,Nollendorfplatz,2019,10,18,1,3,2,2,2,0,1,0,0,0,0,0,7954440425,5824984665,1335282,5249481
200937,11,9,9041301,Kietzer Feld/Nachtheide,2019,10,6,4,3,5,3,2,1,1,0,0,0,0,0,8123010049,5819155929,1359488,5243319
200938,11,2,2040502,Friedenstra·e,2019,10,9,6,3,2,6,0,1,1,0,0,0,0,0,8007515624,5828096969,1343358,525198
200939,11,2,2050802,Boxhagener Platz,2019,11,12,7,3,5,3,0,0,1,0,0,0,0,1,8025895722,5826886097,1345948,5250793
200940,11,4,4030725,Amtsgerichtsplatz,2019,10,21,7,3,0,1,2,0,0,0,0,0,1,0,7919456644,5826112864,1330243,525068
200941,11,1,1011202,Unter den Linden Nord,2019,10,11,3,3,5,3,0,1,0,0,1,0,0,0,7980689871,5827870391,1339395,5251925
200942,11,2,2040701,Andreasviertel,2019,11,10,6,3,2,2,0,1,1,0,0,0,0,0,8005140208,5827088853,1342917,525109
200943,11,2,2030302,Lausitzer Platz,2019,10,14,6,3,2,7,0,1,1,0,0,0,0,0,8014585014,5826068898,1344213,5250124
200944,11,7,7050501,Rathausstra·e,2019,10,17,2,3,0,5,2,1,1,0,0,0,0,1,7976653027,5819592478,1338063,5244526
200945,11,3,3061429,Greifswalder Stra·e,2019,10,7,5,3,2,6,0,0,1,0,0,0,0,0,8016092845,5830154862,1344805,5253778
200946,11,5,5010208,Germersheimer Platz,2019,10,15,6,3,2,6,0,0,1,0,0,0,0,0,783665723,5829668063,1318379,5254305
200947,11,12,12214125,Waldidyll/Flughafensee,2019,11,11,6,3,2,6,0,0,0,0,0,0,1,0,7910563127,5834262912,132965,5258034
200948,11,4,4030930,George-Grosz-Platz,2019,10,15,6,3,5,3,0,1,1,0,0,0,0,0,7931310654,5825593727,1331938,5250151
200949,11,2,2010101,Askanischer Platz,2019,10,18,2,3,2,6,2,0,1,0,0,0,0,1,7978577792,5825639013,1338885,5249936
200950,11,3,3050919,Gustav-Adolf-Stra·e,2019,10,7,5,3,5,3,0,1,1,0,0,0,0,0,8019383654,5832579454,1345509,5255932
200951,11,4,4010101,Jungfernheide,2019,10,0,6,3,5,2,2,0,1,0,0,0,0,0,791217139,5829730951,1329489,5253963
200952,11,1,1011401,Invalidenstra·e,2019,10,11,1,3,0,1,0,0,0,0,1,0,0,1,7973603124,5829139864,1338468,5253101
200953,11,4,4030931,Breitscheidplatz,2019,10,16,4,3,5,7,1,0,1,0,0,0,0,0,7935261234,5825847236,1332541,5250357
200954,11,10,10020414,Helle Mitte,2019,10,17,5,2,1,4,1,1,1,1,0,0,0,0,8120475876,5830713696,1360198,5253691
200955,11,1,1044203,Leopoldplatz,2019,11,19,6,3,2,6,2,0,1,0,0,0,0,1,7951939415,583136378,1335481,5255213
200956,11,4,4051551,Brabanter Platz,2019,10,12,7,3,5,7,0,0,1,0,0,0,0,0,7933212682,5823546891,1332038,5248306
200957,11,4,4020311,Reichsstra·e,2019,10,10,3,3,5,2,0,1,1,0,0,0,0,1,7891180252,5826933112,1326159,5251566
200958,11,10,10040828,Kaulsdorf Nord,2019,10,21,5,3,5,3,2,0,1,0,0,0,0,0,8118998992,5829748123,135989,5252834
200959,11,3,3061441,Eldenaer Stra·e,2019,11,7,6,3,5,2,1,1,1,0,0,0,0,0,8023793675,5828837982,1345817,5252555
200960,11,1,1011203,Unter den Linden SÅd,2019,10,21,6,3,8,1,2,0,0,0,0,0,1,0,7981813617,5827115571,1339493,5251242
200961,11,4,4030929,Hindemithplatz,2019,10,15,2,3,5,5,0,0,1,0,0,0,1,0,7927176836,5825847086,1331353,5250401
200962,11,2,2010102,Mehringplatz,2019,10,7,5,3,5,2,0,1,1,0,0,0,0,0,7986438087,5826461002,1340114,525063
200963,11,9,9020701,Adlershof West,2019,10,18,5,3,5,2,0,1,1,0,0,0,0,0,8093394675,581850765,1355085,5242906
200964,11,8,8010118,Silbersteinstra·e,2019,10,17,7,3,0,6,1,0,1,0,1,0,0,0,8010705439,5821996558,1343275,5246495
200965,11,1,1033101,Soldiner Stra·e,2019,10,11,4,3,5,3,0,1,1,0,0,0,0,0,7976862746,5832849581,1339279,5256409
200966,11,10,10030724,Oberfeldstra·e,2019,10,18,5,2,5,2,2,1,1,0,0,0,0,1,8095847314,5828543314,1356376,5251886
200967,11,5,5010208,Germersheimer Platz,2019,10,13,4,2,5,2,0,1,1,0,0,0,0,0,7837207456,5830619093,1318542,5255155
200968,11,1,1011203,Unter den Linden SÅd,2019,10,16,5,3,1,5,0,1,1,0,0,0,0,0,7977489179,5827525909,1338894,5251633
200969,11,3,3040614,Pankow Zentrum,2019,10,16,5,2,3,5,0,1,1,0,0,0,0,0,7987063727,5833105259,1340803,5256582
200970,11,2,2040502,Friedenstra·e,2019,10,20,1,3,5,3,2,0,1,0,0,0,0,0,8012491253,5827829513,1344064,5251713
200971,11,12,12231101,Hermsdorf,2019,10,14,4,3,2,6,0,0,1,0,0,0,0,0,7909580077,5837963688,1329831,5261357
200972,11,12,12224230,Heiligensee,2019,10,16,5,3,2,6,0,0,1,0,0,0,1,0,7875253191,5836370421,1324636,5260111
200973,11,9,9051901,Dammvorstadt,2019,10,15,5,3,3,6,0,0,0,0,0,0,1,0,8110246439,5821818266,1357864,5245778
200974,11,4,4020310,Park Ruhwald,2019,11,17,6,3,3,6,2,0,1,0,0,0,0,1,7905225933,5827329191,1328258,5251847
200975,11,8,8020625,Handwerker-Siedlung,2019,10,13,7,3,2,2,0,0,1,0,1,0,0,0,8013855713,5819264264,1343491,5244028
200976,11,8,8041035,Blumenviertel,2019,10,7,3,3,5,3,0,1,1,0,0,0,0,1,8038097628,5818819131,1347006,5243495
200977,11,9,9030903,Kîlner Viertel,2019,10,15,5,3,5,3,0,0,1,0,0,0,0,0,8092462825,5815356658,1354658,5240088
200978,11,7,7030302,CeciliengÑrten,2019,10,7,5,3,5,2,0,1,1,1,0,0,0,0,7944191576,5821933398,1333507,5246801
200979,11,8,8010214,Glasower Stra·e,2019,10,13,6,3,5,3,0,0,1,0,1,0,0,0,8013444738,5822036931,1343681,5246516
200980,11,3,3030715,Heinersdorf,2019,10,10,2,3,6,4,0,1,0,1,0,0,0,0,8001073341,5832746795,1342831,5256184
200981,11,6,6010206,Stadtpark,2019,10,18,5,3,1,5,2,1,1,0,0,0,0,0,7944707685,5820130043,1333424,5245181
200982,11,4,4051551,Brabanter Platz,2019,11,5,7,3,0,1,2,0,1,0,0,0,0,1,7928801241,5823287539,1331367,5248097
200983,11,3,3020209,Niederschînhausen,2019,10,17,7,3,5,7,0,0,1,0,0,0,1,0,797545409,5834854877,1339252,5258214
200984,11,11,11040926,Weitlingstra·e,2019,10,8,4,3,2,6,0,1,1,0,0,0,0,0,8047453357,5826516906,1349081,5250343
200985,11,8,8010303,Donaustra·e,2019,10,22,3,3,5,7,2,0,1,0,0,0,0,0,8003627307,5824342815,1342448,5248637
200986,11,4,4030828,Savignyplatz,2019,11,16,6,3,5,3,1,0,1,0,0,0,0,0,7928595145,5826107347,1331585,5250626
200987,11,11,11010310,MÅhlengrund,2019,10,17,6,3,2,6,0,0,1,0,0,0,0,0,8052143543,5833155121,1350379,5256266
200988,11,7,7020204,Schîneberger Insel,2019,10,17,3,3,0,7,1,0,0,1,0,0,1,0,7963144396,5823017067,1336385,524767
200989,11,1,1011303,Alexanderplatzviertel,2019,10,14,5,3,5,5,0,1,1,0,0,0,0,0,7984988585,5828173863,1340054,5252173
200990,11,8,8020625,Handwerker-Siedlung,2019,10,11,6,3,6,4,0,0,1,1,0,0,0,0,8021842326,5818939747,1344633,5243694
200991,11,4,4051654,Wilhelmsaue,2019,11,16,7,3,6,4,0,0,1,1,0,0,0,0,7933742648,5823924124,1332149,5248642
200992,11,8,8010214,Glasower Stra·e,2019,11,20,6,3,8,1,2,0,1,0,0,0,0,1,8018114199,5821965896,134436,5246427
200993,11,6,6040807,Zehlendorf Eiche,2019,10,12,7,3,0,2,0,1,1,0,0,0,0,0,789609727,5818715281,1326168,5244173
200994,11,8,8010214,Glasower Stra·e,2019,11,22,7,3,5,3,2,0,1,0,0,0,0,1,8017458974,5822047767,1344271,5246504
200995,11,10,10020623,Rotes Viertel,2019,10,13,3,2,6,2,0,0,1,1,0,0,0,0,8112939887,582913705,1358943,5252321
200996,11,4,4051551,Brabanter Platz,2019,11,22,7,3,5,2,2,0,1,0,0,0,0,1,793330186,5823361992,1332034,524814
200997,11,11,11051330,Karlshorst West,2019,10,16,5,3,2,6,2,0,1,0,0,0,0,0,8071865496,5825592975,1352581,5249378
200998,11,3,3030406,Alt-Karow,2019,10,10,6,3,5,3,0,0,1,0,0,0,1,0,8023528143,5838820814,1346688,5261503
200999,11,8,8020622,Parchimer Allee,2019,11,12,7,3,3,6,0,0,1,0,0,0,1,1,8013789291,5819320996,1343486,524408
201000,11,11,11041128,Sewanstra·e,2019,11,12,7,3,5,3,0,1,1,0,0,0,0,0,8069080905,5825961361,1352206,5249723
201001,11,2,2050802,Boxhagener Platz,2019,10,8,2,3,5,3,0,0,1,0,1,0,0,0,802080238,5827361373,1345243,5251248
201002,11,7,7060603,Marienfelde Nordost,2019,10,16,5,2,5,3,0,1,1,0,0,0,0,0,7980457981,5815806829,1338284,5241112
201003,11,12,12103218,Teichstra·e,2019,11,11,7,2,5,7,0,0,1,0,1,0,0,1,7948675928,5833751858,1335213,5257371
201004,11,9,9051901,Dammvorstadt,2019,11,11,7,2,3,2,0,0,1,0,0,0,1,0,8106059524,5821049194,1357178,5245112
201005,11,12,12304313,Borsigwalde,2019,11,17,7,3,6,4,2,0,1,1,0,0,0,1,7919227503,5834704998,1330964,5258384
201006,11,4,4030930,George-Grosz-Platz,2019,10,16,7,3,1,5,0,1,1,0,0,0,0,0,7927708762,5825497129,1331401,5250084
201007,11,8,8041037,Alt-Rudow,2019,10,6,4,3,5,3,2,1,1,0,0,0,0,1,8055855235,5818605401,134959,5243205
201008,11,7,7010104,Dennewitzplatz,2019,11,11,7,3,0,2,0,0,1,0,1,0,0,1,7960245437,5824497214,1336091,5249012
201009,11,12,12103117,Letteplatz,2019,10,17,3,3,0,3,2,0,1,0,1,0,1,0,7964799708,5832475367,1337471,5256139
201010,11,3,3061131,Falkplatz,2019,11,11,7,3,0,2,0,1,1,0,0,0,0,1,799177295,5831110598,1341316,5254768
201011,11,11,11030720,Herzbergstra·e,2019,10,17,5,3,6,4,0,0,1,1,0,0,0,0,8048849044,5829950511,13496,5253412
201012,11,6,6030609,Augustaplatz,2019,11,14,6,3,1,5,0,1,1,0,0,0,0,0,7931965173,5818274011,1331391,5243586
201013,11,5,5010101,Hakenfelde Nord,2019,10,16,6,3,0,4,0,0,0,1,0,0,1,0,7844093102,5831911731,1319665,5256278
201014,11,10,10020414,Helle Mitte,2019,11,10,7,3,5,3,0,0,1,0,0,0,0,1,8120731226,5830620412,1360227,5253606
201015,11,3,3040508,Rosenthal,2019,10,19,2,3,5,3,2,1,1,0,0,0,0,0,7958817358,5836453646,1336946,5259738
201016,11,11,11030721,RÅdigerstra·e,2019,10,8,5,3,1,5,0,1,1,0,0,0,0,0,8034424116,5828350331,1347334,5252058
201017,11,2,2030302,Lausitzer Platz,2019,10,10,6,3,1,5,0,0,1,0,0,0,0,0,8008547898,5826248451,1343342,5250318
201018,11,12,12302109,Treuenbrietzener Stra·e,2019,11,10,7,3,5,3,0,0,1,0,0,0,0,1,7955925047,5837236446,1336591,5260455
201019,11,9,9020701,Adlershof West,2019,11,10,7,3,5,2,0,0,1,0,0,0,0,1,8072253424,5818280221,1351965,5242822
201020,11,6,6040702,DÅppel,2019,10,16,1,3,0,3,0,1,1,0,0,0,0,1,7871849471,5816769894,1322443,5242556
201021,11,6,6040804,Krumme Lanke,2019,10,18,4,3,5,2,2,0,1,0,0,0,0,1,788144046,5818738087,132402,5244271
201022,11,6,6040810,Dahlem,2019,11,10,7,3,0,3,0,0,0,0,1,0,1,1,7923931478,5821145686,1330464,5246203
201023,11,1,1011301,CharitÇviertel,2019,10,15,5,3,1,5,0,1,1,0,0,0,0,0,7975759622,5828573973,1338734,5252582
201024,11,1,1011201,Wilhelmstra·e,2019,11,15,6,3,5,2,1,1,0,0,0,0,1,0,7969664692,5826853531,1337685,5251073
201025,11,4,4041344,RÅdesheimer Platz,2019,10,20,7,3,0,7,1,0,1,0,0,0,0,0,7929892383,5822294731,133144,5247202
201026,11,2,2010102,Mehringplatz,2019,11,7,3,3,6,4,0,1,0,1,0,0,0,0,7983270255,58256366,1339574,5249908
201027,11,7,7040405,Rathaus Tempelhof,2019,11,6,3,2,1,7,1,0,1,0,0,0,1,0,7980375756,5821128032,1338746,5245883
201028,11,6,6030504,Teltower Damm,2019,11,14,3,2,1,5,0,0,1,0,0,0,0,0,7889943993,5816537487,1325077,5242253
201029,11,12,12214528,Tegeler Forst,2019,11,13,3,3,3,6,0,1,1,0,0,0,0,0,7878064052,5835684933,1324991,5259482
201030,11,1,1011104,Kîrnerstra·e,2019,11,13,3,3,0,2,0,1,1,0,0,0,0,0,7966430025,5825782296,1337114,5250131
201031,11,1,1044102,Schillerpark,2019,11,11,3,3,5,7,0,0,1,0,0,0,0,0,7949503856,5831346616,1335121,525521
201032,11,1,1011204,Leipziger Stra·e,2019,11,9,3,3,5,2,0,1,1,0,0,0,0,0,7978375847,5826968664,1338975,5251129
201033,11,12,12103218,Teichstra·e,2019,11,18,3,3,5,2,2,0,1,0,1,0,0,0,7948150854,5833276859,1335094,5256948
201034,11,12,12214125,Waldidyll/Flughafensee,2019,11,18,3,3,2,6,2,0,1,0,0,0,1,0,7910425408,5833865552,1329595,5257679
201035,11,10,10040830,Kaulsdorf SÅd,2019,11,18,3,3,5,2,2,1,1,0,0,0,0,0,8105935743,5825392901,1357565,5249006
201036,11,9,9041601,MÅggelheim,2019,11,17,3,3,6,2,2,0,1,1,0,0,0,0,8165655398,58174565,1365579,5241551
201037,11,4,4010102,Plîtzensee,2019,11,17,3,3,0,6,2,0,1,0,0,0,1,0,7933457133,582970134,1332616,5253822
201038,11,7,7070703,John-Locke-Stra·e,2019,11,16,3,3,5,2,2,0,1,0,0,0,0,0,7997867283,581397667,1340672,5239377
201039,11,1,1011204,Leipziger Stra·e,2019,11,16,3,3,5,3,2,1,1,0,0,0,0,0,7978761868,5826766351,1339013,5250946
201040,11,11,11020412,Hauptstra·e,2019,11,15,3,3,2,6,0,0,1,0,0,0,0,0,8056440738,5831643292,1350872,5254887
201041,11,1,1011301,CharitÇviertel,2019,11,15,2,3,2,6,0,1,1,0,0,0,0,0,7968831648,5828165613,1337679,5252254
201042,11,9,9020802,Kîllnische Vorstadt,2019,11,15,2,3,0,6,0,1,0,1,0,0,0,0,8102539479,5819676942,1356535,5243902
201043,11,3,3040614,Pankow Zentrum,2019,11,7,2,2,5,2,2,1,1,0,0,0,0,0,7999815696,5835109049,134286,5258308
201044,11,1,1011102,Gro·er Tiergarten,2019,11,6,2,2,6,2,1,0,1,1,0,0,0,0,7965112343,5827621949,1337084,5251787
201045,11,8,8020620,Tempelhofer Weg,2019,11,6,2,3,5,3,1,1,0,0,0,0,1,1,8012354683,581977021,1343316,524449
201046,11,1,1022104,Emdener Stra·e,2019,11,12,2,2,3,6,0,1,1,0,0,0,0,0,7943701282,5828435946,133401,5252633
201047,11,7,7060604,Marienfelde SÅd,2019,11,12,2,3,0,3,0,1,0,0,0,0,1,0,7958656299,5815449386,1335056,524091
201048,11,1,1011303,Alexanderplatzviertel,2019,11,11,2,3,2,6,0,0,1,0,0,0,0,0,7989225228,5827792321,1340643,5251808
201049,11,12,12231102,Frohnau,2019,11,11,2,3,5,2,0,0,1,0,0,0,1,0,7902887213,5840142082,1329036,5263346
201050,11,12,12224230,Heiligensee,2019,11,10,2,3,5,7,0,1,1,0,0,0,0,0,7867122516,5837146258,1323506,526085
201051,11,3,3071537,Kollwitzplatz,2019,11,10,2,3,5,2,0,1,0,0,0,1,0,0,7998584097,5829810586,13422,5253566
201052,11,6,6040809,Thielallee,2019,11,9,2,2,5,2,0,1,0,0,0,1,0,0,7923671162,5820767916,1330393,5245866
201053,11,1,1011102,Gro·er Tiergarten,2019,11,19,2,3,2,6,2,0,1,0,1,0,0,0,7951889669,58268547,1335073,5251171
201054,11,11,11030619,Fennpfuhl Ost,2019,11,9,2,3,5,2,0,0,1,0,0,1,0,0,8036604039,5829508678,134776,5253085
201055,11,7,7020201,Bayerischer Platz,2019,11,18,2,3,2,3,2,0,1,0,0,0,0,0,7949621976,5824321135,1334516,5248912
201056,11,2,2040502,Friedenstra·e,2019,11,18,2,3,3,3,2,0,1,0,0,0,0,0,801248424,582782323,1344063,5251708
201057,11,3,3030711,Blankenburg,2019,11,17,2,3,5,3,2,1,1,0,0,0,0,0,802510776,5836828166,1346738,5259709
201058,11,3,3050920,Wei·er See,2019,11,17,2,3,3,6,2,0,1,0,0,0,1,0,8018882978,583171376,1345356,5255159
201059,11,3,3040818,Pankow SÅd,2019,11,15,2,3,5,3,0,0,1,0,0,0,0,0,8000307457,5832021805,1342653,5255538
201060,11,6,6010207,Mittelstra·e,2019,11,15,2,3,0,6,1,0,1,0,0,0,1,0,7942402511,5820273491,1333098,5245322
201061,11,9,9010302,SpÑthsfelde,2019,11,15,2,3,5,3,0,0,1,0,0,0,0,0,8049389082,5820712547,1348834,524513
201062,11,1,1022103,Westhafen,2019,11,15,2,3,5,2,0,1,1,0,0,0,0,0,794577312,5829787053,1334434,5253833
201063,11,10,10030725,Buckower Ring,2019,11,15,2,3,5,3,0,1,1,0,0,0,0,0,809643505,5828927521,1356499,5252227
201064,11,3,3061228,Erich-Weinert-Stra·e,2019,11,15,2,3,5,2,0,1,1,0,0,0,0,0,8001939661,5830930274,1342794,5254551
201065,11,10,10040932,Alt-Mahlsdorf,2019,11,13,2,3,2,2,0,0,1,0,1,0,0,0,8130322089,5827682596,136136,5250918
201066,11,9,9020802,Kîllnische Vorstadt,2019,11,13,2,3,2,6,0,0,1,0,0,0,0,0,8104657068,5820310748,1356904,5244458
201067,11,5,5030833,Motardstra·e,2019,11,12,2,3,5,3,0,0,1,0,0,0,0,0,789753507,5828852028,132726,5253253
201068,11,6,6010205,SÅdende,2019,11,21,1,3,5,3,2,0,1,0,0,0,0,1,7953420816,5819978977,1334689,5244999
201069,11,1,1033102,Gesundbrunnen,2019,11,20,1,3,2,6,2,0,1,0,0,0,0,0,7971242183,5831418597,1338324,5255157
201070,11,7,7020201,Bayerischer Platz,2019,11,19,1,2,0,7,2,0,0,1,0,0,1,0,7949701046,5823982719,1334497,5248608
201071,11,6,6020411,SchÅtte-Lanz-Stra·e,2019,11,17,1,3,5,2,2,0,1,0,1,0,0,0,7936031797,581590478,133178,524144
201072,11,8,8020625,Handwerker-Siedlung,2019,11,17,1,3,6,2,2,0,1,1,0,0,0,1,8013726263,5819251571,1343471,5244018
201073,11,5,5010206,GÅtersloher Weg,2019,11,14,1,3,5,2,0,1,1,0,0,0,0,0,7821951399,5830532432,131629,5255156
201074,11,12,12301203,Wittenau SÅd,2019,11,13,1,3,3,6,0,1,0,0,0,0,0,0,7931076229,583584584,1332809,5259343
201075,11,1,1011105,Nîrdlicher Landwehrkanal,2019,11,14,1,3,2,6,0,0,1,0,1,0,0,0,7958329006,5826686249,1336004,5250985
201076,11,3,3040513,Schînholz,2019,11,13,1,3,2,6,0,0,1,0,0,0,1,0,7968245646,5833932685,1338109,5257427
201077,11,5,5010103,Amorbacher Weg,2019,11,13,1,2,0,2,0,0,1,0,0,0,1,0,7845920584,5831084026,1319863,5255526
201078,11,2,2040703,Wriezener Bahnhof/Entwicklungsgebiet,2019,11,11,1,2,6,4,0,0,1,1,0,0,0,0,8011857891,582729077,1343923,5251234
201079,11,3,3050925,Komponistenviertel Wei·ensee,2019,11,11,1,3,5,3,0,0,1,0,0,0,0,0,802315242,5831336445,134595,5254797
201080,11,11,11010309,Zingster Stra·e West,2019,11,10,1,2,0,1,0,0,0,0,1,0,0,1,8046374801,5833418418,1349555,5256534
201081,11,1,1022104,Emdener Stra·e,2019,11,7,1,3,2,6,0,0,1,0,0,0,0,0,7942220056,582844314,1333793,5252647
201082,11,7,7060601,Marienfelder Allee Nordwest,2019,11,5,1,3,6,7,2,0,1,1,1,0,0,1,7959614677,5816391104,133528,5241749
201083,11,3,3061131,Falkplatz,2019,11,0,1,3,0,5,2,0,0,0,1,0,1,1,7989440631,5830383827,1340907,525413
201084,11,11,11030721,RÅdigerstra·e,2019,11,18,7,2,5,3,2,0,1,0,1,0,0,1,804999475,5828429571,1349629,5252043
201085,11,4,4051549,Rathaus Wilmersdorf,2019,11,15,7,3,5,3,0,0,1,1,0,0,0,0,7933028653,5823637435,1332019,5248388
201086,11,1,1011103,LÅtzowstra·e,2019,11,17,7,3,1,5,2,1,1,0,0,0,0,1,7960608033,5825727852,1336254,5250113
201087,11,5,5030730,Zitadellenweg,2019,11,17,7,3,2,7,2,0,1,0,0,0,0,1,7866693446,5829266372,1322762,5253787
201088,11,1,1033101,Soldiner Stra·e,2019,11,17,7,3,2,2,2,0,1,0,0,0,0,1,7975648748,5832745714,1339091,5256322
201089,11,8,8010404,Rixdorf,2019,11,16,7,3,5,2,2,1,1,0,0,0,0,1,8018207531,5823620622,1344523,5247909
201090,11,4,4010101,Jungfernheide,2019,11,15,7,2,5,2,0,0,1,0,0,0,0,1,791284958,5830676183,1329672,5254807
201091,11,11,11020412,Hauptstra·e,2019,11,20,7,3,9,1,2,0,1,0,0,0,0,1,8056239967,5831593653,1350838,5254843
201092,11,9,9020501,Oberschîneweide West,2019,11,14,7,3,5,2,0,0,1,0,0,0,0,1,8065835704,5822763856,1351435,5246876
201093,11,8,8010214,Glasower Stra·e,2019,11,14,7,3,5,2,0,0,1,0,0,0,0,1,8020657254,5821982647,1344734,5246427
201094,11,1,1011402,Arkonaplatz,2019,11,14,7,3,6,2,0,0,1,1,0,0,0,1,7982411396,5829625078,1339806,5253488
201095,11,6,6030610,Lichterfelde West,2019,11,14,7,3,5,3,0,0,1,0,0,0,0,1,7926988979,5818055682,1330642,5243417
201096,11,5,5010310,Eckschanze,2019,11,19,7,2,0,1,2,0,0,0,1,0,0,1,7843036978,5830577844,1319396,5255087
201097,11,1,1011101,StÅlerstra·e,2019,11,14,7,3,0,1,0,0,0,0,1,0,0,1,7946042655,582614262,1334151,5250564
201098,11,8,8010211,Flughafenstra·e,2019,11,14,7,3,6,2,0,0,1,1,0,0,0,1,8004516321,5823644417,1342515,5248006
201099,11,1,1044201,Reinickendorfer Stra·e,2019,11,14,7,3,2,6,0,0,1,0,0,0,1,1,7968697945,5831905156,1337994,5255607
201100,11,1,1011303,Alexanderplatzviertel,2019,11,18,7,2,1,5,2,0,1,0,0,0,0,0,798498856,5828173913,1340054,5252173
201101,11,12,12214424,Scharnweberstra·e,2019,11,18,7,3,5,7,2,0,1,0,0,0,0,1,7927693133,583275283,1332038,5256589
201102,11,1,1011302,Oranienburger Stra·e,2019,11,13,7,3,5,3,0,1,1,0,0,0,0,1,7983538433,5828355121,1339857,5252344
201103,11,7,7030302,CeciliengÑrten,2019,11,18,7,3,0,6,2,0,0,0,1,0,1,1,7949531629,5822485036,133434,5247266
201104,11,7,7040404,Marienhîhe,2019,11,13,7,3,4,7,0,0,1,0,0,0,0,1,7963675545,5819725284,1336171,5244716
201105,11,8,8010301,Reuterkiez,2019,11,12,7,3,3,6,0,0,1,0,1,0,0,1,8010767022,5824169468,134348,5248442
201106,11,9,9020502,Oberschîneweide Ost,2019,11,12,7,3,5,2,0,0,1,0,0,0,0,1,8083230873,5821628949,1353883,5245761
201107,11,8,8020622,Parchimer Allee,2019,11,11,7,3,2,6,0,0,1,0,0,0,0,1,8024844367,5820682083,1345231,5245239
201108,11,8,8010118,Silbersteinstra·e,2019,11,11,7,3,2,6,0,0,1,0,0,0,0,1,8010136127,582213814,1343204,5246625
201109,11,5,5030731,Gartenfelder Stra·e,2019,11,0,7,3,1,1,2,0,1,0,0,0,1,1,7868893553,5830105081,1323158,5254528
201110,11,2,2040703,Wriezener Bahnhof/Entwicklungsgebiet,2019,11,0,7,3,0,1,2,1,0,0,0,0,0,1,8019535809,5826797987,1345006,525075
201111,11,6,6030610,Lichterfelde West,2019,11,23,7,3,5,2,2,0,1,0,0,0,0,1,7929345674,5817747022,1330961,5243128
201112,11,1,1011306,Heine-Viertel Ost,2019,11,23,7,3,1,5,2,1,1,0,0,0,1,0,7997936513,5826996673,1341851,5251047
201113,11,2,2050803,Stralauer Kiez,2019,11,22,7,3,5,2,2,1,1,0,0,0,0,1,8031187159,5826178995,1346661,525013
201114,11,12,12214125,Waldidyll/Flughafensee,2019,11,22,7,3,2,6,2,0,1,0,0,0,0,0,7903310074,58336931,1328533,5257562
201115,11,1,1033201,Brunnenstra·e,2019,11,21,7,2,6,2,2,0,1,1,0,0,0,0,7978990164,5830307316,1339364,5254118
201116,11,5,5020626,Adamstra·e,2019,11,21,7,2,2,6,2,0,1,0,0,0,0,1,784730143,5827537938,1319762,5252339
201117,11,2,2020206,Graefekiez,2019,11,21,7,3,2,6,2,0,1,0,0,0,0,1,7995050538,5824517584,1341204,5248841
201118,11,1,1022206,LÅneburger Stra·e,2019,11,18,7,3,0,1,2,1,0,0,0,0,0,1,7960978628,5828420433,1336548,5252525
201119,11,1,1033203,Humboldthain Nordwest,2019,11,11,6,3,5,2,0,1,1,0,0,0,0,0,7963004186,5830596309,133704,5254465
201120,11,10,10020517,Adele-Sandrock-Stra·e,2019,11,23,6,3,1,5,2,0,1,0,0,1,0,1,8123482805,58304647,1360617,525345
201121,11,4,4030930,George-Grosz-Platz,2019,11,23,6,3,5,3,2,0,1,0,0,0,0,1,7931392814,5825759835,1331965,52503
201122,11,2,2010104,Wassertorplatz,2019,11,22,6,3,2,6,2,0,1,0,0,0,0,1,7997029609,5825677672,1341599,524987
201123,11,10,10040933,Mahlsdorf SÅd,2019,11,22,6,2,4,6,2,0,1,0,0,0,0,1,8129060506,5826024812,1361019,524944
201124,11,5,5020521,Dîberitzer Weg,2019,11,21,6,3,5,2,2,0,1,0,0,0,0,1,7795940451,5827829955,1312236,5252867
201125,11,9,9010202,Kîpenicker Landstra·e,2019,11,20,6,3,5,2,2,0,1,0,0,0,0,1,8041003721,5823589305,1347866,5247755
201126,11,2,2020206,Graefekiez,2019,11,20,6,3,6,2,2,0,1,1,0,0,0,1,8002730474,5824361163,1342318,5248658
201127,11,1,1033203,Humboldthain Nordwest,2019,11,19,6,2,6,4,2,0,1,1,0,0,0,1,7964860067,5830109171,1337269,5254018