OBJECTID,LAND,BEZ,LOR,STRASSE,UJAHR,UMONAT,USTUNDE,UWOCHENTAG,UKATEGORIE,UART,UTYP1,ULICHTVERH,IstRad,IstPKW,IstFuss,IstKrad,IstGkfz,IstSonstige,USTRZUSTAND,LINREFX,LINREFY,XGCSWGS84,YGCSWGS84
201128,11,5,5020625,Borkumer Stra·e,2019,11,19,6,3,5,2,2,0,1,0,1,0,0,1,7837874466,5828687167,1318475,5253419
201129,11,6,6010205,SÅdende,2019,11,18,6,3,5,3,2,0,1,0,0,0,0,1,796293827,5819677495,1336059,5244677
201130,11,12,12301203,Wittenau SÅd,2019,11,18,6,3,5,3,2,0,1,0,1,0,0,0,7930214875,5835689067,1332668,5259207
201131,11,12,12214424,Scharnweberstra·e,2019,11,18,6,2,6,7,1,0,1,1,0,0,0,0,7932110172,583260718,1332674,5256434
201132,11,3,3040818,Pankow SÅd,2019,11,10,6,3,5,2,0,0,1,0,1,0,0,0,798883545,583269667,1341026,5256206
201133,11,2,2020204,Urbanstra·e,2019,11,9,6,3,3,6,0,0,1,0,0,0,0,0,7988780849,5825085692,1340334,5249384
201134,11,11,11020515,Landsberger Allee,2019,11,14,6,2,6,4,0,0,0,1,0,1,0,0,8033566263,5830041198,1347363,5253579
201135,11,5,5020523,Maulbeerallee,2019,11,9,6,3,5,5,0,0,1,0,0,0,0,0,7827166464,5827148665,1316769,5252095
201136,11,3,3040512,Wilhelmsruh,2019,11,14,6,3,5,3,0,0,1,0,0,0,0,0,7962994538,5835140527,1337444,5258538
201137,11,8,8010117,Schillerpromenade,2019,11,13,6,3,5,2,0,1,1,0,0,0,0,0,8006201589,5823111122,1342715,5247519
201138,11,12,12214422,Klixstra·e,2019,11,8,6,3,1,5,0,0,1,0,0,0,0,0,7915533695,5833009621,1330271,5256884
201139,11,8,8010212,Rollberg,2019,11,11,6,3,1,7,0,0,1,0,0,0,0,0,8011354287,5823069103,1343467,5247453
201140,11,4,4030519,Kaiserin-Augusta-Allee,2019,11,11,6,3,5,3,0,0,1,0,1,0,0,0,7920849635,5828429938,1330651,525275
201141,11,2,2020206,Graefekiez,2019,11,11,6,3,2,6,0,0,1,0,0,0,0,0,8001612545,5824413026,1342158,5248711
201142,11,2,2040502,Friedenstra·e,2019,11,8,6,3,5,3,0,1,0,0,1,0,0,0,8004541585,5828240336,1342934,5252125
201143,11,7,7070702,Alt-Lichtenrade/Tîpchiner Weg,2019,11,7,6,3,5,3,0,1,1,0,0,0,0,0,7999948396,581459418,1341032,5239919
201144,11,7,7060604,Marienfelde SÅd,2019,11,6,6,3,0,2,1,1,1,0,0,0,0,0,7958826223,5816014105,1335131,5241415
201145,11,5,5010314,Carl-Schurz-Stra·e,2019,11,6,6,3,9,1,2,0,1,0,0,0,0,0,7848018195,5828811554,1319977,5253478
201146,11,11,11030618,Fennpfuhl West,2019,11,17,6,2,6,4,2,0,1,1,0,0,0,0,8038523769,5828731485,1347972,5252377
201147,11,4,4030725,Amtsgerichtsplatz,2019,11,17,6,3,1,5,2,1,1,0,0,0,0,1,7917954684,5826260313,1330035,5250821
201148,11,4,4020314,MessegelÑnde,2019,11,17,6,3,3,2,2,0,1,0,0,1,0,1,7904291544,5825932918,1327999,52506
201149,11,8,8010303,Donaustra·e,2019,11,17,6,3,6,4,2,0,0,1,0,0,1,0,801041992,5823879374,1343403,5248184
201150,11,12,12304314,Ziekowstra·e/Freie Scholle,2019,11,16,6,3,5,2,1,1,1,0,0,0,0,1,7902405826,5835862825,132859,5259512
201151,11,8,8010118,Silbersteinstra·e,2019,11,16,6,3,1,5,2,1,1,0,0,0,0,0,8010613401,5822020669,1343264,5246517
201152,11,8,8041036,Zittauer Stra·e,2019,11,13,6,3,6,4,0,0,1,1,0,0,0,0,8051816783,5817175726,1348868,5241946
201153,11,1,1033101,Soldiner Stra·e,2019,11,16,6,3,6,4,1,0,1,1,0,0,0,1,7966619049,583202106,1337698,5255722
201154,11,5,5010314,Carl-Schurz-Stra·e,2019,11,15,6,3,2,7,1,1,1,0,0,0,0,1,7836016574,5829157638,1318242,525385
201155,11,5,5020524,Weinmeisterhornweg,2019,11,16,6,3,6,2,1,0,1,1,0,0,0,1,7828902733,5826890297,1317003,5251854
201156,11,2,2030302,Lausitzer Platz,2019,11,9,6,3,3,5,0,1,1,0,0,0,0,0,800897051,5825927218,1343375,5250028
201157,11,3,3020209,Niederschînhausen,2019,11,15,6,3,1,5,0,1,1,0,0,0,0,0,7978738708,5835264958,1339772,5258564
201158,11,4,4031032,Halensee,2019,11,15,6,3,5,2,1,0,1,0,0,0,0,0,7914514327,5825070209,1329425,5249772
201159,11,3,3061131,Falkplatz,2019,11,15,6,3,5,3,0,1,1,0,0,0,0,0,7988927114,5830385953,1340832,5254134
201160,11,9,9051801,Rahnsdorf/Hessenwinkel,2019,11,15,6,3,5,3,0,1,1,0,0,0,0,0,8185803739,5820448514,1368816,5244115
201161,11,1,1022106,Elberfelder Stra·e,2019,11,15,6,3,2,6,0,1,1,0,0,0,0,2,7942637875,5828140431,1333827,5252373
201162,11,4,4030930,George-Grosz-Platz,2019,11,15,6,3,5,2,0,1,0,0,1,0,0,0,7932781215,5825411644,1332138,524998
201163,11,2,2040701,Andreasviertel,2019,11,16,5,3,6,4,1,0,1,1,0,0,0,1,8010662167,5827134985,1343733,5251101
201164,11,1,1011105,Nîrdlicher Landwehrkanal,2019,11,8,5,3,0,5,1,1,1,0,0,0,0,0,7968313186,5826603606,1337464,5250857
201165,11,2,2010104,Wassertorplatz,2019,11,20,5,3,2,2,2,0,1,0,0,0,0,0,7998594353,5825691176,134183,5249873
201166,11,10,10010311,Landsberger Tor,2019,11,20,5,3,9,1,2,0,1,0,0,0,0,0,810682357,5832013312,1358313,5254933
201167,11,12,12302107,Schorfheidestra·e,2019,11,19,5,3,6,2,2,0,1,1,0,0,0,0,794398811,5836235235,1334744,5259622
201168,11,8,8010212,Rollberg,2019,11,17,5,3,0,6,2,0,1,0,0,0,1,0,8007557089,5823437488,1342943,5247804
201169,11,11,10010203,Gewerbegebiet Bitterfelder Stra·e,2019,11,17,5,3,2,6,2,0,1,0,0,0,0,0,8069236162,583260808,1352842,5255679
201170,11,1,1033203,Humboldthain Nordwest,2019,11,17,5,3,6,2,2,0,1,1,0,0,0,0,7968180285,5831272817,1337861,5255043
201171,11,6,6010102,Schlo·stra·e,2019,11,17,5,3,3,2,1,1,1,0,0,0,0,0,7933599901,5821256913,1331893,5246251
201172,11,11,11051332,Karlshorst SÅd,2019,11,16,5,3,0,2,2,0,1,0,0,0,1,0,807234095,5824085002,1352512,5248024
201173,11,2,2030301,Oranienplatz,2019,11,18,5,3,3,5,2,1,1,0,0,0,0,0,7998752963,5825885681,1341871,5250047
201174,11,1,1011203,Unter den Linden SÅd,2019,11,15,5,3,2,2,0,1,1,0,0,0,0,0,7982126297,5827423525,1339566,5251516
201175,11,1,1044202,Sparrplatz,2019,11,15,5,3,2,2,0,0,1,0,0,0,0,0,7959999434,5830329622,1336574,5254242
201176,11,9,9020501,Oberschîneweide West,2019,11,14,5,3,2,6,0,0,1,0,0,0,0,0,8062553782,5822165696,1350899,5246358
201177,11,7,7010102,Nollendorfplatz,2019,11,17,5,3,5,2,2,0,1,0,1,0,0,0,794958352,5825655239,1334628,5250108
201178,11,9,9031101,GrÅnau,2019,11,17,5,3,5,2,2,0,1,0,0,0,1,0,8121207606,5816649088,135899,5241083
201179,11,3,3020209,Niederschînhausen,2019,11,13,5,2,5,3,0,0,1,0,0,0,0,2,797871133,5836026165,1339837,5259246
201180,11,6,6040804,Krumme Lanke,2019,11,17,5,2,1,5,2,1,1,0,0,0,0,1,787504094,5817841906,1323004,5243501
201181,11,12,12304314,Ziekowstra·e/Freie Scholle,2019,11,12,5,3,2,6,0,0,1,0,0,0,0,0,7905803798,58359654,1329099,5259586
201182,11,2,2040502,Friedenstra·e,2019,11,12,5,3,4,6,0,1,0,0,0,0,1,0,8005024139,5828451689,1343024,5252312
201183,11,4,4030519,Kaiserin-Augusta-Allee,2019,11,8,5,3,6,7,0,0,0,1,0,0,1,0,7924292703,5828256074,1331141,5252576
201184,11,11,11030720,Herzbergstra·e,2019,11,8,5,3,0,2,0,1,1,0,0,0,0,0,8051129423,5829102196,1349858,5252639
201185,11,1,1011102,Gro·er Tiergarten,2019,11,8,5,3,1,5,0,1,1,0,0,0,1,1,7966753947,5827892445,133735,525202
201186,11,4,4041344,RÅdesheimer Platz,2019,11,7,5,3,5,3,0,1,1,0,0,0,0,0,7930671138,5822164334,1331543,524708
201187,11,3,3040513,Schînholz,2019,11,7,5,3,2,1,0,0,1,0,0,0,0,1,7967460904,5834025182,1338001,5257514
201188,11,7,7040403,Manteuffelstra·e,2019,11,7,5,3,5,2,0,1,1,0,0,0,0,0,7972611767,5820737602,1337572,5245575
201189,11,5,5010206,GÅtersloher Weg,2019,11,5,5,3,6,4,2,0,0,1,0,0,1,1,781244714,5830772178,1314912,525542
201190,11,6,6030501,Berlepschstra·e,2019,11,14,4,3,6,4,0,0,1,1,0,0,0,0,7876798252,5816448706,1323142,5242242
201191,11,1,1011204,Leipziger Stra·e,2019,11,8,4,3,5,3,0,1,1,0,0,0,0,1,798030202,5826600304,1339225,5250788
201192,11,7,7050501,Rathausstra·e,2019,11,8,4,2,0,5,0,0,1,0,0,0,1,1,7968283353,5819571926,1336833,5244554
201193,11,1,1022207,Hansaviertel,2019,11,9,4,3,5,2,0,1,1,0,0,0,0,1,7942645656,5827283128,1333753,5251605
201194,11,11,11020513,Orankesee,2019,11,8,4,3,6,4,0,0,1,1,0,0,0,1,8028568305,5831360804,1346748,5254789
201195,11,8,8010117,Schillerpromenade,2019,11,8,4,3,3,6,0,0,1,0,0,1,0,1,8005197025,5823425441,1342595,5247806
201196,11,10,10020415,Hellersdorfer Promenade,2019,11,8,4,3,5,2,0,0,1,0,0,0,8120837893,,5831815307,1360354728,5254675821,1
201197,11,10,10030724,Oberfeldstra·e,2019,11,7,4,3,6,2,1,0,1,1,0,0,0,1,8096416151,5829674516,1356565,5252897
201198,11,3,3050920,Wei·er See,2019,11,6,4,3,0,3,0,0,1,0,1,0,0,1,8019414468,5832570497,1345512,5255924
201199,11,11,11020412,Hauptstra·e,2019,11,6,4,3,5,2,2,1,1,0,0,0,0,1,8057646651,583183564,1351067,5255052
201200,11,4,4051551,Brabanter Platz,2019,11,1,4,3,5,2,2,0,1,0,0,0,1,1,7928241521,5823228332,133128,5248047
201201,11,6,6020409,Kînigsberger Stra·e,2019,11,23,4,3,8,1,2,0,1,0,0,0,0,0,7933028212,5816962259,1331432,5242404
201202,11,7,7050505,Hundsteinweg,2019,11,18,4,3,0,2,2,0,1,0,1,0,0,1,7992724137,5819056058,1340373,5243958
201203,11,4,4030725,Amtsgerichtsplatz,2019,11,20,4,3,0,5,2,0,1,0,1,0,0,1,7918519266,5826101299,1330104,5250675
201204,11,1,1033202,Humboldthain SÅd,2019,11,6,4,3,0,5,2,0,1,0,0,0,1,1,797686343,5829637847,1338991,525353
201205,11,9,9020802,Kîllnische Vorstadt,2019,11,17,4,3,5,2,2,1,1,0,0,0,0,1,8097963605,5820483126,1355938,5244651
201206,11,2,2030301,Oranienplatz,2019,11,16,4,3,0,5,1,1,1,0,0,0,0,1,8000292933,5825521607,1342064,5249712
201207,11,1,1022201,Stephankiez,2019,11,18,4,3,6,7,2,0,0,1,0,0,1,1,7959123403,5828853251,1336314,5252923
201208,11,3,3051017,Rennbahnstra·e,2019,11,16,4,2,6,2,2,0,1,1,0,0,0,1,8029099391,5833159466,134699,5256398
201209,11,3,3040818,Pankow SÅd,2019,11,16,4,2,5,3,2,0,1,0,0,0,0,1,8000234298,5832024315,1342642,5255541
201210,11,1,1033202,Humboldthain SÅd,2019,11,15,4,2,5,3,1,1,1,0,0,0,0,1,7977592682,5829747607,1339108,5253624
201211,11,11,11041128,Sewanstra·e,2019,11,15,4,3,5,3,0,1,1,0,0,0,0,1,806507973,582554649,135158,5249374
201212,11,1,1011305,Heine-Viertel West,2019,11,19,4,3,5,2,2,0,1,0,0,0,1,1,7996505687,582704416,1341645,5251097
201213,11,1,1044203,Leopoldplatz,2019,11,15,4,3,2,6,0,0,1,0,0,0,0,1,795195424,5831365204,1335483,5255214
201214,11,12,12214424,Scharnweberstra·e,2019,11,15,4,3,5,3,0,0,1,0,0,0,0,1,79338951,5832514299,1332929,5256341
201215,11,11,11040925,Victoriastadt,2019,11,14,4,3,5,3,0,1,1,0,0,0,0,1,8034562488,5826558441,1347191,5250452
201216,11,2,2050802,Boxhagener Platz,2019,11,14,4,2,6,4,0,0,1,1,0,0,0,1,8020463098,5826911441,1345152,5250846
201217,11,9,9020702,Adlershof Ost,2019,11,13,4,3,3,6,0,1,0,0,0,0,1,1,8089592229,581938959,1354609,5243718
201218,11,7,7040401,Neu-Tempelhof,2019,11,13,4,3,1,5,0,1,1,0,0,0,0,1,7969328313,5823518938,1337338,5248086
201219,11,3,3040512,Wilhelmsruh,2019,11,13,4,3,5,3,0,0,1,0,0,0,0,1,7969702816,5835826704,1338493,5259116
201220,11,11,11051330,Karlshorst West,2019,11,11,4,3,5,3,0,0,1,0,1,0,0,1,8073123469,5825365486,1352745,5249167
201221,11,8,8010405,Hertzbergplatz,2019,11,11,4,3,5,3,0,1,1,0,0,0,0,1,8021149938,582363889,1344957,5247909
201222,11,6,6030605,Botanischer Garten,2019,11,10,4,3,2,6,0,0,1,0,1,0,0,1,792139057,5819531487,132995,524477
201223,11,10,10040830,Kaulsdorf SÅd,2019,11,9,4,2,5,3,0,0,1,0,0,0,0,1,8105622767,582507259,1357489,524872
201224,11,1,1011304,Karl-Marx-Allee,2019,11,8,4,3,5,2,0,1,1,0,0,0,0,1,7997272583,5827762843,1341822,5251737
201225,11,1,1011301,CharitÇviertel,2019,11,16,4,3,0,1,2,0,0,0,1,0,0,1,7976302891,5828236028,1338783,5252276
201226,11,6,6010210,Bismarckstra·e,2019,11,9,3,3,6,7,0,0,1,1,0,0,0,0,7952243218,5821146867,1334619,5246052
201227,11,2,2050801,Traveplatz,2019,11,17,3,3,0,7,2,0,0,0,1,0,0,1,8023830087,5827444913,1345695,5251306
201228,11,1,1022104,Emdener Stra·e,2019,11,21,3,3,1,5,2,1,1,0,0,0,0,0,7941351221,5828462447,1333667,5252669
201229,11,7,7030303,Grazer Platz,2019,11,20,3,3,1,6,2,0,1,0,0,0,0,0,7951174749,5821327907,1334479,524622
201230,11,1,1011105,Nîrdlicher Landwehrkanal,2019,11,18,3,3,5,2,2,0,1,0,1,0,0,1,7955834645,5826668569,1335636,5250983
201231,11,2,2030301,Oranienplatz,2019,11,19,3,2,6,4,2,0,1,1,0,0,0,1,800097788,5825908514,13422,5250055
201232,11,11,11030619,Fennpfuhl Ost,2019,11,19,3,3,2,6,2,0,1,0,0,0,0,1,8036061567,5829765502,1347704,5253318
201233,11,7,7040403,Manteuffelstra·e,2019,11,22,3,3,5,2,2,0,1,0,1,0,0,0,7978513891,5822205669,1338569,5246859
201234,11,12,12103117,Letteplatz,2019,11,21,3,3,6,2,2,0,1,1,0,0,0,1,796337151,5832502892,1337264,5256172
201235,11,8,8010404,Rixdorf,2019,11,0,3,3,6,2,2,0,1,1,0,0,0,0,8021639395,5823374922,1345004,524767
201236,11,1,1011204,Leipziger Stra·e,2019,11,11,3,3,6,7,0,0,1,1,0,0,0,1,7980814189,5826800689,1339318,5250965
201237,11,6,6020302,Komponistenviertel Lankwitz,2019,11,10,3,3,2,2,0,0,1,0,0,0,1,0,795052127,5819045092,1334181,5244177
201238,11,3,3010101,Bucher Forst,2019,11,10,3,3,0,3,0,0,1,0,1,0,0,1,8042408336,5841815087,1349743,5264082
201239,11,8,8010301,Reuterkiez,2019,11,10,3,3,1,5,0,1,1,0,0,0,0,0,8014804253,5823921508,1344051,5248198
201240,11,1,1011102,Gro·er Tiergarten,2019,11,9,3,3,6,4,0,1,0,1,0,0,0,1,7965377383,5827813357,133714,5251957
201241,11,3,3030406,Alt-Karow,2019,11,9,3,2,0,2,0,0,1,0,0,0,1,0,8032251865,5838044899,1347901,5260759
201242,11,3,3050923,Wei·enseer Spitze,2019,11,9,3,3,0,1,0,0,0,0,1,0,0,0,8008813613,5831615146,1343867,5255127
201243,11,8,8030831,Gropiusstadt Ost,2019,11,8,3,3,5,3,0,0,1,0,0,0,0,1,803357677,5817393021,1346213,5242242
201244,11,3,3050923,Wei·enseer Spitze,2019,11,8,3,2,0,3,0,1,1,0,0,0,0,1,8006807677,5831567299,1343568,5255095
201245,11,6,6010206,Stadtpark,2019,11,8,3,2,6,4,0,0,1,1,0,0,0,1,7950101833,5819657662,1334174,5244729
201246,11,7,7020203,Kaiser-Wilhelm-Platz,2019,11,7,3,3,6,4,0,0,1,1,0,0,0,0,7956651163,582447674,1335562,5249013
201247,11,1,1044201,Reinickendorfer Stra·e,2019,11,8,3,3,0,4,0,0,0,1,1,0,0,1,7962225112,5830762874,133694,5254618
201248,11,2,2020203,Viktoriapark,2019,11,7,3,3,1,5,0,0,1,0,0,0,0,0,7969951244,5824255063,1337495,5248742
201249,11,11,11010310,MÅhlengrund,2019,11,7,3,3,5,2,0,1,0,0,0,0,1,0,8055387203,5833408496,135088,5256475
201250,11,11,11030618,Fennpfuhl West,2019,11,7,3,3,0,1,0,1,0,0,0,0,0,1,8028998843,5829212583,1346616,5252861
201251,11,11,11030618,Fennpfuhl West,2019,11,6,3,3,5,2,1,1,0,0,0,0,0,0,8038507161,5828776416,1347973,5252418
201252,11,3,3040614,Pankow Zentrum,2019,11,2,3,3,8,1,2,0,1,0,0,0,0,1,7995213837,58339553,1342078,5257299
201253,11,4,4010102,Plîtzensee,2019,11,18,3,3,0,1,2,1,0,0,0,0,0,0,792229019,583069637,1331062,5254774
201254,11,3,3040614,Pankow Zentrum,2019,11,17,3,3,0,1,1,0,0,0,1,0,0,1,7991336344,5833866376,13415,5257241
201255,11,7,7020204,Schîneberger Insel,2019,11,17,3,3,0,1,2,0,0,0,1,0,0,1,7965619071,582381098,1336819,5248368
201256,11,12,12214125,Waldidyll/Flughafensee,2019,11,16,3,3,5,3,2,1,1,0,0,0,0,1,7907373324,5833706288,1329132,5257552
201257,11,7,7020204,Schîneberger Insel,2019,11,16,3,3,3,6,0,0,1,0,1,0,0,1,7965721307,5823846104,1336837,5248399
201258,11,11,11030721,RÅdigerstra·e,2019,11,17,3,3,5,7,2,0,1,0,1,0,0,1,8042710377,5827844587,1348506,5251559
201259,11,1,1011302,Oranienburger Stra·e,2019,11,15,3,3,0,4,1,1,0,1,0,0,0,1,7987556279,5828975714,1340504,5252878
201260,11,2,2040502,Friedenstra·e,2019,11,15,3,3,5,2,1,1,1,0,0,0,0,1,801126644,5828575599,1343952,5252389
201261,11,4,4041238,Kissinger Stra·e,2019,11,15,3,3,5,2,0,1,1,0,0,0,0,1,791668236,5823133054,1329574,5248024
201262,11,7,7050501,Rathausstra·e,2019,11,15,3,3,1,5,0,0,1,0,0,0,0,0,7975059035,5820130965,1337877,5245018
201263,11,2,2030301,Oranienplatz,2019,11,14,3,3,5,3,0,1,1,0,0,0,0,1,7999120076,58259851,1341934,5250134
201264,11,2,2020203,Viktoriapark,2019,11,14,3,2,5,2,0,1,1,0,0,0,0,1,797749362,5824034295,1338583,5248503
201265,11,9,9010401,Johannisthal West,2019,11,16,3,3,2,6,2,0,1,0,0,0,0,0,8062042505,5820292678,1350652,5244683
201266,11,1,1011203,Unter den Linden SÅd,2019,11,13,3,3,5,2,0,1,1,0,0,0,0,1,797775827,5827350948,1338918,5251475
201267,11,1,1033201,Brunnenstra·e,2019,11,12,3,3,5,3,0,0,1,0,1,0,0,0,7978935844,5831001197,1339418,5254741
201268,11,6,6040810,Dahlem,2019,11,12,3,3,5,3,0,1,1,0,0,0,0,0,7905741855,5819763491,1327674,5245061
201269,11,7,7010102,Nollendorfplatz,2019,11,12,3,3,0,1,0,0,0,0,1,0,0,1,7955724943,5825157458,1335486,5249629
201270,11,3,3040614,Pankow Zentrum,2019,11,12,3,3,5,3,0,1,0,0,0,0,0,0,7986956333,5833450053,1340818,5256892
201271,11,1,1022104,Emdener Stra·e,2019,11,11,3,3,3,6,0,1,1,0,0,0,0,1,7945133693,5828437812,1334221,5252626
201272,11,4,4041238,Kissinger Stra·e,2019,11,5,3,3,1,5,2,1,1,0,0,0,0,0,7918577281,5823626719,1329896,5248456
201273,11,1,1022201,Stephankiez,2019,11,22,2,3,0,1,2,0,0,0,1,0,0,1,7954500132,5829550365,1335696,5253573
201274,11,1,1011305,Heine-Viertel West,2019,11,21,2,3,2,2,2,0,1,0,1,0,0,1,799457329,58270673,1341363,5251129
201275,11,1,1022207,Hansaviertel,2019,11,20,2,3,2,6,2,0,1,0,0,0,1,1,7942014962,5827151079,1333648,525149
201276,11,1,1044103,Westliche MÅllerstra·e,2019,11,18,2,3,7,7,1,1,0,0,0,0,0,1,7947210819,58309055,1334745,5254827
201277,11,4,4030828,Savignyplatz,2019,11,19,2,3,6,4,2,0,1,1,0,0,0,1,7929718323,5826025483,1331742,5250547
201278,11,1,1044202,Sparrplatz,2019,11,17,2,3,1,5,2,0,1,0,0,0,1,1,7947931354,5829957234,1334767,5253973
201279,11,7,7050503,Eisenacher Stra·e,2019,11,13,2,3,2,6,0,0,1,0,0,0,0,1,7991962462,5820017884,1340347,5244824
201280,11,7,7010102,Nollendorfplatz,2019,11,14,2,3,6,4,0,0,1,1,0,0,0,0,7949509521,5825382271,1334593,5249864
201281,11,12,12301205,Waidmannslust,2019,11,14,2,3,5,7,0,0,1,0,0,0,0,1,7914508649,5836601384,1330436,5260109
201282,11,12,12103218,Teichstra·e,2019,11,18,2,3,5,2,1,1,1,0,0,0,0,1,7948457381,5833049455,1335119,5256742
201283,11,9,9051901,Dammvorstadt,2019,11,14,2,3,5,7,0,0,1,0,0,0,1,0,8112021542,5821189197,1358066,5245204
201284,11,3,3050920,Wei·er See,2019,11,14,2,3,6,4,0,0,1,1,0,0,0,1,8020890595,5832462103,134572,5255819
201285,11,12,12302107,Schorfheidestra·e,2019,11,18,2,3,5,3,1,0,1,0,0,0,0,1,79437432,5836231585,1334708,5259621
201286,11,4,4051448,Schaperstra·e,2019,11,18,2,3,5,2,2,0,1,0,1,0,0,1,7942035095,5824944777,1333456,5249512
201287,11,7,7050503,Eisenacher Stra·e,2019,11,14,2,3,6,4,0,0,1,1,0,0,0,0,7981123726,5819919369,1338748,5244795
201288,11,6,6030609,Augustaplatz,2019,11,18,2,3,5,2,2,1,1,0,0,0,0,1,7932769057,5819084813,133158,5244308
201289,11,5,5030730,Zitadellenweg,2019,11,18,2,3,2,6,2,0,1,0,0,0,0,1,7861499491,5829143192,1321987,5253704
201290,11,2,2020203,Viktoriapark,2019,11,13,2,3,2,6,1,0,1,0,0,0,0,1,7971177876,5824091295,133766,5248589
201291,11,9,9010201,Am Treptower Park SÅd,2019,11,17,2,3,6,2,2,0,1,1,0,0,0,1,802657269,5824415366,1345823,5248575
201292,11,1,1044203,Leopoldplatz,2019,11,13,2,3,0,3,0,0,1,0,1,0,0,1,7959443268,5831560657,1336602,5255348
201293,11,7,7060603,Marienfelde Nordost,2019,11,13,2,3,1,5,0,0,1,0,0,0,0,0,7979176226,5817153796,1338216,5242327
201294,11,3,3030406,Alt-Karow,2019,11,13,2,3,5,3,0,0,1,0,0,0,1,1,8028689139,5838271411,1347397,5260982
201295,11,4,4051445,Eisenzahnstra·e,2019,11,13,2,3,5,3,0,0,1,0,0,0,0,1,7921940327,5824059709,1330427,5248826
201296,11,6,6020305,Gemeindepark Lankwitz,2019,11,12,2,2,5,3,0,1,1,0,0,0,0,1,796263294,58179086,1335857,5243093
201297,11,10,10040931,Mahlsdorf Nord,2019,11,12,2,3,0,3,0,0,1,0,0,0,0,1,8132894941,5829072118,1361868,5252148
201298,11,1,1044203,Leopoldplatz,2019,11,16,2,3,6,4,2,0,1,1,0,0,0,1,795896329,583196451,1336567,5255713
201299,11,4,4020311,Reichsstra·e,2019,11,15,4,2,6,7,0,0,1,1,0,0,0,0,789447081,5826676132,132662,5251318
201300,11,1,1022106,Elberfelder Stra·e,2019,11,15,4,2,5,2,0,1,1,0,0,0,0,0,793680171,5828001177,1332957,525228
201301,11,12,12103218,Teichstra·e,2019,11,16,2,3,1,5,1,1,0,0,0,0,1,0,7942226294,5833326462,1334226,5257025
201302,11,8,8010508,Wei·e Siedlung,2019,11,10,2,2,5,2,0,1,0,0,0,1,0,1,8027537184,5822970341,1345833,5247275
201303,11,6,6030605,Botanischer Garten,2019,11,15,2,3,5,2,0,0,0,0,1,1,0,0,7917513599,5819295888,1329361,5244579
201304,11,8,8010213,Kîrnerpark,2019,11,15,4,3,6,4,0,0,1,1,0,0,0,0,8009939406,5822642419,1343221,5247078
201305,11,5,5030833,Motardstra·e,2019,11,10,2,3,4,6,0,0,1,0,0,0,0,1,7880767564,5829040783,1324812,5253511
201306,11,4,4030724,Lietzensee,2019,11,10,4,3,2,6,0,1,1,0,0,0,0,0,7906006267,5825985259,1328255,5250638
201307,11,9,9020801,Spindlersfeld,2019,11,9,2,3,3,6,0,0,1,0,0,0,0,1,8097438708,582076423,1355887,5244906
201308,11,1,1022104,Emdener Stra·e,2019,11,6,2,3,6,2,1,0,1,1,0,0,0,0,7945545777,5829071775,1334337,5253193
201309,11,8,8010510,Gewerbegebiet Kîllnische Heide,2019,11,8,4,3,0,3,0,0,1,0,0,0,1,0,8025493359,5822124636,1345457,5246528
201310,11,8,8041036,Zittauer Stra·e,2019,11,8,2,3,5,3,0,1,1,0,0,0,0,1,8052786227,5817252071,1349017,5242009
201311,11,6,6040810,Dahlem,2019,11,7,2,3,5,2,0,1,1,0,0,0,0,1,7923694341,582081205,13304,5245906
201312,11,9,9010302,SpÑthsfelde,2019,11,7,2,3,2,6,0,0,1,0,0,0,0,1,8034920184,5820687938,134671,5245188
201313,11,12,12103117,Letteplatz,2019,11,8,4,3,5,2,0,0,1,0,0,0,0,0,795786906,5832580132,1336461,5256271
201314,11,11,11041128,Sewanstra·e,2019,11,6,2,3,5,2,1,0,1,0,1,0,0,1,8060675933,5825805775,1350957,5249631
201315,11,1,1033203,Humboldthain Nordwest,2019,11,7,2,3,0,6,1,1,1,0,0,0,0,1,797298573,5831152484,1338557,5254909
201316,11,11,11051330,Karlshorst West,2019,11,7,4,3,5,3,0,1,1,0,0,0,0,0,8072280229,5824304402,1352523,524822
201317,11,5,5020627,Tiefwerder,2019,11,7,2,3,5,2,0,0,1,0,0,0,1,1,7856329421,5828030249,1321132,5252734
201318,11,10,10020622,Kaulsdorf Nord I,2019,11,6,4,2,5,2,2,0,1,0,1,0,0,0,8111658587,5828366984,1358683,5251638
201319,11,7,7040402,Lindenhofsiedlung,2019,11,6,2,3,6,2,1,0,1,1,0,0,0,1,7968090666,5821977858,1337019,5246711
201320,11,11,11040925,Victoriastadt,2019,11,6,2,3,6,4,2,0,0,1,1,0,0,1,8038115301,582626952,1347687,5250173
201321,11,1,1011102,Gro·er Tiergarten,2019,11,8,4,3,2,3,0,1,0,0,0,0,0,0,795155563,5827075522,1335044,5251371
201322,11,3,3061430,Volkspark Prenzlauer Berg,2019,11,16,4,3,5,2,2,1,0,0,0,0,1,0,8018847892,5829850555,1345182,525349
201323,11,12,12304314,Ziekowstra·e/Freie Scholle,2019,11,13,1,3,0,7,0,0,0,0,1,0,0,1,7906976335,5835383492,132922,5259058