OBJECTID,LAND,BEZ,LOR,STRASSE,UJAHR,UMONAT,USTUNDE,UWOCHENTAG,UKATEGORIE,UART,UTYP1,ULICHTVERH,IstRad,IstPKW,IstFuss,IstKrad,IstGkfz,IstSonstige,USTRZUSTAND,LINREFX,LINREFY,XGCSWGS84,YGCSWGS84
201324,11,12,12302109,Treuenbrietzener Stra·e,2019,11,5,1,2,1,5,2,0,1,0,0,0,0,1,7958664958,5836893976,1336963,5260133
201325,11,9,9010402,Johannisthal Ost,2019,11,11,3,3,5,7,0,0,0,0,0,0,1,0,8060111572,5819743788,1350319,5244201
201326,11,1,1022106,Elberfelder Stra·e,2019,11,10,3,3,2,2,0,0,1,0,0,0,0,0,7936731709,5828112642,1332957,525238
201327,11,2,2050802,Boxhagener Platz,2019,11,3,1,3,0,1,2,1,0,1,0,0,0,1,8026589711,5826992062,134606,5250885
201328,11,3,3020210,Herthaplatz,2019,11,1,1,3,2,6,2,0,1,0,1,0,0,1,8000724531,5835852374,1343061,5258969
201329,11,8,8020622,Parchimer Allee,2019,11,17,1,3,2,7,2,0,1,0,0,0,0,1,8021876865,581929275,134467,524401
201330,11,2,2050801,Traveplatz,2019,11,10,3,3,5,2,0,1,0,0,0,0,1,0,803466787,5827006257,1347248,5250852
201331,11,9,9041501,Altstadt Kietz,2019,11,17,1,3,0,1,2,1,0,0,0,0,0,1,810807183,5820377396,1357411,5244499
201332,11,1,1033202,Humboldthain SÅd,2019,11,8,3,3,5,2,0,1,1,0,0,0,0,0,7975302797,582942961,1338743,5253352
201333,11,1,1033102,Gesundbrunnen,2019,11,15,1,3,5,3,0,1,1,0,0,0,0,1,797698973,5831738172,1339198,5255412
201334,11,1,1044201,Reinickendorfer Stra·e,2019,11,15,1,3,2,6,0,0,1,0,0,0,0,0,7964403565,5831973494,1337368,5255691
201335,11,11,11051331,Karlshorst Nord,2019,11,8,3,3,5,3,0,0,1,0,0,0,1,0,8079990728,582555325,135377,5249296
201336,11,3,3040513,Schînholz,2019,11,15,1,3,5,3,0,1,1,0,0,0,0,1,7974123571,5833971488,1338977,5257429
201337,11,5,5030833,Motardstra·e,2019,11,14,1,3,0,7,0,0,0,0,1,0,0,1,7891929262,582930621,1326476,525369
201338,11,1,1033101,Soldiner Stra·e,2019,11,15,1,3,5,3,0,0,1,0,0,0,0,0,796410011,5832009174,1337327,5255725
201339,11,5,5010339,Freiheit,2019,11,8,3,3,5,7,0,0,1,0,0,0,0,0,7868106871,5828194821,1322877,5252819
201340,11,2,2040502,Friedenstra·e,2019,11,8,3,3,2,6,0,0,1,0,0,0,0,0,8004080264,5828006175,1342845,5251918
201341,11,3,3051017,Rennbahnstra·e,2019,11,14,1,3,0,1,0,1,0,0,0,0,0,1,8022523381,5833053074,1346014,525634
201342,11,2,2050802,Boxhagener Platz,2019,11,6,1,3,1,5,2,0,1,0,0,0,0,1,802440908,582678687,1345721,5250713
201343,11,1,1011301,CharitÇviertel,2019,11,8,3,2,5,2,0,1,1,0,0,0,0,0,796898817,5828889314,1337767,5252902
201344,11,6,6040807,Zehlendorf Eiche,2019,11,21,1,3,2,7,2,0,1,0,0,0,0,1,7898298996,5818697995,132649,5244145
201345,11,4,4030726,Droysenstra·e,2019,11,19,5,3,6,2,2,0,1,1,0,0,0,1,7923214281,5825370776,1330729,5249995
201346,11,5,5020523,Maulbeerallee,2019,11,18,5,3,5,3,2,0,0,0,1,0,0,1,7827629652,582747163,1316865,5252382
201347,11,12,12214424,Scharnweberstra·e,2019,11,18,5,3,6,4,2,0,1,1,0,0,0,1,7932049502,583239059,1332646,525624
201348,11,9,9010302,SpÑthsfelde,2019,11,7,5,3,2,6,0,0,1,0,0,1,0,0,8040155772,5821191457,1347523,524561
201349,11,8,8020727,Buckow Mitte,2019,11,6,5,3,6,4,1,0,1,1,0,0,0,0,8006865408,5816195272,134219,5241316
201350,11,3,3061126,Arnimplatz,2019,11,5,5,3,6,4,2,0,1,1,0,0,0,1,7984356999,583174081,1340282,5255374
201351,11,5,5010314,Carl-Schurz-Stra·e,2019,11,7,5,3,5,2,0,0,1,0,0,0,1,0,784819226,5829147346,1320031,5253778
201352,11,3,3020307,Buchholz,2019,11,8,4,3,0,2,0,1,1,0,0,0,0,1,8001546978,583646477,1343237,5259514
201353,11,2,2040701,Andreasviertel,2019,11,21,4,3,5,3,2,0,1,0,0,0,0,1,8004581783,5827591768,1342881,5251544
201354,11,11,11010310,MÅhlengrund,2019,11,19,4,3,6,4,2,0,1,1,0,0,0,0,805340102,5833267724,1350575,525636
201355,11,3,3030406,Alt-Karow,2019,11,19,4,3,5,3,2,0,1,0,0,0,0,1,8034680251,5838537195,1348304,5261187
201356,11,2,2020206,Graefekiez,2019,11,17,4,3,4,7,2,1,0,0,0,0,0,1,7996904506,5825221335,1341539,5249461
201357,11,1,1033202,Humboldthain SÅd,2019,11,17,4,3,5,3,2,1,1,0,0,0,0,1,7969713284,5830138937,1337985,5254018
201358,11,10,10040828,Kaulsdorf Nord,2019,11,17,4,3,5,3,2,0,1,0,0,1,0,1,812129434,5828311568,1360093,5251533
201359,11,10,10010309,Springpfuhl,2019,11,17,4,3,5,2,2,1,1,0,0,0,0,1,8085312864,5829984174,1354962,5253237
201360,11,5,5030731,Gartenfelder Stra·e,2019,11,16,4,3,5,3,2,0,1,0,0,0,0,0,7879402308,5830042034,1324698,5254416
201361,11,9,9010301,Baumschulenstra·e,2019,11,22,4,3,0,1,2,0,0,0,0,0,1,0,8042937782,5822764649,1348075,5247005
201362,11,8,8010118,Silbersteinstra·e,2019,11,22,4,3,0,7,2,0,1,0,1,0,0,0,8010449064,5822061404,1343243,5246554
201363,11,2,2020203,Viktoriapark,2019,11,19,4,3,0,2,2,0,1,0,1,0,0,1,797471968,5824553361,1338222,5248984
201364,11,4,4051445,Eisenzahnstra·e,2019,11,21,4,3,5,3,2,0,1,0,0,0,0,0,7924354243,5824093489,1330785,5248844
201365,11,9,9020701,Adlershof West,2019,11,12,4,3,5,3,0,0,1,0,0,0,0,1,8078182944,5818416066,1352847,524291
201366,11,7,7060604,Marienfelde SÅd,2019,11,11,4,3,9,1,0,0,1,0,0,0,0,1,797581119,5815565231,1337581,5240921
201367,11,8,8010404,Rixdorf,2019,11,10,4,3,2,6,0,1,1,0,0,0,0,1,8024390736,5823196956,1345392,5247495
201368,11,1,1011202,Unter den Linden Nord,2019,11,10,4,2,2,6,0,1,1,0,0,0,0,1,7975292153,582758668,1338577,52517
201369,11,2,2050802,Boxhagener Platz,2019,11,10,4,3,5,7,0,1,1,0,0,0,0,1,8028877992,5826678811,1346367,5250591
201370,11,8,8010301,Reuterkiez,2019,11,10,4,3,0,6,0,0,1,0,1,0,0,1,8016280099,5824130121,1344286,5248376
201371,11,7,7050505,Hundsteinweg,2019,11,9,4,3,4,7,0,1,0,0,0,0,0,0,7990733551,5818818691,1340059,5243756
201372,11,11,11020514,Gro·e-Leege-Stra·e,2019,11,9,4,3,6,4,0,0,1,1,0,0,0,1,8041888522,5830668246,1348643,5254094
201373,11,5,5010101,Hakenfelde Nord,2019,11,8,4,3,0,1,0,0,0,0,1,0,0,1,7851859736,5831351745,132076,5255735
201374,11,4,4020313,Kînigin-Elisabeth-Stra·e,2019,11,8,4,2,6,4,0,0,0,1,1,0,0,1,7903359028,5826677885,1327927,5251273
201375,11,4,4051446,Preu·enpark,2019,11,8,4,2,6,2,0,0,0,1,0,1,0,1,7928307101,5824334191,1331386,5249038
201376,11,4,4030827,Karl-August-Platz,2019,11,8,4,3,2,6,0,0,1,0,0,0,0,1,7920153363,582597874,1330333,5250556
201377,11,4,4030621,Spreestadt,2019,11,6,4,3,6,4,1,0,1,1,0,0,0,1,7941621609,5827016237,1333579,5251371
201378,11,6,6030610,Lichterfelde West,2019,11,7,4,2,5,2,0,1,1,0,0,0,0,1,792761353,5817958289,1330725,5243326
201379,11,7,7060604,Marienfelde SÅd,2019,11,7,4,3,3,6,2,0,1,0,0,1,0,1,7973572763,5815535572,1337251,5240907
201380,11,4,4030518,Tegeler Weg,2019,11,7,4,3,5,2,0,0,1,0,0,0,1,1,7914754752,5828279733,1329742,5252648
201381,11,9,9010302,SpÑthsfelde,2019,11,16,4,2,5,3,2,1,1,0,0,0,0,0,8050339719,5820664822,134897,5245081
201382,11,4,4030931,Breitscheidplatz,2019,11,15,4,3,6,4,1,1,0,1,0,0,0,0,7939423317,5825896636,1333157,5250379
201383,11,12,12214527,Alt-Tegel,2019,11,14,4,3,0,1,0,0,1,0,1,0,0,1,790554811,5834541909,1328936,5258311
201384,11,11,11020514,Gro·e-Leege-Stra·e,2019,11,14,4,3,6,4,0,0,0,1,0,0,1,1,804591754,583105906,1349271,5254422
201385,11,8,8020727,Buckow Mitte,2019,11,13,4,3,4,6,0,0,1,0,0,0,0,1,8012970415,5817483584,13432,5242437
201386,11,5,5020523,Maulbeerallee,2019,11,7,4,3,5,2,0,0,1,0,1,0,0,1,7822336755,5827613418,1316099,5252537
201387,11,4,4030931,Breitscheidplatz,2019,11,7,4,3,0,3,1,1,1,0,0,0,0,1,7945526692,5826005746,1334063,5250444
201388,11,4,4030415,Schlo·garten,2019,11,6,4,3,6,2,2,0,1,1,0,0,0,1,79078713,5827381817,1328651,525188
201389,11,1,1011302,Oranienburger Stra·e,2019,11,9,4,3,3,6,0,1,1,0,0,0,0,1,7982706094,5828838563,1339778,5252781
201390,11,5,5030731,Gartenfelder Stra·e,2019,11,6,4,3,7,7,2,1,0,0,0,0,0,1,7878526913,5829367507,132451,5253816
201391,11,1,1033203,Humboldthain Nordwest,2019,11,5,4,2,5,2,2,1,1,0,0,0,0,1,7966240888,5829798597,1337444,5253732
201392,11,1,1011402,Arkonaplatz,2019,11,4,4,3,0,1,2,0,0,0,0,0,1,1,7986679164,5829439915,1340416,5253299
201393,11,3,3071537,Kollwitzplatz,2019,11,13,3,3,6,4,0,0,1,1,0,0,0,1,7994783364,582910672,1341578,5252956
201394,11,1,1033102,Gesundbrunnen,2019,11,22,3,3,5,2,2,0,1,0,0,0,1,1,7969891207,5831491733,1338132,525523
201395,11,1,1011302,Oranienburger Stra·e,2019,11,22,3,2,6,4,2,0,0,1,1,0,0,1,7980277951,5828916918,1339429,5252865
201396,11,4,4030518,Tegeler Weg,2019,11,23,3,3,2,6,2,0,1,0,0,0,0,1,7915254013,582805933,1329796,5252448
201397,11,11,11010103,Dorf Falkenberg,2019,11,21,3,3,5,3,2,1,1,0,0,0,0,1,807997922,5833894418,1354541,5256772
201398,11,7,7040406,Germaniagarten,2019,11,19,3,3,1,5,2,0,1,0,0,0,1,0,800203122,5821228524,1341933,5245854
201399,11,1,1011202,Unter den Linden Nord,2019,11,19,3,3,6,7,2,0,1,1,0,0,0,1,7976772795,5827911846,1338824,5251983
201400,11,5,5010206,GÅtersloher Weg,2019,11,19,3,3,6,2,2,0,1,1,0,0,0,1,7818308224,5830216768,1315727,5254892
201401,11,7,7020203,Kaiser-Wilhelm-Platz,2019,11,20,3,2,6,2,2,0,1,1,0,0,0,1,7953835339,582401792,1335107,5248617
201402,11,3,3061126,Arnimplatz,2019,11,18,3,3,6,4,2,0,1,1,0,0,0,1,798431721,5831801412,1340281,5255428
201403,11,10,10010204,Wuhletalstra·e,2019,11,17,3,3,2,6,2,0,1,0,0,0,0,0,8093330434,5832727959,1356396,5255651
201404,11,7,7040403,Manteuffelstra·e,2019,11,17,3,3,6,2,2,0,1,1,0,0,0,0,7972903461,5821379545,1337672,5246149
201405,11,8,8020622,Parchimer Allee,2019,11,17,3,2,6,4,1,0,1,1,0,0,0,0,8023815316,5819176281,1344944,5243895
201406,11,8,8020620,Tempelhofer Weg,2019,11,16,3,3,2,6,2,0,1,0,0,1,0,0,8005660819,5820560307,1342405,5245235
201407,11,11,11041022,Rosenfelder Ring,2019,11,16,3,3,5,2,2,1,1,0,0,0,0,0,8065775673,5827759133,1351886,5251353
201408,11,4,4020310,Park Ruhwald,2019,11,15,3,3,5,2,0,0,1,0,0,0,1,0,7900683567,5827332837,1327591,5251874
201409,11,4,4030623,Ernst-Reuter-Platz,2019,11,14,3,3,5,3,0,1,1,0,0,0,0,0,7936872508,5826349208,1332822,5250799
201410,11,5,5010314,Carl-Schurz-Stra·e,2019,11,15,3,2,0,4,1,0,0,1,1,0,0,0,7850508371,5829397024,1320393,525399
201411,11,7,7070704,Nahariyastra·e,2019,11,19,3,2,1,7,2,0,1,0,0,0,0,0,8005962101,5814147322,1341873,5239485
201412,11,7,7020203,Kaiser-Wilhelm-Platz,2019,11,14,3,3,5,7,0,0,1,0,0,0,0,0,795878778,5824525617,133588,5249046
201413,11,9,9041401,Allende I,2019,11,14,3,3,2,6,0,0,1,0,0,0,0,0,8120356125,582003299,135918,524412
201414,11,4,4010102,Plîtzensee,2019,11,14,3,3,5,2,0,0,1,0,0,0,0,0,7933414269,5829716178,1332611,5253836
201415,11,4,4010101,Jungfernheide,2019,11,15,3,3,2,6,0,0,1,0,0,0,0,0,7912516529,5829731114,132954,5253961
201416,11,1,1033203,Humboldthain Nordwest,2019,11,11,3,3,1,5,0,0,1,0,0,0,0,0,7964362411,5830101442,1337195,5254014
201417,11,11,11030720,Herzbergstra·e,2019,11,11,3,3,2,6,0,0,1,0,0,0,0,0,8049347984,5829954273,1349674,5253413
201418,11,7,7040403,Manteuffelstra·e,2019,11,9,3,3,1,5,0,1,1,0,0,0,0,0,796976501,5820982142,1337176,524581
201419,11,9,9020802,Kîllnische Vorstadt,2019,11,10,3,2,6,7,0,0,1,1,0,0,0,0,8103780267,5820333648,1356778,5244484
201420,11,2,2050601,Hausburgviertel,2019,11,6,3,3,5,2,2,1,1,0,0,0,0,0,8019505779,5829055516,1345206,5252773
201421,11,8,8010510,Gewerbegebiet Kîllnische Heide,2019,11,9,3,3,5,3,0,0,1,0,0,0,1,0,8022344112,5822478782,1345027,5246863
201422,11,8,8010404,Rixdorf,2019,11,9,3,3,0,7,0,0,1,0,0,0,0,0,8017490313,5822595309,1344325,5246994
201423,11,4,4051446,Preu·enpark,2019,11,8,3,3,5,2,0,1,1,0,0,0,0,0,7929483233,5825292443,1331643,5249891
201424,11,1,1011402,Arkonaplatz,2019,11,8,3,3,5,3,0,1,1,0,0,0,0,0,7988157773,5829376955,1340628,5253234
201425,11,7,7040405,Rathaus Tempelhof,2019,11,8,3,3,5,3,0,0,1,0,0,0,0,0,7982847479,5820981802,1339096,5245738
201426,11,9,9010401,Johannisthal West,2019,11,7,3,3,2,2,0,1,1,0,0,0,0,1,8061520595,5820168516,1350564,5244574
201427,11,2,2030402,Wrangelkiez,2019,11,7,3,3,8,1,1,1,0,0,0,0,0,1,8014358948,582566559,1344143,5249763
201428,11,3,3030715,Heinersdorf,2019,11,7,3,2,6,2,0,0,0,1,0,1,0,0,8008402585,5833477497,1343975,5256798
201429,11,5,5010314,Carl-Schurz-Stra·e,2019,11,8,2,3,5,2,0,1,1,0,0,0,0,0,7850438548,5829397788,1320383,5253991
201430,11,8,8020625,Handwerker-Siedlung,2019,11,17,2,3,6,2,2,0,1,1,0,0,0,1,8013923592,5819274678,1343502,5244037
201431,11,9,9031001,Bohnsdorf,2019,11,18,2,3,5,2,2,1,0,0,0,1,0,1,8088204374,5814861534,1353988,5239668
201432,11,4,4051655,Babelsberger Stra·e,2019,11,18,2,3,2,7,2,0,1,0,0,0,0,1,7938976156,582310664,1332845,5247881
201433,11,1,1022206,LÅneburger Stra·e,2019,11,17,2,3,0,1,2,1,0,0,0,0,0,1,7954853498,5827928011,1335604,5252117
201434,11,6,6040810,Dahlem,2019,11,16,2,3,5,3,2,0,1,0,0,0,0,1,7905446683,5820806461,1327722,5245998
201435,11,3,3061126,Arnimplatz,2019,11,17,2,3,5,2,2,1,1,0,0,0,0,1,7986524323,5831486952,1340578,5255134
201436,11,2,2050802,Boxhagener Platz,2019,11,18,2,3,0,7,2,1,0,0,0,0,0,0,8023336273,5827096643,1345591,5250996
201437,11,1,1011301,CharitÇviertel,2019,11,16,2,3,6,2,1,0,1,1,0,0,0,1,7966715017,5828256215,1337376,5252347
201438,11,12,12103117,Letteplatz,2019,11,16,2,3,6,6,2,0,1,1,0,0,0,1,7966802267,5832831898,1337798,5256448
201439,11,11,11030618,Fennpfuhl West,2019,11,16,2,3,0,3,2,0,1,0,0,0,1,1,8029498521,5829190496,1346687,5252839
201440,11,4,4051448,Schaperstra·e,2019,11,17,2,3,5,3,2,0,1,0,0,0,0,1,7941576106,5825333357,1333423,5249863
201441,11,9,9030901,Dorf Altglienicke,2019,11,17,2,2,6,4,2,0,1,1,0,0,0,1,8075585802,5815389046,1352188,5240212
201442,11,10,10010309,Springpfuhl,2019,11,15,2,3,5,2,0,1,1,0,0,0,0,1,8079119759,5830177709,135407,5253446
201443,11,1,1011202,Unter den Linden Nord,2019,11,17,2,3,6,4,2,1,0,1,0,0,0,1,7971336846,5827775028,1338012,525189
201444,11,2,2040701,Andreasviertel,2019,11,15,2,3,5,3,0,1,0,0,0,0,1,1,8005802547,582700828,1343008,5251014
201445,11,3,3020209,Niederschînhausen,2019,11,13,2,2,5,3,1,1,1,0,0,0,0,1,798342175,5834830075,1340422,5258148
201446,11,7,7040401,Neu-Tempelhof,2019,11,17,2,2,6,2,2,0,1,1,0,0,0,1,7983421013,5823947405,1339445,5248393
201447,11,12,12304314,Ziekowstra·e/Freie Scholle,2019,11,13,2,3,5,3,0,0,1,0,0,0,0,1,791240003,5836664237,1330131,5260177
201448,11,4,4051551,Brabanter Platz,2019,11,13,2,3,2,3,0,1,1,0,0,0,0,1,7930930227,5822997539,1331654,5247826
201449,11,5,5020627,Tiefwerder,2019,11,17,2,3,2,6,2,0,1,0,0,0,1,1,7851392184,5828332419,1320432,525303
201450,11,12,12302211,LÅbarser Stra·e,2019,11,17,2,3,6,2,2,0,0,1,0,0,1,1,7929204925,5837069227,1332642,526045
201451,11,12,12214422,Klixstra·e,2019,11,12,2,2,5,2,0,1,0,0,0,1,0,0,7921854295,5832956495,1331197,5256803
201452,11,10,10040931,Mahlsdorf Nord,2019,11,19,2,3,1,5,2,0,1,0,1,0,0,1,8132043675,5828907529,1361728,5252006
201453,11,1,1022106,Elberfelder Stra·e,2019,11,12,2,2,5,2,0,0,1,0,1,0,0,1,7945564402,5828348398,1334276,5252544
201454,11,1,1011302,Oranienburger Stra·e,2019,11,19,2,3,2,6,2,0,1,0,1,0,0,1,7986031404,5829069096,1340288,525297
201455,11,4,4010101,Jungfernheide,2019,11,10,2,3,5,2,0,0,1,0,0,0,1,1,791287883,5830670435,1329675,5254801
201456,11,5,5020521,Dîberitzer Weg,2019,11,9,2,2,5,2,0,0,1,0,0,0,0,0,7800708961,582769035,1312926,5252717
201457,11,6,6010207,Mittelstra·e,2019,11,9,2,3,2,2,0,0,1,0,0,0,0,1,7942679047,5820262018,1333138,5245311
201458,11,3,3040614,Pankow Zentrum,2019,11,9,2,3,6,4,0,0,1,1,0,0,0,0,7978738896,5833063372,1339574,525659
201459,11,9,9020601,Schnellerstra·e,2019,11,8,2,2,6,4,0,0,1,1,0,0,0,1,806506016,5821467725,1351203,5245719
201460,11,9,9051901,Dammvorstadt,2019,11,8,2,3,5,2,0,1,1,0,0,0,0,1,8104759952,5821194308,1357001,524525
201461,11,1,1022104,Emdener Stra·e,2019,11,8,2,3,5,2,0,1,0,0,0,0,1,0,7945427963,5829072984,133432,5253194
201462,11,1,1011301,CharitÇviertel,2019,11,8,2,3,0,1,0,1,0,0,0,0,0,1,7973039626,5829025118,1338374,5253001
201463,11,7,7050501,Rathausstra·e,2019,11,7,2,3,2,6,0,0,1,0,1,0,0,1,7971212908,5819459109,1337253,5244436
201464,11,8,8010301,Reuterkiez,2019,11,7,2,3,1,5,0,1,1,0,0,0,1,1,8009975171,5824808742,1343422,524902
201465,11,6,6020409,Kînigsberger Stra·e,2019,11,7,2,3,6,4,0,0,1,1,0,0,0,1,793806638,5818010137,1332263,5243317
201466,11,12,12214125,Waldidyll/Flughafensee,2019,11,6,2,2,5,2,2,0,1,0,0,0,1,1,7926143976,5832068916,1331749,5255984
201467,11,2,2040703,Wriezener Bahnhof/Entwicklungsgebiet,2019,11,16,1,2,6,4,2,0,1,1,0,0,0,1,801413899,5826411347,1344178,5250433
201468,11,12,12103219,SchÑfersee,2019,11,15,1,3,0,3,0,0,1,0,1,0,0,1,7952251057,5832472284,1335625,5256205
201469,11,3,3050925,Komponistenviertel Wei·ensee,2019,11,15,1,3,5,3,0,1,1,0,0,0,0,1,8027032938,5831775814,134656,525517
201470,11,9,9020802,Kîllnische Vorstadt,2019,11,14,1,3,1,7,0,1,0,0,0,0,1,1,810692847,5819595206,1357171,5243804
201471,11,9,9051801,Rahnsdorf/Hessenwinkel,2019,11,13,1,3,0,7,0,0,0,0,1,0,0,1,8214186346,5819147139,1372853,5242783
201472,11,2,2010101,Askanischer Platz,2019,11,10,1,3,5,3,0,0,1,0,0,0,0,1,7975921078,5825950103,1338523,5250229
201473,11,6,6030504,Teltower Damm,2019,11,9,1,3,5,3,0,0,1,0,0,0,0,1,7896003742,5817095781,1326014,5242721
201474,11,12,12231101,Hermsdorf,2019,11,8,1,3,5,3,0,0,1,0,1,0,0,1,7921210396,5838486812,133159,5261764
201475,11,8,8010118,Silbersteinstra·e,2019,11,17,1,2,6,4,2,0,1,1,0,0,0,1,8005172792,5822031778,1342466,5246557
201476,11,2,2020203,Viktoriapark,2019,11,2,1,3,1,5,2,1,1,0,0,0,0,0,7971055454,5824371178,1337667,5248841
201477,11,1,1033102,Gesundbrunnen,2019,11,23,1,3,5,3,2,0,1,0,0,0,0,1,7971689172,5831918629,1338435,5255603
201478,11,12,12301203,Wittenau SÅd,2019,11,6,1,3,8,1,2,0,1,0,0,0,0,1,7931552306,5835888465,1332883,5259379
201479,11,11,11040925,Victoriastadt,2019,11,21,1,3,4,1,2,0,1,0,0,0,0,1,8034477862,5826640274,1347186,5250525
201480,11,3,3061228,Erich-Weinert-Stra·e,2019,11,20,1,3,5,2,2,1,1,0,0,0,0,1,8002919274,5831596393,1342998,5255142
201481,11,8,8020726,Buckow West,2019,11,20,1,2,6,3,2,0,1,1,0,0,0,1,7995929784,5816418451,1340607,5241576
201482,11,8,8010117,Schillerpromenade,2019,11,17,1,3,6,4,2,0,1,1,0,0,0,1,8004704354,5823610849,134254,5247975
201483,11,9,9010301,Baumschulenstra·e,2019,11,17,1,2,5,2,2,0,1,0,0,0,0,1,8050167916,5822703753,1349131,524691
201484,11,7,7020203,Kaiser-Wilhelm-Platz,2019,11,15,1,3,1,7,1,0,1,0,0,0,1,1,795507301,5823842732,1335274,5248454
201485,11,12,12301206,LÅbars,2019,11,7,1,3,9,1,2,0,1,0,0,0,0,1,794727227,5838578838,1335436,5261705
201486,11,2,2010102,Mehringplatz,2019,11,5,7,3,5,3,2,0,1,0,0,0,0,1,7982132961,5826240774,1339461,5250456
201487,11,10,10020412,Alte Hellersdorfer Stra·e,2019,11,14,7,3,5,2,0,0,1,0,0,0,0,0,8113511369,5831956271,1359291,5254844
201488,11,8,8010117,Schillerpromenade,2019,11,22,7,3,2,6,2,0,1,0,0,0,0,0,800596702,5823190784,1342687,5247591
201489,11,6,6030608,Schweizer Viertel,2019,11,19,7,3,6,2,2,0,1,1,0,0,0,0,7927609856,581747472,1330682,5242893
201490,11,2,2010103,Moritzplatz,2019,11,18,7,3,2,6,2,0,1,0,0,0,0,0,7997043009,5825792791,1341611,5249973
201491,11,1,1033203,Humboldthain Nordwest,2019,11,18,7,3,2,6,2,0,1,0,0,0,0,0,7969006599,5831389635,1337993,5255143
201492,11,1,1044103,Westliche MÅllerstra·e,2019,11,14,7,3,5,2,0,0,1,0,0,0,0,1,7945069306,5830649916,1334407,525461
201493,11,1,1011301,CharitÇviertel,2019,11,0,7,2,1,5,2,0,1,0,0,0,1,0,7975344732,5828459259,1338663,5252482
201494,11,5,5020419,Magistratsweg,2019,11,9,7,3,5,2,0,0,1,0,0,0,0,1,781304426,5828384764,1314798,5253277
201495,11,10,10010308,Marzahner Chaussee,2019,11,7,7,3,0,1,2,0,0,0,1,0,0,1,8064772319,5830220046,1351966,5253564
201496,11,6,6020409,Kînigsberger Stra·e,2019,11,6,7,3,5,3,2,1,1,0,0,0,0,1,7936587237,5817265071,1331981,5242657
201497,11,7,7030303,Grazer Platz,2019,11,20,7,3,2,6,2,0,1,0,0,0,0,0,794662995,5821785936,1333852,5246655
201498,11,6,6040809,Thielallee,2019,11,5,7,2,9,1,2,0,1,1,0,0,0,0,791275564,5819857489,1328712,5245108
201499,11,2,2020203,Viktoriapark,2019,11,20,7,3,5,2,2,0,1,0,0,0,0,0,7978242355,582493106,1338773,5249303
201500,11,3,3040614,Pankow Zentrum,2019,11,19,7,3,0,3,2,0,1,0,1,0,0,0,797781008,583295885,1339428,5256501
201501,11,2,2040703,Wriezener Bahnhof/Entwicklungsgebiet,2019,11,18,7,3,2,6,2,0,1,0,0,0,0,0,8017081062,5826161843,1344588,5250193
201502,11,9,9010202,Kîpenicker Landstra·e,2019,11,13,7,3,5,2,0,0,1,0,0,0,0,0,8039924256,5823070491,1347661,5247296
201503,11,4,4051655,Babelsberger Stra·e,2019,11,13,7,3,5,7,0,0,1,0,0,0,0,0,7941590114,582404689,1333312,5248709
201504,11,4,4041238,Kissinger Stra·e,2019,11,12,7,3,6,7,0,0,1,1,0,0,0,0,791058023,5823011514,1328667,5247947
201505,11,1,1011303,Alexanderplatzviertel,2019,11,2,7,3,0,2,2,0,1,0,0,0,0,0,799479819,5828830293,1341555,5252708
201506,11,11,11030619,Fennpfuhl Ost,2019,11,12,7,3,2,6,0,0,1,0,0,0,0,1,804099477,5829827462,1348435,5253346
201507,11,1,1044103,Westliche MÅllerstra·e,2019,11,10,7,2,0,5,0,0,1,0,1,0,0,1,7950276977,5830902193,1335195,5254808
201508,11,1,1022104,Emdener Stra·e,2019,11,11,6,3,6,4,0,0,1,1,0,0,0,0,7942751147,582926655,1333944,5253382
201509,11,2,2020206,Graefekiez,2019,11,22,6,3,0,3,2,1,1,0,0,0,0,0,7996112535,5824523314,134136,524884
201510,11,11,11020515,Landsberger Allee,2019,11,7,6,3,6,4,2,0,1,1,0,0,0,1,8047255632,5830609271,1349427,5254011
201511,11,7,7030301,Friedenau,2019,11,19,6,3,5,2,2,1,1,0,0,0,0,0,793990631,5821564091,1332846,5246493
201512,11,4,4051448,Schaperstra·e,2019,11,17,6,3,0,5,2,1,1,0,0,0,0,0,7940032069,5825127668,1333178,5249687
201513,11,12,12214424,Scharnweberstra·e,2019,11,17,6,3,2,6,2,0,1,0,0,0,0,0,7935105798,5832412683,1333098,5256244
201514,11,1,1011201,Wilhelmstra·e,2019,11,13,1,3,5,3,0,0,1,0,1,0,0,0,796970231,5826857932,133769,5251077
201515,11,11,11041027,Tierpark,2019,11,12,1,3,5,3,0,1,1,0,0,0,0,0,8074036923,5827435602,135307,5251017
201516,11,7,7040401,Neu-Tempelhof,2019,11,17,6,3,3,6,2,0,1,0,0,1,0,0,7972832637,5822715262,1337781,5247346
201517,11,4,4020313,Kînigin-Elisabeth-Stra·e,2019,11,12,1,3,3,6,0,0,1,0,0,0,1,0,7904667463,5826727737,1328123,525131
201518,11,4,4020310,Park Ruhwald,2019,11,16,6,3,2,6,0,0,1,0,0,0,1,0,7897283592,5827431812,13271,5251981