OBJECTID,LAND,BEZ,LOR,STRASSE,UJAHR,UMONAT,USTUNDE,UWOCHENTAG,UKATEGORIE,UART,UTYP1,ULICHTVERH,IstRad,IstPKW,IstFuss,IstKrad,IstGkfz,IstSonstige,USTRZUSTAND,LINREFX,LINREFY,XGCSWGS84,YGCSWGS84
201519,11,7,7020203,Kaiser-Wilhelm-Platz,2019,11,11,1,3,0,5,0,1,1,0,0,0,0,0,7959989348,5824088127,1336017,5248647
201520,11,3,3030406,Alt-Karow,2019,11,10,1,3,5,3,0,0,1,0,0,0,0,0,8028765307,5838280708,1347409,526099
201521,11,1,1033202,Humboldthain SÅd,2019,11,16,6,3,0,1,0,1,0,0,0,0,0,1,7969732246,5830136228,1337988,5254015
201522,11,4,4010101,Jungfernheide,2019,11,1,1,3,1,1,2,0,1,0,0,0,0,0,7909645082,5829482828,1329096,5253754
201523,11,4,4041241,Breite Stra·e,2019,11,16,1,3,6,2,2,0,1,1,0,0,0,0,7919188202,5822381672,1329876,5247337
201524,11,9,9020802,Kîllnische Vorstadt,2019,11,2,1,3,0,1,2,1,0,0,0,0,0,1,8098320395,5820239525,1355968,5244431
201525,11,2,2040701,Andreasviertel,2019,11,14,6,3,5,3,0,1,1,0,0,0,0,0,8012426851,582768668,1344042,5251586
201526,11,3,3050919,Gustav-Adolf-Stra·e,2019,11,14,6,3,5,3,0,1,1,0,0,0,0,0,8010072546,5832192395,1344104,5255637
201527,11,7,7050501,Rathausstra·e,2019,11,19,1,2,6,4,2,0,1,1,0,0,0,0,7972324115,581863157,1337343,5243689
201528,11,1,1022204,Thomasiusstra·e,2019,11,17,1,3,0,1,2,0,0,0,0,0,1,0,7953211725,5828215851,1335388,5252384
201529,11,10,10030724,Oberfeldstra·e,2019,11,15,6,2,5,3,0,1,1,0,0,0,0,0,8089142209,582816246,1355356,5251583
201530,11,11,11030720,Herzbergstra·e,2019,11,17,7,3,2,6,2,0,1,0,0,0,0,0,8059908302,583012047,1351242,5253502
201531,11,1,1011301,CharitÇviertel,2019,11,17,7,2,0,1,2,1,0,0,0,0,0,0,7969896182,5828921424,1337903,5252926
201532,11,7,7060604,Marienfelde SÅd,2019,11,15,6,3,5,3,1,0,1,0,0,0,0,0,7976523845,5815482483,1337678,5240843
201533,11,4,4030724,Lietzensee,2019,11,14,6,3,5,3,0,0,1,0,0,0,0,0,790793499,5826011639,1328541,5250651
201534,11,1,1044103,Westliche MÅllerstra·e,2019,11,15,7,3,6,4,0,0,1,1,0,0,0,0,7948390343,5830601188,1334891,5254548
201535,11,11,11030619,Fennpfuhl Ost,2019,11,13,7,3,2,6,0,0,1,0,0,0,0,0,8042468065,5828708479,1348549,5252335
201536,11,3,3061227,Humannplatz,2019,11,14,6,3,2,6,0,0,1,0,0,0,0,0,7993756633,5831789829,1341668,5255366
201537,11,2,2040703,Wriezener Bahnhof/Entwicklungsgebiet,2019,11,14,6,3,2,2,0,0,0,0,1,0,1,0,8009258289,5826867148,1343502,5250868
201538,11,3,3050925,Komponistenviertel Wei·ensee,2019,11,12,7,3,0,5,0,0,1,0,0,0,0,0,8026598456,5831603916,1346481,5255018
201539,11,7,7060604,Marienfelde SÅd,2019,11,12,7,3,3,6,0,1,1,0,0,0,0,0,79603854,5815367612,1335303,5240827
201540,11,11,11030721,RÅdigerstra·e,2019,11,22,7,3,0,2,2,1,1,0,0,0,0,0,8051705463,5827714537,1349815,5251392
201541,11,7,7040401,Neu-Tempelhof,2019,11,12,6,3,6,7,0,0,1,1,0,0,0,0,7987422845,5823946892,1340033,5248371
201542,11,10,10010311,Landsberger Tor,2019,11,20,7,2,6,4,2,0,1,1,0,0,0,0,8103306144,5831826811,1357779,5254786
201543,11,4,4030620,Alt-Lietzow,2019,11,14,6,3,0,7,0,1,1,0,0,0,0,0,792682231,5827414733,1331439,5251808
201544,11,1,1033101,Soldiner Stra·e,2019,11,19,7,3,0,5,2,0,1,0,0,0,0,0,7962020671,5832318254,1337049,5256013
201545,11,6,6020409,Kînigsberger Stra·e,2019,11,20,7,2,4,6,2,0,1,0,0,0,0,0,7935091143,5817397784,1331773,5242784
201546,11,1,1022102,Beusselkiez,2019,11,13,6,2,0,6,0,0,1,0,1,0,0,0,7935315441,5828191942,1332756,5252459
201547,11,10,10020413,Gut Hellersdorf,2019,11,19,7,3,0,1,2,0,0,0,1,0,0,0,8113026608,5831243532,1359153,5254208
201548,11,12,12301203,Wittenau SÅd,2019,11,10,7,3,2,6,0,0,1,0,0,0,0,0,7934555948,5836101883,1333344,5259554
201549,11,4,4030415,Schlo·garten,2019,11,10,7,3,5,2,0,0,1,0,0,0,0,0,7916594716,5827534024,1329947,525197
201550,11,11,11020411,Malchower Weg,2019,11,13,6,3,6,7,0,0,1,1,0,0,0,0,8056607136,583194692,1350924,5255158
201551,11,1,1011303,Alexanderplatzviertel,2019,11,13,6,2,0,2,0,1,1,0,0,0,0,0,7991087869,582846604,1340977,5252402
201552,11,8,8010211,Flughafenstra·e,2019,11,7,7,3,0,1,2,1,0,0,0,0,0,0,8004727873,5823727852,1342554,524808
201553,11,11,11020412,Hauptstra·e,2019,11,2,7,3,9,1,2,0,1,0,0,0,0,1,8056433827,5831768539,1350882,5254999
201554,11,1,1033101,Soldiner Stra·e,2019,11,12,6,3,0,2,0,1,1,0,0,0,0,0,7977097892,5832893588,1339318,5256447
201555,11,4,4041241,Breite Stra·e,2019,11,12,6,3,1,5,0,1,1,0,0,0,0,0,7920995669,5822057274,1330113,5247036
201556,11,12,12302110,Dannenwalder Weg,2019,11,9,6,3,5,3,0,1,1,0,0,0,0,1,7948720664,5835831688,1335405,5259235
201557,11,8,8020622,Parchimer Allee,2019,11,17,6,3,6,2,2,0,1,1,0,0,0,0,8012653413,5819668016,1343351,5244397
201558,11,1,1033203,Humboldthain Nordwest,2019,11,12,6,3,3,6,0,0,1,0,1,0,0,0,7965225638,582989222,1337303,5253821
201559,11,12,12214527,Alt-Tegel,2019,11,21,6,3,5,3,2,0,1,0,0,0,0,0,7903039039,5834952338,1328603,5258693
201560,11,1,1033102,Gesundbrunnen,2019,11,20,6,3,6,7,2,0,1,1,0,0,0,0,7977229681,5831842192,1339243,5255504
201561,11,1,1011305,Heine-Viertel West,2019,11,10,6,3,5,5,0,1,0,0,0,0,1,0,7994969021,5827092059,1341424,5251149
201562,11,5,5010339,Freiheit,2019,11,10,6,3,5,7,0,0,1,0,1,0,0,0,787955479,5828206125,1324561,5252769
201563,11,8,8020619,Buschkrugallee Nord,2019,11,19,6,3,5,2,2,0,1,0,0,0,0,0,8015518005,5820650691,134386,5245262
201564,11,2,2020205,Chamissokiez,2019,11,23,6,3,0,7,2,1,0,0,0,0,0,0,7988276493,5824523636,134021,5248883
201565,11,6,6040809,Thielallee,2019,11,19,6,2,1,7,2,0,1,0,0,0,0,1,7919944925,5820117758,1329789,5245303
201566,11,3,3071536,Teutoburger Platz,2019,11,9,6,3,1,5,0,1,1,0,0,0,0,0,7990055426,582915512,1340887,5253025
201567,11,4,4041137,Flinsberger Platz,2019,11,19,6,3,3,5,2,0,1,0,1,0,0,1,7913692041,5823439941,1329162,5248315
201568,11,5,5020417,Staakener Stra·e,2019,11,10,6,2,0,7,0,0,1,0,0,0,1,0,782743611,5828424266,1316917,5253238
201569,11,1,1011202,Unter den Linden Nord,2019,11,18,6,3,5,2,2,1,1,0,0,0,0,0,797203928,582749681,1338091,5251637
201570,11,2,2040701,Andreasviertel,2019,11,18,6,3,1,5,2,1,1,0,0,0,1,1,8008626063,5826860884,1343409,5250866
201571,11,9,9010301,Baumschulenstra·e,2019,11,8,6,3,2,6,0,0,1,0,0,0,0,0,8043618156,5821762935,1348084,5246103
201572,11,1,1022206,LÅneburger Stra·e,2019,11,8,6,3,5,2,0,0,1,0,0,0,0,0,7959532321,5828336411,1336328,5252458
201573,11,3,3050925,Komponistenviertel Wei·ensee,2019,11,18,6,3,0,5,2,0,1,0,0,0,0,0,8018546571,5831260591,1345266,5254755
201574,11,11,11030618,Fennpfuhl West,2019,11,6,6,3,0,6,1,0,1,0,1,0,0,0,8027289727,5829377741,134638,5253019
201575,11,3,3061131,Falkplatz,2019,11,17,6,3,2,6,2,0,1,0,0,0,0,0,799178028,5830843983,1341293,5254529
201576,11,3,3061126,Arnimplatz,2019,11,17,6,3,1,5,2,1,1,0,0,0,0,0,7990312762,5831444712,1341131,5255076
201577,11,3,3050924,Behaimstra·e,2019,11,8,6,3,6,7,0,1,0,1,0,0,0,0,8014736855,5831873453,1344761,5255325
201578,11,5,5010339,Freiheit,2019,11,6,6,2,6,4,2,0,1,1,0,0,0,0,7863773654,5828222617,1322243,5252867
201579,11,8,8041035,Blumenviertel,2019,11,17,6,3,2,6,2,0,1,0,0,0,0,1,8048040119,5817830847,1348374,5242554
201580,11,5,5020625,Borkumer Stra·e,2019,11,17,6,2,0,1,2,1,0,0,0,0,0,0,7847745123,5828598279,1319918,5253288
201581,11,1,1022103,Westhafen,2019,11,8,6,3,3,6,0,0,1,0,0,1,0,0,7936365507,5829857457,1333057,5253946
201582,11,5,5020522,Pillnitzer Weg,2019,11,5,6,2,6,4,2,0,0,1,0,0,1,0,7819032119,5827174917,1315576,5252161
201583,11,9,9010402,Johannisthal Ost,2019,11,17,6,3,0,7,2,1,0,0,0,0,0,0,8062559312,5819251812,1350633,5243747
201584,11,9,9020702,Adlershof Ost,2019,11,17,6,3,6,7,2,0,1,1,0,0,0,0,8082651386,5819689981,1353619,5244027
201585,11,10,10020413,Gut Hellersdorf,2019,11,7,6,2,5,3,1,1,1,0,0,0,0,0,8113127601,5831178176,1359162,5254149
201586,11,10,10030724,Oberfeldstra·e,2019,11,17,6,3,0,5,2,0,1,0,0,0,0,0,8095768259,5828347857,1356347,5251711
201587,11,7,7060604,Marienfelde SÅd,2019,11,16,5,3,6,2,1,0,0,1,0,0,1,0,7958024421,5816035174,1335016,5241439
201588,11,6,6020411,SchÅtte-Lanz-Stra·e,2019,11,11,6,3,5,3,0,0,1,0,0,0,0,1,794564577,5816321257,1333226,5241762
201589,11,9,9030901,Dorf Altglienicke,2019,11,10,6,3,8,7,0,0,1,0,0,0,0,1,809849657,5816529373,135565,5241105
201590,11,4,4030931,Breitscheidplatz,2019,11,19,5,3,6,7,2,0,0,1,0,0,1,0,7945259974,5825937102,1334018,5250384
201591,11,12,12103117,Letteplatz,2019,11,7,5,3,3,6,2,0,1,0,0,0,0,0,7966730673,5832743009,1337779,5256369
201592,11,2,2030401,Reichenberger Stra·e,2019,11,16,6,3,1,5,1,1,1,0,0,0,0,0,8010927663,5824994766,1343578,5249181
201593,11,10,10040932,Alt-Mahlsdorf,2019,11,15,6,3,1,5,1,0,1,0,0,0,0,0,8130175716,5827641409,1361334,5250882
201594,11,12,12231102,Frohnau,2019,11,7,5,3,5,3,0,1,1,0,0,0,0,0,7896281232,5840182931,1328066,5263418
201595,11,6,6020410,Oberhofer Platz,2019,11,9,5,3,6,2,0,0,1,1,0,0,0,0,794979141,5816232575,1333826,524166
201596,11,4,4030620,Alt-Lietzow,2019,11,15,6,3,5,2,0,0,1,0,0,0,1,0,7918597009,5827450362,1330234,5251884
201597,11,7,7040401,Neu-Tempelhof,2019,11,13,6,3,0,6,0,1,1,0,0,0,0,0,7974756634,5822858988,1338076,5247465
201598,11,4,4030518,Tegeler Weg,2019,11,1,5,3,5,2,2,0,1,0,0,1,0,0,7917435902,582860473,1330164,5252925
201599,11,9,9020802,Kîllnische Vorstadt,2019,11,19,5,3,4,6,2,0,1,0,0,0,0,0,8106947062,5819544714,1357169,5243759
201600,11,11,11010310,MÅhlengrund,2019,11,13,6,3,6,4,0,0,1,1,0,0,0,0,8052805882,5833199238,1350481,5256302
201601,11,2,2050602,Samariterviertel,2019,11,9,6,3,5,2,0,1,1,0,0,0,0,1,8027695184,582768803,1346285,5251502
201602,11,11,11020412,Hauptstra·e,2019,11,9,6,3,5,2,0,0,1,0,0,0,0,0,805836434,5831865077,1351175,5255075
201603,11,10,10020517,Adele-Sandrock-Stra·e,2019,11,19,5,2,1,5,2,0,1,0,0,0,1,0,8130728657,5830185282,1361655,5253158
201604,11,11,11010310,MÅhlengrund,2019,11,18,5,2,6,4,2,0,0,1,0,0,1,0,8051751643,5833129017,1350319,5256245
201605,11,3,3061227,Humannplatz,2019,11,9,6,3,5,3,0,0,1,0,0,0,0,0,8001119357,5831694933,1342743,5255241
201606,11,10,10040931,Mahlsdorf Nord,2019,11,13,6,3,5,3,0,0,1,0,0,0,0,0,8129258633,5828342647,1361266,5251516
201607,11,1,1044201,Reinickendorfer Stra·e,2019,11,17,5,3,2,6,2,0,1,0,0,0,0,0,796654216,5831920005,1337678,5255632
201608,11,10,10020413,Gut Hellersdorf,2019,11,15,5,3,5,3,0,1,1,0,0,0,0,0,8113100182,583119454,1359159,5254164
201609,11,1,1033203,Humboldthain Nordwest,2019,11,8,6,3,2,6,0,0,1,0,1,0,0,1,7963702572,5830089899,1337097,5254007
201610,11,2,2050804,Stralauer Halbinsel,2019,11,7,6,3,0,6,1,0,1,0,1,0,0,1,803168183,5825761513,1346696,5249753
201611,11,7,7040403,Manteuffelstra·e,2019,11,15,5,3,5,2,0,1,1,0,0,0,0,0,7968457709,5821250566,1337008,5246057
201612,11,3,3061227,Humannplatz,2019,11,12,6,3,5,3,0,0,1,0,0,0,0,0,8001132222,5831694275,1342744,525524
201613,11,8,8041037,Alt-Rudow,2019,11,12,5,2,5,2,0,1,1,0,0,0,0,0,8055547792,5818554717,1349541,5243161
201614,11,1,1044201,Reinickendorfer Stra·e,2019,11,6,6,3,2,6,2,0,1,0,0,0,0,1,7964604982,5831933819,1337394,5255655
201615,11,10,10020414,Helle Mitte,2019,11,7,6,2,6,2,2,0,1,1,0,0,0,1,8121711007,5830977673,1360404,525392
201616,11,7,7070701,Kettinger Stra·e/Schillerstra·e,2019,11,12,5,2,1,7,0,0,1,0,0,0,0,0,7992336779,5815020499,1339955,5240343
201617,11,4,4030929,Hindemithplatz,2019,11,12,5,3,2,6,0,0,1,0,0,0,0,0,7927121887,5825663112,1331329,5250236
201618,11,1,1022103,Westhafen,2019,11,5,6,3,5,2,2,1,0,0,0,1,0,1,7935052684,5829397196,1332824,5253541
201619,11,8,8010404,Rixdorf,2019,11,5,6,3,6,2,2,0,1,1,0,0,0,1,8025793238,5823086674,1345588,5247389
201620,11,10,10010207,Marzahner Promenade,2019,11,11,5,3,3,6,0,0,1,0,0,0,1,0,8084268021,5831221625,1354924,5254352
201621,11,1,1011304,Karl-Marx-Allee,2019,11,10,5,3,5,7,0,1,1,0,0,0,0,0,7997256269,5827770201,1341821,5251744
201622,11,9,9041301,Kietzer Feld/Nachtheide,2019,11,12,6,2,4,6,0,0,1,0,0,0,0,1,8128649104,5819328327,1360331,5243441
201623,11,9,9041501,Altstadt Kietz,2019,11,11,6,3,2,6,0,0,1,0,0,0,0,1,8108134393,5820307475,1357414,5244436
201624,11,6,6030609,Augustaplatz,2019,11,15,5,3,2,6,0,0,1,0,1,0,0,0,7929485757,5817786691,1330985,5243162
201625,11,5,5020417,Staakener Stra·e,2019,11,11,6,3,1,5,0,1,0,0,0,0,1,1,7829253291,5827993773,1317148,5252842
201626,11,1,1022201,Stephankiez,2019,11,14,5,3,5,2,0,1,1,0,0,0,0,0,7954260218,5829544372,133566,5253569
201627,11,11,11030721,RÅdigerstra·e,2019,11,13,5,3,5,2,0,1,1,0,0,0,0,0,8051816083,5827914589,134985,5251571
201628,11,1,1011305,Heine-Viertel West,2019,11,11,6,3,3,5,0,1,1,0,0,0,0,0,7993858653,5826385577,1341197,5250522
201629,11,11,11010308,Zingster Stra·e Ost,2019,11,13,5,3,6,4,0,0,1,1,0,0,0,0,8051999087,5833671479,1350405,5256729
201630,11,7,7030303,Grazer Platz,2019,11,19,6,3,0,7,2,0,0,0,0,0,1,1,7950953579,582149805,1334461,5246374
201631,11,1,1033203,Humboldthain Nordwest,2019,11,22,5,3,5,2,2,0,1,0,1,0,0,0,7963439426,5830061341,1337056,5253983
201632,11,11,11030720,Herzbergstra·e,2019,11,19,5,3,3,6,2,1,0,0,0,0,1,0,8042541378,5829079332,1348594,5252667
201633,11,8,8010404,Rixdorf,2019,11,14,5,3,5,2,0,1,1,0,0,0,0,0,802165856,5823373547,1345007,5247669
201634,11,5,5030833,Motardstra·e,2019,11,17,5,3,2,6,2,0,1,0,0,0,0,1,7892497959,5829176139,1326548,525357
201635,11,12,12224230,Heiligensee,2019,11,10,5,3,5,3,0,0,1,0,0,0,0,0,7870781967,5838222644,1324139,5261796
201636,11,12,12304314,Ziekowstra·e/Freie Scholle,2019,11,17,5,2,6,2,2,0,1,1,0,0,0,1,7906122107,5835984775,1329147,5259602
201637,11,4,4010102,Plîtzensee,2019,11,17,5,2,5,2,2,0,1,0,1,0,0,1,791662481,5830679232,1330227,5254789
201638,11,10,10010308,Marzahner Chaussee,2019,11,17,5,3,2,6,2,0,1,0,0,0,0,1,8064441501,5830199483,1351915,5253548
201639,11,10,10010310,Alt-Marzahn,2019,11,17,5,3,6,2,2,0,1,1,0,0,0,1,808469905,5831153094,1354981,5254288
201640,11,7,7020201,Bayerischer Platz,2019,11,16,5,3,2,6,2,0,1,0,0,0,0,1,7949645943,5824287136,1334516,5248881
201641,11,11,11041027,Tierpark,2019,11,19,5,3,6,3,2,0,1,1,0,0,0,0,807388767,5827384945,1353043,5250972
201642,11,8,8010301,Reuterkiez,2019,11,9,5,3,5,3,0,0,1,0,1,0,0,0,801317476,582399848,1343818,5248276
201643,11,3,3030406,Alt-Karow,2019,11,16,5,3,1,5,2,1,1,0,0,0,1,1,8034218046,5838399315,1348223,5261066
201644,11,1,1011303,Alexanderplatzviertel,2019,11,17,5,3,6,4,2,0,1,1,0,0,0,1,7994629722,5828803719,1341528,5252685
201645,11,4,4030827,Karl-August-Platz,2019,11,16,5,3,6,2,2,0,1,1,0,0,0,1,7927381554,582609449,1331405,5250621
201646,11,9,9031101,GrÅnau,2019,11,8,5,3,5,3,0,0,1,0,1,0,0,0,8110658492,5818034549,1357572,5242384
201647,11,7,7010101,Wittenbergplatz/Viktoria-Luise-Platz,2019,11,16,5,2,6,4,2,0,1,1,0,0,0,1,7946743519,5825724457,1334217,5250185
201648,11,7,7050505,Hundsteinweg,2019,11,9,5,2,1,7,0,0,1,0,0,0,1,0,7992676393,5818637897,1340328,5243583
201649,11,1,1033202,Humboldthain SÅd,2019,11,16,5,3,5,2,2,1,1,0,0,0,0,1,7978946426,5829897107,1339321,5253751
201650,11,1,1011203,Unter den Linden SÅd,2019,11,16,5,3,5,2,1,0,1,0,0,0,1,1,7976225356,5827025787,1338664,5251192
201651,11,2,2010103,Moritzplatz,2019,11,6,5,3,5,5,2,1,0,0,0,0,1,0,7995387278,5826248422,1341409,525039
201652,11,12,12103116,Hausotterplatz,2019,11,15,5,3,6,4,1,0,1,1,0,0,0,1,7962067482,5833349934,1337148,5256938
201653,11,12,12301205,Waidmannslust,2019,11,15,5,3,6,4,0,0,1,1,0,0,0,1,7924384757,5837311965,1331953,5260693
201654,11,3,3061434,Anton-Saefkow-Park,2019,11,15,5,3,5,2,1,1,0,0,0,0,1,0,8011881698,5829489973,1344125,5253205
201655,11,9,9010402,Johannisthal Ost,2019,11,9,5,3,6,2,0,0,1,1,0,0,0,0,8061699694,5819203404,1350502,5243708
201656,11,6,6040810,Dahlem,2019,11,15,5,3,6,4,1,0,0,1,0,0,1,1,7909654624,5820697249,132833,5245878
201657,11,9,9051702,Bîlschestra·e,2019,11,14,5,3,0,1,0,1,0,0,0,0,0,1,8151717596,5820955888,1363866,5244767
201658,11,12,12231101,Hermsdorf,2019,11,9,5,3,5,3,0,1,1,0,0,0,0,0,7925285647,5839293144,1332261,5262465
201659,11,6,6010206,Stadtpark,2019,11,14,5,2,0,7,0,0,1,0,0,0,0,1,7950407517,581963569,1334217,5244707
201660,11,1,1011302,Oranienburger Stra·e,2019,11,1,5,3,0,1,2,0,0,0,0,0,1,0,7988833176,5828579227,1340656,5252515
201661,11,1,1022201,Stephankiez,2019,11,12,5,3,6,4,0,0,1,1,0,0,0,1,7959651709,5828764359,1336383,5252841
201662,11,6,6030609,Augustaplatz,2019,11,12,5,2,6,2,0,0,1,1,0,0,0,0,7932620607,5819095773,133156,5244319
201663,11,1,2030302,Lausitzer Platz,2019,11,0,5,3,0,1,2,1,0,0,0,0,0,1,800490627,5826679437,1342846,5250724
201664,11,2,2010102,Mehringplatz,2019,11,20,4,3,6,4,2,0,1,1,0,0,0,0,7980511792,5826470194,1339244,525067
201665,11,1,1011303,Alexanderplatzviertel,2019,11,12,5,2,3,6,0,1,0,0,0,0,1,0,7991642779,5827801867,1340999,5251803
201666,11,3,3020210,Herthaplatz,2019,11,12,5,3,5,3,0,0,1,0,0,0,1,0,7984909078,5835386584,1340691,5258639
201667,11,9,9051901,Dammvorstadt,2019,11,17,4,3,0,5,2,0,1,1,0,0,1,1,811107432,5821513787,1357957,52455
201668,11,8,8010115,Hasenheide,2019,11,7,4,3,5,3,1,1,0,0,0,0,1,0,7998133193,5823665434,134158,524806
201669,11,4,4030827,Karl-August-Platz,2019,11,10,5,3,6,4,0,0,1,1,0,0,0,0,7923915405,5826050668,1330892,5250601
201670,11,12,12302212,Rollbergesiedlung,2019,11,11,5,3,1,5,0,0,1,0,0,0,0,1,7931081013,5837388382,1332946,5260726
201671,11,4,4030623,Ernst-Reuter-Platz,2019,11,9,5,3,5,2,0,1,1,0,0,0,0,0,7936837431,5826255475,1332809,5250715
201672,11,2,2030302,Lausitzer Platz,2019,11,20,4,3,6,4,2,0,1,1,0,0,0,0,800802311,5825807032,1343225,5249925
201673,11,2,2030301,Oranienplatz,2019,11,9,5,3,5,3,0,1,1,0,0,0,0,0,8002788154,5826092373,1342482,525021
201674,11,9,9020701,Adlershof West,2019,11,19,4,3,5,3,2,1,1,0,0,0,0,0,8074055729,5818327239,1352233,5242854
201675,11,6,6010207,Mittelstra·e,2019,11,8,5,3,2,2,0,1,1,0,0,0,0,0,7940553111,5820385066,1332837,5245432
201676,11,2,2010102,Mehringplatz,2019,11,22,5,3,5,3,2,1,1,0,0,0,0,1,7982481191,5826087731,1339499,5250317
201677,11,4,4051656,Hildegardstra·e,2019,11,18,4,3,5,2,2,1,1,0,0,0,0,0,7936760495,5823424209,1332548,5248177
201678,11,10,10040931,Mahlsdorf Nord,2019,11,20,5,3,5,2,2,0,1,0,0,0,0,1,8137340901,5829976203,1362607,5252933
201679,11,2,2050804,Stralauer Halbinsel,2019,11,18,5,3,2,6,2,0,1,0,0,0,0,1,8032398055,5825943985,1346817,5249913
201680,11,1,1033201,Brunnenstra·e,2019,11,20,5,3,6,2,2,0,1,1,0,0,0,1,7977081289,583069061,1339118,5254472
201681,11,2,2010103,Moritzplatz,2019,11,18,4,3,5,2,2,1,1,0,0,0,0,0,7991183786,5826276424,1340794,5250438
201682,11,12,12103115,Breitkopfbecken,2019,11,18,4,2,6,4,2,0,1,1,0,0,0,0,796075937,5833931266,1337007,5257466
201683,11,1,1044203,Leopoldplatz,2019,11,19,5,2,1,1,2,0,1,0,0,1,0,1,7957592074,5831905561,133636,5255668
201684,11,12,12231102,Frohnau,2019,11,19,5,2,1,5,2,1,1,0,0,0,0,1,7900203979,5840742453,1328693,5263898
201685,11,2,2030401,Reichenberger Stra·e,2019,11,14,4,3,5,3,0,0,1,0,0,0,0,0,8002934963,5825546972,1342454,524972
201686,11,4,4020310,Park Ruhwald,2019,12,22,4,3,4,1,2,0,1,0,0,1,0,0,7905535573,5827351815,1328305,5251865
201687,11,2,2030301,Oranienplatz,2019,12,22,4,3,5,2,2,0,1,0,1,0,0,0,8001663415,5825881189,1342298,5250027
201688,11,8,8041035,Blumenviertel,2019,12,21,4,3,1,1,2,0,1,0,0,0,0,0,8037913825,5818796003,1346977,5243476
201689,11,2,2050801,Traveplatz,2019,12,12,4,2,1,1,0,1,1,0,0,0,0,1,8032460967,5827429657,1346962,5251244
201690,11,1,1022104,Emdener Stra·e,2019,12,11,4,3,2,6,0,0,1,0,0,0,0,0,7945743626,582848341,1334314,5252664
201691,11,8,8010405,Hertzbergplatz,2019,12,9,4,3,1,5,0,1,1,0,0,0,1,0,8022346276,5823821476,1345149,5248066
201692,11,4,4051448,Schaperstra·e,2019,12,9,4,3,2,2,0,1,1,0,0,0,0,1,7942461599,582542357,1333561,5249939
201693,11,11,10010203,Gewerbegebiet Bitterfelder Stra·e,2019,12,9,4,3,5,2,0,1,1,0,0,0,0,0,8069119213,5832618356,1352826,5255689
201694,11,4,4041240,Messelpark,2019,12,9,4,3,5,3,0,1,1,0,0,0,0,1,7909584373,5822396911,1328468,5247402
201695,11,2,2040703,Wriezener Bahnhof/Entwicklungsgebiet,2019,12,9,4,2,6,4,0,0,1,1,0,0,0,0,8009325393,582683647,1343509,5250841
201696,11,1,1011203,Unter den Linden SÅd,2019,12,9,4,3,1,5,0,1,1,0,0,0,1,0,7983153498,582728554,1339705,5251387
201697,11,9,9020502,Oberschîneweide Ost,2019,12,8,4,3,5,3,0,0,1,0,0,0,0,1,806841583,5822481778,1351788,5246609
201698,11,5,5010311,Eiswerder,2019,12,8,4,3,3,6,0,0,1,0,1,0,0,1,7854124518,5830433432,1321014,52549
201699,11,3,3040614,Pankow Zentrum,2019,12,5,4,3,0,3,2,0,0,0,1,0,0,1,7979728989,5833202693,1339733,525671
201700,11,6,6040805,FischerhÅttenstra·e,2019,12,16,4,3,0,2,2,0,1,1,0,0,0,0,7891687644,5818564892,1325508,5244061
201701,11,1,1044102,Schillerpark,2019,12,16,4,3,1,5,2,1,1,0,0,0,1,1,7946517923,5831827951,1334725,5255658
201702,11,6,6030609,Augustaplatz,2019,12,14,4,3,5,2,0,0,1,0,0,0,0,0,7932016897,581980189,1331533,5244955
201703,11,9,9010302,SpÑthsfelde,2019,12,14,4,3,5,3,0,1,1,0,0,0,0,0,8049379973,5820711101,1348833,5245128
201704,11,10,10010309,Springpfuhl,2019,12,15,3,3,4,6,1,1,1,0,0,0,0,1,8082771321,5828835513,1354482,5252222
201705,11,5,5010314,Carl-Schurz-Stra·e,2019,12,11,3,2,6,4,0,0,1,1,0,0,0,1,7847397927,5828820736,1319886,5253489
201706,11,6,6030503,Zehlendorf Mitte,2019,12,9,3,3,0,2,0,1,1,0,0,0,0,1,7895687598,5817313778,1325987,5242918
201707,11,11,11020411,Malchower Weg,2019,12,9,3,2,6,4,0,0,1,1,0,0,0,1,805683173,5831896464,1350953,5255111
201708,11,2,2040503,Richard-Sorge-Viertel,2019,12,10,3,3,2,6,0,0,1,0,0,0,1,1,8014087892,5828752465,1344383,5252532
201709,11,4,4020311,Reichsstra·e,2019,12,9,3,3,5,3,0,0,1,0,0,0,0,1,7893605175,5826200571,1326452,5250897
201710,11,7,7040403,Manteuffelstra·e,2019,12,9,3,2,5,3,0,0,1,0,0,0,0,2,7977072965,5821054158,1338255,5245834
201711,11,8,8010303,Donaustra·e,2019,12,8,3,3,3,6,0,1,1,0,0,0,0,0,8012432645,5823811382,1343692,5248112
201712,11,8,8020621,Mohriner Allee Nord,2019,12,8,3,3,2,6,0,0,1,0,0,0,0,0,8001884425,5820494443,1341845,5245197
201713,11,11,11030824,Frankfurter Allee SÅd,2019,12,7,3,3,0,1,0,1,0,0,0,0,0,2,8036927441,5827471119,1347622,5251257