OBJECTID,LAND,BEZ,LOR,STRASSE,UJAHR,UMONAT,USTUNDE,UWOCHENTAG,UKATEGORIE,UART,UTYP1,ULICHTVERH,IstRad,IstPKW,IstFuss,IstKrad,IstGkfz,IstSonstige,USTRZUSTAND,LINREFX,LINREFY,XGCSWGS84,YGCSWGS84
201714,11,6,6030503,Zehlendorf Mitte,2019,12,8,3,3,6,2,0,0,1,1,0,0,0,0,7906498461,581785195,1327619,5243343
201715,11,2,2020203,Viktoriapark,2019,12,7,3,3,0,2,0,1,0,0,0,0,1,2,7975314061,5824961048,1338345,5249346
201716,11,9,9020701,Adlershof West,2019,12,7,3,3,5,2,1,0,1,0,1,0,0,1,8094033106,5818447311,1355173,5242849
201717,11,5,5030730,Zitadellenweg,2019,12,5,3,3,1,5,2,0,1,0,0,0,0,2,7864302162,5830842156,1322546,5255213
201718,11,12,12304314,Ziekowstra·e/Freie Scholle,2019,12,5,3,3,5,2,2,0,1,0,0,0,0,2,7906895424,5835381467,1329208,5259057
201719,11,1,1011401,Invalidenstra·e,2019,12,21,3,3,6,2,2,0,1,1,0,0,0,1,7983028717,5829372301,1339874,5253258
201720,11,12,12304313,Borsigwalde,2019,12,20,3,3,5,2,2,0,1,0,0,0,0,0,7914888413,5834332164,1330293,5258073
201721,11,3,3050925,Komponistenviertel Wei·ensee,2019,12,20,3,3,0,1,2,0,0,0,1,0,0,2,80271052,5831810309,1346574,52552
201722,11,9,9010402,Johannisthal Ost,2019,12,20,3,3,5,2,2,1,1,0,0,0,0,1,8067341903,5820275783,1351428,5244638
201723,11,9,9041501,Altstadt Kietz,2019,12,17,3,3,1,1,2,0,1,0,1,0,0,1,8113631173,5820109072,1358201,5244227
201724,11,3,3061429,Greifswalder Stra·e,2019,12,17,3,3,5,2,2,1,1,0,0,0,0,1,8011350391,5830741216,1344161,5254329
201725,11,3,3051017,Rennbahnstra·e,2019,12,17,3,3,2,6,2,0,1,0,0,0,0,1,8022171832,5832999726,1345957,5256294
201726,11,10,10040931,Mahlsdorf Nord,2019,12,18,3,3,2,2,2,0,1,0,0,0,0,1,8133400995,5829180959,1361953,5252243
201727,11,1,1011302,Oranienburger Stra·e,2019,12,18,3,3,1,5,2,1,1,0,0,0,0,1,7983842376,5828507565,1339916,5252479
201728,11,1,1011304,Karl-Marx-Allee,2019,12,16,3,3,2,2,2,0,1,0,0,0,0,1,799594042,582800908,1341649,5251965
201729,11,11,11051331,Karlshorst Nord,2019,12,7,3,3,0,6,1,1,1,0,0,0,0,2,80752927,5825486428,1353074,5249263
201730,11,7,7040404,Marienhîhe,2019,12,17,3,3,6,2,2,0,1,1,0,0,0,1,7961425559,5820762982,1335933,5245658
201731,11,12,12103117,Letteplatz,2019,12,17,3,3,1,5,2,0,1,0,1,0,0,1,7960281914,5832736851,133683,5256398
201732,11,3,3050925,Komponistenviertel Wei·ensee,2019,12,16,3,2,6,4,2,0,1,1,0,0,0,1,802223095,5831555852,1345834,5254999
201733,11,3,3061228,Erich-Weinert-Stra·e,2019,12,17,3,3,2,6,2,0,1,0,0,0,0,1,8007671351,5830597635,1343607,5254221
201734,11,3,3061227,Humannplatz,2019,12,16,3,3,5,3,2,0,1,0,0,0,0,1,8000866489,5831670999,1342703,5255221
201735,11,1,1022101,Huttenkiez,2019,12,16,3,3,5,2,2,0,1,0,0,0,0,1,7927366597,5828278835,1331595,525258
201736,11,3,3061126,Arnimplatz,2019,12,15,3,3,5,3,0,1,1,0,0,0,0,1,7992430394,583180461,1341475,5255387
201737,11,7,7060603,Marienfelde Nordost,2019,12,15,3,2,1,5,0,0,1,0,0,0,0,1,7976348192,5817302655,1337815,5242475
201738,11,1,1011203,Unter den Linden SÅd,2019,12,15,3,3,5,3,0,1,1,0,0,0,0,1,7982966319,5827336243,1339682,5251433
201739,11,4,4051445,Eisenzahnstra·e,2019,12,15,3,3,2,6,0,0,1,0,0,0,0,0,792501911,5824453776,1330914,5249163
201740,11,4,4031032,Halensee,2019,12,14,3,3,5,2,0,1,1,0,0,0,0,0,7915814276,5824876138,1329599,5249591
201741,11,11,11020515,Landsberger Allee,2019,12,7,3,3,6,2,2,0,1,1,0,0,0,1,8046353764,583050675,1349285,5253925
201742,11,2,2020204,Urbanstra·e,2019,12,13,3,3,1,5,0,1,1,0,0,0,0,1,7979004509,5825059328,1338896,5249414
201743,11,9,9051901,Dammvorstadt,2019,12,12,3,3,6,6,0,0,1,1,0,0,0,1,8107802246,582127268,1357455,5245303
201744,11,9,9051901,Dammvorstadt,2019,12,11,3,2,5,2,0,1,1,0,0,0,0,0,8099465136,5821592918,1356262,5245637
201745,11,2,2020203,Viktoriapark,2019,12,20,2,2,5,2,2,0,1,0,0,0,0,1,7971267259,5823996387,1337665,5248503
201746,11,1,1022206,LÅneburger Stra·e,2019,12,21,2,2,3,6,2,1,0,0,0,0,0,1,7962587349,582852894,1336794,5252614
201747,11,12,12231101,Hermsdorf,2019,12,16,2,3,1,5,2,1,0,0,0,0,1,0,7905458243,5837006397,1329139,5260521
201748,11,4,4031032,Halensee,2019,12,17,2,3,6,2,2,0,1,1,0,0,0,1,7915729051,5825112686,1329607,5249804
201749,11,4,4010101,Jungfernheide,2019,12,17,2,3,2,6,2,0,1,0,0,0,0,1,7912697091,5830705135,1329652,5254833
201750,11,7,7040402,Lindenhofsiedlung,2019,12,17,2,3,6,2,2,0,1,1,0,0,0,1,7968164224,5821985236,133703,5246717
201751,11,2,2040502,Friedenstra·e,2019,12,17,2,3,5,3,2,0,1,0,0,0,1,1,8012508799,5827844736,1344068,5251727
201752,11,7,7060604,Marienfelde SÅd,2019,12,17,2,2,6,4,2,0,1,1,0,0,0,1,7957998326,5816024846,1335011,524143
201753,11,1,1011301,CharitÇviertel,2019,12,16,2,3,2,6,2,1,1,0,0,0,0,1,7970529126,5829317609,1338032,5253277
201754,11,8,8010509,Schulenburgpark,2019,12,16,2,3,1,5,2,1,1,0,0,0,0,1,8034021132,5822522547,1346744,5246837
201755,11,12,12214423,Mellerbogen,2019,12,16,2,3,5,3,2,0,1,0,0,0,0,1,79256971,5833290412,1331791,5257081
201756,11,2,2040502,Friedenstra·e,2019,12,16,2,3,5,2,2,0,1,0,0,0,1,1,8004816695,5828454925,1342993,5252316
201757,11,6,6020409,Kînigsberger Stra·e,2019,12,16,2,3,5,2,2,1,1,0,0,0,0,1,7931231977,5817653075,1331229,5243033
201758,11,4,4030519,Kaiserin-Augusta-Allee,2019,12,16,2,3,2,6,2,0,1,0,0,0,0,1,7923674164,5828251877,133105,5252575
201759,11,2,2050802,Boxhagener Platz,2019,12,15,2,3,0,7,1,1,0,0,0,0,0,1,8024126155,5827071589,1345705,525097
201760,11,2,2010102,Mehringplatz,2019,12,16,2,2,6,4,2,0,1,1,0,0,0,1,7983461787,582556403,1339596,5249842
201761,11,2,2050602,Samariterviertel,2019,12,22,2,3,8,1,2,0,1,0,0,0,0,0,8027199892,5828222652,1346261,5251984
201762,11,8,8010301,Reuterkiez,2019,12,14,2,3,5,3,0,1,1,0,0,0,0,1,8010617087,582492198,1343526,5249118
201763,11,6,6020303,Lankwitz Kirche,2019,12,14,2,3,2,6,0,0,1,0,0,1,0,0,7955066153,5818614509,133481,5243767
201764,11,2,2010104,Wassertorplatz,2019,12,21,2,2,3,6,2,1,1,0,0,0,0,1,7999511074,5825475336,1341945,5249675
201765,11,3,3061430,Volkspark Prenzlauer Berg,2019,12,19,2,3,5,7,2,0,1,0,0,0,1,1,8025336222,5829303103,1346086,5252963
201766,11,7,7040405,Rathaus Tempelhof,2019,12,13,2,3,2,6,0,0,1,0,0,1,0,0,7994151315,5821781445,1340826,5246393
201767,11,6,6040810,Dahlem,2019,12,19,2,3,6,2,2,0,1,1,0,0,0,1,7926340147,582175527,1330871,5246737
201768,11,1,1033102,Gesundbrunnen,2019,12,13,2,3,2,6,0,0,1,0,0,1,0,1,7973353,5831873267,1338675,5255553
201769,11,12,12301203,Wittenau SÅd,2019,12,12,2,3,0,5,0,0,1,0,0,0,1,1,7923727267,5834073244,1331571,5257794
201770,11,3,3061228,Erich-Weinert-Stra·e,2019,12,18,2,2,6,2,2,0,1,1,0,0,0,1,8009573686,5831228115,1343943,5254776
201771,11,3,3040512,Wilhelmsruh,2019,12,16,2,3,6,4,2,0,1,1,0,0,0,1,7960562504,5835790922,1337144,5259134
201772,11,9,9010202,Kîpenicker Landstra·e,2019,12,11,2,3,5,2,0,0,1,0,0,0,0,0,8041057701,5823594677,1347875,5247759
201773,11,7,7060604,Marienfelde SÅd,2019,12,17,2,3,1,5,2,0,1,0,0,0,0,1,7960230255,5815973188,1335333,5241371
201774,11,6,6020411,SchÅtte-Lanz-Stra·e,2019,12,11,2,3,0,3,0,0,0,0,0,0,1,0,7941395049,58159881,1332573,5241486
201775,11,4,4030621,Spreestadt,2019,12,9,2,3,5,2,0,0,1,0,1,0,0,1,7935643737,5827768619,1332767,5252078
201776,11,4,4031032,Halensee,2019,12,5,2,3,5,7,2,0,1,0,0,1,0,0,7914520004,5825068603,1329426,5249771
201777,11,3,3010101,Bucher Forst,2019,12,5,2,3,5,3,2,1,1,0,0,0,0,0,8038508027,5841447337,1349135,5263774
201778,11,8,8010508,Wei·e Siedlung,2019,12,4,2,3,4,6,2,0,1,0,0,0,0,1,803534327,5823039263,1346985,5247293
201779,11,2,2050802,Boxhagener Platz,2019,12,2,2,3,6,4,2,0,1,1,0,0,0,0,8023826637,5827300558,1345682,5251176
201780,11,3,3040614,Pankow Zentrum,2019,12,17,2,3,5,7,2,1,1,0,0,0,0,1,7977602694,5832938574,1339396,5256484
201781,11,11,11051332,Karlshorst SÅd,2019,12,7,2,3,5,2,0,1,1,0,0,0,0,0,807202691,5823904841,1352449,5247864
201782,11,7,7040403,Manteuffelstra·e,2019,12,22,1,3,5,3,2,0,1,0,0,0,0,0,7978703308,5821928962,1338572,524661
201783,11,1,1044101,Rehberge,2019,12,21,1,3,1,6,2,0,1,0,0,0,1,0,7943556596,5830502768,1334172,5254486
201784,11,3,3061126,Arnimplatz,2019,12,19,1,2,6,4,2,0,0,1,0,0,1,0,7991139645,5831778011,1341283,525537
201785,11,5,5020626,Adamstra·e,2019,12,18,1,3,5,2,2,0,1,0,1,0,0,0,7845904669,5827965905,1319594,525273
201786,11,11,11030721,RÅdigerstra·e,2019,12,14,1,3,0,4,0,1,0,1,0,0,0,0,8038967869,58278947,134796,5251625
201787,11,8,8010213,Kîrnerpark,2019,12,13,1,3,5,3,0,0,1,0,0,0,0,0,8012568032,5822874906,1343628,5247272
201788,11,3,3051017,Rennbahnstra·e,2019,12,10,1,3,2,6,0,0,1,0,0,0,0,0,802079698,5832793818,1345736,5256117
201789,11,8,8040933,Vogelviertel SÅd,2019,12,4,1,2,5,3,2,0,1,0,0,0,0,0,8033004102,5818517654,1346231,5243253
201790,11,2,2040502,Friedenstra·e,2019,12,1,1,2,6,7,2,0,1,1,0,0,0,0,8007111855,5828470544,1343332,5252317
201791,11,1,1011303,Alexanderplatzviertel,2019,12,1,1,3,5,3,2,0,1,0,0,0,1,0,7994998609,5828347157,1341541,5252274
201792,11,2,2020204,Urbanstra·e,2019,11,15,7,3,0,6,0,0,1,0,1,0,0,0,7986715546,5825128383,1340035,5249434
201793,11,1,1022206,LÅneburger Stra·e,2019,11,12,7,3,5,3,0,1,1,0,0,0,0,0,7959244933,5828125712,1336267,525227
201794,11,12,12304314,Ziekowstra·e/Freie Scholle,2019,11,0,7,3,2,6,2,0,1,0,0,0,0,0,7900835001,5836067402,1328376,5259704
201795,11,5,5010314,Carl-Schurz-Stra·e,2019,11,9,7,3,6,2,0,0,1,1,0,0,0,0,7848320202,5829236823,1320058,5253857
201796,11,1,1011303,Alexanderplatzviertel,2019,11,3,7,3,2,6,2,0,1,0,0,0,0,0,7991153802,5828989094,1341034,525287
201797,11,1,1011301,CharitÇviertel,2019,11,23,7,3,1,5,2,1,0,0,0,0,1,0,797286191,5829045714,133835,5253021
201798,11,2,2050602,Samariterviertel,2019,11,19,7,3,5,3,2,0,1,0,1,0,0,0,8029234313,5828260635,1346564,5252007
201799,11,3,3020307,Buchholz,2019,11,18,7,3,5,2,2,1,1,0,0,0,0,0,8004656378,5836192223,134367,5259252
201800,11,8,8010211,Flughafenstra·e,2019,11,18,7,3,5,2,2,0,1,0,0,0,0,0,8008613459,5823837568,1343134,5248157
201801,11,5,5030731,Gartenfelder Stra·e,2019,11,16,7,3,5,2,1,0,1,0,0,0,0,0,788032234,5829372841,1324775,5253811
201802,11,12,12214527,Alt-Tegel,2019,11,16,7,3,2,6,1,0,1,0,0,0,0,0,7901552313,5835807309,1328459,5259467
201803,11,3,3061228,Erich-Weinert-Stra·e,2019,11,18,7,3,2,6,2,0,1,0,0,0,0,0,800303629,583158972,1343015,5255136
201804,11,5,5010314,Carl-Schurz-Stra·e,2019,11,14,7,2,6,4,0,0,1,1,0,0,0,0,7848012428,5828808648,1319976,5253475
201805,11,11,11030617,Hohenschînhausener Stra·e,2019,11,12,7,2,5,2,0,0,1,0,0,0,1,0,8031952991,5829991558,1347121,5253543
201806,11,7,7050501,Rathausstra·e,2019,11,14,7,3,2,6,0,0,1,0,0,0,0,0,7973542755,5819351155,1337585,5244327
201807,11,2,2030302,Lausitzer Platz,2019,11,7,7,3,0,7,0,1,0,0,0,0,0,0,8003603496,5825763326,1342572,524991
201808,11,2,2050803,Stralauer Kiez,2019,11,4,7,3,0,1,2,0,0,0,0,0,1,0,8032259444,5826324115,1346832,5250254
201809,11,2,2050803,Stralauer Kiez,2019,11,19,7,3,6,2,2,0,1,1,0,0,0,1,8026077307,5826135813,1345907,525012
201810,11,2,2010104,Wassertorplatz,2019,11,17,6,3,5,2,2,0,1,0,0,0,0,0,7985835001,5825563686,1339945,5249829
201811,11,8,8030829,Gropiusstadt Nord,2019,11,19,6,3,5,7,2,0,1,0,0,0,0,1,8031600177,5818438588,1346018,524319
201812,11,5,5010314,Carl-Schurz-Stra·e,2019,11,18,6,3,5,2,2,1,1,0,0,0,0,0,7848377366,5829252838,1320067,5253871
201813,11,5,5010314,Carl-Schurz-Stra·e,2019,11,18,6,3,6,4,2,0,1,1,0,0,0,0,7846519776,5829295435,1319798,5253919
201814,11,8,8010118,Silbersteinstra·e,2019,11,18,6,3,0,6,2,0,0,0,1,0,1,0,8009274615,5822339734,1343096,524681
201815,11,2,2010104,Wassertorplatz,2019,11,17,6,3,3,2,1,1,1,0,0,0,0,0,7994436293,5825642334,1341215,5249852
201816,11,2,2020206,Graefekiez,2019,11,16,6,3,5,2,2,1,1,0,0,0,0,0,7990715097,5824566771,1340572,5248909
201817,11,1,1033102,Gesundbrunnen,2019,11,15,6,3,1,5,0,0,1,0,0,1,0,0,7971794115,5831370965,1338401,5255111
201818,11,8,8010302,BouchÇstra·e,2019,11,14,6,3,5,3,0,0,1,0,0,0,0,1,8015495268,5824662018,1344219,5248858
201819,11,9,9031202,Schmîckwitz/Rauchfangswerder,2019,11,12,6,3,0,6,0,0,1,0,1,0,0,1,8187960225,5812577851,1368383,523705
201820,11,6,6030503,Zehlendorf Mitte,2019,11,12,6,3,5,7,0,0,1,0,0,0,1,0,7895093785,5817714236,1325934,524328
201821,11,1,1033202,Humboldthain SÅd,2019,11,12,6,3,5,2,0,0,1,0,0,0,0,0,7977669202,5829737431,1339119,5253615
201822,11,6,6010210,Bismarckstra·e,2019,11,11,6,3,6,4,0,0,1,1,0,0,0,0,79513259,5821236242,1334493,5246137
201823,11,12,12304314,Ziekowstra·e/Freie Scholle,2019,11,11,6,3,5,2,0,0,1,0,0,0,0,0,7906838561,5835383681,13292,5259059
201824,11,7,7060601,Marienfelder Allee Nordwest,2019,11,11,6,2,1,5,0,0,1,0,0,0,0,0,7964124206,5816601071,133596,5241913
201825,11,2,2010102,Mehringplatz,2019,11,9,6,3,6,4,0,0,0,1,0,0,1,0,7980572035,5826485516,1339254,5250684
201826,11,5,5030731,Gartenfelder Stra·e,2019,11,9,6,3,2,6,0,0,1,0,0,1,0,0,787968431,5830419775,1324772,5254753
201827,11,7,7030302,CeciliengÑrten,2019,11,9,6,3,5,3,0,1,1,0,0,0,0,0,7945128068,5821899596,1333642,5246765
201828,11,2,2010102,Mehringplatz,2019,11,16,6,2,0,7,2,1,0,0,0,0,0,0,7982773548,5825704866,1339508,5249972
201829,11,1,1033101,Soldiner Stra·e,2019,11,9,6,3,2,6,0,0,1,0,0,0,0,0,7961364159,5832246407,1336946,5255953
201830,11,7,7010102,Nollendorfplatz,2019,11,9,6,3,6,4,0,1,0,1,0,0,0,1,7958720152,5825386683,1335946,5249818
201831,11,2,2040502,Friedenstra·e,2019,11,8,6,3,5,2,0,1,0,0,0,0,1,0,8012213527,5828648384,1344098,5252449
201832,11,2,2020205,Chamissokiez,2019,11,8,6,3,6,4,0,1,0,1,0,0,0,1,7984934234,5824509757,1339718,5248889
201833,11,10,10010102,Havemannstra·e,2019,11,7,6,3,6,4,2,0,1,1,0,0,0,1,8099819774,5834056458,1357474,5256804
201834,11,5,5030730,Zitadellenweg,2019,11,19,5,3,2,6,2,0,1,0,0,0,0,1,7866269872,5829236496,1322697,5253763
201835,11,9,9052001,Kîpenick Nord,2019,11,19,5,2,1,5,2,0,1,0,0,0,1,1,811592596,582315958,1358823,5246947
201836,11,4,4030929,Hindemithplatz,2019,11,19,5,3,2,6,2,0,1,0,0,0,0,1,7927119199,5825653058,1331328,5250227
201837,11,4,4030620,Alt-Lietzow,2019,11,18,5,3,3,6,2,0,1,0,1,0,0,1,7917568226,5827499326,1330087,5251933
201838,11,8,8010301,Reuterkiez,2019,11,18,5,3,2,3,2,0,1,0,0,0,0,1,8011647891,5824106964,1343604,5248381
201839,11,1,1044202,Sparrplatz,2019,11,18,5,2,6,2,2,0,1,1,0,0,0,1,7956074112,5830515309,1336013,525443
201840,11,3,3061126,Arnimplatz,2019,11,19,5,2,6,2,2,0,0,1,0,0,1,0,7984131331,5831839868,1340258,5255464
201841,11,7,7050502,Fritz-Werner-Stra·e,2019,11,18,5,3,5,2,2,0,1,0,0,0,0,1,7983765102,5818418003,1339002,5243435
201842,11,11,11040925,Victoriastadt,2019,11,17,5,3,0,6,2,0,1,0,1,0,0,1,80371319,5826313135,1347546,5250217
201843,11,1,1044202,Sparrplatz,2019,11,17,5,3,2,6,2,0,1,0,0,0,0,1,7950465246,5830331652,1335172,5254295
201844,11,11,11020513,Orankesee,2019,11,17,5,3,5,2,2,0,1,0,0,0,0,1,8028841494,5831200461,1346774,5254644
201845,11,6,6030608,Schweizer Viertel,2019,11,17,5,3,6,2,2,0,1,1,0,0,0,1,79252007,5817218802,1330307,5242676
201846,11,11,11030720,Herzbergstra·e,2019,11,17,5,2,6,4,2,1,0,1,0,0,0,1,8058347277,5830108255,1351011,52535
201847,11,12,12231101,Hermsdorf,2019,11,17,5,3,1,5,2,0,1,0,0,0,0,0,7916260606,5837854732,1330805,5261224
201848,11,1,1011401,Invalidenstra·e,2019,11,17,5,3,5,3,2,1,1,0,0,0,0,1,7980497537,58291523,1339482,5253075
201849,11,5,5010314,Carl-Schurz-Stra·e,2019,11,17,5,3,6,4,2,0,1,1,0,0,0,1,7844939327,5828880303,131953,5253555
201850,11,10,10040933,Mahlsdorf SÅd,2019,11,16,5,3,5,3,2,1,1,0,0,0,0,1,812363794,5823794055,1360014,5247472
201851,11,10,10020622,Kaulsdorf Nord I,2019,11,16,5,3,6,7,2,0,0,1,0,0,1,0,811167851,5828452218,1358694,5251714
201852,11,9,9041501,Altstadt Kietz,2019,11,16,5,3,6,4,2,0,1,1,0,0,0,1,8114311448,5820226984,1358312,5244328
201853,11,1,1011303,Alexanderplatzviertel,2019,11,15,5,3,5,2,0,1,1,0,0,0,0,0,7991087869,582846604,1340977,5252402
201854,11,10,10010204,Wuhletalstra·e,2019,11,14,5,3,6,4,0,0,1,1,0,0,0,0,8100018318,5833209455,1357424,5256044
201855,11,4,4051549,Rathaus Wilmersdorf,2019,11,21,5,3,5,2,2,1,1,0,0,0,0,1,7933083703,582391597,1332051,5248638
201856,11,9,9020701,Adlershof West,2019,11,12,5,3,1,5,0,0,1,0,0,0,0,0,8074041085,5819022965,1352295,5243477
201857,11,12,12103218,Teichstra·e,2019,11,13,5,3,2,6,0,0,1,0,0,0,0,1,7943336248,5835477921,1334581,5258947
201858,11,3,3071537,Kollwitzplatz,2019,11,13,5,3,7,7,0,1,0,0,0,0,0,0,7993880183,5830035769,1341529,5253793
201859,11,11,11040926,Weitlingstra·e,2019,11,12,5,3,5,2,0,0,1,0,0,0,0,0,8055610154,582726736,1350348,525097
201860,11,5,5010207,Darbystra·e,2019,11,12,5,3,2,3,0,0,1,0,1,0,0,0,7829695624,5830876682,1317459,5255425
201861,11,4,4051445,Eisenzahnstra·e,2019,11,20,5,3,5,7,2,0,1,0,1,0,0,1,7922095688,5824076467,1330452,5248841
201862,11,9,9020501,Oberschîneweide West,2019,11,12,5,3,5,7,0,0,1,0,0,1,0,0,8067645003,5823073932,1351729,5247144
201863,11,9,9010202,Kîpenicker Landstra·e,2019,11,20,5,3,5,3,2,1,1,0,0,0,0,1,8044636843,5823218044,1348366,5247402
201864,11,2,2030302,Lausitzer Platz,2019,11,11,5,3,5,7,0,1,1,0,0,0,0,0,8008689969,5825858356,1343328,5249967
201865,11,12,12214424,Scharnweberstra·e,2019,11,10,5,3,5,2,0,1,1,0,0,0,0,0,793550331,5832378687,1333153,5256211
201866,11,11,11010310,MÅhlengrund,2019,11,10,5,3,6,2,0,0,0,1,0,1,0,0,80554115,5833383135,1350881,5256452
201867,11,3,3020307,Buchholz,2019,11,10,5,3,1,5,0,1,0,0,0,0,1,0,8002003648,5836790939,1343334,5259803
201868,11,10,10020415,Hellersdorfer Promenade,2019,11,8,5,3,5,3,0,1,1,0,0,0,0,0,8126866434,5831086145,1361172,5253988
201869,11,5,5040934,Alt-Gatow,2019,11,8,5,3,2,6,0,0,1,0,0,0,0,0,7839304335,5823390151,1318233,5248662
201870,11,2,2030302,Lausitzer Platz,2019,11,7,5,3,6,4,0,1,1,1,0,0,0,1,8005260879,5826324828,1342866,5250404
201871,11,5,5030731,Gartenfelder Stra·e,2019,11,5,5,3,5,2,2,1,1,0,0,0,0,1,7877120704,5829413393,1324308,5253864
201872,11,7,7010102,Nollendorfplatz,2019,11,18,4,3,2,7,2,1,1,0,0,0,0,1,7953928165,5825166826,1335223,5249647
201873,11,7,7040405,Rathaus Tempelhof,2019,11,17,4,3,6,6,2,1,0,1,0,0,0,0,7982693576,582129821,1339102,5246023
201874,11,3,3061228,Erich-Weinert-Stra·e,2019,11,19,4,3,5,3,2,0,1,0,0,0,0,1,8011526118,5831119916,1344221,5254668
201875,11,8,8010214,Glasower Stra·e,2019,11,20,4,3,1,5,2,1,1,0,0,0,0,0,8012055016,5822209869,1343492,5246679
201876,11,8,8020727,Buckow Mitte,2019,11,16,4,3,6,2,1,0,1,1,0,0,0,1,800320787,5816737208,1341702,5241822
201877,11,1,1033101,Soldiner Stra·e,2019,11,19,4,2,1,5,2,0,1,0,0,0,1,1,7973737404,58324414,1338783,525606
201878,11,8,8010404,Rixdorf,2019,11,19,4,3,6,4,2,0,1,1,0,0,0,1,8025305777,582295654,1345505,5247275
201879,11,9,9010302,SpÑthsfelde,2019,11,19,4,3,2,6,2,0,1,0,0,0,0,1,80365729,5820714047,1346954,5245202
201880,11,6,6020302,Komponistenviertel Lankwitz,2019,11,18,4,3,6,2,2,0,1,1,0,0,0,1,7945882938,5818541439,1333456,5243751
201881,11,3,3061228,Erich-Weinert-Stra·e,2019,12,8,6,3,5,3,0,1,1,0,0,0,0,1,8007693757,583133389,1343677,5254881
201882,11,4,4010102,Plîtzensee,2019,11,18,4,3,5,2,2,0,1,0,0,0,0,1,7933531881,582967856,1332625,5253801
201883,11,8,8020620,Tempelhofer Weg,2019,11,18,4,3,8,1,2,0,1,0,0,0,0,1,8009901625,582082407,1343051,5245448
201884,11,6,6030501,Berlepschstra·e,2019,12,8,6,3,5,7,0,0,0,0,1,0,1,0,7886991291,5816806625,1324667,524251
201885,11,3,3061228,Erich-Weinert-Stra·e,2019,11,17,4,3,2,6,2,0,1,0,0,0,0,1,8011901252,5831052351,134427,5254605
201886,11,7,7070702,Alt-Lichtenrade/Tîpchiner Weg,2019,12,5,6,3,5,3,2,0,1,0,0,0,0,0,7999449001,5815827782,134107,5241027
201887,11,4,4051445,Eisenzahnstra·e,2019,11,17,4,3,5,2,2,1,1,0,0,0,0,1,7921469613,5824075564,133036,5248843
201888,11,12,12301203,Wittenau SÅd,2019,11,17,4,3,6,4,2,0,1,1,0,0,0,1,7939269748,5835287212,1333965,5258798
201889,11,4,4031032,Halensee,2019,12,6,6,3,2,6,0,0,1,0,0,0,0,1,7911871954,5824718827,1329006,5249471
201890,11,7,7050503,Eisenacher Stra·e,2019,11,17,4,3,5,7,2,0,1,0,1,0,0,1,7984305222,5820499058,1339267,5245297
201891,11,7,7030303,Grazer Platz,2019,11,17,4,3,5,3,2,0,1,0,0,0,0,1,7960634862,5822856738,1336003,524754
201892,11,6,6010207,Mittelstra·e,2019,11,17,4,3,5,3,2,1,1,0,0,0,0,1,7939505983,5820445077,1332688,5245492
201893,11,12,12214527,Alt-Tegel,2019,12,6,6,3,5,2,2,0,1,0,0,0,1,2,7899033995,5835694405,1328079,5259379
201894,11,3,3040614,Pankow Zentrum,2019,12,6,6,2,5,3,2,1,1,0,0,0,0,0,7987306526,5833696375,1340892,5257111
201895,11,2,2030302,Lausitzer Platz,2019,11,17,4,3,5,2,2,1,1,0,0,0,0,1,8004020402,5825786386,1342635,5249929
201896,11,1,1011102,Gro·er Tiergarten,2019,11,17,4,3,5,2,2,0,1,0,1,0,0,1,795079733,5827225231,1334945,5251509
201897,11,7,7020203,Kaiser-Wilhelm-Platz,2019,12,7,6,3,5,3,1,1,1,0,0,0,0,0,7955228782,5824356518,1335342,5248913
201898,11,1,1044202,Sparrplatz,2019,11,17,4,3,6,2,2,0,1,1,0,0,0,1,7950152244,583011323,1335107,5254101
201899,11,1,1022106,Elberfelder Stra·e,2019,11,20,4,3,5,2,2,1,1,0,0,0,0,0,7936978285,5828111581,1332993,5252378
201900,11,5,5010101,Hakenfelde Nord,2019,12,7,6,3,5,3,1,1,1,0,0,0,0,1,7850951964,5832236483,1320702,5256533
201901,11,8,8010404,Rixdorf,2019,12,0,6,2,6,2,2,0,1,1,0,0,0,0,8025738508,5823087175,134558,5247389
201902,11,1,1011401,Invalidenstra·e,2019,11,22,4,3,0,7,2,0,0,0,0,0,1,1,7973964651,5829158371,1338522,5253116
201903,11,3,3010104,Lietzengraben,2019,11,13,4,3,3,6,0,1,1,0,0,0,0,0,8008046897,5838719426,1344399,5261499
201904,11,11,11020515,Landsberger Allee,2019,12,13,6,2,6,4,0,0,1,1,0,0,0,1,803873107,5830122303,1348129,5253623
201905,11,6,6040810,Dahlem,2019,12,13,6,3,2,6,0,0,1,0,0,0,0,1,7903708551,5820824048,1327468,5246023
201906,11,10,10030727,Biesdorf SÅd,2019,11,13,4,3,2,6,0,0,1,0,0,0,1,0,8095820621,5824834434,1356028,5248563
201907,11,2,2040702,Weberwiese,2019,11,12,4,3,0,1,0,0,0,0,0,0,1,0,8018797172,5827402602,1344952,5251296
201908,11,9,9010301,Baumschulenstra·e,2019,11,12,4,3,2,6,0,0,1,0,0,0,0,1,8046594944,5822150111,1348556,5246434