OBJECTID,LAND,BEZ,LOR,STRASSE,UJAHR,UMONAT,USTUNDE,UWOCHENTAG,UKATEGORIE,UART,UTYP1,ULICHTVERH,IstRad,IstPKW,IstFuss,IstKrad,IstGkfz,IstSonstige,USTRZUSTAND,LINREFX,LINREFY,XGCSWGS84,YGCSWGS84
201909,11,11,11030619,Fennpfuhl Ost,2019,12,12,6,3,5,7,0,0,1,0,0,0,1,1,8036710387,582950391,1347776,525308
201910,11,7,7040401,Neu-Tempelhof,2019,11,12,4,3,3,6,0,1,0,0,0,1,0,0,797761442,5823954551,1338593,5248431
201911,11,4,4030519,Kaiserin-Augusta-Allee,2019,12,12,6,3,0,1,0,0,0,0,1,0,0,1,7921592017,5828115039,1330732,5252464
201912,11,8,2020206,Graefekiez,2019,11,11,4,3,2,6,0,0,1,0,0,0,1,0,8002939117,5824361144,1342348,5248657
201913,11,3,3051022,Hansastra·e,2019,11,11,4,3,5,3,0,0,1,0,0,0,0,0,8030004744,5832007164,1347018,5255361
201914,11,2,2010101,Askanischer Platz,2019,12,12,6,3,0,1,0,0,0,0,1,0,0,1,7977419065,5826099604,1338756,5250355
201915,11,6,6010205,SÅdende,2019,11,10,4,3,2,7,0,0,1,0,0,0,0,0,7959146142,581990008,1335522,5244897
201916,11,10,10020414,Helle Mitte,2019,11,16,4,3,6,4,2,0,0,1,0,0,1,1,812247438,5830698221,136049,5253665
201917,11,1,1011301,CharitÇviertel,2019,11,9,4,2,5,3,0,1,1,0,0,0,0,0,7970230803,5829351975,1337991,525331
201918,11,1,1044103,Westliche MÅllerstra·e,2019,12,11,6,3,6,2,0,0,0,1,0,0,1,0,7950442933,5830921596,1335221,5254824
201919,11,12,12214421,Reinickes Hof,2019,12,11,6,3,0,3,0,0,1,0,1,0,0,1,7931210341,5833869007,1332654,525757
201920,11,12,12302211,LÅbarser Stra·e,2019,11,7,4,3,5,3,0,0,1,0,0,0,0,0,7936600268,5837139285,1333737,5260473
201921,11,1,1011306,Heine-Viertel Ost,2019,11,16,4,3,6,2,2,0,1,1,0,0,0,1,7999816828,5826939982,1342122,5250986
201922,11,11,11041022,Rosenfelder Ring,2019,12,10,6,3,3,6,0,0,1,0,0,0,0,1,8066190736,5827397824,1351914,5251027
201923,11,6,6020303,Lankwitz Kirche,2019,12,18,6,1,6,2,2,0,1,1,0,0,0,1,795662463,5818244638,1335006,5243427
201924,11,5,5010314,Carl-Schurz-Stra·e,2019,11,7,4,2,5,2,0,0,0,0,0,0,1,0,784819209,5829150518,1320031,5253781
201925,11,11,11040926,Weitlingstra·e,2019,11,16,4,3,6,2,1,0,1,1,0,0,0,1,8061324241,5826844337,1351148,5250558
201926,11,6,6040806,Fischtal,2019,12,17,6,1,6,2,2,0,1,1,0,0,0,1,7888462584,5819589929,1325124,5244997
201927,11,2,2010103,Moritzplatz,2019,11,16,4,3,5,3,2,1,1,0,0,0,0,1,7992817464,5826219656,1341029,5250379
201928,11,10,10010309,Springpfuhl,2019,11,5,4,3,5,3,2,0,1,0,1,0,0,0,8078699505,5830165763,1354007,5253437
201929,11,1,1022203,LÅbecker Stra·e,2019,12,17,5,3,1,5,2,1,1,0,0,0,0,1,7947996017,5828940681,1334686,5253062
201930,11,10,10020517,Adele-Sandrock-Stra·e,2019,12,13,5,3,0,4,0,0,0,1,0,0,1,0,8126093944,5830320194,1360987,5253306
201931,11,4,4030827,Karl-August-Platz,2019,11,15,4,3,2,6,0,0,1,0,0,0,0,1,7927247095,5826067655,1331383,5250598
201932,11,3,3030715,Heinersdorf,2019,11,15,4,3,6,4,1,0,1,1,0,0,0,1,8013192741,5833555224,1344687,5256841
201933,11,2,2050803,Stralauer Kiez,2019,11,15,4,3,6,4,0,0,1,1,0,0,0,1,8025357483,5826193456,1345806,5250176
201934,11,3,3030406,Alt-Karow,2019,12,12,5,3,5,3,0,0,1,0,0,0,0,0,8028626769,5838282386,1347389,5260993
201935,11,1,1022206,LÅneburger Stra·e,2019,11,15,4,3,2,1,0,1,0,0,0,0,1,1,7962341754,5828127866,1336722,5252255
201936,11,10,10010102,Havemannstra·e,2019,12,12,5,3,0,3,0,0,0,0,0,0,1,0,8096187072,5834146063,1356949,5256905
201937,11,11,11030721,RÅdigerstra·e,2019,11,7,4,3,0,1,1,1,0,0,0,0,0,0,8040027415,5828219504,1348146,525191
201938,11,8,8010116,Wissmannstra·e,2019,11,17,4,3,4,5,2,0,1,0,1,0,0,0,8002830657,5824187261,1342317,5248502
201939,11,12,12214126,Tegel SÅd,2019,12,9,5,3,6,4,0,0,1,1,0,0,0,0,7906001828,5834049912,132896,5257868
201940,11,4,4030930,George-Grosz-Platz,2019,12,9,5,2,2,6,0,0,1,0,1,0,0,1,7930361945,5825373772,133178,5249959
201941,11,3,3020209,Niederschînhausen,2019,11,7,3,3,6,4,1,0,1,1,0,0,0,0,797219151,583554503,1338834,525885
201942,11,3,3050923,Wei·enseer Spitze,2019,12,9,5,3,2,6,0,1,1,0,0,0,0,0,8007718014,5831764848,1343719,5255267
201943,11,8,8010211,Flughafenstra·e,2019,11,19,3,2,0,1,2,1,0,0,0,0,0,0,8004666946,5823725655,1342545,5248078
201944,11,10,10010310,Alt-Marzahn,2019,11,18,3,2,6,4,2,0,0,1,0,0,1,0,8086449321,5830145072,1355144,5253375
201945,11,8,8010404,Rixdorf,2019,12,23,5,2,6,4,2,0,1,1,0,0,0,0,8018043632,5823632333,13445,5247921
201946,11,8,8010301,Reuterkiez,2019,12,8,5,3,2,6,0,0,1,0,0,0,0,0,8005894341,5824492765,1342794,5248759
201947,11,12,12214125,Waldidyll/Flughafensee,2019,11,17,3,3,5,3,2,0,1,0,1,0,0,0,7911116939,5834239793,1329729,5258011
201948,11,8,8010214,Glasower Stra·e,2019,11,16,3,3,5,3,2,0,1,0,0,0,0,0,8012977646,5822263427,1343633,5246722
201949,11,6,6030608,Schweizer Viertel,2019,12,7,5,3,1,5,0,1,1,0,0,0,0,0,7921485867,581678435,1329724,5242307
201950,11,4,4051653,Prager Platz,2019,12,21,5,3,5,2,2,1,1,0,0,0,0,0,7939523444,5824716492,1333067,5249321
201951,11,4,4020208,Kranzallee,2019,11,16,3,3,2,6,2,0,1,0,0,0,0,0,78625244,5826003284,1321868,5250884
201952,11,1,1033203,Humboldthain Nordwest,2019,11,16,3,3,2,6,1,0,1,0,0,0,0,0,7958278343,5829879289,1336281,5253847
201953,11,11,11041128,Sewanstra·e,2019,12,7,5,3,5,3,2,1,1,0,0,0,0,1,8058601174,582531008,1350607,5249199
201954,11,6,6010101,Fichtenberg,2019,11,16,3,2,6,4,2,0,1,1,0,0,0,0,7931538895,5820820486,1331552,5245871
201955,11,11,11020515,Landsberger Allee,2019,12,7,5,3,5,3,2,1,1,0,0,0,0,1,8051242257,5830056397,1349962,5253494
201956,11,12,12103117,Letteplatz,2019,11,16,3,3,2,6,2,0,1,0,0,0,0,0,7966739549,5832754029,1337782,5256378
201957,11,9,9051701,Hirschgarten,2019,11,16,3,3,0,5,1,0,1,0,0,0,0,0,812951693,5821064458,136062,5244992
201958,11,4,4030931,Breitscheidplatz,2019,12,21,5,3,1,5,2,0,1,0,0,0,0,0,7943804186,5825692111,1333782,5250172
201959,11,4,4030725,Amtsgerichtsplatz,2019,12,0,5,2,0,7,2,0,0,0,0,0,1,0,7917587107,5826455689,1329998,5250998
201960,11,8,8010301,Reuterkiez,2019,11,15,3,3,3,6,1,1,0,0,0,0,1,0,8015834323,5824067406,1344215,5248323
201961,11,6,6010101,Fichtenberg,2019,11,20,3,3,5,3,2,1,1,0,0,0,0,1,7925169041,5821409601,1330669,5246433
201962,11,7,7040402,Lindenhofsiedlung,2019,12,10,5,2,5,3,0,1,0,0,0,1,0,0,7965977349,5821140413,1336634,5245972
201963,11,6,6030501,Berlepschstra·e,2019,12,19,5,3,1,1,2,0,1,0,1,0,0,1,7888190004,5816481024,1324815,5242211
201964,11,2,2010103,Moritzplatz,2019,11,19,3,3,5,2,2,1,1,0,0,0,0,0,7991173243,5826273946,1340792,5250436
201965,11,4,4030519,Kaiserin-Augusta-Allee,2019,11,19,3,3,5,3,1,0,1,0,0,0,0,0,7925282745,5828727363,1331328,5252993
201966,11,12,12301204,Wittenau Nord,2019,12,17,5,3,6,4,2,0,1,1,0,0,0,0,7926116863,5835738134,1332069,5259273
201967,11,2,2020204,Urbanstra·e,2019,12,18,5,3,0,1,2,0,0,0,1,0,0,0,7984779505,5824730654,1339715,5249088
201968,11,12,12214125,Waldidyll/Flughafensee,2019,11,19,3,3,2,6,2,0,1,0,1,0,0,0,789784217,5833673873,1327726,5257574
201969,11,7,7030301,Friedenau,2019,11,19,3,3,1,5,2,1,1,0,0,0,0,0,7937337956,5821688171,133248,5246618
201970,11,5,5020625,Borkumer Stra·e,2019,11,19,3,3,5,2,2,0,1,0,0,0,0,0,7847194108,5828608242,1319838,52533
201971,11,2,2030302,Lausitzer Platz,2019,12,17,5,3,6,4,2,0,1,1,0,0,0,0,8011394667,5826282666,1343763,5250333
201972,11,3,3061227,Humannplatz,2019,12,17,5,3,3,6,2,0,1,0,0,0,1,0,7999068218,583166556,1342438,5255226
201973,11,6,6020409,Kînigsberger Stra·e,2019,11,18,3,3,2,6,2,0,1,0,0,0,0,0,7932240828,5816823293,1331305,5242284
201974,11,12,12304314,Ziekowstra·e/Freie Scholle,2019,11,15,3,3,5,3,1,0,1,0,0,0,0,0,7904240482,5835943395,1328867,5259575
201975,11,4,4030417,Schlo·stra·e,2019,12,18,5,3,1,5,2,1,0,0,0,0,1,0,7915545473,5826675706,1329717,5251206
201976,11,2,2050801,Traveplatz,2019,12,17,5,3,6,6,1,0,1,1,0,0,0,0,8031886873,5827123416,134685,5250973
201977,11,2,2010104,Wassertorplatz,2019,11,14,3,3,5,2,0,0,1,0,0,1,0,0,7990714734,5825609753,1340665,5249843
201978,11,1,1022201,Stephankiez,2019,11,15,3,3,0,1,0,0,0,0,1,0,0,0,7951778772,5829505075,1335292,5253547
201979,11,6,6040702,DÅppel,2019,12,18,5,3,5,3,2,1,1,0,0,0,0,0,7875007562,5816884524,1322916,5242643
201980,11,4,4020310,Park Ruhwald,2019,11,14,3,3,1,5,0,0,1,0,0,0,0,0,7903614812,5827394714,1328027,5251914
201981,11,4,4030930,George-Grosz-Platz,2019,12,16,5,3,0,3,2,1,0,0,1,0,0,1,7928403672,5825522405,1331505,5250103
201982,11,7,7040403,Manteuffelstra·e,2019,11,14,3,3,5,3,0,1,1,0,0,0,0,0,7973561552,5822015789,1337825,5246716
201983,11,2,2010103,Moritzplatz,2019,11,13,3,3,5,2,0,1,0,0,0,0,1,0,7992926846,5826222044,1341045,525038
201984,11,7,7020203,Kaiser-Wilhelm-Platz,2019,12,16,5,3,5,2,2,0,1,0,1,0,0,1,7956643759,5823778773,1335499,5248388
201985,11,3,3071639,Bîtzowstra·e,2019,12,16,5,3,1,5,2,1,1,0,0,0,0,0,8008249156,5829173767,1343563,5252942
201986,11,9,9020701,Adlershof West,2019,11,13,3,3,5,2,0,0,1,0,0,0,0,0,8072234783,5818287025,1351963,5242828
201987,11,11,11040926,Weitlingstra·e,2019,11,10,3,3,5,3,0,0,1,0,0,0,0,0,8063638531,5826858418,1351489,5250558
201988,11,11,11010207,Wartenberg Nord,2019,12,16,5,3,6,4,2,0,1,1,0,0,0,1,8051192046,583445998,1350359,5257441
201989,11,3,3010102,Buch,2019,12,14,5,3,5,3,0,1,1,0,0,0,0,0,8043567982,584043264,1349787,5262836
201990,11,7,7070703,John-Locke-Stra·e,2019,11,10,3,3,0,7,0,0,1,0,0,0,1,0,7997780132,581397584,1340659,5239376
201991,11,1,1022106,Elberfelder Stra·e,2019,11,12,3,3,0,7,0,0,0,0,1,0,1,0,7936995272,5828016464,1332987,5252293
201992,11,1,1011201,Wilhelmstra·e,2019,12,15,5,3,2,2,0,1,1,0,0,0,0,0,7972967749,5827242859,1338205,5251404
201993,11,4,4030724,Lietzensee,2019,11,9,3,3,3,6,0,0,1,0,1,0,0,0,7908162494,5826017856,1328575,5250655
201994,11,5,5030730,Zitadellenweg,2019,12,14,5,3,2,6,0,0,1,0,0,0,0,0,7859616833,5829207103,1321716,5253772
201995,11,9,9020501,Oberschîneweide West,2019,12,14,5,2,6,4,0,0,1,1,0,0,0,0,8065104037,5822282574,1351284,5246449
201996,11,1,1033101,Soldiner Stra·e,2019,11,9,3,3,5,2,0,0,1,0,0,0,1,0,7961597445,5832269931,1336982,5255972
201997,11,12,12304313,Borsigwalde,2019,12,14,5,3,0,6,0,0,1,0,1,0,0,0,7913468308,5834499855,1330098,5258231
201998,11,2,2020205,Chamissokiez,2019,11,7,3,3,0,3,0,1,0,0,1,0,0,0,7980234733,5824680213,1339043,5249068
201999,11,6,6030608,Schweizer Viertel,2019,12,14,5,2,5,3,0,1,1,0,0,0,0,0,7925046721,5817218724,1330284,5242677
202000,11,12,12301203,Wittenau SÅd,2019,12,13,5,3,2,7,0,0,1,0,0,0,0,0,7926710829,5834738129,1332068,5258374
202001,11,5,5030832,Rohrdamm,2019,11,7,3,3,2,6,1,0,1,0,0,0,0,0,7893652818,5829284605,1326727,5253661
202002,11,4,4031032,Halensee,2019,11,7,3,3,5,3,0,1,1,0,0,0,0,0,7915906966,5825066629,1329629,5249761
202003,11,8,8020620,Tempelhofer Weg,2019,12,13,5,3,5,7,0,1,1,0,0,0,0,0,8012430097,5820641384,1343406,5245271
202004,11,6,6040810,Dahlem,2019,11,7,3,3,1,5,1,0,0,0,0,0,1,0,7913293207,5821857784,1328965,5246899
202005,11,8,8020728,Buckow Ost,2019,11,12,3,3,6,4,0,0,1,1,0,0,1,0,8018400936,5816753164,1343931,5241753
202006,11,8,8010404,Rixdorf,2019,11,10,3,3,3,6,0,1,1,0,0,0,0,0,8015497862,5823813108,1344143,5248097
202007,11,1,1011103,LÅtzowstra·e,2019,11,11,3,3,1,5,0,1,1,0,0,0,0,0,7955968063,5826117301,1335607,5250488
202008,11,11,11010310,MÅhlengrund,2019,11,10,3,3,6,4,0,0,0,1,0,0,1,0,8052747225,5833221787,1350474,5256322
202009,11,2,2010101,Askanischer Platz,2019,12,13,5,3,1,5,0,0,1,0,0,0,0,0,7974926932,5826228328,1338402,5250484
202010,11,5,5020628,Graetschelsteig,2019,12,18,4,3,5,2,1,0,1,0,0,0,1,0,783919324,5826605166,1318491,5251545
202011,11,3,3020307,Buchholz,2019,11,10,3,3,5,2,0,0,1,0,0,0,1,0,8000797791,5837502585,1343221,5260448
202012,11,11,11051332,Karlshorst SÅd,2019,11,13,2,3,5,2,0,1,0,0,0,0,1,0,8070992893,5823655349,1352274,5247646
202013,11,1,1044101,Rehberge,2019,11,8,2,3,5,3,0,0,1,0,0,0,0,0,7938336939,5831855623,1333524,5255727
202014,11,4,4041137,Flinsberger Platz,2019,12,7,4,3,6,2,1,0,1,1,0,0,0,0,7909508171,5823018675,1328511,524796
202015,11,1,1011202,Unter den Linden Nord,2019,11,8,2,3,6,4,0,1,0,1,0,0,0,0,797160435,5827685961,1338044,5251809
202016,11,1,1044202,Sparrplatz,2019,12,14,4,3,6,4,0,0,1,1,0,0,0,0,795389558,5830607329,1335701,5254524
202017,11,11,11020411,Malchower Weg,2019,11,15,2,2,6,7,0,0,1,1,0,0,0,0,8052382261,5832168557,1350324,525538
202018,11,8,8010404,Rixdorf,2019,11,21,2,3,6,4,2,0,1,1,0,0,0,0,802568866,5823090579,1345573,5247393
202019,11,6,6020408,Lichterfelde SÅd,2019,12,19,4,2,5,2,2,0,1,0,1,0,0,0,7925875683,5815927382,1330293,5241515
202020,11,10,10010310,Alt-Marzahn,2019,11,20,2,2,5,2,2,1,1,0,0,0,0,0,8099400281,5831602802,1357184,5254608
202021,11,2,2030402,Wrangelkiez,2019,11,19,2,3,0,1,2,1,1,0,0,0,0,0,8017518948,5825816553,1344621,5249881
202022,11,5,5040936,JÑgerallee,2019,11,17,2,3,5,3,2,1,1,0,0,0,0,0,7822911249,5820464019,1315578,5246123
202023,11,7,7050501,Rathausstra·e,2019,12,18,4,3,5,2,2,0,1,0,1,0,0,0,7975847519,5819588247,1337945,5244527
202024,11,8,8010510,Gewerbegebiet Kîllnische Heide,2019,11,16,2,3,2,6,2,0,1,0,0,0,0,0,8029555444,5822492127,1346086,5246835
202025,11,8,8020619,Buschkrugallee Nord,2019,11,16,2,3,5,3,2,0,1,0,1,0,0,0,8015454905,5820647124,134385,5245259
202026,11,12,12214528,Tegeler Forst,2019,12,18,4,3,9,1,2,0,1,0,0,0,0,0,7894964323,5836129502,1327517,5259791
202027,11,4,4030725,Amtsgerichtsplatz,2019,11,16,2,3,2,3,2,1,1,0,0,0,0,0,7912839233,5826071246,1329267,5250678
202028,11,7,7040403,Manteuffelstra·e,2019,12,18,4,2,6,4,2,0,0,1,1,0,0,1,797328146,5821868027,1337771,5246585
202029,11,2,2020204,Urbanstra·e,2019,11,15,2,3,1,1,0,0,1,0,0,0,0,0,7983190717,5825079991,1339513,524941
202030,11,8,8010211,Flughafenstra·e,2019,11,18,2,3,0,1,2,1,0,0,0,0,0,0,8004714775,582372738,1342552,5248079
202031,11,4,4030930,George-Grosz-Platz,2019,12,17,4,3,1,5,2,1,1,0,0,0,1,0,7927868061,5825502331,1331425,5250088
202032,11,8,8010303,Donaustra·e,2019,12,17,4,3,6,4,2,1,0,1,0,0,0,0,8004889326,5824245834,1342624,5248543
202033,11,2,2020203,Viktoriapark,2019,11,11,2,3,5,3,0,1,1,0,0,0,0,0,7970167495,5824467615,1337546,5248932
202034,11,7,7030301,Friedenau,2019,11,14,2,3,0,4,0,1,0,1,0,0,0,0,7934892937,5821987882,1332147,52469
202035,11,4,4030725,Amtsgerichtsplatz,2019,12,17,4,3,0,7,2,0,0,0,1,0,0,0,7915071284,582622461,1329608,5250804
202036,11,2,2040502,Friedenstra·e,2019,12,16,4,3,5,3,2,1,1,0,0,0,0,0,8011323003,5828599963,1343963,525241
202037,11,9,9030901,Dorf Altglienicke,2019,11,15,2,3,7,7,0,0,1,0,0,0,1,0,8076655728,5815710938,1352374,5240494
202038,11,12,12214125,Waldidyll/Flughafensee,2019,11,15,2,3,4,6,0,0,1,0,0,0,0,0,7881781493,5831485532,1325173,5255697
202039,11,9,9051901,Dammvorstadt,2019,11,15,2,3,2,6,0,0,1,0,0,0,0,0,8096871859,5821241843,1355849,5245337
202040,11,1,1011105,Nîrdlicher Landwehrkanal,2019,12,18,4,3,5,2,2,1,1,0,0,0,0,0,7964153719,5826326504,1336828,5250631
202041,11,10,10010207,Marzahner Promenade,2019,11,15,2,3,2,6,0,0,1,0,0,0,0,0,808181876,5831319514,1354573,5254454
202042,11,1,1011303,Alexanderplatzviertel,2019,12,15,4,3,5,3,1,0,1,0,0,0,0,0,7997702616,5828632561,1341964,5252515
202043,11,3,3030406,Alt-Karow,2019,11,13,2,3,6,2,0,0,1,1,0,0,0,0,8034573521,5838505031,1348285,5261159
202044,11,2,2020205,Chamissokiez,2019,11,11,2,3,5,3,0,1,1,0,0,0,0,0,7987912823,582411169,1340119,5248516
202045,11,9,9020802,Kîllnische Vorstadt,2019,12,23,4,3,6,2,2,0,1,1,0,0,0,0,8105286111,5820028802,135697,5244202
202046,11,11,11010310,MÅhlengrund,2019,11,9,2,3,0,6,0,0,1,0,1,0,0,0,805387421,5833300381,1350647,5256386
202047,11,1,1044202,Sparrplatz,2019,11,8,2,3,6,4,0,1,0,1,0,0,0,0,7948550072,5829889107,1334851,5253909
202048,11,4,4010103,Paul-Hertz-Siedlung,2019,11,8,2,3,9,1,0,0,0,0,0,0,1,0,7912659936,5829188626,1329513,5253474
202049,11,2,2030302,Lausitzer Platz,2019,12,23,4,3,2,6,2,0,1,0,0,0,0,1,8012897111,5826168232,1343974,5250222
202050,11,2,2050602,Samariterviertel,2019,12,22,4,3,2,6,2,0,1,0,0,0,0,0,8026590386,5828003042,1346152,5251791
202051,11,12,12214126,Tegel SÅd,2019,11,6,2,2,5,3,2,1,1,0,0,0,0,0,7897597469,583388488,1327709,5257765
202052,11,8,8010301,Reuterkiez,2019,11,0,2,3,1,5,2,1,1,0,0,0,0,0,8014816415,5823923267,1344052,5248199
202053,11,3,3061227,Humannplatz,2019,12,14,7,3,2,1,0,1,1,0,0,0,0,1,8000870375,5831664177,1342703,5255214
202054,11,4,4051448,Schaperstra·e,2019,12,14,7,3,0,1,0,1,0,0,0,0,0,1,793972088,5824964429,1333118,5249542
202055,11,8,8010301,Reuterkiez,2019,12,13,7,3,4,2,0,1,1,0,0,0,0,1,8011009916,5824355675,1343533,5248608
202056,11,10,10020413,Gut Hellersdorf,2019,12,13,7,3,5,2,0,0,1,0,0,0,0,1,8112811738,5831543416,1359149,5254478
202057,11,5,5020417,Staakener Stra·e,2019,12,13,7,3,0,1,0,1,0,0,0,0,0,1,783579979,5828907484,1318188,5253627
202058,11,6,6020408,Lichterfelde SÅd,2019,12,12,7,3,5,3,0,0,1,0,0,0,0,1,7928326441,5816434399,1330696,5241956
202059,11,6,6020408,Lichterfelde SÅd,2019,12,12,7,3,5,7,0,0,1,0,0,0,0,1,7930384088,5816601065,1331013,5242095
202060,11,6,6010209,Feuerbachstra·e,2019,12,11,7,3,5,2,0,1,1,0,0,0,0,1,7946488117,5820986841,1333761,524594
202061,11,1,1033202,Humboldthain SÅd,2019,12,11,7,3,2,6,0,0,1,0,1,0,0,1,7979096647,5829898523,1339343,5253751
202062,11,3,3061131,Falkplatz,2019,12,10,7,3,5,3,0,1,1,0,0,0,0,1,798880506,5830395914,1340815,5254144
202063,11,2,2050803,Stralauer Kiez,2019,12,5,7,3,6,2,2,0,1,1,0,0,0,1,8020024516,5826394442,1345041,5250385
202064,11,2,2050801,Traveplatz,2019,12,3,7,3,0,1,2,0,0,0,0,0,1,1,8023094726,5827480718,1345591,5251342
202065,11,8,8010301,Reuterkiez,2019,12,23,7,3,5,2,2,0,1,0,0,0,0,1,8014594402,5823891011,1344017,5248171
202066,11,2,2030301,Oranienplatz,2019,12,23,7,3,2,6,2,0,1,0,0,0,0,1,7999460217,582607888,1341992,5250216
202067,11,11,11030720,Herzbergstra·e,2019,12,21,7,2,6,4,2,0,1,1,0,0,0,1,8057715977,5830082507,1350916,5253481
202068,11,7,7070701,Kettinger Stra·e/Schillerstra·e,2019,12,20,7,2,5,2,2,0,1,0,0,0,0,1,7997403027,5814500787,1340651,5239849
202069,11,4,4051550,Leon-Jessel-Platz,2019,12,19,7,3,6,6,2,1,0,1,0,0,0,1,793174309,5824511159,1331907,5249179
202070,11,8,8040933,Vogelviertel SÅd,2019,12,16,7,3,2,6,2,0,1,0,0,0,0,1,8032791236,5818514904,13462,5243252
202071,11,11,11020513,Orankesee,2019,12,17,7,3,0,7,2,0,1,0,0,0,1,0,8033141333,5830107359,1347306,525364
202072,11,10,10020414,Helle Mitte,2019,12,17,7,3,6,2,2,0,1,1,0,0,0,1,8120654365,5830622575,1360216,5253608
202073,11,1,1033101,Soldiner Stra·e,2019,12,15,7,3,0,1,1,0,0,0,1,0,0,1,7977123178,5832057384,1339246,5255697
202074,11,2,2010101,Askanischer Platz,2019,12,15,7,3,5,3,0,0,1,0,0,0,0,1,7974691253,582607194,1338353,5250345
202075,11,5,5010312,Kurstra·e,2019,12,22,6,3,6,2,2,0,1,1,0,0,0,0,7852924672,5830004157,1320801,5254521
202076,11,9,9041501,Altstadt Kietz,2019,12,21,6,3,1,5,2,1,0,0,0,0,1,1,8115029849,5820070904,1358403,5244184
202077,11,9,9041301,Kietzer Feld/Nachtheide,2019,12,13,6,3,6,4,0,0,1,1,0,0,0,0,8114772654,581923528,1358287,5243437
202078,11,1,1011402,Arkonaplatz,2019,12,13,6,3,5,3,0,0,1,0,0,0,0,0,7988154539,5829375306,1340627,5253233
202079,11,9,9051901,Dammvorstadt,2019,12,13,6,3,0,6,0,0,1,0,0,0,1,0,8119986938,5821165234,1359232,5245137
202080,11,12,12214424,Scharnweberstra·e,2019,12,12,6,3,6,4,0,0,1,1,0,0,0,0,7933160217,5832703943,1332838,5256515
202081,11,7,7030303,Grazer Platz,2019,12,11,6,3,5,3,0,0,1,0,0,0,1,0,7952231032,5822274488,1334717,5247063
202082,11,6,6030609,Augustaplatz,2019,12,7,6,3,6,2,1,0,1,1,0,0,0,1,7932115665,5819813373,1331548,5244965
202083,11,7,7010102,Nollendorfplatz,2019,12,10,6,3,5,3,0,1,1,0,0,0,0,0,7949929962,5825090207,1334629,52496
202084,11,4,4030930,George-Grosz-Platz,2019,12,10,6,3,5,2,0,0,1,0,1,0,0,0,7928398287,5825503207,1331503,5250086
202085,11,7,7070703,John-Locke-Stra·e,2019,12,10,6,3,0,1,0,1,0,0,0,0,0,2,7992389891,5813123851,1339793,5238642
202086,11,10,10010310,Alt-Marzahn,2019,12,10,6,3,0,1,0,0,0,0,1,0,0,2,809150309,5831069745,1355973,5254175
202087,11,4,4051446,Preu·enpark,2019,12,9,6,2,6,2,0,0,1,1,0,0,0,0,7926898439,5825324897,1331267,5249934
202088,11,9,9020701,Adlershof West,2019,12,9,6,3,4,1,0,0,1,0,0,0,0,2,8078767188,5818167844,135291,5242684
202089,11,6,6020410,Oberhofer Platz,2019,12,8,6,3,5,3,0,0,0,0,1,1,0,1,7943229437,5816920213,1332924,5242312
202090,11,4,4051653,Prager Platz,2019,12,8,6,3,5,2,0,1,1,0,0,0,0,0,793979405,5824651059,1333101,5249261
202091,11,1,1022207,Hansaviertel,2019,12,8,6,2,0,1,1,0,0,0,1,0,0,2,7945449781,582751164,1334185,5251795
202092,11,12,12302211,LÅbarser Stra·e,2019,12,8,6,3,3,6,0,1,1,0,0,0,0,0,7935246761,5836870284,1333513,5260239
202093,11,4,4041239,Stadion Wilmersdorf,2019,12,7,6,3,5,2,1,1,0,0,0,0,1,0,7922315646,5823140285,1330402,5248
202094,11,7,7040406,Germaniagarten,2019,12,7,6,3,5,2,0,1,1,0,0,0,0,1,8001596576,5821496277,1341893,5246097
202095,11,11,11051330,Karlshorst West,2019,12,7,6,3,5,7,2,1,1,0,0,0,0,1,807206462,5825569211,1352608,5249355
202096,11,4,4030931,Breitscheidplatz,2019,12,14,6,2,6,4,0,0,1,1,0,0,0,0,7940139175,5825926128,1333265,5250402
202097,11,1,1011202,Unter den Linden Nord,2019,12,19,6,3,5,3,2,0,1,0,0,0,0,0,7978938568,5828168499,1339165,5252201
202098,11,3,3061131,Falkplatz,2019,12,19,6,2,0,1,2,1,0,0,0,0,0,0,7987966317,5830351047,1340688,5254108
202099,11,5,5010207,Darbystra·e,2019,12,19,6,3,2,6,2,0,1,0,0,0,0,0,7836104808,5830663863,1318383,5255201
202100,11,9,9010101,Elsenstra·e,2019,12,18,6,3,1,5,2,1,1,0,0,0,0,0,8023091286,5825528612,1345413,5249592
202101,11,1,1044101,Rehberge,2019,12,18,6,2,5,3,2,1,1,0,0,0,0,0,794649798,5831458698,1334689,5255327
202102,11,7,7050505,Hundsteinweg,2019,12,17,6,3,2,6,2,0,1,0,0,0,0,0,7987555467,5819084381,1339617,5244012
202103,11,11,11010310,MÅhlengrund,2019,12,17,6,3,2,6,2,0,1,0,0,0,0,1,8057584303,583353647,1351214,5256577
202104,11,5,5010314,Carl-Schurz-Stra·e,2019,12,16,6,3,0,6,2,0,1,0,0,0,1,0,7848190469,5829040112,1320022,5253682