OBJECTID,LAND,BEZ,LOR,STRASSE,UJAHR,UMONAT,USTUNDE,UWOCHENTAG,UKATEGORIE,UART,UTYP1,ULICHTVERH,IstRad,IstPKW,IstFuss,IstKrad,IstGkfz,IstSonstige,USTRZUSTAND,LINREFX,LINREFY,XGCSWGS84,YGCSWGS84
202105,11,6,6010205,SÅdende,2019,12,16,6,3,2,2,1,0,1,0,0,0,0,0,7953306323,5819980797,1334672,5245001
202106,11,1,1022204,Thomasiusstra·e,2019,12,16,6,3,0,1,0,1,0,0,0,0,0,0,795321435,5827750864,1335347,5251967
202107,11,3,3040512,Wilhelmsruh,2019,12,16,6,3,8,1,2,0,1,0,0,0,0,0,7962539461,583529893,1337391,5258682
202108,11,5,5010314,Carl-Schurz-Stra·e,2019,12,15,6,3,5,3,0,0,1,0,0,0,1,0,7844045968,5829512201,1319453,5254127
202109,11,1,1011202,Unter den Linden Nord,2019,12,15,6,3,2,2,2,0,0,0,0,0,1,1,797160435,5827685961,1338044,5251809
202110,11,2,2040503,Richard-Sorge-Viertel,2019,12,15,6,3,2,7,0,1,1,0,0,0,0,0,8018117887,5827957622,1344903,5251797
202111,11,3,3020209,Niederschînhausen,2019,12,14,6,3,6,4,0,0,1,1,0,0,0,0,7981303474,583546921,1340168,5258733
202112,11,3,3040614,Pankow Zentrum,2019,12,6,5,3,6,7,2,1,0,1,0,0,0,0,799922295,5834443365,1342712,5257715
202113,11,4,4031032,Halensee,2019,12,13,5,2,6,4,0,0,1,1,0,0,0,0,7918695193,5824789061,1330015,5249498
202114,11,2,2030402,Wrangelkiez,2019,12,11,5,3,5,2,0,1,1,0,0,0,0,0,8018372142,5825745456,134474,5249813
202115,11,1,1011301,CharitÇviertel,2019,12,16,5,3,3,6,2,1,0,0,0,0,1,0,7967893874,5828824375,13376,525285
202116,11,8,8010303,Donaustra·e,2019,12,16,5,3,5,3,2,1,1,0,0,0,0,0,8012182685,5823891147,1343663,5248185
202117,11,12,12302108,MÑrkisches Zentrum,2019,12,16,5,3,6,4,1,0,1,1,0,0,0,1,7939843339,5836609779,1334167,5259981
202118,11,6,6040809,Thielallee,2019,12,15,5,3,3,6,2,0,1,0,0,0,0,1,7916940818,5819361861,1329282,5244642
202119,11,7,7050506,Birnhornweg,2019,12,15,5,3,5,3,1,0,1,0,0,0,0,1,7987942461,5817120118,1339498,5242249
202120,11,9,9010401,Johannisthal West,2019,12,15,5,3,5,3,2,0,1,0,0,0,0,1,8062871719,5820685277,135081,524503
202121,11,1,1011201,Wilhelmstra·e,2019,12,14,5,3,1,5,0,0,1,0,0,0,0,0,7969592071,582671716,1337662,5250951
202122,11,8,8010404,Rixdorf,2019,12,20,5,3,6,7,2,0,0,1,0,0,1,1,8021620545,582278682,1344948,5247143
202123,11,1,1033201,Brunnenstra·e,2019,12,13,5,3,0,5,0,0,1,0,1,0,0,1,7981335315,5830932121,1339765,5254666
202124,11,6,6030607,Goerzwerke,2019,12,13,5,3,2,2,0,0,1,0,0,0,0,1,7907340305,581538422,1327528,5241127
202125,11,1,1044201,Reinickendorfer Stra·e,2019,12,12,5,3,5,3,0,1,1,0,0,0,0,1,7969812124,5831508988,1338122,5255246
202126,11,10,10040931,Mahlsdorf Nord,2019,12,12,5,3,5,3,0,1,1,0,0,0,0,1,8128834335,582821738,1361192,5251406
202127,11,11,11040925,Victoriastadt,2019,12,12,5,3,0,1,0,0,0,0,1,0,0,1,8033474837,582640071,1347017,5250316
202128,11,9,9010401,Johannisthal West,2019,12,12,5,2,5,2,1,1,0,0,0,1,0,0,8055104034,5821508895,1349746,5245811
202129,11,9,9010401,Johannisthal West,2019,12,11,5,3,8,1,0,0,1,0,0,0,0,1,8051606007,5821478466,134923,5245804
202130,11,1,1011302,Oranienburger Stra·e,2019,12,11,5,3,5,3,0,0,1,0,1,0,0,1,7984225354,5828389824,1339962,5252371
202131,11,2,2010102,Mehringplatz,2019,12,10,5,3,0,5,0,0,1,0,0,0,0,0,7980200674,5825846159,1339142,5250113
202132,11,8,8020727,Buckow Mitte,2019,12,10,5,2,2,6,0,0,1,0,0,1,0,0,800323692,5816754785,1341708,5241837
202133,11,9,9051901,Dammvorstadt,2019,12,9,5,3,3,6,0,0,1,0,0,0,1,1,8096621644,5821475945,1355834,5245548
202134,11,2,2020203,Viktoriapark,2019,12,21,5,2,5,3,2,1,0,0,0,0,0,1,7972704236,5824744308,1337943,5249166
202135,11,1,1011401,Invalidenstra·e,2019,12,20,5,3,1,5,0,1,1,0,0,0,0,0,7984112953,5829204446,1340018,5253102
202136,11,8,8020619,Buschkrugallee Nord,2019,12,19,5,2,6,1,2,0,1,1,0,0,0,0,8013862248,5821165914,1343663,5245733
202137,11,5,5030730,Zitadellenweg,2019,12,19,5,3,2,6,2,0,1,0,0,0,0,0,7869330485,5829325556,1323155,5253827
202138,11,6,6030503,Zehlendorf Mitte,2019,12,18,5,3,5,3,2,1,1,0,0,0,0,1,7906338206,5817849788,1327595,5243342
202139,11,2,2030301,Oranienplatz,2019,12,18,5,3,2,2,2,1,1,0,0,0,0,0,7995853322,5826345256,1341486,5250474
202140,11,3,3030715,Heinersdorf,2019,12,17,5,2,5,3,2,0,1,0,0,0,0,1,8009424565,5833548097,1344132,5256856
202141,11,3,3051017,Rennbahnstra·e,2019,12,17,5,2,6,4,2,0,1,1,0,0,0,1,8027688286,5832700167,1346741,5255995
202142,11,4,4010102,Plîtzensee,2019,12,16,5,3,5,2,2,0,1,0,0,0,0,0,791662481,5830679232,1330227,5254789
202143,11,1,1011203,Unter den Linden SÅd,2019,12,8,5,3,5,3,0,0,1,0,0,0,1,1,7980355457,582740185,1339304,5251506
202144,11,9,9010202,Kîpenicker Landstra·e,2019,12,7,5,3,3,5,0,0,0,0,1,0,1,1,8039268566,5823420803,1347596,5247613
202145,11,3,3040818,Pankow SÅd,2019,12,7,5,3,5,2,0,0,1,0,0,0,0,1,799829707,5831977581,1342353,525551
202146,11,3,3061430,Volkspark Prenzlauer Berg,2019,12,7,5,3,2,6,1,0,1,0,0,0,0,1,8017431089,5830056555,1344992,5253682
202147,11,6,6030504,Teltower Damm,2019,12,7,5,2,6,4,0,0,1,1,0,0,0,1,7896351494,5817024759,1326059,5242656
202148,11,1,1033201,Brunnenstra·e,2019,12,7,5,3,5,2,2,0,1,0,0,0,0,1,798079604,5829993131,1339601,5253827
202149,11,9,9051901,Dammvorstadt,2019,12,6,5,3,4,6,2,1,0,0,0,0,0,1,8108427494,582137993,1357556,5245395
202150,11,8,8041037,Alt-Rudow,2019,12,6,5,3,6,2,1,0,0,1,0,0,1,1,8055549697,5818554595,1349541,5243161
202151,11,12,12231101,Hermsdorf,2019,12,6,5,3,2,6,2,0,1,0,0,0,0,1,7907964762,5837635442,1329564,5261072
202152,11,5,5020419,Magistratsweg,2019,12,5,5,3,6,2,2,0,0,1,0,0,1,1,781965726,5828466338,1315777,5253316
202153,11,9,9010301,Baumschulenstra·e,2019,12,7,4,3,4,5,0,1,1,0,0,0,0,0,8050092227,5822035321,1349058,5246311
202154,11,3,3061332,Helmholtzplatz,2019,12,16,4,3,0,6,1,1,1,0,0,0,0,0,7998387745,5830337211,1342218,5254039
202155,11,8,8010303,Donaustra·e,2019,12,20,4,3,0,2,2,1,0,0,0,0,1,0,8010162015,5823909127,1343368,5248212
202156,11,12,12301204,Wittenau Nord,2019,12,20,4,3,1,1,2,0,1,0,0,0,0,2,7927997067,5836645112,1332426,5260076
202157,11,3,3051017,Rennbahnstra·e,2019,12,17,4,3,4,6,1,0,1,0,1,0,0,0,8030027901,5832693683,1347084,5255976
202158,11,1,1022104,Emdener Stra·e,2019,12,17,4,3,5,2,2,1,1,0,0,0,0,0,7945571467,5828963718,1334332,5253096
202159,11,6,6020410,Oberhofer Platz,2019,12,16,4,3,5,3,0,0,1,0,0,0,0,0,7945723198,5817030661,13333,5242397
202160,11,9,9020702,Adlershof Ost,2019,12,16,4,3,6,4,2,0,1,1,0,0,0,0,8091477501,5819247428,1354873,524358
202161,11,11,11010205,Falkenberg West,2019,12,16,4,3,5,2,2,0,1,0,0,0,0,0,8063116164,5833876903,135206,5256851
202162,11,1,1033203,Humboldthain Nordwest,2019,12,15,4,3,5,3,0,0,1,0,0,0,0,1,7967047573,582987417,133757,5253795
202163,11,10,10010310,Alt-Marzahn,2019,12,15,4,3,2,2,1,0,1,0,0,0,0,0,809926702,5831594073,1357163,5254601
202164,11,4,4030930,George-Grosz-Platz,2019,12,15,4,3,0,6,0,0,1,0,0,0,1,0,7931139467,5825588312,1331913,5250147
202165,11,5,5030730,Zitadellenweg,2019,12,15,4,2,9,1,0,0,1,0,0,0,0,0,7863546241,5829174468,1322291,5253722
202166,11,5,5020523,Maulbeerallee,2019,12,14,4,2,5,2,0,0,1,0,0,0,0,0,7823800651,5827031903,1316265,5252008
202167,11,7,7040404,Marienhîhe,2019,12,13,4,3,6,4,0,0,1,1,0,0,0,0,7962467188,5820460356,1336059,5245381
202168,11,4,4030417,Schlo·stra·e,2019,12,13,4,3,0,4,0,1,0,1,0,0,0,0,7909632384,5826754292,1328855,5251308
202169,11,1,1011305,Heine-Viertel West,2019,12,12,4,3,5,2,0,1,1,0,0,0,0,0,7996524733,5827049726,1341648,5251102
202170,11,8,8020622,Parchimer Allee,2019,12,12,4,3,0,2,0,0,1,0,0,0,1,0,8013018421,5819612392,1343399,5244345
202171,11,3,3030715,Heinersdorf,2019,12,7,4,3,0,6,1,0,1,0,0,0,1,0,8012572119,583317671,1344561,5256506
202172,11,9,9020701,Adlershof West,2019,12,7,4,3,2,2,1,0,1,0,0,0,0,0,8082561505,5818783447,1353523,5243215
202173,11,4,4051655,Babelsberger Stra·e,2019,12,6,4,3,6,2,2,0,1,1,0,0,0,0,7940379551,5823920699,1333123,5248603
202174,11,12,12302107,Schorfheidestra·e,2019,12,22,4,2,6,4,2,0,0,1,1,0,0,0,7938763257,5836161332,1333968,5259584
202175,11,1,1044201,Reinickendorfer Stra·e,2019,12,19,4,3,2,6,2,0,1,0,0,0,0,0,7970277083,583189473,1338225,5255589
202176,11,1,1011204,Leipziger Stra·e,2019,12,17,4,3,6,2,2,1,0,1,0,0,0,0,7989337885,5827028491,1340591,5251123
202177,11,4,4030415,Schlo·garten,2019,12,15,4,1,5,3,0,1,1,0,0,0,0,0,7916686984,5827715837,1329976,5252132
202178,11,9,9031001,Bohnsdorf,2019,12,17,3,3,6,6,2,0,1,1,0,0,0,0,8110984004,5814752763,1357315,5239442
202179,11,12,12214125,Waldidyll/Flughafensee,2019,12,7,3,3,2,6,0,0,1,0,0,0,0,0,7911576689,5830953359,1329509,5255062
202180,11,1,1011203,Unter den Linden SÅd,2019,12,14,3,3,3,2,0,1,0,0,0,0,1,0,797624154,5827015504,1338665,5251183
202181,11,12,12214125,Waldidyll/Flughafensee,2019,12,11,3,2,6,7,0,0,1,1,0,1,1,0,7909489186,5831297816,1329232,5255382
202182,11,7,7060601,Marienfelder Allee Nordwest,2019,12,16,3,3,6,7,2,0,0,1,0,0,1,0,7969696893,5817198859,133683,5242419
202183,11,4,4041134,Bismarckallee,2019,12,15,3,3,2,6,1,0,1,0,0,0,1,0,7908573676,5824367407,1328491,5249174
202184,11,12,12231101,Hermsdorf,2019,12,15,3,3,2,2,1,0,1,0,0,0,0,0,791416601,5838760567,1330576,5262047
202185,11,1,1022201,Stephankiez,2019,12,23,3,3,5,2,2,0,1,0,1,0,0,0,7951365291,582925666,1335209,5253327
202186,11,7,7070705,Franziusweg/Rohrbachstra·e,2019,12,14,3,3,5,3,0,1,1,0,0,0,0,0,7985045128,5814424923,1338833,5239849
202187,11,4,4041137,Flinsberger Platz,2019,12,13,3,3,5,3,0,0,1,0,0,0,0,0,7915002995,5823584673,1329367,5248438
202188,11,7,7040403,Manteuffelstra·e,2019,12,13,3,3,6,2,0,0,1,1,0,0,0,0,7969099744,5822270471,1337193,5246968
202189,11,11,11030720,Herzbergstra·e,2019,12,13,3,3,2,6,0,0,1,0,0,0,0,0,8054661852,5830046333,1350464,5253465
202190,11,11,11020412,Hauptstra·e,2019,12,12,3,3,1,5,0,1,1,0,0,0,0,1,8050655499,5831264545,1349987,525458
202191,11,9,9020701,Adlershof West,2019,12,12,3,3,5,2,0,1,1,0,0,0,0,1,8081951017,581962428,1353511,5243972
202192,11,1,1022104,Emdener Stra·e,2019,12,12,3,3,5,2,0,1,1,0,0,0,0,2,794560926,5828649015,1334309,5252813
202193,11,5,5020626,Adamstra·e,2019,12,11,3,3,1,5,0,0,1,0,1,0,0,0,7847317563,5827528153,1319764,5252331
202194,11,2,2020205,Chamissokiez,2019,12,10,3,3,1,5,0,0,1,0,0,0,0,1,7984043908,5824235123,1339562,5248648
202195,11,2,2030402,Wrangelkiez,2019,12,10,3,3,6,7,0,0,1,1,0,0,0,0,8014463196,5825783902,1344169,5249869
202196,11,4,4051446,Preu·enpark,2019,12,9,3,2,5,2,0,1,1,0,0,0,0,0,7928569563,582432429,1331424,5249028
202197,11,5,5010314,Carl-Schurz-Stra·e,2019,12,10,3,3,2,6,0,0,1,0,0,0,0,1,7852793079,582929745,1320721,5253888
202198,11,3,3040513,Schînholz,2019,12,9,3,3,1,5,0,0,1,0,0,0,1,0,7965338556,5834281079,1337712,5257755
202199,11,10,10040932,Alt-Mahlsdorf,2019,12,8,3,3,7,7,0,1,0,0,0,0,0,0,8135142539,5827712331,1362071,5250917
202200,11,2,2020203,Viktoriapark,2019,12,22,3,3,5,3,2,1,1,0,0,0,0,1,7972740707,5824525628,1337929,524897
202201,11,1,1022101,Huttenkiez,2019,12,20,3,3,5,2,2,0,1,0,0,0,0,0,7935312317,5829122974,1332838,5253294
202202,11,9,9020702,Adlershof Ost,2019,12,20,3,3,5,2,2,0,1,0,0,0,0,1,8095914453,5818925247,1355493,5243266
202203,11,2,2020204,Urbanstra·e,2019,12,19,3,3,6,4,2,0,1,1,0,0,0,0,7985796693,5825333125,1339918,5249622
202204,11,5,5010312,Kurstra·e,2019,12,19,3,3,1,5,2,0,1,0,0,0,0,0,7854197596,5829254915,1320923,5253843
202205,11,7,7040401,Neu-Tempelhof,2019,12,19,3,3,1,5,2,0,1,0,0,0,0,0,7972588816,5823155629,1337784,5247743
202206,11,1,1011105,Nîrdlicher Landwehrkanal,2019,12,19,3,3,5,3,2,0,1,0,1,0,0,0,7966388341,5826891645,1337207,5251125
202207,11,3,3040818,Pankow SÅd,2019,12,18,3,3,2,6,2,0,1,0,0,0,0,0,7990788515,5833211976,134136,5256657
202208,11,4,4030931,Breitscheidplatz,2019,12,17,3,3,1,5,2,1,1,0,0,0,0,1,7936519682,5825790761,1332721,52503
202209,11,6,6030502,Zehlendorf SÅd,2019,12,17,3,3,6,2,2,0,1,1,0,0,0,0,7902257656,5815099419,1326758,5240898
202210,11,1,1022104,Emdener Stra·e,2019,12,17,3,3,1,5,2,1,1,0,0,0,1,0,7945555099,5828999789,1334332,5253128
202211,11,8,8030829,Gropiusstadt Nord,2019,12,16,3,2,5,3,2,0,1,0,0,0,0,0,8035172571,5818209165,1346521,5242965
202212,11,6,6020301,Alt-Lankwitz,2019,12,16,3,3,5,3,1,1,1,0,0,0,0,0,7967826489,5818442923,1336666,5243544
202213,11,4,4020208,Kranzallee,2019,12,7,3,2,0,1,2,1,0,0,0,0,0,2,7868998174,5825765393,1322799,5250636
202214,11,7,7030301,Friedenau,2019,12,6,3,3,5,2,2,0,1,0,0,0,0,1,794244893,5822030269,133326,5246897
202215,11,11,11020412,Hauptstra·e,2019,12,4,3,3,0,2,2,1,0,0,0,0,1,1,8064025552,5831228444,1351949,5254472
202216,11,2,2040503,Richard-Sorge-Viertel,2019,12,16,3,3,6,4,2,0,1,1,0,0,0,0,8017894375,5828403545,134491,5252198
202217,11,11,11030618,Fennpfuhl West,2019,12,0,3,2,9,1,2,0,1,0,0,0,0,1,802421806,5828884684,1345883,5252594
202218,11,1,1022104,Emdener Stra·e,2019,12,8,3,3,0,2,0,0,0,1,0,0,1,0,7945873054,5828457314,1334331,525264
202219,11,6,6040810,Dahlem,2019,12,8,3,3,0,1,0,1,0,0,0,0,0,2,7918357099,5821375656,1329666,5246439
202220,11,4,4041137,Flinsberger Platz,2019,12,7,3,3,5,2,0,0,1,0,0,0,0,1,7912638555,5823331682,1328998,5248223
202221,11,3,3030406,Alt-Karow,2019,12,7,3,3,6,7,0,1,0,1,0,0,0,0,8027712616,5837403236,1347174,526021
202222,11,4,4030415,Schlo·garten,2019,12,7,3,3,5,2,1,0,1,0,0,0,0,0,7916622627,5827531511,132995,5251967
202223,11,12,12214125,Waldidyll/Flughafensee,2019,12,7,3,2,5,3,2,0,1,0,0,1,0,1,7919340356,5831490409,1330698,5255502
202224,11,12,12301203,Wittenau SÅd,2019,12,20,2,3,2,6,2,0,1,0,0,0,0,1,7928794304,5835203895,1332416,525878
202225,11,9,9041402,Siedlung KÑmmereiheide,2019,12,17,2,3,6,6,0,1,0,1,0,0,0,0,8121697256,5820407454,1359412,5244448
202226,11,1,1011201,Wilhelmstra·e,2019,12,9,2,3,5,3,0,1,1,0,0,0,0,1,7971567426,5826452326,1337928,5250703
202227,11,8,8020622,Parchimer Allee,2019,12,12,2,3,5,3,0,1,1,0,0,0,0,0,8014988549,5820182099,134374,5244845
202228,11,5,5040936,JÑgerallee,2019,12,15,2,3,2,6,1,0,1,0,0,0,0,1,7805376697,5820677081,1313021,5246405
202229,11,12,12214527,Alt-Tegel,2019,12,21,2,3,6,4,2,0,1,1,0,0,0,1,7899373655,5834933351,1328062,5258695
202230,11,6,6010204,Munsterdamm,2019,12,20,2,3,0,7,2,1,1,0,0,0,0,1,7957713135,5820232715,1335341,5245203
202231,11,11,11030720,Herzbergstra·e,2019,12,19,2,3,3,6,2,0,1,0,0,0,0,1,8054897928,5830034126,1350497,5253453
202232,11,2,2020203,Viktoriapark,2019,12,19,2,3,6,2,2,0,1,1,0,0,0,1,7975246395,5824016367,1338251,52485
202233,11,7,7040403,Manteuffelstra·e,2019,12,19,2,3,6,2,2,0,1,1,0,0,0,1,797856102,5821887806,1338548,5246574
202234,11,5,5030730,Zitadellenweg,2019,12,20,2,3,2,6,0,0,1,0,0,0,0,1,7857535601,5829284845,1321417,5253852
202235,11,9,9020502,Oberschîneweide Ost,2019,12,19,2,3,5,2,2,0,1,0,1,0,0,1,807093507,5821912882,1352105,5246085
202236,11,2,2050602,Samariterviertel,2019,12,5,2,3,0,6,2,0,1,0,1,0,0,1,8022156652,5827742066,1345477,5251581
202237,11,3,3071537,Kollwitzplatz,2019,12,18,4,3,5,3,2,1,1,0,0,0,0,0,79972333,5830079385,1342025,5253814
202238,11,7,7060601,Marienfelder Allee Nordwest,2019,12,18,2,3,6,2,2,0,1,1,0,0,0,1,7972928614,5817293395,1337312,5242486
202239,11,12,12214421,Reinickes Hof,2019,12,18,2,2,6,2,2,0,0,1,0,0,1,1,7933842665,5833150017,1332977,5256912
202240,11,6,6010205,SÅdende,2019,12,17,4,3,5,2,2,0,1,0,0,0,0,0,7953298552,5819980902,1334671,5245001
202241,11,8,8010301,Reuterkiez,2019,12,17,4,3,5,2,2,1,1,0,0,0,0,0,8009128102,5824454712,1343265,5248707
202242,11,12,12302108,MÑrkisches Zentrum,2019,12,18,2,2,6,2,2,0,1,1,0,0,0,1,7939470428,583663871,1334115,5260009
202243,11,8,8010301,Reuterkiez,2019,12,18,2,3,6,4,2,0,1,1,0,0,0,1,8007885364,5824329815,1343072,5248602
202244,11,3,3071536,Teutoburger Platz,2019,12,17,4,2,9,1,2,0,1,0,0,0,0,0,7992210843,5829275631,1341215,5253121
202245,11,7,7030303,Grazer Platz,2019,12,17,4,3,5,2,2,1,1,0,0,0,0,0,7946646966,5821802186,1333856,524667
202246,11,6,6020409,Kînigsberger Stra·e,2019,12,17,2,3,5,2,2,0,1,0,0,0,0,1,7938347012,5817555716,1332264,5242908
202247,11,4,4030931,Breitscheidplatz,2019,12,13,4,3,2,6,0,1,1,0,0,0,1,0,7943938737,5825715429,1333804,5250192
202248,11,8,8030830,Gropiusstadt SÅd,2019,12,17,2,3,5,2,2,0,1,0,0,0,1,1,8023670667,581775978,1344794,5242626
202249,11,4,4020311,Reichsstra·e,2019,12,11,4,3,2,6,0,0,1,0,0,0,0,0,789033737,5827002942,1326041,5251633
202250,11,9,9030902,Wohngebiet II,2019,12,10,4,3,5,3,0,0,1,0,0,0,0,0,8081714997,5815764214,135312,5240514
202251,11,7,7060603,Marienfelde Nordost,2019,12,17,2,2,2,2,2,0,1,0,0,1,0,1,7986640895,5816173758,1339223,5241407
202252,11,7,7010102,Nollendorfplatz,2019,12,17,2,3,5,3,2,0,1,0,0,0,1,1,794975077,5825092064,1334603,5249602
202253,11,9,9051901,Dammvorstadt,2019,12,10,4,3,6,7,0,0,1,1,0,0,0,1,8110076184,5821782102,1357836,5245746
202254,11,5,5020419,Magistratsweg,2019,12,9,4,3,0,1,0,0,0,0,1,0,0,0,7818222934,5828434944,1315564,5253295
202255,11,6,6020409,Kînigsberger Stra·e,2019,12,17,2,3,2,6,2,0,1,0,0,0,0,1,7940587438,5818770204,13327,5243984
202256,11,1,1011101,StÅlerstra·e,2019,12,23,3,3,2,6,2,0,1,0,0,0,0,0,7952559593,5826623408,1335151,525096
202257,11,8,8010301,Reuterkiez,2019,12,23,3,2,6,4,2,0,1,1,0,0,0,0,8009725976,5824759314,1343381,5248977
202258,11,3,3051022,Hansastra·e,2019,12,16,2,2,5,2,2,0,1,0,1,0,0,1,80300061,5832007154,1347019,5255361
202259,11,3,3020307,Buchholz,2019,12,16,2,3,5,3,2,0,1,0,0,0,1,1,7994739816,5837476866,1342327,5260458
202260,11,9,9010401,Johannisthal West,2019,12,20,3,3,5,2,2,1,1,0,0,0,0,0,806271103,5820979265,1350813,5245294
202261,11,6,6040808,HÅttenweg,2019,12,19,3,3,2,2,2,0,1,0,0,0,0,0,7901464542,5819658216,1327037,524499
202262,11,5,5020523,Maulbeerallee,2019,12,19,3,3,5,2,2,1,1,0,0,0,0,0,7823832309,5827031024,1316269,5252007
202263,11,10,10020622,Kaulsdorf Nord I,2019,12,17,3,3,2,6,2,1,1,0,0,0,0,0,8111811966,5829153071,1358779,5252342
202264,11,4,4041137,Flinsberger Platz,2019,12,16,3,3,2,6,2,0,1,0,0,0,0,0,7916601125,582371292,1329613,5248544
202265,11,4,4030622,Richard-Wagner-Stra·e,2019,12,15,2,3,1,5,1,1,1,0,0,0,0,1,7919272357,5827194875,133031,5251651
202266,11,8,8041036,Zittauer Stra·e,2019,12,16,2,3,6,2,2,0,1,1,0,0,0,1,8048689026,5817569233,1348445,5242316
202267,11,1,1011305,Heine-Viertel West,2019,12,16,3,3,5,3,2,1,1,0,0,0,0,0,7991311392,5827129004,1340889,5251202
202268,11,10,10020622,Kaulsdorf Nord I,2019,12,16,2,3,2,6,2,0,1,0,0,0,0,1,8112036465,5828909677,1358789,5252122
202269,11,6,6020306,Lankwitz SÅd,2019,12,16,3,3,5,3,2,0,1,0,0,0,0,1,7968808037,5817491449,1336726,5242686
202270,11,4,4030725,Amtsgerichtsplatz,2019,12,15,2,3,5,3,1,1,1,0,0,0,0,1,7917618948,5826439524,1330001,5250983
202271,11,4,4051447,Ludwigkirchplatz,2019,12,15,2,3,5,3,0,0,1,0,0,0,0,0,793289235,5824602429,1332083,5249254
202272,11,5,5010208,Germersheimer Platz,2019,12,16,3,2,6,4,2,0,1,1,0,0,0,0,7840093788,5830505634,1318956,5255038
202273,11,2,2050801,Traveplatz,2019,12,13,2,3,5,2,0,0,1,0,1,0,0,0,8034269667,5826923135,1347182,525078
202274,11,1,1011302,Oranienburger Stra·e,2019,12,13,2,3,1,5,0,1,0,0,0,1,0,0,7989511119,5828949217,1340789,5252843
202275,11,1,1022103,Westhafen,2019,12,12,2,3,2,6,0,0,1,0,0,0,1,0,7935056406,5829361697,1332821,5253509
202276,11,10,10010308,Marzahner Chaussee,2019,12,10,3,2,0,7,1,1,0,0,0,0,0,0,8065546955,5830221092,135208,5253561
202277,11,12,12103218,Teichstra·e,2019,12,5,3,3,6,2,2,0,1,1,0,0,0,0,7949471876,5833094492,1335272,5256777
202278,11,8,8030831,Gropiusstadt Ost,2019,12,11,2,3,0,3,0,0,1,0,1,0,0,1,8033505371,5817401044,1346204,524225
202279,11,4,4051551,Brabanter Platz,2019,12,11,2,3,2,6,0,0,1,0,1,0,0,0,7933494737,5823003373,1332031,5247817
202280,11,7,7020201,Bayerischer Platz,2019,12,15,3,3,5,2,0,1,1,0,0,0,0,0,7949344837,5824320312,1334475,5248913
202281,11,10,10040932,Alt-Mahlsdorf,2019,12,11,2,2,5,3,0,0,1,0,0,0,0,0,8122700629,5827748525,1360247,5251021
202282,11,3,3040508,Rosenthal,2019,12,9,2,2,4,6,0,0,1,0,0,0,0,0,7959260107,5836461342,1337012,5259742
202283,11,7,7070704,Nahariyastra·e,2019,12,15,3,3,5,2,0,1,1,0,0,0,0,0,7999312509,5814007693,1340887,5239397
202284,11,7,7070705,Franziusweg/Rohrbachstra·e,2019,12,13,3,3,5,3,0,1,1,0,0,0,0,1,7992517202,5812641973,1339769,523821
202285,11,2,2010102,Mehringplatz,2019,12,9,2,3,5,2,0,1,1,0,0,0,0,0,7984015808,5826418732,1339754,5250605
202286,11,9,9041302,Wendenschlo·,2019,12,9,2,3,1,5,0,0,1,0,0,0,0,0,8121537452,5817822522,1359147,5242133
202287,11,6,6040703,Nikolassee,2019,12,13,3,3,0,1,0,1,0,0,0,0,0,1,7867680943,5817058025,1321857,5242837
202288,11,10,10020413,Gut Hellersdorf,2019,12,13,3,3,5,3,0,1,1,0,0,0,0,0,811113234,5831265985,1358877,5254239
202289,11,3,3030715,Heinersdorf,2019,12,7,2,2,5,3,1,1,0,0,0,0,1,1,8008126694,5833502985,1343937,5256823
202290,11,4,4041344,RÅdesheimer Platz,2019,12,7,2,3,5,3,2,1,1,0,0,0,0,0,7933782099,5821960191,1331982,5246881
202291,11,8,8010302,BouchÇstra·e,2019,12,6,2,3,5,3,1,1,0,0,0,0,1,0,8013967215,5824766876,1344004,524896
202292,11,4,4051550,Leon-Jessel-Platz,2019,12,13,3,3,5,3,0,1,0,0,0,0,0,0,7930184882,5824224464,1331653,524893
202293,11,8,8010405,Hertzbergplatz,2019,12,6,2,3,5,3,2,1,1,0,0,0,0,0,8021167599,5823637627,1344959,5247908
202294,11,4,4031032,Halensee,2019,12,12,3,3,5,2,0,0,1,0,0,0,0,0,7909603925,5824830286,1328683,5249583
202295,11,9,9051901,Dammvorstadt,2019,12,6,2,3,5,2,2,1,0,0,0,0,1,1,8096608491,582150781,1355835,5245577
202296,11,11,11020412,Hauptstra·e,2019,12,6,2,3,5,3,2,0,1,0,0,0,0,0,8056198521,583177587,1350849,5255007
202297,11,2,2010101,Askanischer Platz,2019,12,12,3,3,0,2,0,1,1,0,0,0,0,0,7977660186,582603861,1338786,5250299
202298,11,3,3030711,Blankenburg,2019,12,15,2,3,5,3,1,0,1,0,0,0,1,1,8016126072,5836130641,1345353,5259133
202299,11,1,1044203,Leopoldplatz,2019,12,20,1,3,2,6,2,0,1,0,0,0,1,1,7953562155,5831471996,1335729,5255301
202300,11,1,1044201,Reinickendorfer Stra·e,2019,12,18,1,3,3,6,2,0,1,0,0,0,0,1,7956852011,5830919635,1336164,5254788