OBJECTID,LAND,BEZ,LOR,STRASSE,UJAHR,UMONAT,USTUNDE,UWOCHENTAG,UKATEGORIE,UART,UTYP1,ULICHTVERH,IstRad,IstPKW,IstFuss,IstKrad,IstGkfz,IstSonstige,USTRZUSTAND,LINREFX,LINREFY,XGCSWGS84,YGCSWGS84
202301,11,5,5030832,Rohrdamm,2019,12,11,3,2,6,7,0,0,1,1,0,0,0,0,7895574838,5829274423,1327009,5253642
202302,11,11,11040926,Weitlingstra·e,2019,12,11,3,3,5,3,0,1,1,0,0,0,0,0,8061335019,5826708193,1351137,5250436
202303,11,7,7010102,Nollendorfplatz,2019,12,18,1,3,2,6,2,0,1,0,0,0,0,1,7949825379,5825666213,1334664,5250117
202304,11,8,8010211,Flughafenstra·e,2019,12,18,1,3,5,7,2,0,1,0,0,0,1,0,8004279307,5823790276,1342494,5248138
202305,11,4,4020312,Branitzer Platz,2019,12,9,3,3,5,3,0,0,1,0,0,0,0,1,7897905298,5827130704,1327165,5251708
202306,11,8,8020727,Buckow Mitte,2019,12,9,3,3,5,2,0,0,1,0,0,0,0,1,8010256085,5817070168,1342765,5242082
202307,11,3,3040614,Pankow Zentrum,2019,12,17,1,3,6,4,2,0,1,1,0,0,0,1,7980750079,583361785,133992,5257076
202308,11,1,1011104,Kîrnerstra·e,2019,12,16,1,3,5,3,2,0,1,0,0,0,0,1,7963612234,5826128432,1336731,5250456
202309,11,9,9030901,Dorf Altglienicke,2019,12,9,3,3,5,3,0,1,1,0,0,0,0,1,807475517,5817763674,1352284,5242345
202310,11,5,5010314,Carl-Schurz-Stra·e,2019,12,16,1,3,3,6,2,0,1,0,0,0,0,1,7849650468,5829420677,1320269,5254015
202311,11,6,6040804,Krumme Lanke,2019,12,16,1,3,1,5,2,0,1,0,0,0,0,1,7875451608,5817948633,1323073,5243594
202312,11,4,4030929,Hindemithplatz,2019,12,8,3,3,0,2,0,0,1,0,1,0,0,1,7926287063,5825452597,1331188,5250052
202313,11,8,8010404,Rixdorf,2019,12,7,3,3,6,2,2,0,1,1,0,0,0,1,8025752636,5823075119,1345581,5247378
202314,11,3,3030406,Alt-Karow,2019,12,15,1,3,5,3,1,0,1,0,0,0,0,1,8027460143,5839064296,1347289,52617
202315,11,6,6040703,Nikolassee,2019,12,15,1,3,3,6,0,0,1,0,0,0,0,1,787136364,5817205235,132241,5242949
202316,11,4,4030415,Schlo·garten,2019,12,13,1,3,5,5,0,0,1,0,0,0,0,1,7908944118,5827398827,132881,5251889
202317,11,8,8020727,Buckow Mitte,2019,12,8,3,3,6,4,0,0,1,1,0,0,0,1,8013996034,5816472148,134326,5241525
202318,11,7,7040406,Germaniagarten,2019,12,14,1,3,3,6,0,0,1,0,0,0,0,1,7999411212,5821288483,1341554,5245922
202319,11,12,12302109,Treuenbrietzener Stra·e,2019,12,7,3,3,2,2,0,0,1,0,1,0,0,1,7957484464,5837039458,1336803,526027
202320,11,5,5020626,Adamstra·e,2019,12,3,1,2,9,1,2,0,1,0,0,0,0,1,7833436931,5827676568,1317736,5252536
202321,11,8,8010118,Silbersteinstra·e,2019,12,3,1,3,9,1,2,0,1,0,0,0,0,0,8009861042,5822152949,1343165,524664
202322,11,10,10040933,Mahlsdorf SÅd,2019,12,7,3,3,5,2,0,0,1,0,0,0,1,1,81236708,5823889438,1360027,5247557
202323,11,9,9010402,Johannisthal Ost,2019,12,7,3,3,6,4,2,0,1,1,0,0,0,1,8063103664,5819359833,1350722,5243841
202324,11,3,3071638,Winsstra·e,2019,12,7,1,3,0,7,0,0,0,0,1,0,1,1,7999274026,5829773176,1342298,5253528
202325,11,10,10040828,Kaulsdorf Nord,2019,12,6,3,3,4,6,2,1,1,0,0,0,0,1,8108030001,5827999807,1358115,525133
202326,11,12,12231101,Hermsdorf,2019,12,0,1,2,6,4,2,0,1,1,0,0,0,1,7913239478,583865071,133043,5261953
202327,11,7,7060604,Marienfelde SÅd,2019,12,17,7,2,5,2,2,0,1,0,0,0,0,0,7965800896,5815865638,1336141,5241245
202328,11,7,7040401,Neu-Tempelhof,2019,12,9,3,2,6,3,0,0,0,1,0,0,1,0,7976692802,5823706617,1338436,5248214
202329,11,11,11030619,Fennpfuhl Ost,2019,12,16,3,1,6,4,2,0,1,1,0,0,0,0,8036700861,5829760393,1347798,525331
202330,11,5,5030730,Zitadellenweg,2019,12,17,7,2,1,5,2,0,1,0,0,0,0,1,7865735141,5829238387,1322618,5253767
202331,11,7,7070703,John-Locke-Stra·e,2019,12,17,7,3,6,4,2,0,1,1,0,0,0,1,7997856457,5813184283,13406,5238666
202332,11,12,12224230,Heiligensee,2019,12,11,3,1,9,1,0,0,1,0,0,0,0,0,7852935202,5837213182,1321423,5260985
202333,11,3,3040614,Pankow Zentrum,2019,12,17,2,3,4,5,0,0,1,0,0,0,1,0,7981590104,5833059991,1339993,5256571
202334,11,10,10010203,Gewerbegebiet Bitterfelder Stra·e,2019,12,17,7,3,6,4,2,0,0,1,0,0,1,1,8075737186,5830747262,1353626,5253975
202335,11,12,12231101,Hermsdorf,2019,12,17,7,2,5,2,2,0,1,0,1,0,0,1,791746104,5839573717,1331133,5262758
202336,11,3,3030711,Blankenburg,2019,12,6,2,3,2,6,2,0,1,0,0,0,0,0,8016791148,5835903412,134543,5258926
202337,11,5,5030730,Zitadellenweg,2019,12,16,7,3,2,6,2,0,1,0,0,0,0,0,7856795196,5829271477,1321307,5253844
202338,11,1,1022102,Beusselkiez,2019,12,23,2,3,2,6,2,0,1,0,0,0,0,1,7935563558,5828903393,1332855,5253095
202339,11,7,7070701,Kettinger Stra·e/Schillerstra·e,2019,12,15,7,3,5,3,0,0,1,0,0,0,0,0,7992832933,5814284552,1339962,523968
202340,11,10,10030727,Biesdorf SÅd,2019,12,21,7,3,2,6,2,0,1,0,0,0,0,1,8095466322,5826922748,135617,5250436
202341,11,4,4020311,Reichsstra·e,2019,12,21,2,2,0,1,2,1,0,0,0,0,0,1,7882371276,5827767504,1324937,5252361
202342,11,1,1044202,Sparrplatz,2019,12,21,2,3,5,3,2,0,1,0,0,0,0,1,7956105665,5830517203,1336018,5254431
202343,11,4,4051655,Babelsberger Stra·e,2019,12,20,7,2,6,4,2,0,1,1,0,0,0,1,7940325483,5823103229,1333043,524787
202344,11,3,3020210,Herthaplatz,2019,12,12,7,3,0,5,0,0,1,0,0,0,1,1,7986115759,5835825711,1340908,5259026
202345,11,12,12304313,Borsigwalde,2019,12,21,2,3,6,2,2,0,1,1,0,0,0,1,7916590069,5834473814,1330556,5258191
202346,11,2,2020205,Chamissokiez,2019,12,20,2,3,0,1,2,1,0,0,0,0,0,1,7987631928,5824008528,1340069,5248425
202347,11,4,4030931,Breitscheidplatz,2019,12,11,7,3,6,4,0,0,1,1,0,0,0,1,7943178454,5825929701,1333711,5250389
202348,11,12,12214527,Alt-Tegel,2019,12,11,7,3,5,2,0,0,1,0,0,0,0,0,7901327849,5835779824,1328424,5259443
202349,11,4,4030931,Breitscheidplatz,2019,12,19,2,3,5,7,2,1,1,0,0,0,0,1,7943672447,5825669281,1333761,5250153
202350,11,1,1033201,Brunnenstra·e,2019,12,19,2,3,6,2,2,0,1,1,0,0,0,1,7979064966,5830317153,1339376,5254127
202351,11,4,4030931,Breitscheidplatz,2019,12,11,7,3,2,6,0,0,1,0,0,0,0,1,7939233475,5825761264,1333117,5250259
202352,11,8,8010404,Rixdorf,2019,12,6,7,3,6,2,2,0,1,1,0,0,0,1,8020235427,5823481873,1344808,5247774
202353,11,5,5020524,Weinmeisterhornweg,2019,12,4,7,3,5,3,2,0,1,0,0,0,0,1,783046096,582606155,1317161,5251103
202354,11,4,4030623,Ernst-Reuter-Platz,2019,12,16,2,3,3,6,2,1,1,0,0,0,0,0,7936500796,5826067466,1332743,5250548
202355,11,6,6030610,Lichterfelde West,2019,12,7,2,3,5,2,1,0,1,0,0,0,1,0,7920076047,5818957345,1329707,5244262
202356,11,4,4041343,Binger Stra·e,2019,12,9,7,3,5,2,0,1,1,0,0,0,0,1,7926675784,5823054809,1331035,52479
202357,11,1,1011201,Wilhelmstra·e,2019,12,1,7,3,8,1,2,0,1,0,0,0,0,1,7969746614,5826705424,1337683,525094
202358,11,1,1044201,Reinickendorfer Stra·e,2019,12,9,2,3,0,3,0,0,1,0,1,0,0,0,7963367568,5831650034,1337187,5255407
202359,11,2,2010102,Mehringplatz,2019,12,6,2,3,5,3,2,0,1,0,0,0,1,0,7983469798,5825549214,1339596,5249829
202360,11,11,11041023,Gensinger Stra·e,2019,12,19,7,2,6,4,2,0,1,1,0,0,0,1,8068403518,5827740414,135227,5251322
202361,11,8,8010118,Silbersteinstra·e,2019,12,19,7,3,5,3,2,0,1,0,0,0,1,1,8010903293,5821972964,1343302,5246473
202362,11,9,9020701,Adlershof West,2019,12,5,2,3,5,3,2,1,1,0,0,0,0,1,8076413515,5819358644,1352674,5243765
202363,11,1,1044201,Reinickendorfer Stra·e,2019,12,19,7,3,5,2,2,0,1,0,0,0,0,1,7966934257,5831634478,133771,5255374
202364,11,1,1044101,Rehberge,2019,12,18,2,3,3,6,2,1,1,0,0,0,0,1,7948892155,583128014,1335025,5255154
202365,11,2,2010102,Mehringplatz,2019,12,18,7,3,2,6,2,0,1,0,1,0,0,1,7982011233,5826382696,1339456,5250584
202366,11,8,8010404,Rixdorf,2019,12,18,7,3,1,5,2,1,1,0,0,0,0,1,8020703494,5823442089,1344873,5247735
202367,11,6,6020305,Gemeindepark Lankwitz,2019,12,18,2,3,2,6,2,0,1,0,1,0,0,0,795411998,5817614535,1334583,5242876
202368,11,12,12214424,Scharnweberstra·e,2019,12,17,2,3,5,3,2,1,1,0,0,0,0,1,7925598661,5832822093,1331736,5256662
202369,11,11,11040926,Weitlingstra·e,2019,12,18,7,3,2,6,2,0,1,0,0,0,0,1,8063408124,5826853462,1351455,5250555
202370,11,8,8010211,Flughafenstra·e,2019,12,18,7,3,2,6,2,0,1,0,0,0,0,0,8008972038,5823846951,1343188,5248163
202371,11,1,1044102,Schillerpark,2019,12,17,2,3,5,7,2,0,1,0,1,0,0,1,795310281,5832243637,133573,5255995
202372,11,11,11010310,MÅhlengrund,2019,12,17,2,3,2,6,2,0,1,0,0,0,0,1,8057453024,5833555975,1351197,5256595
202373,11,5,5010339,Freiheit,2019,12,18,7,3,5,2,2,1,1,0,0,0,0,1,7879386055,5827887629,1324509,5252484
202374,11,2,2020203,Viktoriapark,2019,12,20,6,3,6,4,2,0,0,1,0,0,1,0,797505209,5824003044,1338221,5248489
202375,11,10,10010311,Landsberger Tor,2019,12,16,2,3,2,6,2,0,1,0,0,0,0,2,8103568533,583181603,1357816,5254775
202376,11,9,9030901,Dorf Altglienicke,2019,12,20,6,3,6,4,2,0,0,1,0,0,1,1,8077013701,581772785,1352612,52423
202377,11,8,8041037,Alt-Rudow,2019,12,14,2,2,0,3,0,0,0,0,1,0,1,1,8052564531,5817385557,1348996,524213
202378,11,2,2020204,Urbanstra·e,2019,12,13,2,3,2,6,0,0,1,0,0,0,0,0,7983226994,5825114179,1339521,524944
202379,11,12,12224230,Heiligensee,2019,12,20,6,2,4,6,2,1,0,0,0,0,0,0,7872282787,5836084627,1324174,5259871
202380,11,3,3071639,Bîtzowstra·e,2019,12,12,2,3,9,1,0,0,1,0,0,0,1,1,8009146622,5829196318,1343697,5252957
202381,11,7,7010102,Nollendorfplatz,2019,12,16,6,3,6,4,2,1,0,1,0,0,0,1,7950791756,5825806797,1334819,5250237
202382,11,4,4051549,Rathaus Wilmersdorf,2019,12,9,2,3,2,6,0,0,1,0,0,0,0,0,7933115968,5823898701,1332054,5248622
202383,11,10,10010308,Marzahner Chaussee,2019,12,18,1,3,5,3,2,0,1,0,0,0,1,1,8063309182,5830178569,1351747,5253535
202384,11,6,6030609,Augustaplatz,2019,12,17,6,3,6,2,2,0,1,1,0,0,0,1,793263586,5819084045,1331561,5244309
202385,11,12,12302212,Rollbergesiedlung,2019,12,17,6,3,6,4,2,0,1,1,0,0,0,1,793386013,5837768309,1333389,5261051
202386,11,4,4051446,Preu·enpark,2019,12,2,1,3,5,3,2,0,1,0,0,0,0,1,793075724,5825004254,1331805,5249626
202387,11,9,9052001,Kîpenick Nord,2019,12,17,6,3,6,4,2,0,1,1,0,0,0,1,8110393435,5821968707,13579,5245912
202388,11,1,1011402,Arkonaplatz,2019,12,17,6,3,0,2,2,0,1,1,0,0,0,1,7983101139,5829387754,1339886,5253272
202389,11,12,12103219,SchÑfersee,2019,12,17,6,3,6,2,2,0,1,1,0,0,0,1,7956123387,5833076894,1336249,5256725
202390,11,3,3050924,Behaimstra·e,2019,12,17,6,3,6,4,2,0,1,1,0,0,0,1,801392584,5831509618,1344609,5255004
202391,11,4,4051551,Brabanter Platz,2019,12,15,6,3,5,2,1,1,1,0,0,0,0,1,79333431,5823067532,1332015,5247876
202392,11,8,8041040,Waltersdorfer Chaussee Ost,2019,12,17,1,2,1,5,2,0,1,0,0,1,0,1,8058927135,5816925332,1349887,5241682
202393,11,4,4041344,RÅdesheimer Platz,2019,12,19,1,3,5,3,2,1,1,0,0,0,0,1,7928190727,5821879015,1331154,5246838
202394,11,10,10010310,Alt-Marzahn,2019,12,16,6,3,5,3,2,1,1,0,0,0,0,1,8098748432,5831436647,1357072,5254463
202395,11,8,8020727,Buckow Mitte,2019,12,16,6,3,2,6,2,0,1,0,0,0,0,1,8012127906,5817164724,1343048,5242156
202396,11,6,6030609,Augustaplatz,2019,12,16,6,3,8,1,2,0,1,0,0,0,0,1,7930309625,5818150574,1331138,5243484
202397,11,12,12214125,Waldidyll/Flughafensee,2019,12,19,1,3,2,6,2,0,1,0,0,0,0,0,7911763407,5830884699,132953,5254999
202398,11,1,1044201,Reinickendorfer Stra·e,2019,12,16,6,3,2,6,2,0,1,0,0,0,1,1,7964610561,5831649509,133737,52554
202399,11,6,6040807,Zehlendorf Eiche,2019,12,17,1,3,5,3,2,0,1,0,0,0,0,1,7897192386,5818444227,1326305,5243924
202400,11,6,6030503,Zehlendorf Mitte,2019,12,12,6,2,2,7,0,0,1,0,0,0,0,1,7910140188,5818627909,1328221,524402
202401,11,9,9051901,Dammvorstadt,2019,12,22,6,3,6,2,2,0,1,1,0,0,0,1,8120669852,5821206835,1359336,524517
202402,11,6,6040804,Krumme Lanke,2019,12,17,1,3,6,7,2,1,0,1,0,0,0,1,7876293641,5818129555,1323212,5243752
202403,11,2,2010103,Moritzplatz,2019,12,21,6,3,6,2,2,0,1,1,0,0,0,1,7990327271,5826075067,134065,5250263
202404,11,4,4030519,Kaiserin-Augusta-Allee,2019,12,20,6,3,5,7,2,0,1,0,0,0,1,1,7923574517,5828664444,1331072,5252946
202405,11,10,10010310,Alt-Marzahn,2019,12,19,6,3,2,6,2,0,1,0,0,0,0,1,8094963944,5831430625,1356515,5254479
202406,11,4,4010101,Jungfernheide,2019,12,16,1,3,5,3,2,0,1,0,0,0,0,0,7912094445,5829731007,1329478,5253963
202407,11,9,9020701,Adlershof West,2019,12,19,6,3,5,3,2,0,1,0,0,0,0,1,8077095473,5818115241,135266,5242647
202408,11,6,6010207,Mittelstra·e,2019,12,19,6,3,5,3,2,0,1,0,0,0,0,1,7934705239,5820167247,1331959,5245268
202409,11,8,8010301,Reuterkiez,2019,12,14,1,3,5,3,0,1,1,0,0,0,0,1,8005488694,582477816,134276,5249017
202410,11,8,8010214,Glasower Stra·e,2019,12,19,6,3,2,6,2,0,1,0,0,0,0,1,8017579517,5822043234,1344288,5246499
202411,11,8,8041038,Wa·mannsdorfer Chaussee,2019,12,14,1,2,5,2,0,0,1,0,0,0,0,1,8062398661,5816367322,1350345,5241162
202412,11,7,7020203,Kaiser-Wilhelm-Platz,2019,12,19,6,3,0,4,2,1,0,1,0,0,0,1,7950242116,5823837194,1334564,5248475
202413,11,4,4020310,Park Ruhwald,2019,12,18,6,3,2,6,2,0,1,0,0,0,0,1,7905705711,582735422,1328331,5251867
202414,11,4,5030833,Motardstra·e,2019,12,13,1,3,2,6,0,0,1,0,0,0,0,1,7903853998,582903204,1328205,5253381
202415,11,12,12214125,Waldidyll/Flughafensee,2019,12,11,1,3,5,2,0,0,1,0,0,0,0,1,7911672519,5834028102,1329793,5257818
202416,11,12,12304314,Ziekowstra·e/Freie Scholle,2019,12,18,6,3,6,4,2,0,1,1,0,0,0,1,791262756,5836437614,1330145,5259973
202417,11,4,4031032,Halensee,2019,12,18,6,3,0,7,2,0,1,0,0,0,0,1,7915882801,5825300547,1329646,5249971
202418,11,9,9010401,Johannisthal West,2019,12,6,1,3,8,1,2,0,1,0,0,0,0,2,8055093872,5821509585,1349744,5245812
202419,11,4,4030623,Ernst-Reuter-Platz,2019,12,5,1,3,9,1,2,0,1,0,0,0,0,1,7935167098,5826486229,1332584,5250931
202420,11,4,4041241,Breite Stra·e,2019,12,18,6,2,6,4,2,1,0,1,0,0,0,1,7915283914,5822489752,1329312,5247455
202421,11,5,5030833,Motardstra·e,2019,12,16,6,2,6,2,2,0,1,1,0,0,0,1,789210131,5829267959,1326498,5253655
202422,11,4,4030929,Hindemithplatz,2019,12,16,6,2,0,7,2,1,0,0,0,0,0,1,7926602197,5825767023,1331262,5250332
202423,11,9,9041301,Kietzer Feld/Nachtheide,2019,12,5,1,3,9,1,2,0,1,0,0,0,0,1,8137868915,5818810987,1361634,5242925
202424,11,2,2050801,Traveplatz,2019,12,14,6,3,5,3,0,0,1,0,0,0,0,1,8025561195,5827390821,1345945,5251248
202425,11,1,1011304,Karl-Marx-Allee,2019,12,1,1,2,5,3,2,1,1,0,0,0,0,1,7997301518,5827539762,1341807,5251537
202426,11,9,9030902,Wohngebiet II,2019,12,14,6,3,5,2,0,1,1,0,0,0,0,1,8079907561,5815469408,1352828,5240259
202427,11,4,4041134,Bismarckallee,2019,12,10,6,3,5,3,0,1,1,0,0,0,0,1,7902825033,5824205667,1327633,5249059
202428,11,3,3030715,Heinersdorf,2019,12,12,1,3,2,6,0,0,1,0,0,0,0,0,8011005334,5834663613,1344466,5257847
202429,11,11,11040926,Weitlingstra·e,2019,12,9,6,3,5,3,0,0,1,0,0,0,0,1,8046902383,582666896,1349014,5250482
202430,11,4,4041136,Hagenplatz,2019,12,9,6,3,6,4,0,0,1,1,0,0,0,1,7906959009,5822714865,132811,5247701
202431,11,8,8010213,Kîrnerpark,2019,12,8,6,3,5,7,0,1,1,0,0,0,0,0,8011727026,582273132,1343491,5247148
202432,11,11,11030720,Herzbergstra·e,2019,12,0,1,1,6,4,2,0,1,1,0,0,0,1,8061296254,5830144447,1351448,5253516
202433,11,8,8010302,BouchÇstra·e,2019,12,14,7,2,5,7,0,0,1,0,1,0,0,1,801545281,5824656689,1344212,5248853
202434,11,2,2020206,Graefekiez,2019,12,8,6,3,0,1,0,1,0,0,0,0,0,0,8001541611,5824656594,134217,524893
202435,11,8,8041036,Zittauer Stra·e,2019,12,14,2,3,5,3,0,0,1,0,0,0,0,0,8052592708,5817236945,1348987,5241997
202436,11,8,8010211,Flughafenstra·e,2019,12,13,2,3,1,5,0,1,1,0,0,0,0,0,8007128859,5823798449,1342913,524813
202437,11,12,12103117,Letteplatz,2019,12,11,2,3,5,3,0,0,1,0,0,0,0,0,7966989583,5833013311,1337842,5256609
202438,11,8,8010303,Donaustra·e,2019,12,10,2,3,5,2,0,0,1,0,1,0,0,0,8010206419,5823900756,1343374,5248204
202439,11,4,4010102,Plîtzensee,2019,12,8,2,3,6,4,0,0,0,1,1,0,0,0,7927673422,583058959,1331844,5254649
202440,11,6,6020410,Oberhofer Platz,2019,12,21,2,2,5,3,2,0,1,0,0,1,0,0,7944829597,5816586098,133313,5242004
202441,11,9,9020501,Oberschîneweide West,2019,12,6,2,2,0,1,2,1,0,0,0,0,0,0,8065226645,5822605728,1351332,5246738
202442,11,8,8030831,Gropiusstadt Ost,2019,12,16,1,3,6,7,2,0,1,1,0,0,0,0,8033920594,5817533829,1346277,5242367
202443,11,11,11040925,Victoriastadt,2019,12,15,1,3,5,3,0,0,1,0,0,0,0,0,8034103577,5826620938,134713,525051
202444,11,4,4041238,Kissinger Stra·e,2019,12,14,1,3,2,6,0,0,1,0,0,0,0,0,791685308,5823702264,1329649,5248533
202445,11,6,6020303,Lankwitz Kirche,2019,12,4,1,3,5,3,2,0,1,0,0,0,0,0,7956628328,5818244407,1335006,5243427
202446,11,4,4030827,Karl-August-Platz,2019,12,2,1,3,1,5,2,0,1,0,0,0,0,0,7921397349,5826114513,1330528,5250671
202447,11,11,11010205,Falkenberg West,2019,12,21,7,2,6,4,2,0,1,1,0,0,0,0,8068820673,5832599053,135278,5255674
202448,11,1,1011302,Oranienburger Stra·e,2019,12,21,7,3,1,5,2,0,1,0,0,0,1,0,7986414761,5828885229,1340328,5252803
202449,11,8,8010510,Gewerbegebiet Kîllnische Heide,2019,12,20,7,3,2,2,2,0,1,0,0,0,0,1,8031722454,5821961847,1346356,5246348
202450,11,1,1044201,Reinickendorfer Stra·e,2019,12,17,7,3,6,7,2,0,1,1,0,0,0,0,7968369495,5831562889,1337915,5255302
202451,11,1,1022205,Zillesiedlung,2019,12,16,7,3,0,1,2,1,0,0,0,0,0,0,7959981443,582868765,1336425,525277
202452,11,7,7040405,Rathaus Tempelhof,2019,12,17,7,3,6,4,2,0,1,1,0,0,0,0,7980200347,5821181453,1338725,5245931
202453,11,2,2040502,Friedenstra·e,2019,12,15,7,3,6,3,0,1,0,1,0,0,0,0,800734159,5828488312,1343367,5252332
202454,11,6,6010205,SÅdende,2019,12,14,7,3,6,4,0,0,1,1,0,0,0,0,7958796559,581985913,1335467,5244862
202455,11,8,8020623,Ortolanweg,2019,12,13,7,3,5,3,0,0,1,0,0,0,1,0,8030037524,581989192,1345921,5244502
202456,11,1,1011303,Alexanderplatzviertel,2019,12,12,7,3,5,3,0,0,0,0,0,0,1,0,7986683023,5828150346,1340301,5252143
202457,11,4,4030417,Schlo·stra·e,2019,12,12,7,3,5,7,0,0,1,0,1,0,0,0,7917459242,5827246031,1330048,5251707
202458,11,8,8010301,Reuterkiez,2019,12,12,7,3,6,4,0,0,1,1,0,0,0,0,8008871957,5824280219,1343212,5248552
202459,11,2,2030302,Lausitzer Platz,2019,12,7,7,3,5,3,2,1,1,0,0,0,0,0,8011559098,5825955241,1343758,5250038
202460,11,8,8010301,Reuterkiez,2019,12,23,7,2,0,1,2,1,0,0,0,0,0,0,8008482109,5824514695,1343176,5248764
202461,11,1,1011305,Heine-Viertel West,2019,12,0,7,2,5,3,2,0,1,0,0,0,1,0,7996487025,5827039634,1341642,5251093
202462,11,4,4030620,Alt-Lietzow,2019,12,0,6,2,8,1,2,0,1,0,0,0,0,1,792747344,5827036616,1331502,5251465
202463,11,1,1022103,Westhafen,2019,12,16,6,3,5,3,2,1,1,0,0,0,0,0,7951301952,582961496,1335232,5253648
202464,11,2,2020206,Graefekiez,2019,12,13,6,3,0,7,0,0,1,0,0,0,0,0,7995069887,5824517295,1341207,524884
202465,11,9,9052001,Kîpenick Nord,2019,12,10,6,3,3,6,0,1,1,0,0,0,0,1,8107983568,5822472423,1357593,5246377
202466,11,7,7030303,Grazer Platz,2019,12,10,6,3,0,3,0,0,0,0,1,0,1,1,7950696735,5821620117,1334434,5246485
202467,11,2,2020204,Urbanstra·e,2019,12,9,6,3,8,1,0,0,1,0,0,0,0,1,7987067547,5824670025,1340045,5249021
202468,11,4,4041134,Bismarckallee,2019,12,7,6,3,5,3,1,1,0,0,0,0,1,0,7908530404,5823648413,1328422,5248529
202469,11,1,1011103,LÅtzowstra·e,2019,12,21,6,3,2,6,2,0,1,0,0,0,0,1,7958418159,5826022823,1335958,525039
202470,11,5,5010311,Eiswerder,2019,12,20,6,3,6,2,2,0,1,1,0,0,0,1,785200787,5830989067,132075,5255409
202471,11,4,4041344,RÅdesheimer Platz,2019,12,19,6,3,1,5,2,1,1,0,0,0,0,0,7929831748,5822335656,1331435,5247239
202472,11,8,8020622,Parchimer Allee,2019,12,17,6,3,2,6,2,0,1,0,0,0,0,1,8013674298,5819295065,1343467,5244057
202473,11,7,7020204,Schîneberger Insel,2019,12,17,6,3,5,3,2,1,1,0,0,0,0,1,7962731528,5823229024,1336344,5247862
202474,11,11,11030720,Herzbergstra·e,2019,12,16,6,3,5,3,2,0,1,0,0,0,0,1,8051413927,5829994533,1349982,5253437
202475,11,9,9051702,Bîlschestra·e,2019,12,19,6,2,6,4,2,0,1,1,0,0,0,1,8142021797,5821282295,1362475,5245116
202476,11,3,3040513,Schînholz,2019,12,14,6,2,0,1,0,1,0,0,0,0,0,1,7980433684,5833591008,1339871,5257054
202477,11,6,6040807,Zehlendorf Eiche,2019,12,9,6,2,5,3,0,1,1,0,0,0,0,1,7899928808,5819150955,1326768,5244543
202478,11,12,12103116,Hausotterplatz,2019,12,17,5,3,2,2,2,1,1,0,0,0,0,1,7958920684,5833185194,133667,5256807
202479,11,8,8010404,Rixdorf,2019,12,20,5,3,5,3,2,0,1,0,0,0,0,1,8024839387,5823139997,1345453,5247442
202480,11,10,10020622,Kaulsdorf Nord I,2019,12,17,5,3,5,2,2,0,1,0,0,0,0,1,81114272,5829166158,1358723,5252356
202481,11,11,11020514,Gro·e-Leege-Stra·e,2019,12,17,5,3,5,3,2,0,1,0,0,0,0,1,8046840909,5830729188,1349377,5254121
202482,11,11,11051229,Rummelsburg,2019,12,17,5,3,2,6,2,0,1,0,1,0,0,1,8037318712,5826229116,1347566,5250141
202483,11,8,8010303,Donaustra·e,2019,12,16,5,3,5,3,2,0,1,0,0,0,0,1,8006701395,5824245421,134289,5248533
202484,11,1,1033201,Brunnenstra·e,2019,12,11,5,3,0,1,0,0,1,0,1,0,0,1,798304308,5830113415,1339942,5253922
202485,11,9,9051702,Bîlschestra·e,2019,12,9,5,3,0,1,0,1,0,0,0,0,0,1,8142027415,5821334285,1362481,5245162
202486,11,5,5020625,Borkumer Stra·e,2019,12,2,5,3,8,1,2,0,1,0,0,0,0,1,7845707211,582818506,1319583,5252928
202487,11,4,4030518,Tegeler Weg,2019,12,0,5,3,0,1,2,0,0,0,0,0,1,1,7917184076,5828239882,1330095,5252599
202488,11,11,11030720,Herzbergstra·e,2019,12,15,5,2,5,1,0,0,1,0,0,0,0,1,806107755,5830140718,1351415,5253514
202489,11,9,9010301,Baumschulenstra·e,2019,12,14,5,2,5,2,0,0,1,0,0,0,0,1,8050165854,5822703432,134913,524691
202490,11,1,1033203,Humboldthain Nordwest,2019,12,6,5,2,3,6,2,1,1,0,0,0,0,1,7969712726,5831449963,1338102,5255193
202491,11,4,4051655,Babelsberger Stra·e,2019,12,12,4,3,5,2,0,0,1,0,0,0,0,1,7938912195,5823091498,1332834,5247867
202492,11,1,1033201,Brunnenstra·e,2019,12,23,4,3,5,7,2,0,1,0,1,0,0,1,7980242269,5830081595,1339528,5253909
202493,11,4,4030929,Hindemithplatz,2019,12,19,4,3,2,7,2,0,1,0,0,0,0,1,7923401211,5825392822,1330759,5250014
202494,11,7,7030303,Grazer Platz,2019,12,16,4,3,1,1,2,0,1,0,0,0,1,1,7954403527,58209863,1334922,5245897
202495,11,8,8020728,Buckow Ost,2019,12,13,4,3,5,3,0,0,1,0,0,0,1,1,8018951904,5816959605,134403,5241935
202496,11,4,4020208,Kranzallee,2019,12,23,3,3,6,2,2,0,1,1,0,0,0,1,7888036302,5825929404,132561,5250683
202497,11,9,9010301,Baumschulenstra·e,2019,12,21,3,3,5,2,2,0,1,0,0,0,0,1,8050158246,5822702247,1349129,5246909