OBJECTID,LAND,BEZ,LOR,STRASSE,UJAHR,UMONAT,USTUNDE,UWOCHENTAG,UKATEGORIE,UART,UTYP1,ULICHTVERH,IstRad,IstPKW,IstFuss,IstKrad,IstGkfz,IstSonstige,USTRZUSTAND,LINREFX,LINREFY,XGCSWGS84,YGCSWGS84
202498,11,5,5010101,Hakenfelde Nord,2019,12,20,3,3,6,2,2,0,1,1,0,0,0,1,7852314041,5831827239,1320867,5256159
202499,11,10,10040931,Mahlsdorf Nord,2019,12,19,3,3,5,3,2,0,1,0,0,0,0,1,8134835662,5829447401,1362189,5252474
202500,11,11,11010308,Zingster Stra·e Ost,2019,12,18,3,3,1,5,2,0,1,0,0,0,0,1,8052219394,5833906,1350459,5256938
202501,11,6,6020304,Kaiser-Wilhelm-Stra·e,2019,12,18,3,3,8,1,2,0,1,0,0,0,0,1,7945403614,5817690445,1333311,5242991
202502,11,1,1022201,Stephankiez,2019,12,14,3,3,0,1,0,0,1,0,1,0,0,0,7951502521,5829394983,1335242,525345
202503,11,5,5010339,Freiheit,2019,12,13,3,3,0,6,0,0,1,0,0,0,1,1,7875661842,5828029729,1323973,5252631
202504,11,8,8010404,Rixdorf,2019,12,13,3,3,6,4,0,0,1,1,0,0,0,0,8013952479,5823748119,134391,5248047
202505,11,3,3040818,Pankow SÅd,2019,12,11,3,3,5,2,0,1,1,0,0,0,0,0,7990111789,5833158611,1341256,5256613
202506,11,2,2040502,Friedenstra·e,2019,12,10,3,3,5,3,0,1,0,0,0,0,0,0,8010018472,5828043538,134372,5251919
202507,11,10,10010204,Wuhletalstra·e,2019,12,9,3,3,2,2,0,0,1,0,0,0,0,0,8100506804,5832619397,1357441,5255512
202508,11,3,3050923,Wei·enseer Spitze,2019,12,20,2,3,6,4,2,0,1,1,0,0,0,0,8012249799,5831966173,1344404,5255422
202509,11,2,2010104,Wassertorplatz,2019,12,17,2,3,2,2,1,0,1,0,1,0,0,0,799878064,5825706142,1341859,5249886
202510,11,10,10010206,Ringkolonnaden,2019,12,7,2,3,6,7,2,1,0,1,0,0,0,0,8098230105,5831966078,1357045,525494
202511,11,10,10030724,Oberfeldstra·e,2019,12,13,2,3,2,6,0,0,1,0,0,0,1,1,8095989592,5828501584,1356393,5251848
202512,11,4,4020311,Reichsstra·e,2019,12,12,2,3,6,7,0,0,1,1,0,0,0,1,788511841,582750654,1325318,5252112
202513,11,9,9052001,Kîpenick Nord,2019,12,12,2,3,1,5,0,0,1,0,0,0,0,0,8113417761,5822688556,1358411,5246539
202514,11,2,2030302,Lausitzer Platz,2019,12,19,2,3,1,5,2,1,1,0,0,0,0,0,8013372438,5826132526,134404,5250187
202515,11,4,4030931,Breitscheidplatz,2019,12,20,2,3,6,4,2,0,1,1,0,0,0,0,793929439,5826192219,1333164,5250645
202516,11,2,2050803,Stralauer Kiez,2019,12,18,2,3,5,7,2,0,1,0,0,0,0,0,8030463058,5825837441,1346524,5249828
202517,11,11,11020514,Gro·e-Leege-Stra·e,2019,12,12,2,2,6,4,0,0,1,1,0,0,0,1,8045774705,5831044969,1349249,525441
202518,11,9,9010302,SpÑthsfelde,2019,12,17,2,3,2,6,2,0,1,0,0,0,0,0,8043595413,5819755693,1347897,5244304
202519,11,6,6020306,Lankwitz SÅd,2019,12,16,2,2,9,1,2,0,1,0,0,0,0,0,7956953719,5816868965,1334932,5242192
202520,11,12,12214527,Alt-Tegel,2019,12,16,2,3,2,6,1,0,1,0,0,0,0,0,790284504,5835028245,1328581,5258762
202521,11,6,6020301,Alt-Lankwitz,2019,12,16,2,3,5,3,2,0,1,0,0,0,0,1,7962321508,5818607697,1335873,5243721
202522,11,8,8030831,Gropiusstadt Ost,2019,12,16,2,3,0,5,1,1,1,0,0,0,0,1,8047132176,5817702841,1348229,5242445
202523,11,12,12214125,Waldidyll/Flughafensee,2019,12,15,2,2,5,2,0,1,1,0,0,0,0,0,7911597564,5833450469,1329731,52573
202524,11,4,4041136,Hagenplatz,2019,12,11,2,2,9,7,0,0,1,0,0,0,0,1,7906695364,5822718619,1328071,5247705
202525,11,8,8020620,Tempelhofer Weg,2019,12,11,2,3,5,3,0,1,1,0,0,0,0,1,801398334,5820277006,1343601,5244936
202526,11,6,6010210,Bismarckstra·e,2019,12,9,2,3,6,4,0,1,0,1,0,0,0,1,7951461467,5821243049,1334513,5246143
202527,11,4,4030931,Breitscheidplatz,2019,12,9,2,2,6,2,0,0,1,1,0,0,0,1,7939914962,582614926,1333251,5250603
202528,11,2,2030402,Wrangelkiez,2019,12,8,2,3,1,5,0,1,0,0,0,0,1,1,8012427675,5825903778,1343881,5249988
202529,11,1,1044101,Rehberge,2019,12,7,2,3,5,3,1,0,1,0,0,0,0,1,7937618788,5831852412,1333418,5255728
202530,11,8,8010404,Rixdorf,2019,12,7,2,3,6,2,2,0,1,1,0,0,0,1,8020311427,5823470226,1344818,5247763
202531,11,5,5020625,Borkumer Stra·e,2019,12,18,2,3,5,3,2,0,1,0,0,0,1,0,7847120728,5828600636,1319827,5253293
202532,11,2,2020205,Chamissokiez,2019,12,14,1,3,0,1,0,1,0,0,0,0,0,1,7982975239,5824513238,133943,5248903
202533,11,3,3071639,Bîtzowstra·e,2019,12,14,1,3,0,5,0,0,1,0,0,0,0,0,8006467225,5829381082,134332,5253137
202534,11,12,12103218,Teichstra·e,2019,12,12,1,2,5,2,0,1,1,0,0,0,0,0,7948529766,5833077829,1335132,5256768
202535,11,8,8020619,Buschkrugallee Nord,2019,12,12,1,3,5,2,0,0,1,0,0,0,0,1,8015462909,5820647214,1343851,5245259
202536,11,12,12214422,Klixstra·e,2019,12,9,1,3,2,2,0,0,1,0,1,0,0,1,7918764015,5833393416,133078,5257211
202537,11,4,4030931,Breitscheidplatz,2019,12,8,1,3,5,3,0,0,1,0,0,0,0,1,7935183704,5825716438,1332518,5250241
202538,11,2,2020206,Graefekiez,2019,12,7,1,3,5,3,2,0,1,0,0,0,0,1,7992066449,5824557178,1340769,5248893
202539,11,11,11041128,Sewanstra·e,2019,12,18,1,3,1,5,2,0,1,0,0,0,0,1,8069640104,5825765942,135227,5249545
202540,11,12,12214424,Scharnweberstra·e,2019,12,21,1,3,2,6,2,0,1,0,0,0,0,0,7928791337,5832146888,1332146,525604
202541,11,4,4030930,George-Grosz-Platz,2019,12,18,1,3,5,3,2,0,1,0,1,0,0,0,7931337691,5825598992,1331943,5250156
202542,11,1,1011402,Arkonaplatz,2019,12,16,1,3,3,6,2,1,0,0,0,0,0,1,7987986482,582922653,1340589,52531
202543,11,8,8030831,Gropiusstadt Ost,2019,12,14,1,3,1,5,0,0,1,0,0,0,0,0,8046441134,5817817277,1348138,5242551
202544,11,6,6040703,Nikolassee,2019,12,13,1,3,5,3,0,0,1,0,0,0,0,0,785895658,5816551608,1320534,5242428
202545,11,7,7040403,Manteuffelstra·e,2019,12,21,7,3,2,2,2,0,1,0,0,0,0,0,7968929932,5822307718,1337172,5247002
202546,11,2,2030401,Reichenberger Stra·e,2019,12,20,7,2,0,3,2,0,1,0,0,0,0,1,800637657,5825688154,1342973,5249828
202547,11,5,5020419,Magistratsweg,2019,12,19,7,3,2,6,2,0,1,0,0,0,1,1,7810596923,5828357043,1314436,5253264
202548,11,12,12103117,Letteplatz,2019,12,17,7,2,0,4,2,0,0,1,0,0,1,0,7966891357,5832921149,1337819,5256527
202549,11,8,8010404,Rixdorf,2019,12,16,7,3,0,1,2,0,0,0,1,0,0,1,8013809501,5823760684,134389,5248059
202550,11,6,6040807,Zehlendorf Eiche,2019,12,14,7,3,2,2,0,0,1,0,0,0,0,1,7900084255,5819157343,1326791,5244548
202551,11,5,5020625,Borkumer Stra·e,2019,12,13,7,3,2,7,0,0,1,0,0,0,0,0,7846796554,5828253279,1319749,5252983
202552,11,9,9051702,Bîlschestra·e,2019,12,13,7,3,6,4,0,0,1,1,0,0,0,0,8142023817,5821303064,1362477,5245134
202553,11,8,8041036,Zittauer Stra·e,2019,12,13,7,2,5,2,0,0,1,0,0,0,0,0,80526659,5817242529,1348998,5242001
202554,11,6,6030607,Goerzwerke,2019,12,12,7,3,1,1,0,0,1,0,0,0,1,1,7916985181,5816269301,1329019,5241869
202555,11,7,7060601,Marienfelder Allee Nordwest,2019,12,12,7,3,0,3,0,1,1,0,0,0,0,1,7965139714,5816378545,1336089,5241708
202556,11,7,7060604,Marienfelde SÅd,2019,12,11,7,2,8,1,0,0,1,0,0,0,0,1,7975976635,5815556259,1337605,5240912
202557,11,12,12214422,Klixstra·e,2019,12,11,7,3,5,7,0,0,1,0,0,0,0,1,7917443498,583294839,1330547,5256819
202558,11,12,12304314,Ziekowstra·e/Freie Scholle,2019,12,10,7,3,2,6,0,0,1,0,0,0,0,1,790131067,5835996025,132844,5259637
202559,11,1,1011301,CharitÇviertel,2019,12,10,7,3,2,6,0,0,1,0,0,0,0,0,79746977,5828832257,1338601,525282
202560,11,2,2050801,Traveplatz,2019,12,9,7,3,2,6,0,0,1,0,0,0,1,1,8036532134,582741132,1347558,5251205
202561,11,8,8010301,Reuterkiez,2019,12,8,7,3,0,3,0,0,1,0,0,0,1,1,8014592692,5823878319,1344016,524816
202562,11,2,2010104,Wassertorplatz,2019,12,3,7,3,5,2,2,0,1,0,0,0,0,1,7985865209,5825563989,1339949,5249829
202563,11,10,10010204,Wuhletalstra·e,2019,12,16,6,3,2,6,1,0,1,0,0,0,0,1,8091839225,5833279012,1356228,5256153
202564,11,1,1033102,Gesundbrunnen,2019,12,15,6,3,0,3,0,1,1,0,0,0,0,1,7974150029,5831909822,1338796,5255581
202565,11,6,6010103,Markelstra·e,2019,12,17,6,3,0,7,2,0,1,1,0,0,0,1,7934228659,5821329349,1331992,5246313
202566,11,4,4030415,Schlo·garten,2019,12,16,6,3,5,3,2,0,1,0,0,0,0,0,7911822225,5827451083,1329238,5251921
202567,11,8,8010301,Reuterkiez,2019,12,16,6,3,1,5,2,1,1,0,0,0,0,1,8014965233,5823944778,1344076,5248218
202568,11,7,7040403,Manteuffelstra·e,2019,12,20,6,3,5,2,2,0,1,0,0,0,0,1,797234007,5820691627,1337528,5245535
202569,11,3,3030406,Alt-Karow,2019,12,19,6,2,5,2,2,0,1,0,1,0,0,1,8028038578,5838577183,134733,526126
202570,11,4,4030929,Hindemithplatz,2019,12,19,6,3,2,6,2,0,1,0,0,0,0,0,7927212796,5825952552,1331368,5250495
202571,11,11,11040926,Weitlingstra·e,2019,12,19,6,3,6,2,2,0,1,1,0,0,0,0,804494162,5826390566,13487,5250243
202572,11,12,12231102,Frohnau,2019,12,18,6,3,5,3,2,0,1,0,0,0,0,1,7896314625,5839732353,1328032,5263014
202573,11,1,1011102,Gro·er Tiergarten,2019,12,18,6,3,5,3,2,0,1,0,0,0,0,0,7951636964,5827238424,133507,5251516
202574,11,7,7040401,Neu-Tempelhof,2019,12,17,6,2,6,4,2,0,1,1,0,0,0,1,7965430958,5822753464,1336698,5247421
202575,11,10,10030725,Buckower Ring,2019,12,10,6,2,6,4,0,0,1,1,0,0,0,1,8097092047,5829684884,1356666,5252902
202576,11,1,1022206,LÅneburger Stra·e,2019,12,16,6,3,6,2,2,0,1,1,0,0,0,1,7955236547,5828187929,1335683,5252348
202577,11,5,5010206,GÅtersloher Weg,2019,12,17,6,3,6,4,2,0,1,1,0,0,0,0,7813168346,5830754249,1315017,5255401
202578,11,12,12214125,Waldidyll/Flughafensee,2019,12,10,6,3,0,5,0,1,1,0,0,0,0,1,7902655247,5833690775,1328436,5257564
202579,11,4,4030929,Hindemithplatz,2019,12,9,6,3,5,3,0,1,1,0,0,0,0,1,7927073579,5825893924,1331342,5250443
202580,11,4,4030519,Kaiserin-Augusta-Allee,2019,12,9,6,3,5,3,0,0,1,0,0,0,0,0,7920783737,5828571927,1330653,5252878
202581,11,10,10020412,Alte Hellersdorfer Stra·e,2019,12,8,6,2,6,4,0,0,1,1,0,0,0,1,8113154022,5831727134,1359217,5254641
202582,11,1,1011204,Leipziger Stra·e,2019,12,7,6,3,2,2,1,1,1,0,0,0,0,0,7985620174,5826812285,1340025,5250949
202583,11,11,11041023,Gensinger Stra·e,2019,12,7,6,3,6,4,2,0,1,1,0,0,0,1,8075258117,5827573555,1353262,5251134
202586,11,2,2010102,Mehringplatz,2019,12,6,6,3,1,5,2,1,1,0,0,0,0,1,7977275887,5826432594,1338765,5250654
202587,11,11,11030721,RÅdigerstra·e,2019,12,6,6,3,6,2,2,0,1,1,0,0,0,0,8048508573,5827939154,1349366,5251611
202590,11,12,12103218,Teichstra·e,2019,12,16,6,3,5,2,1,1,1,0,0,0,0,0,7948647235,5833056278,1335147,5256748
202591,11,2,2030302,Lausitzer Platz,2019,12,15,6,3,0,3,1,1,1,0,0,0,0,1,8013237911,5826142315,1344021,5250197
202593,11,6,6040804,Krumme Lanke,2019,12,15,6,3,6,4,1,0,1,1,0,0,0,1,788737633,5820190241,1325016,5245541
202595,11,8,8041036,Zittauer Stra·e,2019,12,14,6,2,6,4,0,0,1,1,0,0,0,1,8052640064,5817256129,1348996,5242014
202596,11,7,7050501,Rathausstra·e,2019,12,14,6,3,5,3,0,1,0,0,0,1,0,0,7977374511,5819125384,1338127,5244104
202599,11,4,4030931,Breitscheidplatz,2019,12,14,6,3,0,6,0,0,1,0,0,0,1,0,7935146942,582573458,1332514,5250257
202600,11,2,2050802,Boxhagener Platz,2019,12,23,6,3,5,3,2,0,1,0,0,0,0,1,8025427287,5826734524,1345866,525066
202602,11,10,10010311,Landsberger Tor,2019,12,22,6,2,0,1,2,1,0,0,0,0,0,1,8105714618,5831924011,1358142,525486
202603,11,3,3061227,Humannplatz,2019,12,22,6,3,0,5,2,0,1,1,0,0,0,0,7995285415,5831576537,1341874,5255167
202606,11,4,4030417,Schlo·stra·e,2019,12,21,6,3,5,3,2,0,1,0,0,0,1,0,7914432581,582720324,13296,5251685
202607,11,10,10030727,Biesdorf SÅd,2019,12,14,6,3,5,2,0,1,0,0,0,0,1,0,8099379325,5827049218,1356756,5250527
202608,11,7,7010101,Wittenbergplatz/Viktoria-Luise-Platz,2019,12,14,6,3,3,6,0,1,0,0,0,0,0,0,7946816155,5825212528,1334182,5249726
202609,11,10,10020414,Helle Mitte,2019,12,17,6,2,5,2,2,1,1,0,0,0,0,1,8124660383,5830966552,1360837,5253893
202610,11,10,10010310,Alt-Marzahn,2019,12,16,6,3,5,2,2,1,1,0,0,0,0,0,8097780769,5830711003,1356862,5253818
202613,11,6,6040804,Krumme Lanke,2019,12,14,6,3,3,6,0,0,1,0,0,0,0,0,7876830527,5818215425,1323298,5243826
202615,11,6,6020301,Alt-Lankwitz,2019,12,16,6,2,6,2,2,0,1,1,0,0,0,0,7964755125,5818331595,1336206,5243461
202618,11,8,8010211,Flughafenstra·e,2019,12,13,6,3,5,7,0,0,1,0,0,0,0,0,8003596322,5824203507,134243,5248512
202622,11,6,6030609,Augustaplatz,2019,12,7,6,3,5,2,0,1,1,0,0,0,0,0,7931698212,5818223831,1331348,5243542
202623,11,1,1033201,Brunnenstra·e,2019,12,21,6,3,5,2,2,1,1,0,0,0,0,1,7980809829,5830001892,1339604,5253835
202626,11,5,5030833,Motardstra·e,2019,12,20,6,3,6,2,2,0,1,1,0,0,0,1,7892096786,5829269007,1326497,5253656
202629,11,1,1022201,Stephankiez,2019,12,13,6,3,5,3,0,1,1,0,0,0,0,1,7956176085,5829351107,1335925,5253385
202630,11,3,3020307,Buchholz,2019,12,20,6,3,6,2,2,0,1,1,0,0,0,0,7997001862,5837335777,1342647,5260319
202633,11,5,5010311,Eiswerder,2019,12,13,6,3,5,7,0,0,1,0,1,0,0,1,7854055361,5830528228,1321012,5254985
202634,11,6,6010102,Schlo·stra·e,2019,12,13,6,3,3,6,0,1,1,0,0,0,0,0,7937267381,5821058062,1332414,5246053
202638,11,5,5010102,Goltzstra·e,2019,12,12,6,3,6,4,0,0,1,1,0,0,0,0,7852547249,5832225929,1320936,5256515
202640,11,7,7040401,Neu-Tempelhof,2019,12,12,6,3,6,7,0,0,1,1,0,0,0,0,7991245191,5823861678,1340586,5248274
202643,11,1,1011101,StÅlerstra·e,2019,12,12,6,3,0,7,0,1,1,0,0,0,0,1,7949066495,5826168799,1334598,5250571
202647,11,11,11041128,Sewanstra·e,2019,12,10,6,3,6,4,0,0,1,1,0,0,0,0,8064124054,5825656288,135145,5249478
202648,11,1,1044203,Leopoldplatz,2019,12,12,5,3,0,2,0,1,1,0,0,0,0,0,7954465216,5831606442,1335874,5255416
202651,11,7,7070701,Kettinger Stra·e/Schillerstra·e,2019,12,18,5,3,6,2,2,0,1,1,0,0,0,0,7997526487,5814503761,1340669,5239851
202652,11,8,8010301,Reuterkiez,2019,12,17,5,3,0,7,2,0,0,1,0,0,1,0,8006792286,5824383816,1342916,5248656
202655,11,7,7050503,Eisenacher Stra·e,2019,12,17,5,2,6,4,2,0,1,1,0,0,0,0,7980089772,5820465225,1338645,524529
202658,11,7,7070703,John-Locke-Stra·e,2019,12,17,5,2,6,4,2,0,1,1,0,0,0,1,7998052749,5813185601,1340628,5238667
202659,11,4,4051655,Babelsberger Stra·e,2019,12,17,5,3,5,2,2,1,1,0,0,0,0,0,7940193743,5823818355,1333087,5248512
202663,11,3,3020307,Buchholz,2019,12,17,5,2,6,2,2,0,1,1,0,0,0,1,7992281698,5837643901,134198,5260622
202665,11,5,5010314,Carl-Schurz-Stra·e,2019,12,16,5,3,3,6,2,0,1,0,0,0,0,0,7851969627,5829358546,1320605,5253947
202668,11,10,10040931,Mahlsdorf Nord,2019,12,16,5,3,0,3,2,0,1,0,1,0,0,1,8137755459,5830050202,1362675,5252997
202669,11,4,4030417,Schlo·stra·e,2019,12,22,5,3,5,2,2,0,1,0,0,0,0,0,7917919324,582704989,1330099,5251529
202671,11,6,6030502,Zehlendorf SÅd,2019,12,21,5,3,5,3,2,0,1,0,1,0,0,1,7893592079,5815364944,1325511,5241182
202674,11,7,7010102,Nollendorfplatz,2019,12,22,5,3,5,3,2,1,1,0,0,0,0,0,7956982392,5825435054,1335695,5249871
202675,11,2,2020203,Viktoriapark,2019,12,20,5,3,5,3,2,0,1,0,0,0,1,0,7968779557,5823982643,1337299,5248505
202678,11,2,2030301,Oranienplatz,2019,12,18,5,3,5,3,2,1,0,0,0,0,0,1,8003856397,5826384876,1342665,5250466
202679,11,7,7020202,Volkspark (Rudolf-Wilde-Park),2019,12,18,5,3,2,6,2,0,1,0,0,0,1,1,7952264046,5823507114,1334831,5248168
202682,11,6,6030504,Teltower Damm,2019,12,17,5,3,0,2,2,1,1,0,0,0,0,1,7890889412,5816841247,1325242,524252
202684,11,4,4030931,Breitscheidplatz,2019,12,15,5,3,6,4,0,0,1,1,0,0,0,0,7944802203,5825879665,1333945,5250335
202687,11,8,8041037,Alt-Rudow,2019,12,13,5,3,5,3,0,0,1,0,0,0,0,0,8067291754,5817710246,1351185,5242339
202688,11,11,11040926,Weitlingstra·e,2019,12,12,5,3,5,3,0,1,0,0,0,0,0,0,8062012823,5827036765,1351267,5250727
202691,11,4,4030417,Schlo·stra·e,2019,12,12,5,3,5,2,0,1,1,0,0,0,0,0,791508965,5826852059,1329666,5251366
202692,11,11,11020411,Malchower Weg,2019,12,9,5,3,2,7,0,0,1,0,0,0,1,0,8058128724,5832288034,135118,5255455
202695,11,7,7050502,Fritz-Werner-Stra·e,2019,12,8,5,3,2,6,0,0,1,0,0,0,1,1,7984706582,5818152322,1339116,5243192
202696,11,1,1011305,Heine-Viertel West,2019,12,8,5,3,5,7,0,1,1,0,0,0,0,0,7994033193,5826428732,1341226,5250559
202700,11,12,12304314,Ziekowstra·e/Freie Scholle,2019,12,8,5,3,0,2,0,0,1,0,0,0,1,0,7905085159,5835338454,1328938,5259028
202701,11,6,6030503,Zehlendorf Mitte,2019,12,8,5,3,2,6,0,0,1,0,0,0,0,0,7895337319,5817451424,1325947,5243044
202704,11,12,12214125,Waldidyll/Flughafensee,2019,12,16,5,3,5,3,2,1,1,0,0,0,0,0,7880361204,5831023949,1324924,5255291
202705,11,11,11020412,Hauptstra·e,2019,12,6,5,3,5,3,2,0,1,0,0,0,0,0,8051791149,5831384162,1350165,5254681
202708,11,2,2010103,Moritzplatz,2019,12,14,5,3,2,6,0,0,1,0,0,0,0,0,7993372537,5826210177,134111,5250367
202710,11,8,8010510,Gewerbegebiet Kîllnische Heide,2019,12,14,5,3,1,5,0,1,1,0,0,0,0,0,802726605,5822557634,1345756,5246906
202713,11,9,9010402,Johannisthal Ost,2019,12,15,5,3,2,6,0,0,1,0,0,0,0,0,8057197929,5818813548,1349806,5243384
202714,11,1,1011303,Alexanderplatzviertel,2019,12,15,5,3,6,2,0,0,1,1,0,0,0,0,7994949735,5828789439,1341573,525267
202717,11,11,11020515,Landsberger Allee,2019,12,15,5,3,5,3,0,1,1,0,0,0,0,1,8045872354,5829994485,1349167,5253468
202718,11,7,7070701,Kettinger Stra·e/Schillerstra·e,2019,12,13,5,3,2,2,0,0,1,0,0,0,1,0,7991412534,5816519639,1339953,5241691
202721,11,5,5010314,Carl-Schurz-Stra·e,2019,12,12,4,3,2,6,0,0,1,0,0,0,0,0,7847885711,5828836941,1319959,5253501
202723,11,10,10020415,Hellersdorfer Promenade,2019,12,18,4,3,1,6,2,1,1,0,0,0,0,0,8121598255,5831065612,1360396,5254
202724,11,10,10010310,Alt-Marzahn,2019,12,4,4,3,0,6,2,0,1,0,1,0,0,1,8096017489,5831209999,135665,5254275
202726,11,7,7010102,Nollendorfplatz,2019,12,18,4,3,1,7,2,0,1,0,0,0,0,0,7955668185,58254744,1335506,5249913
202728,11,4,4010102,Plîtzensee,2019,12,6,4,3,5,7,2,0,1,0,0,1,0,0,7922523099,5830683095,1331095,5254761
202729,11,12,12214422,Klixstra·e,2019,12,9,4,3,5,3,0,0,1,0,0,0,0,0,7922118279,5833720763,1331303,5257486
202732,11,6,6030608,Schweizer Viertel,2019,12,8,4,2,5,2,0,1,1,0,0,0,0,0,7922367665,5816667465,1329843,5242197
202738,11,3,3050923,Wei·enseer Spitze,2019,12,8,4,3,5,3,0,1,1,0,0,0,0,0,8009062398,583208389,1343946,5255545
202739,11,8,8041037,Alt-Rudow,2019,12,7,4,3,6,4,2,0,1,1,0,0,0,0,80553556,5818566533,1349513,5243173
202743,11,3,3010101,Bucher Forst,2019,12,23,4,3,8,1,2,0,1,0,0,0,0,0,802339397,5840967591,1346864,5263428
202744,11,2,2050802,Boxhagener Platz,2019,12,21,3,3,6,4,2,0,1,1,0,0,0,0,8026130923,5826990027,1345992,5250885
202745,11,12,12302212,Rollbergesiedlung,2019,12,21,4,3,1,5,2,1,1,0,0,0,0,0,7931008011,5837640864,1332958,5260953
202746,11,4,4030725,Amtsgerichtsplatz,2019,12,15,3,3,5,5,0,0,1,0,0,0,0,0,7913302241,5826067202,1329334,5250672
202747,11,12,12301204,Wittenau Nord,2019,12,15,3,3,1,7,1,0,1,0,0,0,0,0,7926853585,583598358,1332199,5259489
202748,11,9,9010101,Elsenstra·e,2019,12,17,4,3,5,3,2,1,1,0,0,0,0,0,8016904766,5824865363,1344444,5249032
202749,11,1,1044101,Rehberge,2019,12,13,3,3,5,3,0,1,1,0,0,0,0,0,793850568,583008621,1333392,525414
202750,11,6,6010207,Mittelstra·e,2019,12,12,3,3,0,6,0,0,1,0,0,0,1,0,79388928,5820480458,1332602,5245527
202751,11,4,4030931,Breitscheidplatz,2019,12,12,3,3,1,5,0,1,1,0,0,0,0,0,7943837469,5825697879,1333788,5250177
202752,11,8,8020620,Tempelhofer Weg,2019,12,21,4,3,3,6,2,1,1,0,0,0,0,0,8010070621,581975159,134298,5244486
202753,11,1,1011306,Heine-Viertel Ost,2019,12,2,3,3,2,7,2,1,1,0,0,0,0,1,7996733953,5827039882,1341678,5251092
202754,11,8,8010406,Treptower Stra·e Nord,2019,12,18,3,2,5,2,2,0,1,0,0,0,0,0,8020259825,5824301472,1344886,5248508
202755,11,1,1033101,Soldiner Stra·e,2019,12,21,4,3,5,2,2,0,1,0,0,0,0,0,7961641226,5832274726,1336989,5255976
202756,11,3,3050923,Wei·enseer Spitze,2019,12,15,3,2,5,2,0,0,1,0,0,0,0,0,8002017114,5832140317,1342915,5255635
202757,11,7,7010102,Nollendorfplatz,2019,12,14,4,3,3,6,0,0,1,0,0,0,0,0,7949516046,5825651056,1334618,5250105
202758,11,11,11010103,Dorf Falkenberg,2019,12,11,3,2,6,4,0,0,1,1,0,0,0,0,8090134431,5834371029,1356079,5257141
202759,11,2,2020203,Viktoriapark,2019,12,19,2,3,6,7,2,1,0,1,0,0,0,0,797271938,5824653506,1337937,5249085
202760,11,4,4030725,Amtsgerichtsplatz,2019,12,8,4,3,2,6,0,1,1,0,0,0,0,0,7919087878,5826103953,1330188,5250674
202761,11,10,10040828,Kaulsdorf Nord,2019,12,16,4,3,5,3,2,0,1,0,0,0,0,0,8119672765,5829297116,1359947,5252426
202762,11,6,6020411,SchÅtte-Lanz-Stra·e,2019,12,22,2,3,0,3,2,0,0,0,0,0,1,0,793994109,5815486816,1332316,5241044
202763,11,4,4030931,Breitscheidplatz,2019,12,19,2,3,2,2,2,0,1,0,0,0,0,0,7940972636,5826438565,1333432,5250857
202764,11,6,6020304,Kaiser-Wilhelm-Stra·e,2019,12,18,4,3,0,7,2,0,1,0,0,0,0,0,794784898,5818004459,1333697,5243259
202765,11,11,11030721,RÅdigerstra·e,2019,12,15,4,3,2,6,1,0,1,0,0,0,0,0,8048474075,5827901212,1349358,5251578
202766,11,1,1044203,Leopoldplatz,2019,12,18,2,3,5,2,2,0,1,0,0,0,0,0,7958981436,5831931162,1336567,5255683
202767,11,1,1011304,Karl-Marx-Allee,2019,12,18,2,3,6,7,2,1,1,1,0,0,0,0,7997306024,5827747763,1341826,5251724
202768,11,1,1022206,LÅneburger Stra·e,2019,12,17,2,3,5,3,2,0,1,0,1,0,0,0,7957184454,5828196983,133597,5252345
202769,11,1,1044202,Sparrplatz,2019,12,15,4,3,5,2,0,0,1,0,0,0,0,0,7949076025,5830231589,1334959,5254213
202770,11,3,3061430,Volkspark Prenzlauer Berg,2019,12,17,2,3,2,6,2,0,1,0,0,0,0,0,8022780935,5829275946,1345708,5252953
202771,11,7,7040405,Rathaus Tempelhof,2019,12,18,4,3,0,7,2,1,0,0,0,0,0,1,7984338284,5821074703,1339323,5245813
202772,11,11,11030720,Herzbergstra·e,2019,12,16,2,3,5,3,2,1,1,0,0,0,0,0,8058468473,5830095538,1351028,5253488
202773,11,10,10030727,Biesdorf SÅd,2019,12,16,2,3,2,6,1,0,1,0,1,0,0,0,8096426371,582578183,1356205,5249408
202774,11,2,2020204,Urbanstra·e,2019,12,18,4,3,1,5,2,1,1,0,0,0,0,1,7983519431,5825293431,133958,5249599
202775,11,1,1011303,Alexanderplatzviertel,2019,12,15,2,3,3,6,0,0,1,1,0,0,0,0,799498019,5828344449,1341538,5252271
202776,11,1,1011201,Wilhelmstra·e,2019,12,14,2,3,1,5,0,1,1,0,0,0,0,0,7974551835,5827060276,1338421,5251232
202777,11,1,1011304,Karl-Marx-Allee,2019,12,14,2,3,2,2,0,0,1,0,0,0,1,0,799730882,5827547138,1341808,5251544
202778,11,11,11030721,RÅdigerstra·e,2019,12,18,4,2,5,2,2,0,1,0,1,0,0,0,805189971,5827912648,1349862,5251569
202779,11,1,1011202,Unter den Linden Nord,2019,12,14,4,3,2,2,0,1,1,0,0,0,0,0,7971976797,5827499898,1338082,525164